source_dataset,source_image_name,box_index,source_class,canonical_class,xmin,ymin,xmax,ymax,image_width,image_height,real_synthetic,allowed_split,source_dataset_url,license_name,license_url,license_reference
elpd,filename_prefix_00003_.png,1,license-plate,license_plate,394.57,610.3,563.83,659.09,1024,1024,SYNTHETIC,TRAIN_ONLY,https://www.kaggle.com/datasets/tielemarvin/european-license-plate-dataset-elpd,CC BY 4.0,https://creativecommons.org/licenses/by/4.0/,AI/PlateDetector/datasets/provenance/elpd/elpd_provenance.csv
elpd,filename_prefix_00005_.png,1,license-plate,license_plate,223.3,528.4,359.8,565.9,1024,1024,SYNTHETIC,TRAIN_ONLY,https://www.kaggle.com/datasets/tielemarvin/european-license-plate-dataset-elpd,CC BY 4.0,https://creativecommons.org/licenses/by/4.0/,AI/PlateDetector/datasets/provenance/elpd/elpd_provenance.csv
elpd,filename_prefix_00005_.png,2,license-plate,license_plate,941.9,441.5,1024.0,462.0,1024,1024,SYNTHETIC,TRAIN_ONLY,https://www.kaggle.com/datasets/tielemarvin/european-license-plate-dataset-elpd,CC BY 4.0,https://creativecommons.org/licenses/by/4.0/,AI/PlateDetector/datasets/provenance/elpd/elpd_provenance.csv
elpd,filename_prefix_00006_.png,1,license-plate,license_plate,771.43,671.1,874.9,709.7,1024,1024,SYNTHETIC,TRAIN_ONLY,https://www.kaggle.com/datasets/tielemarvin/european-license-plate-dataset-elpd,CC BY 4.0,https://creativecommons.org/licenses/by/4.0/,AI/PlateDetector/datasets/provenance/elpd/elpd_provenance.csv
elpd,filename_prefix_00007_.png,1,license-plate,license_plate,538.6,713.0,651.3,738.75,1024,1024,SYNTHETIC,TRAIN_ONLY,https://www.kaggle.com/datasets/tielemarvin/european-license-plate-dataset-elpd,CC BY 4.0,https://creativecommons.org/licenses/by/4.0/,AI/PlateDetector/datasets/provenance/elpd/elpd_provenance.csv
elpd,filename_prefix_00008_.png,1,license-plate,license_plate,1105.24,418.67,1264.3,460.6,1536,1536,SYNTHETIC,TRAIN_ONLY,https://www.kaggle.com/datasets/tielemarvin/european-license-plate-dataset-elpd,CC BY 4.0,https://creativecommons.org/licenses/by/4.0/,AI/PlateDetector/datasets/provenance/elpd/elpd_provenance.csv
elpd,filename_prefix_00008_.png,2,license-plate,license_plate,645.0,761.31,967.0,844.9,1536,1536,SYNTHETIC,TRAIN_ONLY,https://www.kaggle.com/datasets/tielemarvin/european-license-plate-dataset-elpd,CC BY 4.0,https://creativecommons.org/licenses/by/4.0/,AI/PlateDetector/datasets/provenance/elpd/elpd_provenance.csv
elpd,filename_prefix_00009_.png,1,license-plate,license_plate,303.14,982.75,380.25,1015.01,1536,1536,SYNTHETIC,TRAIN_ONLY,https://www.kaggle.com/datasets/tielemarvin/european-license-plate-dataset-elpd,CC BY 4.0,https://creativecommons.org/licenses/by/4.0/,AI/PlateDetector/datasets/provenance/elpd/elpd_provenance.csv
elpd,filename_prefix_00009_.png,2,license-plate,license_plate,969.7,1035.21,1122.91,1082.0,1536,1536,SYNTHETIC,TRAIN_ONLY,https://www.kaggle.com/datasets/tielemarvin/european-license-plate-dataset-elpd,CC BY 4.0,https://creativecommons.org/licenses/by/4.0/,AI/PlateDetector/datasets/provenance/elpd/elpd_provenance.csv
elpd,filename_prefix_00010_.png,1,license-plate,license_plate,480.4,539.48,638.4,578.7,1024,1024,SYNTHETIC,TRAIN_ONLY,https://www.kaggle.com/datasets/tielemarvin/european-license-plate-dataset-elpd,CC BY 4.0,https://creativecommons.org/licenses/by/4.0/,AI/PlateDetector/datasets/provenance/elpd/elpd_provenance.csv
elpd,filename_prefix_00011_.png,1,license-plate,license_plate,677.1,510.7,790.9,543.3,1024,1024,SYNTHETIC,TRAIN_ONLY,https://www.kaggle.com/datasets/tielemarvin/european-license-plate-dataset-elpd,CC BY 4.0,https://creativecommons.org/licenses/by/4.0/,AI/PlateDetector/datasets/provenance/elpd/elpd_provenance.csv
elpd,filename_prefix_00012_.png,1,license-plate,license_plate,750.79,1134.53,999.75,1196.41,1536,1536,SYNTHETIC,TRAIN_ONLY,https://www.kaggle.com/datasets/tielemarvin/european-license-plate-dataset-elpd,CC BY 4.0,https://creativecommons.org/licenses/by/4.0/,AI/PlateDetector/datasets/provenance/elpd/elpd_provenance.csv
elpd,filename_prefix_00013_.png,1,license-plate,license_plate,495.1,705.2,604.2,735.2,1024,1024,SYNTHETIC,TRAIN_ONLY,https://www.kaggle.com/datasets/tielemarvin/european-license-plate-dataset-elpd,CC BY 4.0,https://creativecommons.org/licenses/by/4.0/,AI/PlateDetector/datasets/provenance/elpd/elpd_provenance.csv
elpd,filename_prefix_00014_.png,1,license-plate,license_plate,389.2,760.6,553.4,806.6,1024,1024,SYNTHETIC,TRAIN_ONLY,https://www.kaggle.com/datasets/tielemarvin/european-license-plate-dataset-elpd,CC BY 4.0,https://creativecommons.org/licenses/by/4.0/,AI/PlateDetector/datasets/provenance/elpd/elpd_provenance.csv
elpd,filename_prefix_00015_.png,1,license-plate,license_plate,1234.8,910.6,1311.5,930.0,1536,1536,SYNTHETIC,TRAIN_ONLY,https://www.kaggle.com/datasets/tielemarvin/european-license-plate-dataset-elpd,CC BY 4.0,https://creativecommons.org/licenses/by/4.0/,AI/PlateDetector/datasets/provenance/elpd/elpd_provenance.csv
elpd,filename_prefix_00015_.png,2,license-plate,license_plate,772.4,1013.32,1018.5,1076.9,1536,1536,SYNTHETIC,TRAIN_ONLY,https://www.kaggle.com/datasets/tielemarvin/european-license-plate-dataset-elpd,CC BY 4.0,https://creativecommons.org/licenses/by/4.0/,AI/PlateDetector/datasets/provenance/elpd/elpd_provenance.csv
elpd,filename_prefix_00016_.png,1,license-plate,license_plate,349.24,734.08,504.0,785.6,1024,1024,SYNTHETIC,TRAIN_ONLY,https://www.kaggle.com/datasets/tielemarvin/european-license-plate-dataset-elpd,CC BY 4.0,https://creativecommons.org/licenses/by/4.0/,AI/PlateDetector/datasets/provenance/elpd/elpd_provenance.csv
elpd,filename_prefix_00017_.png,1,license-plate,license_plate,1311.12,569.56,1411.12,595.05,1536,1536,SYNTHETIC,TRAIN_ONLY,https://www.kaggle.com/datasets/tielemarvin/european-license-plate-dataset-elpd,CC BY 4.0,https://creativecommons.org/licenses/by/4.0/,AI/PlateDetector/datasets/provenance/elpd/elpd_provenance.csv
elpd,filename_prefix_00017_.png,2,license-plate,license_plate,727.01,683.19,902.0,727.5,1536,1536,SYNTHETIC,TRAIN_ONLY,https://www.kaggle.com/datasets/tielemarvin/european-license-plate-dataset-elpd,CC BY 4.0,https://creativecommons.org/licenses/by/4.0/,AI/PlateDetector/datasets/provenance/elpd/elpd_provenance.csv
elpd,filename_prefix_00018_.png,1,license-plate,license_plate,34.5,812.5,187.9,856.7,1024,1024,SYNTHETIC,TRAIN_ONLY,https://www.kaggle.com/datasets/tielemarvin/european-license-plate-dataset-elpd,CC BY 4.0,https://creativecommons.org/licenses/by/4.0/,AI/PlateDetector/datasets/provenance/elpd/elpd_provenance.csv
elpd,filename_prefix_00019_.png,1,license-plate,license_plate,1086.9,984.7,1294.2,1040.1,1536,1536,SYNTHETIC,TRAIN_ONLY,https://www.kaggle.com/datasets/tielemarvin/european-license-plate-dataset-elpd,CC BY 4.0,https://creativecommons.org/licenses/by/4.0/,AI/PlateDetector/datasets/provenance/elpd/elpd_provenance.csv
elpd,filename_prefix_00020_.png,1,license-plate,license_plate,612.5,1120.99,762.31,1196.56,1536,1536,SYNTHETIC,TRAIN_ONLY,https://www.kaggle.com/datasets/tielemarvin/european-license-plate-dataset-elpd,CC BY 4.0,https://creativecommons.org/licenses/by/4.0/,AI/PlateDetector/datasets/provenance/elpd/elpd_provenance.csv
elpd,filename_prefix_00021_.png,1,license-plate,license_plate,505.5,825.0,622.05,855.5,1024,1024,SYNTHETIC,TRAIN_ONLY,https://www.kaggle.com/datasets/tielemarvin/european-license-plate-dataset-elpd,CC BY 4.0,https://creativecommons.org/licenses/by/4.0/,AI/PlateDetector/datasets/provenance/elpd/elpd_provenance.csv
elpd,filename_prefix_00022_.png,1,license-plate,license_plate,819.1,656.1,1024.0,711.66,1024,1024,SYNTHETIC,TRAIN_ONLY,https://www.kaggle.com/datasets/tielemarvin/european-license-plate-dataset-elpd,CC BY 4.0,https://creativecommons.org/licenses/by/4.0/,AI/PlateDetector/datasets/provenance/elpd/elpd_provenance.csv
elpd,filename_prefix_00023_.png,1,license-plate,license_plate,728.97,1257.34,953.38,1317.77,1536,1536,SYNTHETIC,TRAIN_ONLY,https://www.kaggle.com/datasets/tielemarvin/european-license-plate-dataset-elpd,CC BY 4.0,https://creativecommons.org/licenses/by/4.0/,AI/PlateDetector/datasets/provenance/elpd/elpd_provenance.csv
elpd,filename_prefix_00025_.png,1,license-plate,license_plate,211.82,507.6,328.5,553.2,1024,1024,SYNTHETIC,TRAIN_ONLY,https://www.kaggle.com/datasets/tielemarvin/european-license-plate-dataset-elpd,CC BY 4.0,https://creativecommons.org/licenses/by/4.0/,AI/PlateDetector/datasets/provenance/elpd/elpd_provenance.csv
elpd,filename_prefix_00026_.png,1,license-plate,license_plate,219.53,713.5,391.4,777.93,1024,1024,SYNTHETIC,TRAIN_ONLY,https://www.kaggle.com/datasets/tielemarvin/european-license-plate-dataset-elpd,CC BY 4.0,https://creativecommons.org/licenses/by/4.0/,AI/PlateDetector/datasets/provenance/elpd/elpd_provenance.csv
elpd,filename_prefix_00027_.png,1,license-plate,license_plate,209.71,735.22,295.5,755.4,1536,1536,SYNTHETIC,TRAIN_ONLY,https://www.kaggle.com/datasets/tielemarvin/european-license-plate-dataset-elpd,CC BY 4.0,https://creativecommons.org/licenses/by/4.0/,AI/PlateDetector/datasets/provenance/elpd/elpd_provenance.csv
elpd,filename_prefix_00027_.png,2,license-plate,license_plate,1187.93,1160.8,1487.9,1237.8,1536,1536,SYNTHETIC,TRAIN_ONLY,https://www.kaggle.com/datasets/tielemarvin/european-license-plate-dataset-elpd,CC BY 4.0,https://creativecommons.org/licenses/by/4.0/,AI/PlateDetector/datasets/provenance/elpd/elpd_provenance.csv
elpd,filename_prefix_00028_.png,1,license-plate,license_plate,258.31,809.68,392.8,846.29,1024,1024,SYNTHETIC,TRAIN_ONLY,https://www.kaggle.com/datasets/tielemarvin/european-license-plate-dataset-elpd,CC BY 4.0,https://creativecommons.org/licenses/by/4.0/,AI/PlateDetector/datasets/provenance/elpd/elpd_provenance.csv
elpd,filename_prefix_00029_.png,1,license-plate,license_plate,724.68,1170.86,913.52,1220.82,1536,1536,SYNTHETIC,TRAIN_ONLY,https://www.kaggle.com/datasets/tielemarvin/european-license-plate-dataset-elpd,CC BY 4.0,https://creativecommons.org/licenses/by/4.0/,AI/PlateDetector/datasets/provenance/elpd/elpd_provenance.csv
elpd,filename_prefix_00030_.png,1,license-plate,license_plate,612.5,878.1,945.56,977.53,1536,1536,SYNTHETIC,TRAIN_ONLY,https://www.kaggle.com/datasets/tielemarvin/european-license-plate-dataset-elpd,CC BY 4.0,https://creativecommons.org/licenses/by/4.0/,AI/PlateDetector/datasets/provenance/elpd/elpd_provenance.csv
elpd,filename_prefix_00031_.png,1,license-plate,license_plate,152.81,643.15,289.51,696.8,1024,1024,SYNTHETIC,TRAIN_ONLY,https://www.kaggle.com/datasets/tielemarvin/european-license-plate-dataset-elpd,CC BY 4.0,https://creativecommons.org/licenses/by/4.0/,AI/PlateDetector/datasets/provenance/elpd/elpd_provenance.csv
elpd,filename_prefix_00032_.png,1,license-plate,license_plate,391.67,1211.11,633.78,1273.31,1536,1536,SYNTHETIC,TRAIN_ONLY,https://www.kaggle.com/datasets/tielemarvin/european-license-plate-dataset-elpd,CC BY 4.0,https://creativecommons.org/licenses/by/4.0/,AI/PlateDetector/datasets/provenance/elpd/elpd_provenance.csv
elpd,filename_prefix_00033_.png,1,license-plate,license_plate,396.7,590.02,528.73,626.2,1024,1024,SYNTHETIC,TRAIN_ONLY,https://www.kaggle.com/datasets/tielemarvin/european-license-plate-dataset-elpd,CC BY 4.0,https://creativecommons.org/licenses/by/4.0/,AI/PlateDetector/datasets/provenance/elpd/elpd_provenance.csv
elpd,filename_prefix_00034_.png,1,license-plate,license_plate,597.45,1039.86,828.86,1099.39,1536,1536,SYNTHETIC,TRAIN_ONLY,https://www.kaggle.com/datasets/tielemarvin/european-license-plate-dataset-elpd,CC BY 4.0,https://creativecommons.org/licenses/by/4.0/,AI/PlateDetector/datasets/provenance/elpd/elpd_provenance.csv
elpd,filename_prefix_00034_.png,2,license-plate,license_plate,1.08,928.75,87.5,964.27,1536,1536,SYNTHETIC,TRAIN_ONLY,https://www.kaggle.com/datasets/tielemarvin/european-license-plate-dataset-elpd,CC BY 4.0,https://creativecommons.org/licenses/by/4.0/,AI/PlateDetector/datasets/provenance/elpd/elpd_provenance.csv
elpd,filename_prefix_00035_.png,1,license-plate,license_plate,474.64,991.78,785.42,1075.69,1536,1536,SYNTHETIC,TRAIN_ONLY,https://www.kaggle.com/datasets/tielemarvin/european-license-plate-dataset-elpd,CC BY 4.0,https://creativecommons.org/licenses/by/4.0/,AI/PlateDetector/datasets/provenance/elpd/elpd_provenance.csv
elpd,filename_prefix_00036_.png,1,license-plate,license_plate,319.28,610.1,563.07,673.71,1024,1024,SYNTHETIC,TRAIN_ONLY,https://www.kaggle.com/datasets/tielemarvin/european-license-plate-dataset-elpd,CC BY 4.0,https://creativecommons.org/licenses/by/4.0/,AI/PlateDetector/datasets/provenance/elpd/elpd_provenance.csv
elpd,filename_prefix_00037_.png,1,license-plate,license_plate,429.58,633.4,519.34,656.1,1024,1024,SYNTHETIC,TRAIN_ONLY,https://www.kaggle.com/datasets/tielemarvin/european-license-plate-dataset-elpd,CC BY 4.0,https://creativecommons.org/licenses/by/4.0/,AI/PlateDetector/datasets/provenance/elpd/elpd_provenance.csv
elpd,filename_prefix_00038_.png,1,license-plate,license_plate,224.66,1086.55,438.0,1149.5,1536,1536,SYNTHETIC,TRAIN_ONLY,https://www.kaggle.com/datasets/tielemarvin/european-license-plate-dataset-elpd,CC BY 4.0,https://creativecommons.org/licenses/by/4.0/,AI/PlateDetector/datasets/provenance/elpd/elpd_provenance.csv
elpd,filename_prefix_00038_.png,2,license-plate,license_plate,1204.4,975.39,1320.98,1003.06,1536,1536,SYNTHETIC,TRAIN_ONLY,https://www.kaggle.com/datasets/tielemarvin/european-license-plate-dataset-elpd,CC BY 4.0,https://creativecommons.org/licenses/by/4.0/,AI/PlateDetector/datasets/provenance/elpd/elpd_provenance.csv
elpd,filename_prefix_00039_.png,1,license-plate,license_plate,482.29,684.4,641.7,725.8,1024,1024,SYNTHETIC,TRAIN_ONLY,https://www.kaggle.com/datasets/tielemarvin/european-license-plate-dataset-elpd,CC BY 4.0,https://creativecommons.org/licenses/by/4.0/,AI/PlateDetector/datasets/provenance/elpd/elpd_provenance.csv
elpd,filename_prefix_00040_.png,1,license-plate,license_plate,371.99,602.86,482.97,641.39,1024,1024,SYNTHETIC,TRAIN_ONLY,https://www.kaggle.com/datasets/tielemarvin/european-license-plate-dataset-elpd,CC BY 4.0,https://creativecommons.org/licenses/by/4.0/,AI/PlateDetector/datasets/provenance/elpd/elpd_provenance.csv
elpd,filename_prefix_00041_.png,1,license-plate,license_plate,0.0,506.08,332.51,600.74,1024,1024,SYNTHETIC,TRAIN_ONLY,https://www.kaggle.com/datasets/tielemarvin/european-license-plate-dataset-elpd,CC BY 4.0,https://creativecommons.org/licenses/by/4.0/,AI/PlateDetector/datasets/provenance/elpd/elpd_provenance.csv
elpd,filename_prefix_00042_.png,1,license-plate,license_plate,1053.6,895.2,1336.43,981.31,1536,1536,SYNTHETIC,TRAIN_ONLY,https://www.kaggle.com/datasets/tielemarvin/european-license-plate-dataset-elpd,CC BY 4.0,https://creativecommons.org/licenses/by/4.0/,AI/PlateDetector/datasets/provenance/elpd/elpd_provenance.csv
elpd,filename_prefix_00043_.png,1,license-plate,license_plate,705.26,1009.1,979.47,1077.32,1536,1536,SYNTHETIC,TRAIN_ONLY,https://www.kaggle.com/datasets/tielemarvin/european-license-plate-dataset-elpd,CC BY 4.0,https://creativecommons.org/licenses/by/4.0/,AI/PlateDetector/datasets/provenance/elpd/elpd_provenance.csv
elpd,filename_prefix_00044_.png,1,license-plate,license_plate,359.37,585.96,469.9,617.66,1024,1024,SYNTHETIC,TRAIN_ONLY,https://www.kaggle.com/datasets/tielemarvin/european-license-plate-dataset-elpd,CC BY 4.0,https://creativecommons.org/licenses/by/4.0/,AI/PlateDetector/datasets/provenance/elpd/elpd_provenance.csv
elpd,filename_prefix_00045_.png,1,license-plate,license_plate,1386.24,565.68,1536.0,610.49,1536,1536,SYNTHETIC,TRAIN_ONLY,https://www.kaggle.com/datasets/tielemarvin/european-license-plate-dataset-elpd,CC BY 4.0,https://creativecommons.org/licenses/by/4.0/,AI/PlateDetector/datasets/provenance/elpd/elpd_provenance.csv
elpd,filename_prefix_00045_.png,2,license-plate,license_plate,742.74,717.75,1041.44,801.32,1536,1536,SYNTHETIC,TRAIN_ONLY,https://www.kaggle.com/datasets/tielemarvin/european-license-plate-dataset-elpd,CC BY 4.0,https://creativecommons.org/licenses/by/4.0/,AI/PlateDetector/datasets/provenance/elpd/elpd_provenance.csv
elpd,filename_prefix_00046_.png,1,license-plate,license_plate,720.33,734.8,811.87,759.02,1536,1536,SYNTHETIC,TRAIN_ONLY,https://www.kaggle.com/datasets/tielemarvin/european-license-plate-dataset-elpd,CC BY 4.0,https://creativecommons.org/licenses/by/4.0/,AI/PlateDetector/datasets/provenance/elpd/elpd_provenance.csv
elpd,filename_prefix_00047_.png,1,license-plate,license_plate,398.73,644.49,590.6,698.7,1024,1024,SYNTHETIC,TRAIN_ONLY,https://www.kaggle.com/datasets/tielemarvin/european-license-plate-dataset-elpd,CC BY 4.0,https://creativecommons.org/licenses/by/4.0/,AI/PlateDetector/datasets/provenance/elpd/elpd_provenance.csv
elpd,filename_prefix_00048_.png,1,license-plate,license_plate,691.08,1040.2,893.06,1093.7,1536,1536,SYNTHETIC,TRAIN_ONLY,https://www.kaggle.com/datasets/tielemarvin/european-license-plate-dataset-elpd,CC BY 4.0,https://creativecommons.org/licenses/by/4.0/,AI/PlateDetector/datasets/provenance/elpd/elpd_provenance.csv
elpd,filename_prefix_00049_.png,1,license-plate,license_plate,531.73,448.11,624.7,480.4,1024,1024,SYNTHETIC,TRAIN_ONLY,https://www.kaggle.com/datasets/tielemarvin/european-license-plate-dataset-elpd,CC BY 4.0,https://creativecommons.org/licenses/by/4.0/,AI/PlateDetector/datasets/provenance/elpd/elpd_provenance.csv
elpd,filename_prefix_00050_.png,1,license-plate,license_plate,606.5,885.84,911.81,963.83,1536,1536,SYNTHETIC,TRAIN_ONLY,https://www.kaggle.com/datasets/tielemarvin/european-license-plate-dataset-elpd,CC BY 4.0,https://creativecommons.org/licenses/by/4.0/,AI/PlateDetector/datasets/provenance/elpd/elpd_provenance.csv
elpd,filename_prefix_00051_.png,1,license-plate,license_plate,1102.03,720.84,1272.3,764.2,1536,1536,SYNTHETIC,TRAIN_ONLY,https://www.kaggle.com/datasets/tielemarvin/european-license-plate-dataset-elpd,CC BY 4.0,https://creativecommons.org/licenses/by/4.0/,AI/PlateDetector/datasets/provenance/elpd/elpd_provenance.csv
elpd,filename_prefix_00051_.png,2,license-plate,license_plate,241.66,626.71,579.37,706.58,1536,1536,SYNTHETIC,TRAIN_ONLY,https://www.kaggle.com/datasets/tielemarvin/european-license-plate-dataset-elpd,CC BY 4.0,https://creativecommons.org/licenses/by/4.0/,AI/PlateDetector/datasets/provenance/elpd/elpd_provenance.csv
elpd,filename_prefix_00052_.png,1,license-plate,license_plate,439.69,521.82,598.06,563.14,1024,1024,SYNTHETIC,TRAIN_ONLY,https://www.kaggle.com/datasets/tielemarvin/european-license-plate-dataset-elpd,CC BY 4.0,https://creativecommons.org/licenses/by/4.0/,AI/PlateDetector/datasets/provenance/elpd/elpd_provenance.csv
elpd,filename_prefix_00053_.png,1,license-plate,license_plate,347.7,429.2,534.98,479.84,1024,1024,SYNTHETIC,TRAIN_ONLY,https://www.kaggle.com/datasets/tielemarvin/european-license-plate-dataset-elpd,CC BY 4.0,https://creativecommons.org/licenses/by/4.0/,AI/PlateDetector/datasets/provenance/elpd/elpd_provenance.csv
elpd,filename_prefix_00053_.png,2,license-plate,license_plate,77.69,580.32,192.33,662.51,1024,1024,SYNTHETIC,TRAIN_ONLY,https://www.kaggle.com/datasets/tielemarvin/european-license-plate-dataset-elpd,CC BY 4.0,https://creativecommons.org/licenses/by/4.0/,AI/PlateDetector/datasets/provenance/elpd/elpd_provenance.csv
elpd,filename_prefix_00054_.png,1,license-plate,license_plate,1401.27,1066.4,1535.9,1111.09,1536,1536,SYNTHETIC,TRAIN_ONLY,https://www.kaggle.com/datasets/tielemarvin/european-license-plate-dataset-elpd,CC BY 4.0,https://creativecommons.org/licenses/by/4.0/,AI/PlateDetector/datasets/provenance/elpd/elpd_provenance.csv
elpd,filename_prefix_00054_.png,2,license-plate,license_plate,318.38,1068.29,540.46,1126.33,1536,1536,SYNTHETIC,TRAIN_ONLY,https://www.kaggle.com/datasets/tielemarvin/european-license-plate-dataset-elpd,CC BY 4.0,https://creativecommons.org/licenses/by/4.0/,AI/PlateDetector/datasets/provenance/elpd/elpd_provenance.csv
elpd,filename_prefix_00055_.png,1,license-plate,license_plate,653.47,513.1,794.82,552.36,1024,1024,SYNTHETIC,TRAIN_ONLY,https://www.kaggle.com/datasets/tielemarvin/european-license-plate-dataset-elpd,CC BY 4.0,https://creativecommons.org/licenses/by/4.0/,AI/PlateDetector/datasets/provenance/elpd/elpd_provenance.csv
elpd,filename_prefix_00056_.png,1,license-plate,license_plate,284.36,749.68,439.64,792.5,1024,1024,SYNTHETIC,TRAIN_ONLY,https://www.kaggle.com/datasets/tielemarvin/european-license-plate-dataset-elpd,CC BY 4.0,https://creativecommons.org/licenses/by/4.0/,AI/PlateDetector/datasets/provenance/elpd/elpd_provenance.csv
elpd,filename_prefix_00057_.png,1,license-plate,license_plate,390.16,611.34,640.27,677.67,1024,1024,SYNTHETIC,TRAIN_ONLY,https://www.kaggle.com/datasets/tielemarvin/european-license-plate-dataset-elpd,CC BY 4.0,https://creativecommons.org/licenses/by/4.0/,AI/PlateDetector/datasets/provenance/elpd/elpd_provenance.csv
elpd,filename_prefix_00058_.png,1,license-plate,license_plate,264.14,655.57,338.57,672.3,1536,1536,SYNTHETIC,TRAIN_ONLY,https://www.kaggle.com/datasets/tielemarvin/european-license-plate-dataset-elpd,CC BY 4.0,https://creativecommons.org/licenses/by/4.0/,AI/PlateDetector/datasets/provenance/elpd/elpd_provenance.csv
elpd,filename_prefix_00058_.png,2,license-plate,license_plate,647.14,985.63,1027.1,1084.03,1536,1536,SYNTHETIC,TRAIN_ONLY,https://www.kaggle.com/datasets/tielemarvin/european-license-plate-dataset-elpd,CC BY 4.0,https://creativecommons.org/licenses/by/4.0/,AI/PlateDetector/datasets/provenance/elpd/elpd_provenance.csv
elpd,filename_prefix_00059_.png,1,license-plate,license_plate,693.71,819.75,852.07,862.22,1536,1536,SYNTHETIC,TRAIN_ONLY,https://www.kaggle.com/datasets/tielemarvin/european-license-plate-dataset-elpd,CC BY 4.0,https://creativecommons.org/licenses/by/4.0/,AI/PlateDetector/datasets/provenance/elpd/elpd_provenance.csv
elpd,filename_prefix_00060_.png,1,license-plate,license_plate,152.44,697.16,444.1,804.3,1024,1024,SYNTHETIC,TRAIN_ONLY,https://www.kaggle.com/datasets/tielemarvin/european-license-plate-dataset-elpd,CC BY 4.0,https://creativecommons.org/licenses/by/4.0/,AI/PlateDetector/datasets/provenance/elpd/elpd_provenance.csv
elpd,filename_prefix_00061_.png,1,license-plate,license_plate,1181.84,548.85,1268.05,574.27,1536,1536,SYNTHETIC,TRAIN_ONLY,https://www.kaggle.com/datasets/tielemarvin/european-license-plate-dataset-elpd,CC BY 4.0,https://creativecommons.org/licenses/by/4.0/,AI/PlateDetector/datasets/provenance/elpd/elpd_provenance.csv
elpd,filename_prefix_00061_.png,2,license-plate,license_plate,783.95,915.84,1079.42,993.82,1536,1536,SYNTHETIC,TRAIN_ONLY,https://www.kaggle.com/datasets/tielemarvin/european-license-plate-dataset-elpd,CC BY 4.0,https://creativecommons.org/licenses/by/4.0/,AI/PlateDetector/datasets/provenance/elpd/elpd_provenance.csv
elpd,filename_prefix_00062_.png,1,license-plate,license_plate,734.89,703.19,952.25,760.77,1536,1536,SYNTHETIC,TRAIN_ONLY,https://www.kaggle.com/datasets/tielemarvin/european-license-plate-dataset-elpd,CC BY 4.0,https://creativecommons.org/licenses/by/4.0/,AI/PlateDetector/datasets/provenance/elpd/elpd_provenance.csv
elpd,filename_prefix_00063_.png,1,license-plate,license_plate,334.37,622.97,537.32,683.26,1024,1024,SYNTHETIC,TRAIN_ONLY,https://www.kaggle.com/datasets/tielemarvin/european-license-plate-dataset-elpd,CC BY 4.0,https://creativecommons.org/licenses/by/4.0/,AI/PlateDetector/datasets/provenance/elpd/elpd_provenance.csv
elpd,filename_prefix_00064_.png,1,license-plate,license_plate,468.94,600.09,790.08,691.25,1536,1536,SYNTHETIC,TRAIN_ONLY,https://www.kaggle.com/datasets/tielemarvin/european-license-plate-dataset-elpd,CC BY 4.0,https://creativecommons.org/licenses/by/4.0/,AI/PlateDetector/datasets/provenance/elpd/elpd_provenance.csv
elpd,filename_prefix_00065_.png,1,license-plate,license_plate,634.64,582.33,786.83,633.97,1024,1024,SYNTHETIC,TRAIN_ONLY,https://www.kaggle.com/datasets/tielemarvin/european-license-plate-dataset-elpd,CC BY 4.0,https://creativecommons.org/licenses/by/4.0/,AI/PlateDetector/datasets/provenance/elpd/elpd_provenance.csv
elpd,filename_prefix_00066_.png,1,license-plate,license_plate,1060.46,1108.01,1310.12,1177.52,1536,1536,SYNTHETIC,TRAIN_ONLY,https://www.kaggle.com/datasets/tielemarvin/european-license-plate-dataset-elpd,CC BY 4.0,https://creativecommons.org/licenses/by/4.0/,AI/PlateDetector/datasets/provenance/elpd/elpd_provenance.csv
elpd,filename_prefix_00067_.png,1,license-plate,license_plate,450.55,958.8,686.6,1057.9,1536,1536,SYNTHETIC,TRAIN_ONLY,https://www.kaggle.com/datasets/tielemarvin/european-license-plate-dataset-elpd,CC BY 4.0,https://creativecommons.org/licenses/by/4.0/,AI/PlateDetector/datasets/provenance/elpd/elpd_provenance.csv
elpd,filename_prefix_00068_.png,1,license-plate,license_plate,429.28,635.57,573.7,672.0,1024,1024,SYNTHETIC,TRAIN_ONLY,https://www.kaggle.com/datasets/tielemarvin/european-license-plate-dataset-elpd,CC BY 4.0,https://creativecommons.org/licenses/by/4.0/,AI/PlateDetector/datasets/provenance/elpd/elpd_provenance.csv
elpd,filename_prefix_00069_.png,1,license-plate,license_plate,596.53,642.25,779.18,695.97,1024,1024,SYNTHETIC,TRAIN_ONLY,https://www.kaggle.com/datasets/tielemarvin/european-license-plate-dataset-elpd,CC BY 4.0,https://creativecommons.org/licenses/by/4.0/,AI/PlateDetector/datasets/provenance/elpd/elpd_provenance.csv
elpd,filename_prefix_00070_.png,1,license-plate,license_plate,623.65,955.42,1006.0,1049.04,1536,1536,SYNTHETIC,TRAIN_ONLY,https://www.kaggle.com/datasets/tielemarvin/european-license-plate-dataset-elpd,CC BY 4.0,https://creativecommons.org/licenses/by/4.0/,AI/PlateDetector/datasets/provenance/elpd/elpd_provenance.csv
elpd,filename_prefix_00070_.png,2,license-plate,license_plate,150.19,563.71,233.03,583.15,1536,1536,SYNTHETIC,TRAIN_ONLY,https://www.kaggle.com/datasets/tielemarvin/european-license-plate-dataset-elpd,CC BY 4.0,https://creativecommons.org/licenses/by/4.0/,AI/PlateDetector/datasets/provenance/elpd/elpd_provenance.csv
elpd,filename_prefix_00071_.png,1,license-plate,license_plate,648.27,704.69,888.86,769.14,1024,1024,SYNTHETIC,TRAIN_ONLY,https://www.kaggle.com/datasets/tielemarvin/european-license-plate-dataset-elpd,CC BY 4.0,https://creativecommons.org/licenses/by/4.0/,AI/PlateDetector/datasets/provenance/elpd/elpd_provenance.csv
elpd,filename_prefix_00072_.png,1,license-plate,license_plate,657.05,694.0,821.8,738.23,1024,1024,SYNTHETIC,TRAIN_ONLY,https://www.kaggle.com/datasets/tielemarvin/european-license-plate-dataset-elpd,CC BY 4.0,https://creativecommons.org/licenses/by/4.0/,AI/PlateDetector/datasets/provenance/elpd/elpd_provenance.csv
elpd,filename_prefix_00072_.png,2,license-plate,license_plate,20.55,646.59,135.0,674.34,1024,1024,SYNTHETIC,TRAIN_ONLY,https://www.kaggle.com/datasets/tielemarvin/european-license-plate-dataset-elpd,CC BY 4.0,https://creativecommons.org/licenses/by/4.0/,AI/PlateDetector/datasets/provenance/elpd/elpd_provenance.csv
elpd,filename_prefix_00073_.png,1,license-plate,license_plate,194.7,691.96,352.04,733.23,1024,1024,SYNTHETIC,TRAIN_ONLY,https://www.kaggle.com/datasets/tielemarvin/european-license-plate-dataset-elpd,CC BY 4.0,https://creativecommons.org/licenses/by/4.0/,AI/PlateDetector/datasets/provenance/elpd/elpd_provenance.csv
elpd,filename_prefix_00075_.png,1,license-plate,license_plate,835.14,1032.7,1144.89,1120.75,1536,1536,SYNTHETIC,TRAIN_ONLY,https://www.kaggle.com/datasets/tielemarvin/european-license-plate-dataset-elpd,CC BY 4.0,https://creativecommons.org/licenses/by/4.0/,AI/PlateDetector/datasets/provenance/elpd/elpd_provenance.csv
elpd,filename_prefix_00076_.png,1,license-plate,license_plate,367.38,641.46,446.75,664.2,1024,1024,SYNTHETIC,TRAIN_ONLY,https://www.kaggle.com/datasets/tielemarvin/european-license-plate-dataset-elpd,CC BY 4.0,https://creativecommons.org/licenses/by/4.0/,AI/PlateDetector/datasets/provenance/elpd/elpd_provenance.csv
elpd,filename_prefix_00077_.png,1,license-plate,license_plate,785.73,945.58,1083.04,1025.45,1536,1536,SYNTHETIC,TRAIN_ONLY,https://www.kaggle.com/datasets/tielemarvin/european-license-plate-dataset-elpd,CC BY 4.0,https://creativecommons.org/licenses/by/4.0/,AI/PlateDetector/datasets/provenance/elpd/elpd_provenance.csv
elpd,filename_prefix_00077_.png,2,license-plate,license_plate,1432.29,655.99,1519.72,679.47,1536,1536,SYNTHETIC,TRAIN_ONLY,https://www.kaggle.com/datasets/tielemarvin/european-license-plate-dataset-elpd,CC BY 4.0,https://creativecommons.org/licenses/by/4.0/,AI/PlateDetector/datasets/provenance/elpd/elpd_provenance.csv
elpd,filename_prefix_00078_.png,1,license-plate,license_plate,928.69,1022.62,1162.22,1087.94,1536,1536,SYNTHETIC,TRAIN_ONLY,https://www.kaggle.com/datasets/tielemarvin/european-license-plate-dataset-elpd,CC BY 4.0,https://creativecommons.org/licenses/by/4.0/,AI/PlateDetector/datasets/provenance/elpd/elpd_provenance.csv
elpd,filename_prefix_00079_.png,1,license-plate,license_plate,620.66,596.0,737.04,670.02,1024,1024,SYNTHETIC,TRAIN_ONLY,https://www.kaggle.com/datasets/tielemarvin/european-license-plate-dataset-elpd,CC BY 4.0,https://creativecommons.org/licenses/by/4.0/,AI/PlateDetector/datasets/provenance/elpd/elpd_provenance.csv
elpd,filename_prefix_00080_.png,1,license-plate,license_plate,731.08,823.84,915.0,952.99,1536,1536,SYNTHETIC,TRAIN_ONLY,https://www.kaggle.com/datasets/tielemarvin/european-license-plate-dataset-elpd,CC BY 4.0,https://creativecommons.org/licenses/by/4.0/,AI/PlateDetector/datasets/provenance/elpd/elpd_provenance.csv
elpd,filename_prefix_00081_.png,1,license-plate,license_plate,152.08,707.14,326.81,755.55,1024,1024,SYNTHETIC,TRAIN_ONLY,https://www.kaggle.com/datasets/tielemarvin/european-license-plate-dataset-elpd,CC BY 4.0,https://creativecommons.org/licenses/by/4.0/,AI/PlateDetector/datasets/provenance/elpd/elpd_provenance.csv
elpd,filename_prefix_00082_.png,1,license-plate,license_plate,1165.73,1021.87,1337.6,1076.0,1536,1536,SYNTHETIC,TRAIN_ONLY,https://www.kaggle.com/datasets/tielemarvin/european-license-plate-dataset-elpd,CC BY 4.0,https://creativecommons.org/licenses/by/4.0/,AI/PlateDetector/datasets/provenance/elpd/elpd_provenance.csv
elpd,filename_prefix_00082_.png,2,license-plate,license_plate,221.32,1012.89,366.37,1057.66,1536,1536,SYNTHETIC,TRAIN_ONLY,https://www.kaggle.com/datasets/tielemarvin/european-license-plate-dataset-elpd,CC BY 4.0,https://creativecommons.org/licenses/by/4.0/,AI/PlateDetector/datasets/provenance/elpd/elpd_provenance.csv
elpd,filename_prefix_00083_.png,1,license-plate,license_plate,671.38,868.56,778.29,897.54,1536,1536,SYNTHETIC,TRAIN_ONLY,https://www.kaggle.com/datasets/tielemarvin/european-license-plate-dataset-elpd,CC BY 4.0,https://creativecommons.org/licenses/by/4.0/,AI/PlateDetector/datasets/provenance/elpd/elpd_provenance.csv
elpd,filename_prefix_00084_.png,1,license-plate,license_plate,407.13,844.4,579.8,894.88,1024,1024,SYNTHETIC,TRAIN_ONLY,https://www.kaggle.com/datasets/tielemarvin/european-license-plate-dataset-elpd,CC BY 4.0,https://creativecommons.org/licenses/by/4.0/,AI/PlateDetector/datasets/provenance/elpd/elpd_provenance.csv
elpd,filename_prefix_00085_.png,1,license-plate,license_plate,138.12,671.92,364.9,827.1,1024,1024,SYNTHETIC,TRAIN_ONLY,https://www.kaggle.com/datasets/tielemarvin/european-license-plate-dataset-elpd,CC BY 4.0,https://creativecommons.org/licenses/by/4.0/,AI/PlateDetector/datasets/provenance/elpd/elpd_provenance.csv
elpd,filename_prefix_00086_.png,1,license-plate,license_plate,598.84,917.47,747.71,955.94,1536,1536,SYNTHETIC,TRAIN_ONLY,https://www.kaggle.com/datasets/tielemarvin/european-license-plate-dataset-elpd,CC BY 4.0,https://creativecommons.org/licenses/by/4.0/,AI/PlateDetector/datasets/provenance/elpd/elpd_provenance.csv
elpd,filename_prefix_00087_.png,1,license-plate,license_plate,450.8,562.85,568.07,594.95,1024,1024,SYNTHETIC,TRAIN_ONLY,https://www.kaggle.com/datasets/tielemarvin/european-license-plate-dataset-elpd,CC BY 4.0,https://creativecommons.org/licenses/by/4.0/,AI/PlateDetector/datasets/provenance/elpd/elpd_provenance.csv
elpd,filename_prefix_00088_.png,1,license-plate,license_plate,824.1,694.9,996.72,751.55,1024,1024,SYNTHETIC,TRAIN_ONLY,https://www.kaggle.com/datasets/tielemarvin/european-license-plate-dataset-elpd,CC BY 4.0,https://creativecommons.org/licenses/by/4.0/,AI/PlateDetector/datasets/provenance/elpd/elpd_provenance.csv
elpd,filename_prefix_00089_.png,1,license-plate,license_plate,87.98,748.9,351.2,818.75,1024,1024,SYNTHETIC,TRAIN_ONLY,https://www.kaggle.com/datasets/tielemarvin/european-license-plate-dataset-elpd,CC BY 4.0,https://creativecommons.org/licenses/by/4.0/,AI/PlateDetector/datasets/provenance/elpd/elpd_provenance.csv
elpd,filename_prefix_00089_.png,2,license-plate,license_plate,928.74,519.3,1024.0,555.18,1024,1024,SYNTHETIC,TRAIN_ONLY,https://www.kaggle.com/datasets/tielemarvin/european-license-plate-dataset-elpd,CC BY 4.0,https://creativecommons.org/licenses/by/4.0/,AI/PlateDetector/datasets/provenance/elpd/elpd_provenance.csv
elpd,filename_prefix_00090_.png,1,license-plate,license_plate,342.73,1089.71,658.74,1187.61,1536,1536,SYNTHETIC,TRAIN_ONLY,https://www.kaggle.com/datasets/tielemarvin/european-license-plate-dataset-elpd,CC BY 4.0,https://creativecommons.org/licenses/by/4.0/,AI/PlateDetector/datasets/provenance/elpd/elpd_provenance.csv
elpd,filename_prefix_00091_.png,1,license-plate,license_plate,773.3,1088.85,1024.56,1155.54,1536,1536,SYNTHETIC,TRAIN_ONLY,https://www.kaggle.com/datasets/tielemarvin/european-license-plate-dataset-elpd,CC BY 4.0,https://creativecommons.org/licenses/by/4.0/,AI/PlateDetector/datasets/provenance/elpd/elpd_provenance.csv
elpd,filename_prefix_00091_.png,2,license-plate,license_plate,417.68,1029.23,472.83,1050.55,1536,1536,SYNTHETIC,TRAIN_ONLY,https://www.kaggle.com/datasets/tielemarvin/european-license-plate-dataset-elpd,CC BY 4.0,https://creativecommons.org/licenses/by/4.0/,AI/PlateDetector/datasets/provenance/elpd/elpd_provenance.csv
elpd,filename_prefix_00092_.png,1,license-plate,license_plate,62.09,582.34,556.74,695.84,1024,1024,SYNTHETIC,TRAIN_ONLY,https://www.kaggle.com/datasets/tielemarvin/european-license-plate-dataset-elpd,CC BY 4.0,https://creativecommons.org/licenses/by/4.0/,AI/PlateDetector/datasets/provenance/elpd/elpd_provenance.csv
elpd,filename_prefix_00093_.png,1,license-plate,license_plate,132.1,1084.05,325.2,1149.01,1536,1536,SYNTHETIC,TRAIN_ONLY,https://www.kaggle.com/datasets/tielemarvin/european-license-plate-dataset-elpd,CC BY 4.0,https://creativecommons.org/licenses/by/4.0/,AI/PlateDetector/datasets/provenance/elpd/elpd_provenance.csv
elpd,filename_prefix_00094_.png,1,license-plate,license_plate,1294.56,285.19,1401.21,334.41,1536,1536,SYNTHETIC,TRAIN_ONLY,https://www.kaggle.com/datasets/tielemarvin/european-license-plate-dataset-elpd,CC BY 4.0,https://creativecommons.org/licenses/by/4.0/,AI/PlateDetector/datasets/provenance/elpd/elpd_provenance.csv
elpd,filename_prefix_00094_.png,2,license-plate,license_plate,659.95,857.6,939.7,993.2,1536,1536,SYNTHETIC,TRAIN_ONLY,https://www.kaggle.com/datasets/tielemarvin/european-license-plate-dataset-elpd,CC BY 4.0,https://creativecommons.org/licenses/by/4.0/,AI/PlateDetector/datasets/provenance/elpd/elpd_provenance.csv
elpd,filename_prefix_00095_.png,1,license-plate,license_plate,27.1,415.05,117.61,437.79,1024,1024,SYNTHETIC,TRAIN_ONLY,https://www.kaggle.com/datasets/tielemarvin/european-license-plate-dataset-elpd,CC BY 4.0,https://creativecommons.org/licenses/by/4.0/,AI/PlateDetector/datasets/provenance/elpd/elpd_provenance.csv
elpd,filename_prefix_00095_.png,2,license-plate,license_plate,519.2,701.68,754.24,760.4,1024,1024,SYNTHETIC,TRAIN_ONLY,https://www.kaggle.com/datasets/tielemarvin/european-license-plate-dataset-elpd,CC BY 4.0,https://creativecommons.org/licenses/by/4.0/,AI/PlateDetector/datasets/provenance/elpd/elpd_provenance.csv
elpd,filename_prefix_00096_.png,1,license-plate,license_plate,801.14,856.63,906.75,887.23,1536,1536,SYNTHETIC,TRAIN_ONLY,https://www.kaggle.com/datasets/tielemarvin/european-license-plate-dataset-elpd,CC BY 4.0,https://creativecommons.org/licenses/by/4.0/,AI/PlateDetector/datasets/provenance/elpd/elpd_provenance.csv
elpd,filename_prefix_00097_.png,1,license-plate,license_plate,164.9,770.1,334.4,823.6,1024,1024,SYNTHETIC,TRAIN_ONLY,https://www.kaggle.com/datasets/tielemarvin/european-license-plate-dataset-elpd,CC BY 4.0,https://creativecommons.org/licenses/by/4.0/,AI/PlateDetector/datasets/provenance/elpd/elpd_provenance.csv
elpd,filename_prefix_00098_.png,1,license-plate,license_plate,444.43,1061.73,792.88,1154.76,1536,1536,SYNTHETIC,TRAIN_ONLY,https://www.kaggle.com/datasets/tielemarvin/european-license-plate-dataset-elpd,CC BY 4.0,https://creativecommons.org/licenses/by/4.0/,AI/PlateDetector/datasets/provenance/elpd/elpd_provenance.csv
elpd,filename_prefix_00099_.png,1,license-plate,license_plate,961.25,1030.4,1490.76,1168.56,1536,1536,SYNTHETIC,TRAIN_ONLY,https://www.kaggle.com/datasets/tielemarvin/european-license-plate-dataset-elpd,CC BY 4.0,https://creativecommons.org/licenses/by/4.0/,AI/PlateDetector/datasets/provenance/elpd/elpd_provenance.csv
elpd,filename_prefix_00099_.png,2,license-plate,license_plate,398.93,517.25,607.6,575.7,1536,1536,SYNTHETIC,TRAIN_ONLY,https://www.kaggle.com/datasets/tielemarvin/european-license-plate-dataset-elpd,CC BY 4.0,https://creativecommons.org/licenses/by/4.0/,AI/PlateDetector/datasets/provenance/elpd/elpd_provenance.csv
elpd,filename_prefix_00100_.png,1,license-plate,license_plate,147.6,749.06,277.13,784.2,1024,1024,SYNTHETIC,TRAIN_ONLY,https://www.kaggle.com/datasets/tielemarvin/european-license-plate-dataset-elpd,CC BY 4.0,https://creativecommons.org/licenses/by/4.0/,AI/PlateDetector/datasets/provenance/elpd/elpd_provenance.csv
elpd,filename_prefix_00100_.png,2,license-plate,license_plate,812.1,792.6,973.01,831.2,1024,1024,SYNTHETIC,TRAIN_ONLY,https://www.kaggle.com/datasets/tielemarvin/european-license-plate-dataset-elpd,CC BY 4.0,https://creativecommons.org/licenses/by/4.0/,AI/PlateDetector/datasets/provenance/elpd/elpd_provenance.csv
elpd,filename_prefix_00101_.png,1,license-plate,license_plate,162.9,766.92,428.99,840.52,1024,1024,SYNTHETIC,TRAIN_ONLY,https://www.kaggle.com/datasets/tielemarvin/european-license-plate-dataset-elpd,CC BY 4.0,https://creativecommons.org/licenses/by/4.0/,AI/PlateDetector/datasets/provenance/elpd/elpd_provenance.csv
elpd,filename_prefix_00102_.png,1,license-plate,license_plate,895.9,999.0,1117.2,1054.75,1536,1536,SYNTHETIC,TRAIN_ONLY,https://www.kaggle.com/datasets/tielemarvin/european-license-plate-dataset-elpd,CC BY 4.0,https://creativecommons.org/licenses/by/4.0/,AI/PlateDetector/datasets/provenance/elpd/elpd_provenance.csv
elpd,filename_prefix_00103_.png,1,license-plate,license_plate,844.27,640.67,1022.47,702.2,1024,1024,SYNTHETIC,TRAIN_ONLY,https://www.kaggle.com/datasets/tielemarvin/european-license-plate-dataset-elpd,CC BY 4.0,https://creativecommons.org/licenses/by/4.0/,AI/PlateDetector/datasets/provenance/elpd/elpd_provenance.csv
elpd,filename_prefix_00104_.png,1,license-plate,license_plate,856.42,585.01,949.79,611.37,1024,1024,SYNTHETIC,TRAIN_ONLY,https://www.kaggle.com/datasets/tielemarvin/european-license-plate-dataset-elpd,CC BY 4.0,https://creativecommons.org/licenses/by/4.0/,AI/PlateDetector/datasets/provenance/elpd/elpd_provenance.csv
elpd,filename_prefix_00105_.png,1,license-plate,license_plate,81.47,676.81,160.07,698.79,1024,1024,SYNTHETIC,TRAIN_ONLY,https://www.kaggle.com/datasets/tielemarvin/european-license-plate-dataset-elpd,CC BY 4.0,https://creativecommons.org/licenses/by/4.0/,AI/PlateDetector/datasets/provenance/elpd/elpd_provenance.csv
elpd,filename_prefix_00105_.png,2,license-plate,license_plate,928.51,675.7,1012.3,699.3,1024,1024,SYNTHETIC,TRAIN_ONLY,https://www.kaggle.com/datasets/tielemarvin/european-license-plate-dataset-elpd,CC BY 4.0,https://creativecommons.org/licenses/by/4.0/,AI/PlateDetector/datasets/provenance/elpd/elpd_provenance.csv
elpd,filename_prefix_00106_.png,1,license-plate,license_plate,285.32,774.15,581.6,862.4,1536,1536,SYNTHETIC,TRAIN_ONLY,https://www.kaggle.com/datasets/tielemarvin/european-license-plate-dataset-elpd,CC BY 4.0,https://creativecommons.org/licenses/by/4.0/,AI/PlateDetector/datasets/provenance/elpd/elpd_provenance.csv
elpd,filename_prefix_00106_.png,2,license-plate,license_plate,1226.85,421.88,1351.75,455.9,1536,1536,SYNTHETIC,TRAIN_ONLY,https://www.kaggle.com/datasets/tielemarvin/european-license-plate-dataset-elpd,CC BY 4.0,https://creativecommons.org/licenses/by/4.0/,AI/PlateDetector/datasets/provenance/elpd/elpd_provenance.csv
elpd,filename_prefix_00107_.png,1,license-plate,license_plate,984.42,1050.0,1176.07,1115.37,1536,1536,SYNTHETIC,TRAIN_ONLY,https://www.kaggle.com/datasets/tielemarvin/european-license-plate-dataset-elpd,CC BY 4.0,https://creativecommons.org/licenses/by/4.0/,AI/PlateDetector/datasets/provenance/elpd/elpd_provenance.csv
elpd,filename_prefix_00108_.png,1,license-plate,license_plate,901.46,664.5,1024.0,704.2,1024,1024,SYNTHETIC,TRAIN_ONLY,https://www.kaggle.com/datasets/tielemarvin/european-license-plate-dataset-elpd,CC BY 4.0,https://creativecommons.org/licenses/by/4.0/,AI/PlateDetector/datasets/provenance/elpd/elpd_provenance.csv
elpd,filename_prefix_00108_.png,2,license-plate,license_plate,223.5,601.22,319.64,633.2,1024,1024,SYNTHETIC,TRAIN_ONLY,https://www.kaggle.com/datasets/tielemarvin/european-license-plate-dataset-elpd,CC BY 4.0,https://creativecommons.org/licenses/by/4.0/,AI/PlateDetector/datasets/provenance/elpd/elpd_provenance.csv
elpd,filename_prefix_00109_.png,1,license-plate,license_plate,1251.74,1187.94,1501.9,1259.5,1536,1536,SYNTHETIC,TRAIN_ONLY,https://www.kaggle.com/datasets/tielemarvin/european-license-plate-dataset-elpd,CC BY 4.0,https://creativecommons.org/licenses/by/4.0/,AI/PlateDetector/datasets/provenance/elpd/elpd_provenance.csv
elpd,filename_prefix_00109_.png,2,license-plate,license_plate,73.21,1206.56,222.34,1270.14,1536,1536,SYNTHETIC,TRAIN_ONLY,https://www.kaggle.com/datasets/tielemarvin/european-license-plate-dataset-elpd,CC BY 4.0,https://creativecommons.org/licenses/by/4.0/,AI/PlateDetector/datasets/provenance/elpd/elpd_provenance.csv
elpd,filename_prefix_00110_.png,1,license-plate,license_plate,290.66,786.97,643.9,891.6,1536,1536,SYNTHETIC,TRAIN_ONLY,https://www.kaggle.com/datasets/tielemarvin/european-license-plate-dataset-elpd,CC BY 4.0,https://creativecommons.org/licenses/by/4.0/,AI/PlateDetector/datasets/provenance/elpd/elpd_provenance.csv
elpd,filename_prefix_00111_.png,1,license-plate,license_plate,142.23,747.15,285.1,837.0,1024,1024,SYNTHETIC,TRAIN_ONLY,https://www.kaggle.com/datasets/tielemarvin/european-license-plate-dataset-elpd,CC BY 4.0,https://creativecommons.org/licenses/by/4.0/,AI/PlateDetector/datasets/provenance/elpd/elpd_provenance.csv
elpd,filename_prefix_00112_.png,1,license-plate,license_plate,350.25,938.64,744.59,1045.32,1536,1536,SYNTHETIC,TRAIN_ONLY,https://www.kaggle.com/datasets/tielemarvin/european-license-plate-dataset-elpd,CC BY 4.0,https://creativecommons.org/licenses/by/4.0/,AI/PlateDetector/datasets/provenance/elpd/elpd_provenance.csv
elpd,filename_prefix_00112_.png,2,license-plate,license_plate,1225.3,668.5,1353.7,704.2,1536,1536,SYNTHETIC,TRAIN_ONLY,https://www.kaggle.com/datasets/tielemarvin/european-license-plate-dataset-elpd,CC BY 4.0,https://creativecommons.org/licenses/by/4.0/,AI/PlateDetector/datasets/provenance/elpd/elpd_provenance.csv
elpd,filename_prefix_00113_.png,1,license-plate,license_plate,333.31,672.15,472.6,723.8,1024,1024,SYNTHETIC,TRAIN_ONLY,https://www.kaggle.com/datasets/tielemarvin/european-license-plate-dataset-elpd,CC BY 4.0,https://creativecommons.org/licenses/by/4.0/,AI/PlateDetector/datasets/provenance/elpd/elpd_provenance.csv
elpd,filename_prefix_00114_.png,1,license-plate,license_plate,890.62,1058.85,1115.8,1118.51,1536,1536,SYNTHETIC,TRAIN_ONLY,https://www.kaggle.com/datasets/tielemarvin/european-license-plate-dataset-elpd,CC BY 4.0,https://creativecommons.org/licenses/by/4.0/,AI/PlateDetector/datasets/provenance/elpd/elpd_provenance.csv
elpd,filename_prefix_00115_.png,1,license-plate,license_plate,756.6,963.28,875.5,997.8,1536,1536,SYNTHETIC,TRAIN_ONLY,https://www.kaggle.com/datasets/tielemarvin/european-license-plate-dataset-elpd,CC BY 4.0,https://creativecommons.org/licenses/by/4.0/,AI/PlateDetector/datasets/provenance/elpd/elpd_provenance.csv
elpd,filename_prefix_00116_.png,1,license-plate,license_plate,387.33,657.1,557.55,719.0,1024,1024,SYNTHETIC,TRAIN_ONLY,https://www.kaggle.com/datasets/tielemarvin/european-license-plate-dataset-elpd,CC BY 4.0,https://creativecommons.org/licenses/by/4.0/,AI/PlateDetector/datasets/provenance/elpd/elpd_provenance.csv
elpd,filename_prefix_00117_.png,1,license-plate,license_plate,431.9,624.9,689.33,695.92,1024,1024,SYNTHETIC,TRAIN_ONLY,https://www.kaggle.com/datasets/tielemarvin/european-license-plate-dataset-elpd,CC BY 4.0,https://creativecommons.org/licenses/by/4.0/,AI/PlateDetector/datasets/provenance/elpd/elpd_provenance.csv
elpd,filename_prefix_00118_.png,1,license-plate,license_plate,632.16,902.56,849.52,965.4,1536,1536,SYNTHETIC,TRAIN_ONLY,https://www.kaggle.com/datasets/tielemarvin/european-license-plate-dataset-elpd,CC BY 4.0,https://creativecommons.org/licenses/by/4.0/,AI/PlateDetector/datasets/provenance/elpd/elpd_provenance.csv
elpd,filename_prefix_00119_.png,1,license-plate,license_plate,137.67,826.4,296.4,870.1,1024,1024,SYNTHETIC,TRAIN_ONLY,https://www.kaggle.com/datasets/tielemarvin/european-license-plate-dataset-elpd,CC BY 4.0,https://creativecommons.org/licenses/by/4.0/,AI/PlateDetector/datasets/provenance/elpd/elpd_provenance.csv
elpd,filename_prefix_00120_.png,1,license-plate,license_plate,377.53,682.46,627.6,750.5,1024,1024,SYNTHETIC,TRAIN_ONLY,https://www.kaggle.com/datasets/tielemarvin/european-license-plate-dataset-elpd,CC BY 4.0,https://creativecommons.org/licenses/by/4.0/,AI/PlateDetector/datasets/provenance/elpd/elpd_provenance.csv
elpd,filename_prefix_00121_.png,1,license-plate,license_plate,375.88,624.24,470.3,697.8,1024,1024,SYNTHETIC,TRAIN_ONLY,https://www.kaggle.com/datasets/tielemarvin/european-license-plate-dataset-elpd,CC BY 4.0,https://creativecommons.org/licenses/by/4.0/,AI/PlateDetector/datasets/provenance/elpd/elpd_provenance.csv
elpd,filename_prefix_00122_.png,1,license-plate,license_plate,361.88,1015.57,602.34,1127.71,1536,1536,SYNTHETIC,TRAIN_ONLY,https://www.kaggle.com/datasets/tielemarvin/european-license-plate-dataset-elpd,CC BY 4.0,https://creativecommons.org/licenses/by/4.0/,AI/PlateDetector/datasets/provenance/elpd/elpd_provenance.csv
elpd,filename_prefix_00123_.png,1,license-plate,license_plate,657.16,1298.81,873.1,1359.2,1536,1536,SYNTHETIC,TRAIN_ONLY,https://www.kaggle.com/datasets/tielemarvin/european-license-plate-dataset-elpd,CC BY 4.0,https://creativecommons.org/licenses/by/4.0/,AI/PlateDetector/datasets/provenance/elpd/elpd_provenance.csv
elpd,filename_prefix_00124_.png,1,license-plate,license_plate,0.0,448.37,282.26,600.6,1024,1024,SYNTHETIC,TRAIN_ONLY,https://www.kaggle.com/datasets/tielemarvin/european-license-plate-dataset-elpd,CC BY 4.0,https://creativecommons.org/licenses/by/4.0/,AI/PlateDetector/datasets/provenance/elpd/elpd_provenance.csv
elpd,filename_prefix_00125_.png,1,license-plate,license_plate,391.4,985.5,772.38,1110.31,1536,1536,SYNTHETIC,TRAIN_ONLY,https://www.kaggle.com/datasets/tielemarvin/european-license-plate-dataset-elpd,CC BY 4.0,https://creativecommons.org/licenses/by/4.0/,AI/PlateDetector/datasets/provenance/elpd/elpd_provenance.csv
elpd,filename_prefix_00126_.png,1,license-plate,license_plate,1429.78,813.34,1510.03,867.58,1536,1536,SYNTHETIC,TRAIN_ONLY,https://www.kaggle.com/datasets/tielemarvin/european-license-plate-dataset-elpd,CC BY 4.0,https://creativecommons.org/licenses/by/4.0/,AI/PlateDetector/datasets/provenance/elpd/elpd_provenance.csv
elpd,filename_prefix_00126_.png,2,license-plate,license_plate,577.13,889.69,879.76,1010.56,1536,1536,SYNTHETIC,TRAIN_ONLY,https://www.kaggle.com/datasets/tielemarvin/european-license-plate-dataset-elpd,CC BY 4.0,https://creativecommons.org/licenses/by/4.0/,AI/PlateDetector/datasets/provenance/elpd/elpd_provenance.csv
elpd,filename_prefix_00127_.png,1,license-plate,license_plate,147.67,721.52,302.26,827.77,1024,1024,SYNTHETIC,TRAIN_ONLY,https://www.kaggle.com/datasets/tielemarvin/european-license-plate-dataset-elpd,CC BY 4.0,https://creativecommons.org/licenses/by/4.0/,AI/PlateDetector/datasets/provenance/elpd/elpd_provenance.csv
elpd,filename_prefix_00128_.png,1,license-plate,license_plate,62.75,1073.2,430.51,1173.79,1536,1536,SYNTHETIC,TRAIN_ONLY,https://www.kaggle.com/datasets/tielemarvin/european-license-plate-dataset-elpd,CC BY 4.0,https://creativecommons.org/licenses/by/4.0/,AI/PlateDetector/datasets/provenance/elpd/elpd_provenance.csv
elpd,filename_prefix_00129_.png,1,license-plate,license_plate,501.23,628.62,636.33,666.56,1024,1024,SYNTHETIC,TRAIN_ONLY,https://www.kaggle.com/datasets/tielemarvin/european-license-plate-dataset-elpd,CC BY 4.0,https://creativecommons.org/licenses/by/4.0/,AI/PlateDetector/datasets/provenance/elpd/elpd_provenance.csv
elpd,filename_prefix_00130_.png,1,license-plate,license_plate,655.15,1292.62,927.5,1435.8,1536,1536,SYNTHETIC,TRAIN_ONLY,https://www.kaggle.com/datasets/tielemarvin/european-license-plate-dataset-elpd,CC BY 4.0,https://creativecommons.org/licenses/by/4.0/,AI/PlateDetector/datasets/provenance/elpd/elpd_provenance.csv
elpd,filename_prefix_00131_.png,1,license-plate,license_plate,809.76,851.0,1042.7,911.1,1536,1536,SYNTHETIC,TRAIN_ONLY,https://www.kaggle.com/datasets/tielemarvin/european-license-plate-dataset-elpd,CC BY 4.0,https://creativecommons.org/licenses/by/4.0/,AI/PlateDetector/datasets/provenance/elpd/elpd_provenance.csv
elpd,filename_prefix_00132_.png,1,license-plate,license_plate,121.99,672.4,344.13,740.71,1024,1024,SYNTHETIC,TRAIN_ONLY,https://www.kaggle.com/datasets/tielemarvin/european-license-plate-dataset-elpd,CC BY 4.0,https://creativecommons.org/licenses/by/4.0/,AI/PlateDetector/datasets/provenance/elpd/elpd_provenance.csv
elpd,filename_prefix_00133_.png,1,license-plate,license_plate,338.58,639.76,495.97,677.5,1024,1024,SYNTHETIC,TRAIN_ONLY,https://www.kaggle.com/datasets/tielemarvin/european-license-plate-dataset-elpd,CC BY 4.0,https://creativecommons.org/licenses/by/4.0/,AI/PlateDetector/datasets/provenance/elpd/elpd_provenance.csv
elpd,filename_prefix_00134_.png,1,license-plate,license_plate,102.5,748.51,233.26,785.65,1024,1024,SYNTHETIC,TRAIN_ONLY,https://www.kaggle.com/datasets/tielemarvin/european-license-plate-dataset-elpd,CC BY 4.0,https://creativecommons.org/licenses/by/4.0/,AI/PlateDetector/datasets/provenance/elpd/elpd_provenance.csv
elpd,filename_prefix_00135_.png,1,license-plate,license_plate,696.84,647.86,1024.53,738.38,1536,1536,SYNTHETIC,TRAIN_ONLY,https://www.kaggle.com/datasets/tielemarvin/european-license-plate-dataset-elpd,CC BY 4.0,https://creativecommons.org/licenses/by/4.0/,AI/PlateDetector/datasets/provenance/elpd/elpd_provenance.csv
elpd,filename_prefix_00136_.png,1,license-plate,license_plate,173.65,630.8,398.37,685.2,1024,1024,SYNTHETIC,TRAIN_ONLY,https://www.kaggle.com/datasets/tielemarvin/european-license-plate-dataset-elpd,CC BY 4.0,https://creativecommons.org/licenses/by/4.0/,AI/PlateDetector/datasets/provenance/elpd/elpd_provenance.csv
elpd,filename_prefix_00137_.png,1,license-plate,license_plate,628.75,692.36,801.6,738.02,1024,1024,SYNTHETIC,TRAIN_ONLY,https://www.kaggle.com/datasets/tielemarvin/european-license-plate-dataset-elpd,CC BY 4.0,https://creativecommons.org/licenses/by/4.0/,AI/PlateDetector/datasets/provenance/elpd/elpd_provenance.csv
elpd,filename_prefix_00138_.png,1,license-plate,license_plate,651.0,1027.83,951.2,1106.8,1536,1536,SYNTHETIC,TRAIN_ONLY,https://www.kaggle.com/datasets/tielemarvin/european-license-plate-dataset-elpd,CC BY 4.0,https://creativecommons.org/licenses/by/4.0/,AI/PlateDetector/datasets/provenance/elpd/elpd_provenance.csv
elpd,filename_prefix_00138_.png,2,license-plate,license_plate,1424.6,618.12,1517.02,640.65,1536,1536,SYNTHETIC,TRAIN_ONLY,https://www.kaggle.com/datasets/tielemarvin/european-license-plate-dataset-elpd,CC BY 4.0,https://creativecommons.org/licenses/by/4.0/,AI/PlateDetector/datasets/provenance/elpd/elpd_provenance.csv
elpd,filename_prefix_00139_.png,1,license-plate,license_plate,822.39,1072.71,1090.3,1145.91,1536,1536,SYNTHETIC,TRAIN_ONLY,https://www.kaggle.com/datasets/tielemarvin/european-license-plate-dataset-elpd,CC BY 4.0,https://creativecommons.org/licenses/by/4.0/,AI/PlateDetector/datasets/provenance/elpd/elpd_provenance.csv
elpd,filename_prefix_00140_.png,1,license-plate,license_plate,674.0,537.3,783.8,577.2,1024,1024,SYNTHETIC,TRAIN_ONLY,https://www.kaggle.com/datasets/tielemarvin/european-license-plate-dataset-elpd,CC BY 4.0,https://creativecommons.org/licenses/by/4.0/,AI/PlateDetector/datasets/provenance/elpd/elpd_provenance.csv
elpd,filename_prefix_00141_.png,1,license-plate,license_plate,784.95,1007.22,986.57,1073.23,1536,1536,SYNTHETIC,TRAIN_ONLY,https://www.kaggle.com/datasets/tielemarvin/european-license-plate-dataset-elpd,CC BY 4.0,https://creativecommons.org/licenses/by/4.0/,AI/PlateDetector/datasets/provenance/elpd/elpd_provenance.csv
elpd,filename_prefix_00142_.png,1,license-plate,license_plate,401.14,817.56,672.74,882.08,1536,1536,SYNTHETIC,TRAIN_ONLY,https://www.kaggle.com/datasets/tielemarvin/european-license-plate-dataset-elpd,CC BY 4.0,https://creativecommons.org/licenses/by/4.0/,AI/PlateDetector/datasets/provenance/elpd/elpd_provenance.csv
elpd,filename_prefix_00143_.png,1,license-plate,license_plate,139.33,669.11,329.3,748.7,1024,1024,SYNTHETIC,TRAIN_ONLY,https://www.kaggle.com/datasets/tielemarvin/european-license-plate-dataset-elpd,CC BY 4.0,https://creativecommons.org/licenses/by/4.0/,AI/PlateDetector/datasets/provenance/elpd/elpd_provenance.csv
elpd,filename_prefix_00144_.png,1,license-plate,license_plate,691.64,1074.96,894.47,1125.32,1536,1536,SYNTHETIC,TRAIN_ONLY,https://www.kaggle.com/datasets/tielemarvin/european-license-plate-dataset-elpd,CC BY 4.0,https://creativecommons.org/licenses/by/4.0/,AI/PlateDetector/datasets/provenance/elpd/elpd_provenance.csv
elpd,filename_prefix_00145_.png,1,license-plate,license_plate,137.39,568.23,280.21,605.13,1024,1024,SYNTHETIC,TRAIN_ONLY,https://www.kaggle.com/datasets/tielemarvin/european-license-plate-dataset-elpd,CC BY 4.0,https://creativecommons.org/licenses/by/4.0/,AI/PlateDetector/datasets/provenance/elpd/elpd_provenance.csv
elpd,filename_prefix_00146_.png,1,license-plate,license_plate,1294.88,669.63,1446.3,709.1,1536,1536,SYNTHETIC,TRAIN_ONLY,https://www.kaggle.com/datasets/tielemarvin/european-license-plate-dataset-elpd,CC BY 4.0,https://creativecommons.org/licenses/by/4.0/,AI/PlateDetector/datasets/provenance/elpd/elpd_provenance.csv
elpd,filename_prefix_00146_.png,2,license-plate,license_plate,473.86,912.28,802.48,1009.97,1536,1536,SYNTHETIC,TRAIN_ONLY,https://www.kaggle.com/datasets/tielemarvin/european-license-plate-dataset-elpd,CC BY 4.0,https://creativecommons.org/licenses/by/4.0/,AI/PlateDetector/datasets/provenance/elpd/elpd_provenance.csv
elpd,filename_prefix_00147_.png,1,license-plate,license_plate,403.14,1224.4,660.2,1290.37,1536,1536,SYNTHETIC,TRAIN_ONLY,https://www.kaggle.com/datasets/tielemarvin/european-license-plate-dataset-elpd,CC BY 4.0,https://creativecommons.org/licenses/by/4.0/,AI/PlateDetector/datasets/provenance/elpd/elpd_provenance.csv
elpd,filename_prefix_00148_.png,1,license-plate,license_plate,259.62,912.19,499.26,972.2,1024,1024,SYNTHETIC,TRAIN_ONLY,https://www.kaggle.com/datasets/tielemarvin/european-license-plate-dataset-elpd,CC BY 4.0,https://creativecommons.org/licenses/by/4.0/,AI/PlateDetector/datasets/provenance/elpd/elpd_provenance.csv
elpd,filename_prefix_00149_.png,1,license-plate,license_plate,400.39,675.64,512.58,721.76,1024,1024,SYNTHETIC,TRAIN_ONLY,https://www.kaggle.com/datasets/tielemarvin/european-license-plate-dataset-elpd,CC BY 4.0,https://creativecommons.org/licenses/by/4.0/,AI/PlateDetector/datasets/provenance/elpd/elpd_provenance.csv
elpd,filename_prefix_00150_.png,1,license-plate,license_plate,824.75,637.7,902.76,655.58,1024,1024,SYNTHETIC,TRAIN_ONLY,https://www.kaggle.com/datasets/tielemarvin/european-license-plate-dataset-elpd,CC BY 4.0,https://creativecommons.org/licenses/by/4.0/,AI/PlateDetector/datasets/provenance/elpd/elpd_provenance.csv
elpd,filename_prefix_00150_.png,2,license-plate,license_plate,252.45,803.54,417.66,846.9,1024,1024,SYNTHETIC,TRAIN_ONLY,https://www.kaggle.com/datasets/tielemarvin/european-license-plate-dataset-elpd,CC BY 4.0,https://creativecommons.org/licenses/by/4.0/,AI/PlateDetector/datasets/provenance/elpd/elpd_provenance.csv
elpd,filename_prefix_00151_.png,1,license-plate,license_plate,274.08,869.9,471.2,954.78,1536,1536,SYNTHETIC,TRAIN_ONLY,https://www.kaggle.com/datasets/tielemarvin/european-license-plate-dataset-elpd,CC BY 4.0,https://creativecommons.org/licenses/by/4.0/,AI/PlateDetector/datasets/provenance/elpd/elpd_provenance.csv
elpd,filename_prefix_00152_.png,1,license-plate,license_plate,0.0,689.1,267.07,796.65,1024,1024,SYNTHETIC,TRAIN_ONLY,https://www.kaggle.com/datasets/tielemarvin/european-license-plate-dataset-elpd,CC BY 4.0,https://creativecommons.org/licenses/by/4.0/,AI/PlateDetector/datasets/provenance/elpd/elpd_provenance.csv
elpd,filename_prefix_00153_.png,1,license-plate,license_plate,933.3,563.84,1003.82,580.56,1024,1024,SYNTHETIC,TRAIN_ONLY,https://www.kaggle.com/datasets/tielemarvin/european-license-plate-dataset-elpd,CC BY 4.0,https://creativecommons.org/licenses/by/4.0/,AI/PlateDetector/datasets/provenance/elpd/elpd_provenance.csv
elpd,filename_prefix_00153_.png,2,license-plate,license_plate,413.3,684.2,635.8,740.1,1024,1024,SYNTHETIC,TRAIN_ONLY,https://www.kaggle.com/datasets/tielemarvin/european-license-plate-dataset-elpd,CC BY 4.0,https://creativecommons.org/licenses/by/4.0/,AI/PlateDetector/datasets/provenance/elpd/elpd_provenance.csv
elpd,filename_prefix_00154_.png,1,license-plate,license_plate,348.69,1106.87,500.1,1192.22,1536,1536,SYNTHETIC,TRAIN_ONLY,https://www.kaggle.com/datasets/tielemarvin/european-license-plate-dataset-elpd,CC BY 4.0,https://creativecommons.org/licenses/by/4.0/,AI/PlateDetector/datasets/provenance/elpd/elpd_provenance.csv
elpd,filename_prefix_00155_.png,1,license-plate,license_plate,1031.35,756.3,1137.88,784.96,1536,1536,SYNTHETIC,TRAIN_ONLY,https://www.kaggle.com/datasets/tielemarvin/european-license-plate-dataset-elpd,CC BY 4.0,https://creativecommons.org/licenses/by/4.0/,AI/PlateDetector/datasets/provenance/elpd/elpd_provenance.csv
elpd,filename_prefix_00156_.png,1,license-plate,license_plate,304.93,703.95,472.92,757.1,1024,1024,SYNTHETIC,TRAIN_ONLY,https://www.kaggle.com/datasets/tielemarvin/european-license-plate-dataset-elpd,CC BY 4.0,https://creativecommons.org/licenses/by/4.0/,AI/PlateDetector/datasets/provenance/elpd/elpd_provenance.csv
elpd,filename_prefix_00156_.png,2,license-plate,license_plate,802.46,477.0,871.07,493.98,1024,1024,SYNTHETIC,TRAIN_ONLY,https://www.kaggle.com/datasets/tielemarvin/european-license-plate-dataset-elpd,CC BY 4.0,https://creativecommons.org/licenses/by/4.0/,AI/PlateDetector/datasets/provenance/elpd/elpd_provenance.csv
elpd,filename_prefix_00157_.png,1,license-plate,license_plate,92.66,725.73,191.4,750.0,1536,1536,SYNTHETIC,TRAIN_ONLY,https://www.kaggle.com/datasets/tielemarvin/european-license-plate-dataset-elpd,CC BY 4.0,https://creativecommons.org/licenses/by/4.0/,AI/PlateDetector/datasets/provenance/elpd/elpd_provenance.csv
elpd,filename_prefix_00157_.png,2,license-plate,license_plate,749.58,996.31,1109.83,1110.25,1536,1536,SYNTHETIC,TRAIN_ONLY,https://www.kaggle.com/datasets/tielemarvin/european-license-plate-dataset-elpd,CC BY 4.0,https://creativecommons.org/licenses/by/4.0/,AI/PlateDetector/datasets/provenance/elpd/elpd_provenance.csv
elpd,filename_prefix_00158_.png,1,license-plate,license_plate,283.02,680.9,364.3,704.15,1536,1536,SYNTHETIC,TRAIN_ONLY,https://www.kaggle.com/datasets/tielemarvin/european-license-plate-dataset-elpd,CC BY 4.0,https://creativecommons.org/licenses/by/4.0/,AI/PlateDetector/datasets/provenance/elpd/elpd_provenance.csv
elpd,filename_prefix_00158_.png,2,license-plate,license_plate,1110.26,899.9,1308.01,971.16,1536,1536,SYNTHETIC,TRAIN_ONLY,https://www.kaggle.com/datasets/tielemarvin/european-license-plate-dataset-elpd,CC BY 4.0,https://creativecommons.org/licenses/by/4.0/,AI/PlateDetector/datasets/provenance/elpd/elpd_provenance.csv
elpd,filename_prefix_00159_.png,1,license-plate,license_plate,386.9,587.6,460.49,607.86,1024,1024,SYNTHETIC,TRAIN_ONLY,https://www.kaggle.com/datasets/tielemarvin/european-license-plate-dataset-elpd,CC BY 4.0,https://creativecommons.org/licenses/by/4.0/,AI/PlateDetector/datasets/provenance/elpd/elpd_provenance.csv
elpd,filename_prefix_00160_.png,1,license-plate,license_plate,136.94,819.97,225.43,841.16,1536,1536,SYNTHETIC,TRAIN_ONLY,https://www.kaggle.com/datasets/tielemarvin/european-license-plate-dataset-elpd,CC BY 4.0,https://creativecommons.org/licenses/by/4.0/,AI/PlateDetector/datasets/provenance/elpd/elpd_provenance.csv
elpd,filename_prefix_00160_.png,2,license-plate,license_plate,794.64,975.04,935.19,1014.65,1536,1536,SYNTHETIC,TRAIN_ONLY,https://www.kaggle.com/datasets/tielemarvin/european-license-plate-dataset-elpd,CC BY 4.0,https://creativecommons.org/licenses/by/4.0/,AI/PlateDetector/datasets/provenance/elpd/elpd_provenance.csv
elpd,filename_prefix_00161_.png,1,license-plate,license_plate,447.79,669.54,555.15,697.06,1024,1024,SYNTHETIC,TRAIN_ONLY,https://www.kaggle.com/datasets/tielemarvin/european-license-plate-dataset-elpd,CC BY 4.0,https://creativecommons.org/licenses/by/4.0/,AI/PlateDetector/datasets/provenance/elpd/elpd_provenance.csv
elpd,filename_prefix_00162_.png,1,license-plate,license_plate,0.0,607.3,556.0,828.94,1536,1536,SYNTHETIC,TRAIN_ONLY,https://www.kaggle.com/datasets/tielemarvin/european-license-plate-dataset-elpd,CC BY 4.0,https://creativecommons.org/licenses/by/4.0/,AI/PlateDetector/datasets/provenance/elpd/elpd_provenance.csv
elpd,filename_prefix_00162_.png,2,license-plate,license_plate,1042.69,149.3,1298.8,248.4,1536,1536,SYNTHETIC,TRAIN_ONLY,https://www.kaggle.com/datasets/tielemarvin/european-license-plate-dataset-elpd,CC BY 4.0,https://creativecommons.org/licenses/by/4.0/,AI/PlateDetector/datasets/provenance/elpd/elpd_provenance.csv
elpd,filename_prefix_00163_.png,1,license-plate,license_plate,412.18,811.59,641.6,889.9,1536,1536,SYNTHETIC,TRAIN_ONLY,https://www.kaggle.com/datasets/tielemarvin/european-license-plate-dataset-elpd,CC BY 4.0,https://creativecommons.org/licenses/by/4.0/,AI/PlateDetector/datasets/provenance/elpd/elpd_provenance.csv
elpd,filename_prefix_00164_.png,1,license-plate,license_plate,583.55,670.08,726.43,737.02,1024,1024,SYNTHETIC,TRAIN_ONLY,https://www.kaggle.com/datasets/tielemarvin/european-license-plate-dataset-elpd,CC BY 4.0,https://creativecommons.org/licenses/by/4.0/,AI/PlateDetector/datasets/provenance/elpd/elpd_provenance.csv
elpd,filename_prefix_00165_.png,1,license-plate,license_plate,241.12,805.72,444.07,858.91,1024,1024,SYNTHETIC,TRAIN_ONLY,https://www.kaggle.com/datasets/tielemarvin/european-license-plate-dataset-elpd,CC BY 4.0,https://creativecommons.org/licenses/by/4.0/,AI/PlateDetector/datasets/provenance/elpd/elpd_provenance.csv
elpd,filename_prefix_00165_.png,2,license-plate,license_plate,900.34,553.7,986.9,573.4,1024,1024,SYNTHETIC,TRAIN_ONLY,https://www.kaggle.com/datasets/tielemarvin/european-license-plate-dataset-elpd,CC BY 4.0,https://creativecommons.org/licenses/by/4.0/,AI/PlateDetector/datasets/provenance/elpd/elpd_provenance.csv
elpd,filename_prefix_00166_.png,1,license-plate,license_plate,459.1,581.83,728.39,650.49,1024,1024,SYNTHETIC,TRAIN_ONLY,https://www.kaggle.com/datasets/tielemarvin/european-license-plate-dataset-elpd,CC BY 4.0,https://creativecommons.org/licenses/by/4.0/,AI/PlateDetector/datasets/provenance/elpd/elpd_provenance.csv
elpd,filename_prefix_00167_.png,1,license-plate,license_plate,64.96,1056.4,255.32,1120.61,1536,1536,SYNTHETIC,TRAIN_ONLY,https://www.kaggle.com/datasets/tielemarvin/european-license-plate-dataset-elpd,CC BY 4.0,https://creativecommons.org/licenses/by/4.0/,AI/PlateDetector/datasets/provenance/elpd/elpd_provenance.csv
elpd,filename_prefix_00167_.png,2,license-plate,license_plate,1379.98,937.09,1480.34,969.18,1536,1536,SYNTHETIC,TRAIN_ONLY,https://www.kaggle.com/datasets/tielemarvin/european-license-plate-dataset-elpd,CC BY 4.0,https://creativecommons.org/licenses/by/4.0/,AI/PlateDetector/datasets/provenance/elpd/elpd_provenance.csv
elpd,filename_prefix_00168_.png,1,license-plate,license_plate,73.77,609.16,174.3,635.6,1024,1024,SYNTHETIC,TRAIN_ONLY,https://www.kaggle.com/datasets/tielemarvin/european-license-plate-dataset-elpd,CC BY 4.0,https://creativecommons.org/licenses/by/4.0/,AI/PlateDetector/datasets/provenance/elpd/elpd_provenance.csv
elpd,filename_prefix_00169_.png,1,license-plate,license_plate,488.5,536.12,613.4,578.1,1024,1024,SYNTHETIC,TRAIN_ONLY,https://www.kaggle.com/datasets/tielemarvin/european-license-plate-dataset-elpd,CC BY 4.0,https://creativecommons.org/licenses/by/4.0/,AI/PlateDetector/datasets/provenance/elpd/elpd_provenance.csv
elpd,filename_prefix_00170_.png,1,license-plate,license_plate,887.42,896.45,1067.4,945.5,1536,1536,SYNTHETIC,TRAIN_ONLY,https://www.kaggle.com/datasets/tielemarvin/european-license-plate-dataset-elpd,CC BY 4.0,https://creativecommons.org/licenses/by/4.0/,AI/PlateDetector/datasets/provenance/elpd/elpd_provenance.csv
elpd,filename_prefix_00171_.png,1,license-plate,license_plate,805.84,1051.82,1015.68,1125.7,1536,1536,SYNTHETIC,TRAIN_ONLY,https://www.kaggle.com/datasets/tielemarvin/european-license-plate-dataset-elpd,CC BY 4.0,https://creativecommons.org/licenses/by/4.0/,AI/PlateDetector/datasets/provenance/elpd/elpd_provenance.csv
elpd,filename_prefix_00172_.png,1,license-plate,license_plate,388.3,608.6,561.5,654.3,1024,1024,SYNTHETIC,TRAIN_ONLY,https://www.kaggle.com/datasets/tielemarvin/european-license-plate-dataset-elpd,CC BY 4.0,https://creativecommons.org/licenses/by/4.0/,AI/PlateDetector/datasets/provenance/elpd/elpd_provenance.csv
elpd,filename_prefix_00173_.png,1,license-plate,license_plate,1382.72,670.55,1453.0,688.9,1536,1536,SYNTHETIC,TRAIN_ONLY,https://www.kaggle.com/datasets/tielemarvin/european-license-plate-dataset-elpd,CC BY 4.0,https://creativecommons.org/licenses/by/4.0/,AI/PlateDetector/datasets/provenance/elpd/elpd_provenance.csv
elpd,filename_prefix_00173_.png,2,license-plate,license_plate,314.83,987.2,522.4,1058.63,1536,1536,SYNTHETIC,TRAIN_ONLY,https://www.kaggle.com/datasets/tielemarvin/european-license-plate-dataset-elpd,CC BY 4.0,https://creativecommons.org/licenses/by/4.0/,AI/PlateDetector/datasets/provenance/elpd/elpd_provenance.csv
elpd,filename_prefix_00174_.png,1,license-plate,license_plate,640.78,946.32,855.8,1031.93,1536,1536,SYNTHETIC,TRAIN_ONLY,https://www.kaggle.com/datasets/tielemarvin/european-license-plate-dataset-elpd,CC BY 4.0,https://creativecommons.org/licenses/by/4.0/,AI/PlateDetector/datasets/provenance/elpd/elpd_provenance.csv
elpd,filename_prefix_00175_.png,1,license-plate,license_plate,198.3,661.4,417.5,763.1,1024,1024,SYNTHETIC,TRAIN_ONLY,https://www.kaggle.com/datasets/tielemarvin/european-license-plate-dataset-elpd,CC BY 4.0,https://creativecommons.org/licenses/by/4.0/,AI/PlateDetector/datasets/provenance/elpd/elpd_provenance.csv
elpd,filename_prefix_00176_.png,1,license-plate,license_plate,1474.37,409.77,1536.0,449.29,1536,1536,SYNTHETIC,TRAIN_ONLY,https://www.kaggle.com/datasets/tielemarvin/european-license-plate-dataset-elpd,CC BY 4.0,https://creativecommons.org/licenses/by/4.0/,AI/PlateDetector/datasets/provenance/elpd/elpd_provenance.csv
elpd,filename_prefix_00176_.png,2,license-plate,license_plate,531.59,765.92,1073.38,908.98,1536,1536,SYNTHETIC,TRAIN_ONLY,https://www.kaggle.com/datasets/tielemarvin/european-license-plate-dataset-elpd,CC BY 4.0,https://creativecommons.org/licenses/by/4.0/,AI/PlateDetector/datasets/provenance/elpd/elpd_provenance.csv
elpd,filename_prefix_00176_.png,3,license-plate,license_plate,143.85,385.88,253.8,414.9,1536,1536,SYNTHETIC,TRAIN_ONLY,https://www.kaggle.com/datasets/tielemarvin/european-license-plate-dataset-elpd,CC BY 4.0,https://creativecommons.org/licenses/by/4.0/,AI/PlateDetector/datasets/provenance/elpd/elpd_provenance.csv
elpd,filename_prefix_00177_.png,1,license-plate,license_plate,198.94,627.84,364.0,673.2,1024,1024,SYNTHETIC,TRAIN_ONLY,https://www.kaggle.com/datasets/tielemarvin/european-license-plate-dataset-elpd,CC BY 4.0,https://creativecommons.org/licenses/by/4.0/,AI/PlateDetector/datasets/provenance/elpd/elpd_provenance.csv
elpd,filename_prefix_00178_.png,1,license-plate,license_plate,215.9,787.5,305.49,807.86,1536,1536,SYNTHETIC,TRAIN_ONLY,https://www.kaggle.com/datasets/tielemarvin/european-license-plate-dataset-elpd,CC BY 4.0,https://creativecommons.org/licenses/by/4.0/,AI/PlateDetector/datasets/provenance/elpd/elpd_provenance.csv
elpd,filename_prefix_00178_.png,2,license-plate,license_plate,715.95,918.21,1021.26,993.51,1536,1536,SYNTHETIC,TRAIN_ONLY,https://www.kaggle.com/datasets/tielemarvin/european-license-plate-dataset-elpd,CC BY 4.0,https://creativecommons.org/licenses/by/4.0/,AI/PlateDetector/datasets/provenance/elpd/elpd_provenance.csv
elpd,filename_prefix_00179_.png,1,license-plate,license_plate,698.71,868.7,893.01,917.06,1536,1536,SYNTHETIC,TRAIN_ONLY,https://www.kaggle.com/datasets/tielemarvin/european-license-plate-dataset-elpd,CC BY 4.0,https://creativecommons.org/licenses/by/4.0/,AI/PlateDetector/datasets/provenance/elpd/elpd_provenance.csv
elpd,filename_prefix_00180_.png,1,license-plate,license_plate,210.32,552.46,360.74,596.04,1024,1024,SYNTHETIC,TRAIN_ONLY,https://www.kaggle.com/datasets/tielemarvin/european-license-plate-dataset-elpd,CC BY 4.0,https://creativecommons.org/licenses/by/4.0/,AI/PlateDetector/datasets/provenance/elpd/elpd_provenance.csv
elpd,filename_prefix_00181_.png,1,license-plate,license_plate,858.72,544.67,937.01,576.07,1024,1024,SYNTHETIC,TRAIN_ONLY,https://www.kaggle.com/datasets/tielemarvin/european-license-plate-dataset-elpd,CC BY 4.0,https://creativecommons.org/licenses/by/4.0/,AI/PlateDetector/datasets/provenance/elpd/elpd_provenance.csv
elpd,filename_prefix_00181_.png,2,license-plate,license_plate,323.32,497.54,420.04,525.32,1024,1024,SYNTHETIC,TRAIN_ONLY,https://www.kaggle.com/datasets/tielemarvin/european-license-plate-dataset-elpd,CC BY 4.0,https://creativecommons.org/licenses/by/4.0/,AI/PlateDetector/datasets/provenance/elpd/elpd_provenance.csv
elpd,filename_prefix_00182_.png,1,license-plate,license_plate,556.1,854.13,730.99,889.41,1024,1024,SYNTHETIC,TRAIN_ONLY,https://www.kaggle.com/datasets/tielemarvin/european-license-plate-dataset-elpd,CC BY 4.0,https://creativecommons.org/licenses/by/4.0/,AI/PlateDetector/datasets/provenance/elpd/elpd_provenance.csv
elpd,filename_prefix_00183_.png,1,license-plate,license_plate,205.35,800.97,308.77,823.27,1536,1536,SYNTHETIC,TRAIN_ONLY,https://www.kaggle.com/datasets/tielemarvin/european-license-plate-dataset-elpd,CC BY 4.0,https://creativecommons.org/licenses/by/4.0/,AI/PlateDetector/datasets/provenance/elpd/elpd_provenance.csv
elpd,filename_prefix_00183_.png,2,license-plate,license_plate,923.32,1089.39,1204.2,1170.4,1536,1536,SYNTHETIC,TRAIN_ONLY,https://www.kaggle.com/datasets/tielemarvin/european-license-plate-dataset-elpd,CC BY 4.0,https://creativecommons.org/licenses/by/4.0/,AI/PlateDetector/datasets/provenance/elpd/elpd_provenance.csv
elpd,filename_prefix_00184_.png,1,license-plate,license_plate,400.93,828.6,686.2,895.7,1024,1024,SYNTHETIC,TRAIN_ONLY,https://www.kaggle.com/datasets/tielemarvin/european-license-plate-dataset-elpd,CC BY 4.0,https://creativecommons.org/licenses/by/4.0/,AI/PlateDetector/datasets/provenance/elpd/elpd_provenance.csv
elpd,filename_prefix_00185_.png,1,license-plate,license_plate,821.0,721.6,1024.0,831.9,1024,1024,SYNTHETIC,TRAIN_ONLY,https://www.kaggle.com/datasets/tielemarvin/european-license-plate-dataset-elpd,CC BY 4.0,https://creativecommons.org/licenses/by/4.0/,AI/PlateDetector/datasets/provenance/elpd/elpd_provenance.csv
elpd,filename_prefix_00185_.png,2,license-plate,license_plate,10.94,539.6,108.6,587.8,1024,1024,SYNTHETIC,TRAIN_ONLY,https://www.kaggle.com/datasets/tielemarvin/european-license-plate-dataset-elpd,CC BY 4.0,https://creativecommons.org/licenses/by/4.0/,AI/PlateDetector/datasets/provenance/elpd/elpd_provenance.csv
elpd,filename_prefix_00186_.png,1,license-plate,license_plate,564.26,977.2,1006.5,1116.8,1536,1536,SYNTHETIC,TRAIN_ONLY,https://www.kaggle.com/datasets/tielemarvin/european-license-plate-dataset-elpd,CC BY 4.0,https://creativecommons.org/licenses/by/4.0/,AI/PlateDetector/datasets/provenance/elpd/elpd_provenance.csv
elpd,filename_prefix_00186_.png,2,license-plate,license_plate,0.0,428.4,148.9,483.3,1536,1536,SYNTHETIC,TRAIN_ONLY,https://www.kaggle.com/datasets/tielemarvin/european-license-plate-dataset-elpd,CC BY 4.0,https://creativecommons.org/licenses/by/4.0/,AI/PlateDetector/datasets/provenance/elpd/elpd_provenance.csv
elpd,filename_prefix_00187_.png,1,license-plate,license_plate,710.34,1216.45,922.46,1275.9,1536,1536,SYNTHETIC,TRAIN_ONLY,https://www.kaggle.com/datasets/tielemarvin/european-license-plate-dataset-elpd,CC BY 4.0,https://creativecommons.org/licenses/by/4.0/,AI/PlateDetector/datasets/provenance/elpd/elpd_provenance.csv
elpd,filename_prefix_00188_.png,1,license-plate,license_plate,554.42,548.36,767.0,606.3,1024,1024,SYNTHETIC,TRAIN_ONLY,https://www.kaggle.com/datasets/tielemarvin/european-license-plate-dataset-elpd,CC BY 4.0,https://creativecommons.org/licenses/by/4.0/,AI/PlateDetector/datasets/provenance/elpd/elpd_provenance.csv
elpd,filename_prefix_00189_.png,1,license-plate,license_plate,664.07,984.0,941.0,1059.0,1536,1536,SYNTHETIC,TRAIN_ONLY,https://www.kaggle.com/datasets/tielemarvin/european-license-plate-dataset-elpd,CC BY 4.0,https://creativecommons.org/licenses/by/4.0/,AI/PlateDetector/datasets/provenance/elpd/elpd_provenance.csv
elpd,filename_prefix_00190_.png,1,license-plate,license_plate,1198.65,707.47,1310.92,739.26,1536,1536,SYNTHETIC,TRAIN_ONLY,https://www.kaggle.com/datasets/tielemarvin/european-license-plate-dataset-elpd,CC BY 4.0,https://creativecommons.org/licenses/by/4.0/,AI/PlateDetector/datasets/provenance/elpd/elpd_provenance.csv
elpd,filename_prefix_00190_.png,2,license-plate,license_plate,509.31,742.46,768.1,811.9,1536,1536,SYNTHETIC,TRAIN_ONLY,https://www.kaggle.com/datasets/tielemarvin/european-license-plate-dataset-elpd,CC BY 4.0,https://creativecommons.org/licenses/by/4.0/,AI/PlateDetector/datasets/provenance/elpd/elpd_provenance.csv
elpd,filename_prefix_00191_.png,1,license-plate,license_plate,764.34,556.44,1024.0,626.54,1024,1024,SYNTHETIC,TRAIN_ONLY,https://www.kaggle.com/datasets/tielemarvin/european-license-plate-dataset-elpd,CC BY 4.0,https://creativecommons.org/licenses/by/4.0/,AI/PlateDetector/datasets/provenance/elpd/elpd_provenance.csv
elpd,filename_prefix_00192_.png,1,license-plate,license_plate,239.76,1119.28,343.84,1146.32,1536,1536,SYNTHETIC,TRAIN_ONLY,https://www.kaggle.com/datasets/tielemarvin/european-license-plate-dataset-elpd,CC BY 4.0,https://creativecommons.org/licenses/by/4.0/,AI/PlateDetector/datasets/provenance/elpd/elpd_provenance.csv
elpd,filename_prefix_00193_.png,1,license-plate,license_plate,549.1,506.31,664.65,533.78,1024,1024,SYNTHETIC,TRAIN_ONLY,https://www.kaggle.com/datasets/tielemarvin/european-license-plate-dataset-elpd,CC BY 4.0,https://creativecommons.org/licenses/by/4.0/,AI/PlateDetector/datasets/provenance/elpd/elpd_provenance.csv
elpd,filename_prefix_00194_.png,1,license-plate,license_plate,676.66,894.63,1080.8,983.8,1536,1536,SYNTHETIC,TRAIN_ONLY,https://www.kaggle.com/datasets/tielemarvin/european-license-plate-dataset-elpd,CC BY 4.0,https://creativecommons.org/licenses/by/4.0/,AI/PlateDetector/datasets/provenance/elpd/elpd_provenance.csv
elpd,filename_prefix_00195_.png,1,license-plate,license_plate,1220.62,1198.92,1536.0,1345.28,1536,1536,SYNTHETIC,TRAIN_ONLY,https://www.kaggle.com/datasets/tielemarvin/european-license-plate-dataset-elpd,CC BY 4.0,https://creativecommons.org/licenses/by/4.0/,AI/PlateDetector/datasets/provenance/elpd/elpd_provenance.csv
elpd,filename_prefix_00195_.png,2,license-plate,license_plate,556.13,841.22,719.7,895.5,1536,1536,SYNTHETIC,TRAIN_ONLY,https://www.kaggle.com/datasets/tielemarvin/european-license-plate-dataset-elpd,CC BY 4.0,https://creativecommons.org/licenses/by/4.0/,AI/PlateDetector/datasets/provenance/elpd/elpd_provenance.csv
elpd,filename_prefix_00196_.png,1,license-plate,license_plate,473.34,582.16,686.99,663.3,1024,1024,SYNTHETIC,TRAIN_ONLY,https://www.kaggle.com/datasets/tielemarvin/european-license-plate-dataset-elpd,CC BY 4.0,https://creativecommons.org/licenses/by/4.0/,AI/PlateDetector/datasets/provenance/elpd/elpd_provenance.csv
elpd,filename_prefix_00198_.png,1,license-plate,license_plate,308.21,723.33,410.4,767.7,1024,1024,SYNTHETIC,TRAIN_ONLY,https://www.kaggle.com/datasets/tielemarvin/european-license-plate-dataset-elpd,CC BY 4.0,https://creativecommons.org/licenses/by/4.0/,AI/PlateDetector/datasets/provenance/elpd/elpd_provenance.csv
elpd,filename_prefix_00199_.png,1,license-plate,license_plate,1133.1,791.5,1501.6,897.0,1536,1536,SYNTHETIC,TRAIN_ONLY,https://www.kaggle.com/datasets/tielemarvin/european-license-plate-dataset-elpd,CC BY 4.0,https://creativecommons.org/licenses/by/4.0/,AI/PlateDetector/datasets/provenance/elpd/elpd_provenance.csv
elpd,filename_prefix_00200_.png,1,license-plate,license_plate,320.26,694.06,515.52,751.64,1024,1024,SYNTHETIC,TRAIN_ONLY,https://www.kaggle.com/datasets/tielemarvin/european-license-plate-dataset-elpd,CC BY 4.0,https://creativecommons.org/licenses/by/4.0/,AI/PlateDetector/datasets/provenance/elpd/elpd_provenance.csv
elpd,filename_prefix_00201_.png,1,license-plate,license_plate,578.2,716.27,741.2,767.2,1024,1024,SYNTHETIC,TRAIN_ONLY,https://www.kaggle.com/datasets/tielemarvin/european-license-plate-dataset-elpd,CC BY 4.0,https://creativecommons.org/licenses/by/4.0/,AI/PlateDetector/datasets/provenance/elpd/elpd_provenance.csv
elpd,filename_prefix_00202_.png,1,license-plate,license_plate,191.09,948.57,272.47,968.92,1536,1536,SYNTHETIC,TRAIN_ONLY,https://www.kaggle.com/datasets/tielemarvin/european-license-plate-dataset-elpd,CC BY 4.0,https://creativecommons.org/licenses/by/4.0/,AI/PlateDetector/datasets/provenance/elpd/elpd_provenance.csv
elpd,filename_prefix_00202_.png,2,license-plate,license_plate,713.91,1468.84,1198.4,1536.0,1536,1536,SYNTHETIC,TRAIN_ONLY,https://www.kaggle.com/datasets/tielemarvin/european-license-plate-dataset-elpd,CC BY 4.0,https://creativecommons.org/licenses/by/4.0/,AI/PlateDetector/datasets/provenance/elpd/elpd_provenance.csv
elpd,filename_prefix_00203_.png,1,license-plate,license_plate,1051.48,591.05,1152.6,619.87,1536,1536,SYNTHETIC,TRAIN_ONLY,https://www.kaggle.com/datasets/tielemarvin/european-license-plate-dataset-elpd,CC BY 4.0,https://creativecommons.org/licenses/by/4.0/,AI/PlateDetector/datasets/provenance/elpd/elpd_provenance.csv
elpd,filename_prefix_00204_.png,1,license-plate,license_plate,386.72,608.22,658.3,679.2,1024,1024,SYNTHETIC,TRAIN_ONLY,https://www.kaggle.com/datasets/tielemarvin/european-license-plate-dataset-elpd,CC BY 4.0,https://creativecommons.org/licenses/by/4.0/,AI/PlateDetector/datasets/provenance/elpd/elpd_provenance.csv
elpd,filename_prefix_00205_.png,1,license-plate,license_plate,122.6,502.5,205.13,521.99,1536,1536,SYNTHETIC,TRAIN_ONLY,https://www.kaggle.com/datasets/tielemarvin/european-license-plate-dataset-elpd,CC BY 4.0,https://creativecommons.org/licenses/by/4.0/,AI/PlateDetector/datasets/provenance/elpd/elpd_provenance.csv
elpd,filename_prefix_00205_.png,2,license-plate,license_plate,892.28,851.22,1134.0,944.6,1536,1536,SYNTHETIC,TRAIN_ONLY,https://www.kaggle.com/datasets/tielemarvin/european-license-plate-dataset-elpd,CC BY 4.0,https://creativecommons.org/licenses/by/4.0/,AI/PlateDetector/datasets/provenance/elpd/elpd_provenance.csv
elpd,filename_prefix_00206_.png,1,license-plate,license_plate,0.0,1128.02,362.19,1237.07,1536,1536,SYNTHETIC,TRAIN_ONLY,https://www.kaggle.com/datasets/tielemarvin/european-license-plate-dataset-elpd,CC BY 4.0,https://creativecommons.org/licenses/by/4.0/,AI/PlateDetector/datasets/provenance/elpd/elpd_provenance.csv
elpd,filename_prefix_00207_.png,1,license-plate,license_plate,402.59,580.28,518.67,610.3,1024,1024,SYNTHETIC,TRAIN_ONLY,https://www.kaggle.com/datasets/tielemarvin/european-license-plate-dataset-elpd,CC BY 4.0,https://creativecommons.org/licenses/by/4.0/,AI/PlateDetector/datasets/provenance/elpd/elpd_provenance.csv
elpd,filename_prefix_00208_.png,1,license-plate,license_plate,680.7,868.2,745.9,894.93,1536,1536,SYNTHETIC,TRAIN_ONLY,https://www.kaggle.com/datasets/tielemarvin/european-license-plate-dataset-elpd,CC BY 4.0,https://creativecommons.org/licenses/by/4.0/,AI/PlateDetector/datasets/provenance/elpd/elpd_provenance.csv
elpd,filename_prefix_00208_.png,2,license-plate,license_plate,1129.23,863.4,1291.8,916.4,1536,1536,SYNTHETIC,TRAIN_ONLY,https://www.kaggle.com/datasets/tielemarvin/european-license-plate-dataset-elpd,CC BY 4.0,https://creativecommons.org/licenses/by/4.0/,AI/PlateDetector/datasets/provenance/elpd/elpd_provenance.csv
elpd,filename_prefix_00209_.png,1,license-plate,license_plate,757.5,604.51,833.24,622.36,1024,1024,SYNTHETIC,TRAIN_ONLY,https://www.kaggle.com/datasets/tielemarvin/european-license-plate-dataset-elpd,CC BY 4.0,https://creativecommons.org/licenses/by/4.0/,AI/PlateDetector/datasets/provenance/elpd/elpd_provenance.csv
elpd,filename_prefix_00209_.png,2,license-plate,license_plate,178.12,741.86,319.53,787.51,1024,1024,SYNTHETIC,TRAIN_ONLY,https://www.kaggle.com/datasets/tielemarvin/european-license-plate-dataset-elpd,CC BY 4.0,https://creativecommons.org/licenses/by/4.0/,AI/PlateDetector/datasets/provenance/elpd/elpd_provenance.csv
elpd,filename_prefix_00210_.png,1,license-plate,license_plate,1226.2,1259.7,1536.0,1372.39,1536,1536,SYNTHETIC,TRAIN_ONLY,https://www.kaggle.com/datasets/tielemarvin/european-license-plate-dataset-elpd,CC BY 4.0,https://creativecommons.org/licenses/by/4.0/,AI/PlateDetector/datasets/provenance/elpd/elpd_provenance.csv
elpd,filename_prefix_00211_.png,1,license-plate,license_plate,508.44,869.5,761.6,942.4,1536,1536,SYNTHETIC,TRAIN_ONLY,https://www.kaggle.com/datasets/tielemarvin/european-license-plate-dataset-elpd,CC BY 4.0,https://creativecommons.org/licenses/by/4.0/,AI/PlateDetector/datasets/provenance/elpd/elpd_provenance.csv
elpd,filename_prefix_00212_.png,1,license-plate,license_plate,819.86,411.39,901.32,431.28,1024,1024,SYNTHETIC,TRAIN_ONLY,https://www.kaggle.com/datasets/tielemarvin/european-license-plate-dataset-elpd,CC BY 4.0,https://creativecommons.org/licenses/by/4.0/,AI/PlateDetector/datasets/provenance/elpd/elpd_provenance.csv
elpd,filename_prefix_00212_.png,2,license-plate,license_plate,279.27,713.69,520.48,779.13,1024,1024,SYNTHETIC,TRAIN_ONLY,https://www.kaggle.com/datasets/tielemarvin/european-license-plate-dataset-elpd,CC BY 4.0,https://creativecommons.org/licenses/by/4.0/,AI/PlateDetector/datasets/provenance/elpd/elpd_provenance.csv
elpd,filename_prefix_00213_.png,1,license-plate,license_plate,443.67,538.86,665.84,590.8,1024,1024,SYNTHETIC,TRAIN_ONLY,https://www.kaggle.com/datasets/tielemarvin/european-license-plate-dataset-elpd,CC BY 4.0,https://creativecommons.org/licenses/by/4.0/,AI/PlateDetector/datasets/provenance/elpd/elpd_provenance.csv
elpd,filename_prefix_00214_.png,1,license-plate,license_plate,789.37,681.24,951.6,722.9,1024,1024,SYNTHETIC,TRAIN_ONLY,https://www.kaggle.com/datasets/tielemarvin/european-license-plate-dataset-elpd,CC BY 4.0,https://creativecommons.org/licenses/by/4.0/,AI/PlateDetector/datasets/provenance/elpd/elpd_provenance.csv
elpd,filename_prefix_00215_.png,1,license-plate,license_plate,664.27,1003.34,1121.43,1143.21,1536,1536,SYNTHETIC,TRAIN_ONLY,https://www.kaggle.com/datasets/tielemarvin/european-license-plate-dataset-elpd,CC BY 4.0,https://creativecommons.org/licenses/by/4.0/,AI/PlateDetector/datasets/provenance/elpd/elpd_provenance.csv
elpd,filename_prefix_00216_.png,1,license-plate,license_plate,864.8,381.7,995.4,414.7,1024,1024,SYNTHETIC,TRAIN_ONLY,https://www.kaggle.com/datasets/tielemarvin/european-license-plate-dataset-elpd,CC BY 4.0,https://creativecommons.org/licenses/by/4.0/,AI/PlateDetector/datasets/provenance/elpd/elpd_provenance.csv
elpd,filename_prefix_00216_.png,2,license-plate,license_plate,8.53,691.92,370.57,802.06,1024,1024,SYNTHETIC,TRAIN_ONLY,https://www.kaggle.com/datasets/tielemarvin/european-license-plate-dataset-elpd,CC BY 4.0,https://creativecommons.org/licenses/by/4.0/,AI/PlateDetector/datasets/provenance/elpd/elpd_provenance.csv
elpd,filename_prefix_00217_.png,1,license-plate,license_plate,520.37,737.36,693.79,781.84,1024,1024,SYNTHETIC,TRAIN_ONLY,https://www.kaggle.com/datasets/tielemarvin/european-license-plate-dataset-elpd,CC BY 4.0,https://creativecommons.org/licenses/by/4.0/,AI/PlateDetector/datasets/provenance/elpd/elpd_provenance.csv
elpd,filename_prefix_00218_.png,1,license-plate,license_plate,695.45,987.69,901.6,1041.9,1536,1536,SYNTHETIC,TRAIN_ONLY,https://www.kaggle.com/datasets/tielemarvin/european-license-plate-dataset-elpd,CC BY 4.0,https://creativecommons.org/licenses/by/4.0/,AI/PlateDetector/datasets/provenance/elpd/elpd_provenance.csv
elpd,filename_prefix_00219_.png,1,license-plate,license_plate,347.13,853.27,593.83,916.12,1536,1536,SYNTHETIC,TRAIN_ONLY,https://www.kaggle.com/datasets/tielemarvin/european-license-plate-dataset-elpd,CC BY 4.0,https://creativecommons.org/licenses/by/4.0/,AI/PlateDetector/datasets/provenance/elpd/elpd_provenance.csv
elpd,filename_prefix_00220_.png,1,license-plate,license_plate,966.19,534.6,1024.0,553.6,1024,1024,SYNTHETIC,TRAIN_ONLY,https://www.kaggle.com/datasets/tielemarvin/european-license-plate-dataset-elpd,CC BY 4.0,https://creativecommons.org/licenses/by/4.0/,AI/PlateDetector/datasets/provenance/elpd/elpd_provenance.csv
elpd,filename_prefix_00220_.png,2,license-plate,license_plate,406.49,560.8,583.9,606.8,1024,1024,SYNTHETIC,TRAIN_ONLY,https://www.kaggle.com/datasets/tielemarvin/european-license-plate-dataset-elpd,CC BY 4.0,https://creativecommons.org/licenses/by/4.0/,AI/PlateDetector/datasets/provenance/elpd/elpd_provenance.csv
elpd,filename_prefix_00221_.png,1,license-plate,license_plate,445.5,972.25,697.93,1039.56,1536,1536,SYNTHETIC,TRAIN_ONLY,https://www.kaggle.com/datasets/tielemarvin/european-license-plate-dataset-elpd,CC BY 4.0,https://creativecommons.org/licenses/by/4.0/,AI/PlateDetector/datasets/provenance/elpd/elpd_provenance.csv
elpd,filename_prefix_00221_.png,2,license-plate,license_plate,1319.62,658.46,1446.13,693.57,1536,1536,SYNTHETIC,TRAIN_ONLY,https://www.kaggle.com/datasets/tielemarvin/european-license-plate-dataset-elpd,CC BY 4.0,https://creativecommons.org/licenses/by/4.0/,AI/PlateDetector/datasets/provenance/elpd/elpd_provenance.csv
elpd,filename_prefix_00222_.png,1,license-plate,license_plate,694.99,878.79,866.35,920.75,1536,1536,SYNTHETIC,TRAIN_ONLY,https://www.kaggle.com/datasets/tielemarvin/european-license-plate-dataset-elpd,CC BY 4.0,https://creativecommons.org/licenses/by/4.0/,AI/PlateDetector/datasets/provenance/elpd/elpd_provenance.csv
elpd,filename_prefix_00223_.png,1,license-plate,license_plate,366.94,734.53,499.5,768.44,1024,1024,SYNTHETIC,TRAIN_ONLY,https://www.kaggle.com/datasets/tielemarvin/european-license-plate-dataset-elpd,CC BY 4.0,https://creativecommons.org/licenses/by/4.0/,AI/PlateDetector/datasets/provenance/elpd/elpd_provenance.csv
elpd,filename_prefix_00224_.png,1,license-plate,license_plate,446.4,1127.85,802.91,1215.35,1536,1536,SYNTHETIC,TRAIN_ONLY,https://www.kaggle.com/datasets/tielemarvin/european-license-plate-dataset-elpd,CC BY 4.0,https://creativecommons.org/licenses/by/4.0/,AI/PlateDetector/datasets/provenance/elpd/elpd_provenance.csv
elpd,filename_prefix_00225_.png,1,license-plate,license_plate,177.61,586.6,304.8,643.9,1024,1024,SYNTHETIC,TRAIN_ONLY,https://www.kaggle.com/datasets/tielemarvin/european-license-plate-dataset-elpd,CC BY 4.0,https://creativecommons.org/licenses/by/4.0/,AI/PlateDetector/datasets/provenance/elpd/elpd_provenance.csv
elpd,filename_prefix_00226_.png,1,license-plate,license_plate,1250.87,697.42,1357.52,727.68,1536,1536,SYNTHETIC,TRAIN_ONLY,https://www.kaggle.com/datasets/tielemarvin/european-license-plate-dataset-elpd,CC BY 4.0,https://creativecommons.org/licenses/by/4.0/,AI/PlateDetector/datasets/provenance/elpd/elpd_provenance.csv
elpd,filename_prefix_00226_.png,2,license-plate,license_plate,396.8,1166.96,791.0,1269.1,1536,1536,SYNTHETIC,TRAIN_ONLY,https://www.kaggle.com/datasets/tielemarvin/european-license-plate-dataset-elpd,CC BY 4.0,https://creativecommons.org/licenses/by/4.0/,AI/PlateDetector/datasets/provenance/elpd/elpd_provenance.csv
elpd,filename_prefix_00227_.png,1,license-plate,license_plate,719.62,1139.8,943.2,1210.1,1536,1536,SYNTHETIC,TRAIN_ONLY,https://www.kaggle.com/datasets/tielemarvin/european-license-plate-dataset-elpd,CC BY 4.0,https://creativecommons.org/licenses/by/4.0/,AI/PlateDetector/datasets/provenance/elpd/elpd_provenance.csv
elpd,filename_prefix_00228_.png,1,license-plate,license_plate,556.65,631.09,745.98,678.61,1024,1024,SYNTHETIC,TRAIN_ONLY,https://www.kaggle.com/datasets/tielemarvin/european-license-plate-dataset-elpd,CC BY 4.0,https://creativecommons.org/licenses/by/4.0/,AI/PlateDetector/datasets/provenance/elpd/elpd_provenance.csv
elpd,filename_prefix_00229_.png,1,license-plate,license_plate,637.65,798.7,826.46,850.81,1024,1024,SYNTHETIC,TRAIN_ONLY,https://www.kaggle.com/datasets/tielemarvin/european-license-plate-dataset-elpd,CC BY 4.0,https://creativecommons.org/licenses/by/4.0/,AI/PlateDetector/datasets/provenance/elpd/elpd_provenance.csv
elpd,filename_prefix_00230_.png,1,license-plate,license_plate,417.93,709.97,610.87,751.81,1024,1024,SYNTHETIC,TRAIN_ONLY,https://www.kaggle.com/datasets/tielemarvin/european-license-plate-dataset-elpd,CC BY 4.0,https://creativecommons.org/licenses/by/4.0/,AI/PlateDetector/datasets/provenance/elpd/elpd_provenance.csv
elpd,filename_prefix_00231_.png,1,license-plate,license_plate,547.68,1209.73,844.63,1285.37,1536,1536,SYNTHETIC,TRAIN_ONLY,https://www.kaggle.com/datasets/tielemarvin/european-license-plate-dataset-elpd,CC BY 4.0,https://creativecommons.org/licenses/by/4.0/,AI/PlateDetector/datasets/provenance/elpd/elpd_provenance.csv
elpd,filename_prefix_00231_.png,2,license-plate,license_plate,1111.74,759.6,1213.66,782.53,1536,1536,SYNTHETIC,TRAIN_ONLY,https://www.kaggle.com/datasets/tielemarvin/european-license-plate-dataset-elpd,CC BY 4.0,https://creativecommons.org/licenses/by/4.0/,AI/PlateDetector/datasets/provenance/elpd/elpd_provenance.csv
elpd,filename_prefix_00232_.png,1,license-plate,license_plate,467.68,664.92,561.52,697.76,1024,1024,SYNTHETIC,TRAIN_ONLY,https://www.kaggle.com/datasets/tielemarvin/european-license-plate-dataset-elpd,CC BY 4.0,https://creativecommons.org/licenses/by/4.0/,AI/PlateDetector/datasets/provenance/elpd/elpd_provenance.csv
elpd,filename_prefix_00233_.png,1,license-plate,license_plate,312.56,618.51,451.37,652.35,1024,1024,SYNTHETIC,TRAIN_ONLY,https://www.kaggle.com/datasets/tielemarvin/european-license-plate-dataset-elpd,CC BY 4.0,https://creativecommons.org/licenses/by/4.0/,AI/PlateDetector/datasets/provenance/elpd/elpd_provenance.csv
elpd,filename_prefix_00234_.png,1,license-plate,license_plate,661.5,899.67,826.08,944.08,1536,1536,SYNTHETIC,TRAIN_ONLY,https://www.kaggle.com/datasets/tielemarvin/european-license-plate-dataset-elpd,CC BY 4.0,https://creativecommons.org/licenses/by/4.0/,AI/PlateDetector/datasets/provenance/elpd/elpd_provenance.csv
elpd,filename_prefix_00234_.png,2,license-plate,license_plate,1434.53,912.11,1536.0,939.33,1536,1536,SYNTHETIC,TRAIN_ONLY,https://www.kaggle.com/datasets/tielemarvin/european-license-plate-dataset-elpd,CC BY 4.0,https://creativecommons.org/licenses/by/4.0/,AI/PlateDetector/datasets/provenance/elpd/elpd_provenance.csv
elpd,filename_prefix_00235_.png,1,license-plate,license_plate,736.5,804.9,974.1,885.7,1536,1536,SYNTHETIC,TRAIN_ONLY,https://www.kaggle.com/datasets/tielemarvin/european-license-plate-dataset-elpd,CC BY 4.0,https://creativecommons.org/licenses/by/4.0/,AI/PlateDetector/datasets/provenance/elpd/elpd_provenance.csv
elpd,filename_prefix_00236_.png,1,license-plate,license_plate,425.47,699.36,615.85,752.02,1024,1024,SYNTHETIC,TRAIN_ONLY,https://www.kaggle.com/datasets/tielemarvin/european-license-plate-dataset-elpd,CC BY 4.0,https://creativecommons.org/licenses/by/4.0/,AI/PlateDetector/datasets/provenance/elpd/elpd_provenance.csv
elpd,filename_prefix_00237_.png,1,license-plate,license_plate,27.28,932.11,429.67,1041.3,1536,1536,SYNTHETIC,TRAIN_ONLY,https://www.kaggle.com/datasets/tielemarvin/european-license-plate-dataset-elpd,CC BY 4.0,https://creativecommons.org/licenses/by/4.0/,AI/PlateDetector/datasets/provenance/elpd/elpd_provenance.csv
elpd,filename_prefix_00238_.png,1,license-plate,license_plate,993.15,1050.4,1183.5,1102.0,1536,1536,SYNTHETIC,TRAIN_ONLY,https://www.kaggle.com/datasets/tielemarvin/european-license-plate-dataset-elpd,CC BY 4.0,https://creativecommons.org/licenses/by/4.0/,AI/PlateDetector/datasets/provenance/elpd/elpd_provenance.csv
elpd,filename_prefix_00239_.png,1,license-plate,license_plate,590.69,1133.22,913.05,1199.43,1536,1536,SYNTHETIC,TRAIN_ONLY,https://www.kaggle.com/datasets/tielemarvin/european-license-plate-dataset-elpd,CC BY 4.0,https://creativecommons.org/licenses/by/4.0/,AI/PlateDetector/datasets/provenance/elpd/elpd_provenance.csv
elpd,filename_prefix_00240_.png,1,license-plate,license_plate,649.03,731.66,760.6,782.28,1024,1024,SYNTHETIC,TRAIN_ONLY,https://www.kaggle.com/datasets/tielemarvin/european-license-plate-dataset-elpd,CC BY 4.0,https://creativecommons.org/licenses/by/4.0/,AI/PlateDetector/datasets/provenance/elpd/elpd_provenance.csv
elpd,filename_prefix_00241_.png,1,license-plate,license_plate,415.84,630.21,553.16,670.78,1024,1024,SYNTHETIC,TRAIN_ONLY,https://www.kaggle.com/datasets/tielemarvin/european-license-plate-dataset-elpd,CC BY 4.0,https://creativecommons.org/licenses/by/4.0/,AI/PlateDetector/datasets/provenance/elpd/elpd_provenance.csv
elpd,filename_prefix_00242_.png,1,license-plate,license_plate,1049.8,1226.45,1311.62,1317.4,1536,1536,SYNTHETIC,TRAIN_ONLY,https://www.kaggle.com/datasets/tielemarvin/european-license-plate-dataset-elpd,CC BY 4.0,https://creativecommons.org/licenses/by/4.0/,AI/PlateDetector/datasets/provenance/elpd/elpd_provenance.csv
elpd,filename_prefix_00242_.png,2,license-plate,license_plate,296.18,786.48,495.05,849.23,1536,1536,SYNTHETIC,TRAIN_ONLY,https://www.kaggle.com/datasets/tielemarvin/european-license-plate-dataset-elpd,CC BY 4.0,https://creativecommons.org/licenses/by/4.0/,AI/PlateDetector/datasets/provenance/elpd/elpd_provenance.csv
elpd,filename_prefix_00243_.png,1,license-plate,license_plate,1062.07,636.17,1204.6,677.1,1536,1536,SYNTHETIC,TRAIN_ONLY,https://www.kaggle.com/datasets/tielemarvin/european-license-plate-dataset-elpd,CC BY 4.0,https://creativecommons.org/licenses/by/4.0/,AI/PlateDetector/datasets/provenance/elpd/elpd_provenance.csv
elpd,filename_prefix_00243_.png,2,license-plate,license_plate,0.0,766.76,220.4,853.88,1536,1536,SYNTHETIC,TRAIN_ONLY,https://www.kaggle.com/datasets/tielemarvin/european-license-plate-dataset-elpd,CC BY 4.0,https://creativecommons.org/licenses/by/4.0/,AI/PlateDetector/datasets/provenance/elpd/elpd_provenance.csv
elpd,filename_prefix_00244_.png,1,license-plate,license_plate,185.18,584.26,272.98,621.68,1024,1024,SYNTHETIC,TRAIN_ONLY,https://www.kaggle.com/datasets/tielemarvin/european-license-plate-dataset-elpd,CC BY 4.0,https://creativecommons.org/licenses/by/4.0/,AI/PlateDetector/datasets/provenance/elpd/elpd_provenance.csv
elpd,filename_prefix_00245_.png,1,license-plate,license_plate,407.03,691.33,531.93,727.33,1024,1024,SYNTHETIC,TRAIN_ONLY,https://www.kaggle.com/datasets/tielemarvin/european-license-plate-dataset-elpd,CC BY 4.0,https://creativecommons.org/licenses/by/4.0/,AI/PlateDetector/datasets/provenance/elpd/elpd_provenance.csv
elpd,filename_prefix_00246_.png,1,license-plate,license_plate,320.58,534.99,473.8,605.2,1024,1024,SYNTHETIC,TRAIN_ONLY,https://www.kaggle.com/datasets/tielemarvin/european-license-plate-dataset-elpd,CC BY 4.0,https://creativecommons.org/licenses/by/4.0/,AI/PlateDetector/datasets/provenance/elpd/elpd_provenance.csv
elpd,filename_prefix_00247_.png,1,license-plate,license_plate,201.2,584.53,306.02,612.27,1536,1536,SYNTHETIC,TRAIN_ONLY,https://www.kaggle.com/datasets/tielemarvin/european-license-plate-dataset-elpd,CC BY 4.0,https://creativecommons.org/licenses/by/4.0/,AI/PlateDetector/datasets/provenance/elpd/elpd_provenance.csv
elpd,filename_prefix_00247_.png,2,license-plate,license_plate,608.11,797.85,858.4,860.35,1536,1536,SYNTHETIC,TRAIN_ONLY,https://www.kaggle.com/datasets/tielemarvin/european-license-plate-dataset-elpd,CC BY 4.0,https://creativecommons.org/licenses/by/4.0/,AI/PlateDetector/datasets/provenance/elpd/elpd_provenance.csv
elpd,filename_prefix_00248_.png,1,license-plate,license_plate,422.26,646.35,563.6,684.29,1024,1024,SYNTHETIC,TRAIN_ONLY,https://www.kaggle.com/datasets/tielemarvin/european-license-plate-dataset-elpd,CC BY 4.0,https://creativecommons.org/licenses/by/4.0/,AI/PlateDetector/datasets/provenance/elpd/elpd_provenance.csv
elpd,filename_prefix_00249_.png,1,license-plate,license_plate,737.54,500.27,800.98,521.42,1024,1024,SYNTHETIC,TRAIN_ONLY,https://www.kaggle.com/datasets/tielemarvin/european-license-plate-dataset-elpd,CC BY 4.0,https://creativecommons.org/licenses/by/4.0/,AI/PlateDetector/datasets/provenance/elpd/elpd_provenance.csv
elpd,filename_prefix_00249_.png,2,license-plate,license_plate,412.36,709.14,557.79,765.07,1024,1024,SYNTHETIC,TRAIN_ONLY,https://www.kaggle.com/datasets/tielemarvin/european-license-plate-dataset-elpd,CC BY 4.0,https://creativecommons.org/licenses/by/4.0/,AI/PlateDetector/datasets/provenance/elpd/elpd_provenance.csv
elpd,filename_prefix_00250_.png,1,license-plate,license_plate,621.99,857.89,763.61,911.7,1536,1536,SYNTHETIC,TRAIN_ONLY,https://www.kaggle.com/datasets/tielemarvin/european-license-plate-dataset-elpd,CC BY 4.0,https://creativecommons.org/licenses/by/4.0/,AI/PlateDetector/datasets/provenance/elpd/elpd_provenance.csv
elpd,filename_prefix_00251_.png,1,license-plate,license_plate,774.17,1106.8,964.51,1155.75,1536,1536,SYNTHETIC,TRAIN_ONLY,https://www.kaggle.com/datasets/tielemarvin/european-license-plate-dataset-elpd,CC BY 4.0,https://creativecommons.org/licenses/by/4.0/,AI/PlateDetector/datasets/provenance/elpd/elpd_provenance.csv
elpd,filename_prefix_00252_.png,1,license-plate,license_plate,328.4,607.34,540.19,672.03,1024,1024,SYNTHETIC,TRAIN_ONLY,https://www.kaggle.com/datasets/tielemarvin/european-license-plate-dataset-elpd,CC BY 4.0,https://creativecommons.org/licenses/by/4.0/,AI/PlateDetector/datasets/provenance/elpd/elpd_provenance.csv
elpd,filename_prefix_00253_.png,1,license-plate,license_plate,646.21,919.1,862.39,975.17,1536,1536,SYNTHETIC,TRAIN_ONLY,https://www.kaggle.com/datasets/tielemarvin/european-license-plate-dataset-elpd,CC BY 4.0,https://creativecommons.org/licenses/by/4.0/,AI/PlateDetector/datasets/provenance/elpd/elpd_provenance.csv
elpd,filename_prefix_00254_.png,1,license-plate,license_plate,785.81,928.54,967.7,976.0,1536,1536,SYNTHETIC,TRAIN_ONLY,https://www.kaggle.com/datasets/tielemarvin/european-license-plate-dataset-elpd,CC BY 4.0,https://creativecommons.org/licenses/by/4.0/,AI/PlateDetector/datasets/provenance/elpd/elpd_provenance.csv
elpd,filename_prefix_00255_.png,1,license-plate,license_plate,1400.3,880.67,1515.99,910.25,1536,1536,SYNTHETIC,TRAIN_ONLY,https://www.kaggle.com/datasets/tielemarvin/european-license-plate-dataset-elpd,CC BY 4.0,https://creativecommons.org/licenses/by/4.0/,AI/PlateDetector/datasets/provenance/elpd/elpd_provenance.csv
elpd,filename_prefix_00255_.png,2,license-plate,license_plate,633.21,1225.87,923.28,1307.82,1536,1536,SYNTHETIC,TRAIN_ONLY,https://www.kaggle.com/datasets/tielemarvin/european-license-plate-dataset-elpd,CC BY 4.0,https://creativecommons.org/licenses/by/4.0/,AI/PlateDetector/datasets/provenance/elpd/elpd_provenance.csv
elpd,filename_prefix_00256_.png,1,license-plate,license_plate,636.01,667.62,745.24,737.22,1024,1024,SYNTHETIC,TRAIN_ONLY,https://www.kaggle.com/datasets/tielemarvin/european-license-plate-dataset-elpd,CC BY 4.0,https://creativecommons.org/licenses/by/4.0/,AI/PlateDetector/datasets/provenance/elpd/elpd_provenance.csv
elpd,filename_prefix_00257_.png,1,license-plate,license_plate,857.46,474.07,1013.1,527.67,1024,1024,SYNTHETIC,TRAIN_ONLY,https://www.kaggle.com/datasets/tielemarvin/european-license-plate-dataset-elpd,CC BY 4.0,https://creativecommons.org/licenses/by/4.0/,AI/PlateDetector/datasets/provenance/elpd/elpd_provenance.csv
elpd,filename_prefix_00257_.png,2,license-plate,license_plate,504.4,473.8,606.54,511.3,1024,1024,SYNTHETIC,TRAIN_ONLY,https://www.kaggle.com/datasets/tielemarvin/european-license-plate-dataset-elpd,CC BY 4.0,https://creativecommons.org/licenses/by/4.0/,AI/PlateDetector/datasets/provenance/elpd/elpd_provenance.csv
elpd,filename_prefix_00258_.png,1,license-plate,license_plate,637.83,846.99,866.88,905.8,1536,1536,SYNTHETIC,TRAIN_ONLY,https://www.kaggle.com/datasets/tielemarvin/european-license-plate-dataset-elpd,CC BY 4.0,https://creativecommons.org/licenses/by/4.0/,AI/PlateDetector/datasets/provenance/elpd/elpd_provenance.csv
elpd,filename_prefix_00259_.png,1,license-plate,license_plate,885.73,924.95,1069.08,1006.43,1536,1536,SYNTHETIC,TRAIN_ONLY,https://www.kaggle.com/datasets/tielemarvin/european-license-plate-dataset-elpd,CC BY 4.0,https://creativecommons.org/licenses/by/4.0/,AI/PlateDetector/datasets/provenance/elpd/elpd_provenance.csv
elpd,filename_prefix_00259_.png,2,license-plate,license_plate,1428.03,758.47,1531.23,792.15,1536,1536,SYNTHETIC,TRAIN_ONLY,https://www.kaggle.com/datasets/tielemarvin/european-license-plate-dataset-elpd,CC BY 4.0,https://creativecommons.org/licenses/by/4.0/,AI/PlateDetector/datasets/provenance/elpd/elpd_provenance.csv
elpd,filename_prefix_00260_.png,1,license-plate,license_plate,792.1,562.43,924.68,595.1,1024,1024,SYNTHETIC,TRAIN_ONLY,https://www.kaggle.com/datasets/tielemarvin/european-license-plate-dataset-elpd,CC BY 4.0,https://creativecommons.org/licenses/by/4.0/,AI/PlateDetector/datasets/provenance/elpd/elpd_provenance.csv
elpd,filename_prefix_00261_.png,1,license-plate,license_plate,545.92,600.71,770.85,664.21,1024,1024,SYNTHETIC,TRAIN_ONLY,https://www.kaggle.com/datasets/tielemarvin/european-license-plate-dataset-elpd,CC BY 4.0,https://creativecommons.org/licenses/by/4.0/,AI/PlateDetector/datasets/provenance/elpd/elpd_provenance.csv
elpd,filename_prefix_00262_.png,1,license-plate,license_plate,477.79,592.6,664.2,643.7,1024,1024,SYNTHETIC,TRAIN_ONLY,https://www.kaggle.com/datasets/tielemarvin/european-license-plate-dataset-elpd,CC BY 4.0,https://creativecommons.org/licenses/by/4.0/,AI/PlateDetector/datasets/provenance/elpd/elpd_provenance.csv
elpd,filename_prefix_00263_.png,1,license-plate,license_plate,170.2,810.39,520.05,899.46,1536,1536,SYNTHETIC,TRAIN_ONLY,https://www.kaggle.com/datasets/tielemarvin/european-license-plate-dataset-elpd,CC BY 4.0,https://creativecommons.org/licenses/by/4.0/,AI/PlateDetector/datasets/provenance/elpd/elpd_provenance.csv
elpd,filename_prefix_00263_.png,2,license-plate,license_plate,1103.92,656.29,1273.12,703.1,1536,1536,SYNTHETIC,TRAIN_ONLY,https://www.kaggle.com/datasets/tielemarvin/european-license-plate-dataset-elpd,CC BY 4.0,https://creativecommons.org/licenses/by/4.0/,AI/PlateDetector/datasets/provenance/elpd/elpd_provenance.csv
elpd,filename_prefix_00264_.png,1,license-plate,license_plate,587.68,745.49,924.09,834.19,1024,1024,SYNTHETIC,TRAIN_ONLY,https://www.kaggle.com/datasets/tielemarvin/european-license-plate-dataset-elpd,CC BY 4.0,https://creativecommons.org/licenses/by/4.0/,AI/PlateDetector/datasets/provenance/elpd/elpd_provenance.csv
elpd,filename_prefix_00265_.png,1,license-plate,license_plate,765.65,707.5,913.0,747.7,1024,1024,SYNTHETIC,TRAIN_ONLY,https://www.kaggle.com/datasets/tielemarvin/european-license-plate-dataset-elpd,CC BY 4.0,https://creativecommons.org/licenses/by/4.0/,AI/PlateDetector/datasets/provenance/elpd/elpd_provenance.csv
elpd,filename_prefix_00266_.png,1,license-plate,license_plate,741.35,1080.62,854.26,1147.56,1536,1536,SYNTHETIC,TRAIN_ONLY,https://www.kaggle.com/datasets/tielemarvin/european-license-plate-dataset-elpd,CC BY 4.0,https://creativecommons.org/licenses/by/4.0/,AI/PlateDetector/datasets/provenance/elpd/elpd_provenance.csv
elpd,filename_prefix_00267_.png,1,license-plate,license_plate,1287.3,735.1,1536.0,810.6,1536,1536,SYNTHETIC,TRAIN_ONLY,https://www.kaggle.com/datasets/tielemarvin/european-license-plate-dataset-elpd,CC BY 4.0,https://creativecommons.org/licenses/by/4.0/,AI/PlateDetector/datasets/provenance/elpd/elpd_provenance.csv
elpd,filename_prefix_00267_.png,2,license-plate,license_plate,532.35,579.06,674.8,615.4,1536,1536,SYNTHETIC,TRAIN_ONLY,https://www.kaggle.com/datasets/tielemarvin/european-license-plate-dataset-elpd,CC BY 4.0,https://creativecommons.org/licenses/by/4.0/,AI/PlateDetector/datasets/provenance/elpd/elpd_provenance.csv
elpd,filename_prefix_00268_.png,1,license-plate,license_plate,213.32,665.79,366.7,709.5,1024,1024,SYNTHETIC,TRAIN_ONLY,https://www.kaggle.com/datasets/tielemarvin/european-license-plate-dataset-elpd,CC BY 4.0,https://creativecommons.org/licenses/by/4.0/,AI/PlateDetector/datasets/provenance/elpd/elpd_provenance.csv
elpd,filename_prefix_00268_.png,2,license-plate,license_plate,801.87,627.95,907.1,661.0,1024,1024,SYNTHETIC,TRAIN_ONLY,https://www.kaggle.com/datasets/tielemarvin/european-license-plate-dataset-elpd,CC BY 4.0,https://creativecommons.org/licenses/by/4.0/,AI/PlateDetector/datasets/provenance/elpd/elpd_provenance.csv
elpd,filename_prefix_00269_.png,1,license-plate,license_plate,690.2,1053.5,919.48,1110.93,1536,1536,SYNTHETIC,TRAIN_ONLY,https://www.kaggle.com/datasets/tielemarvin/european-license-plate-dataset-elpd,CC BY 4.0,https://creativecommons.org/licenses/by/4.0/,AI/PlateDetector/datasets/provenance/elpd/elpd_provenance.csv
elpd,filename_prefix_00270_.png,1,license-plate,license_plate,306.96,889.38,461.97,935.63,1536,1536,SYNTHETIC,TRAIN_ONLY,https://www.kaggle.com/datasets/tielemarvin/european-license-plate-dataset-elpd,CC BY 4.0,https://creativecommons.org/licenses/by/4.0/,AI/PlateDetector/datasets/provenance/elpd/elpd_provenance.csv
elpd,filename_prefix_00271_.png,1,license-plate,license_plate,274.0,1041.19,496.05,1096.1,1536,1536,SYNTHETIC,TRAIN_ONLY,https://www.kaggle.com/datasets/tielemarvin/european-license-plate-dataset-elpd,CC BY 4.0,https://creativecommons.org/licenses/by/4.0/,AI/PlateDetector/datasets/provenance/elpd/elpd_provenance.csv
elpd,filename_prefix_00272_.png,1,license-plate,license_plate,500.74,564.98,609.02,593.14,1024,1024,SYNTHETIC,TRAIN_ONLY,https://www.kaggle.com/datasets/tielemarvin/european-license-plate-dataset-elpd,CC BY 4.0,https://creativecommons.org/licenses/by/4.0/,AI/PlateDetector/datasets/provenance/elpd/elpd_provenance.csv
elpd,filename_prefix_00273_.png,1,license-plate,license_plate,588.09,1201.63,1006.9,1318.3,1536,1536,SYNTHETIC,TRAIN_ONLY,https://www.kaggle.com/datasets/tielemarvin/european-license-plate-dataset-elpd,CC BY 4.0,https://creativecommons.org/licenses/by/4.0/,AI/PlateDetector/datasets/provenance/elpd/elpd_provenance.csv
elpd,filename_prefix_00274_.png,1,license-plate,license_plate,93.18,690.63,275.29,739.17,1024,1024,SYNTHETIC,TRAIN_ONLY,https://www.kaggle.com/datasets/tielemarvin/european-license-plate-dataset-elpd,CC BY 4.0,https://creativecommons.org/licenses/by/4.0/,AI/PlateDetector/datasets/provenance/elpd/elpd_provenance.csv
elpd,filename_prefix_00275_.png,1,license-plate,license_plate,668.51,1050.49,787.26,1082.58,1536,1536,SYNTHETIC,TRAIN_ONLY,https://www.kaggle.com/datasets/tielemarvin/european-license-plate-dataset-elpd,CC BY 4.0,https://creativecommons.org/licenses/by/4.0/,AI/PlateDetector/datasets/provenance/elpd/elpd_provenance.csv
elpd,filename_prefix_00275_.png,2,license-plate,license_plate,1315.09,1077.82,1438.99,1111.45,1536,1536,SYNTHETIC,TRAIN_ONLY,https://www.kaggle.com/datasets/tielemarvin/european-license-plate-dataset-elpd,CC BY 4.0,https://creativecommons.org/licenses/by/4.0/,AI/PlateDetector/datasets/provenance/elpd/elpd_provenance.csv
elpd,filename_prefix_00276_.png,1,license-plate,license_plate,328.63,626.14,489.1,667.9,1024,1024,SYNTHETIC,TRAIN_ONLY,https://www.kaggle.com/datasets/tielemarvin/european-license-plate-dataset-elpd,CC BY 4.0,https://creativecommons.org/licenses/by/4.0/,AI/PlateDetector/datasets/provenance/elpd/elpd_provenance.csv
elpd,filename_prefix_00277_.png,1,license-plate,license_plate,367.42,715.46,624.24,782.34,1024,1024,SYNTHETIC,TRAIN_ONLY,https://www.kaggle.com/datasets/tielemarvin/european-license-plate-dataset-elpd,CC BY 4.0,https://creativecommons.org/licenses/by/4.0/,AI/PlateDetector/datasets/provenance/elpd/elpd_provenance.csv
elpd,filename_prefix_00277_.png,2,license-plate,license_plate,975.6,431.12,1024.0,453.5,1024,1024,SYNTHETIC,TRAIN_ONLY,https://www.kaggle.com/datasets/tielemarvin/european-license-plate-dataset-elpd,CC BY 4.0,https://creativecommons.org/licenses/by/4.0/,AI/PlateDetector/datasets/provenance/elpd/elpd_provenance.csv
elpd,filename_prefix_00278_.png,1,license-plate,license_plate,641.63,593.59,736.33,620.1,1024,1024,SYNTHETIC,TRAIN_ONLY,https://www.kaggle.com/datasets/tielemarvin/european-license-plate-dataset-elpd,CC BY 4.0,https://creativecommons.org/licenses/by/4.0/,AI/PlateDetector/datasets/provenance/elpd/elpd_provenance.csv
elpd,filename_prefix_00279_.png,1,license-plate,license_plate,1242.67,1453.37,1536.0,1534.18,1536,1536,SYNTHETIC,TRAIN_ONLY,https://www.kaggle.com/datasets/tielemarvin/european-license-plate-dataset-elpd,CC BY 4.0,https://creativecommons.org/licenses/by/4.0/,AI/PlateDetector/datasets/provenance/elpd/elpd_provenance.csv
elpd,filename_prefix_00280_.png,1,license-plate,license_plate,0.0,674.83,255.8,803.8,1024,1024,SYNTHETIC,TRAIN_ONLY,https://www.kaggle.com/datasets/tielemarvin/european-license-plate-dataset-elpd,CC BY 4.0,https://creativecommons.org/licenses/by/4.0/,AI/PlateDetector/datasets/provenance/elpd/elpd_provenance.csv
elpd,filename_prefix_00280_.png,2,license-plate,license_plate,864.32,353.14,943.92,373.79,1024,1024,SYNTHETIC,TRAIN_ONLY,https://www.kaggle.com/datasets/tielemarvin/european-license-plate-dataset-elpd,CC BY 4.0,https://creativecommons.org/licenses/by/4.0/,AI/PlateDetector/datasets/provenance/elpd/elpd_provenance.csv
elpd,filename_prefix_00281_.png,1,license-plate,license_plate,770.0,615.08,940.74,658.5,1024,1024,SYNTHETIC,TRAIN_ONLY,https://www.kaggle.com/datasets/tielemarvin/european-license-plate-dataset-elpd,CC BY 4.0,https://creativecommons.org/licenses/by/4.0/,AI/PlateDetector/datasets/provenance/elpd/elpd_provenance.csv
elpd,filename_prefix_00282_.png,1,license-plate,license_plate,781.74,1143.05,946.05,1184.25,1536,1536,SYNTHETIC,TRAIN_ONLY,https://www.kaggle.com/datasets/tielemarvin/european-license-plate-dataset-elpd,CC BY 4.0,https://creativecommons.org/licenses/by/4.0/,AI/PlateDetector/datasets/provenance/elpd/elpd_provenance.csv
elpd,filename_prefix_00283_.png,1,license-plate,license_plate,474.01,1177.41,776.57,1251.78,1536,1536,SYNTHETIC,TRAIN_ONLY,https://www.kaggle.com/datasets/tielemarvin/european-license-plate-dataset-elpd,CC BY 4.0,https://creativecommons.org/licenses/by/4.0/,AI/PlateDetector/datasets/provenance/elpd/elpd_provenance.csv
elpd,filename_prefix_00284_.png,1,license-plate,license_plate,31.55,748.6,285.2,815.5,1024,1024,SYNTHETIC,TRAIN_ONLY,https://www.kaggle.com/datasets/tielemarvin/european-license-plate-dataset-elpd,CC BY 4.0,https://creativecommons.org/licenses/by/4.0/,AI/PlateDetector/datasets/provenance/elpd/elpd_provenance.csv
elpd,filename_prefix_00284_.png,2,license-plate,license_plate,598.84,569.9,669.3,588.6,1024,1024,SYNTHETIC,TRAIN_ONLY,https://www.kaggle.com/datasets/tielemarvin/european-license-plate-dataset-elpd,CC BY 4.0,https://creativecommons.org/licenses/by/4.0/,AI/PlateDetector/datasets/provenance/elpd/elpd_provenance.csv
elpd,filename_prefix_00285_.png,1,license-plate,license_plate,612.39,1130.83,877.13,1194.99,1536,1536,SYNTHETIC,TRAIN_ONLY,https://www.kaggle.com/datasets/tielemarvin/european-license-plate-dataset-elpd,CC BY 4.0,https://creativecommons.org/licenses/by/4.0/,AI/PlateDetector/datasets/provenance/elpd/elpd_provenance.csv
elpd,filename_prefix_00285_.png,2,license-plate,license_plate,1025.13,772.34,1143.8,802.57,1536,1536,SYNTHETIC,TRAIN_ONLY,https://www.kaggle.com/datasets/tielemarvin/european-license-plate-dataset-elpd,CC BY 4.0,https://creativecommons.org/licenses/by/4.0/,AI/PlateDetector/datasets/provenance/elpd/elpd_provenance.csv
elpd,filename_prefix_00286_.png,1,license-plate,license_plate,859.73,772.34,1141.24,1048.12,1536,1536,SYNTHETIC,TRAIN_ONLY,https://www.kaggle.com/datasets/tielemarvin/european-license-plate-dataset-elpd,CC BY 4.0,https://creativecommons.org/licenses/by/4.0/,AI/PlateDetector/datasets/provenance/elpd/elpd_provenance.csv
elpd,filename_prefix_00286_.png,2,license-plate,license_plate,839.6,155.75,934.59,189.86,1536,1536,SYNTHETIC,TRAIN_ONLY,https://www.kaggle.com/datasets/tielemarvin/european-license-plate-dataset-elpd,CC BY 4.0,https://creativecommons.org/licenses/by/4.0/,AI/PlateDetector/datasets/provenance/elpd/elpd_provenance.csv
elpd,filename_prefix_00287_.png,1,license-plate,license_plate,719.93,694.45,845.17,729.76,1536,1536,SYNTHETIC,TRAIN_ONLY,https://www.kaggle.com/datasets/tielemarvin/european-license-plate-dataset-elpd,CC BY 4.0,https://creativecommons.org/licenses/by/4.0/,AI/PlateDetector/datasets/provenance/elpd/elpd_provenance.csv
elpd,filename_prefix_00288_.png,1,license-plate,license_plate,623.49,589.47,747.93,621.82,1024,1024,SYNTHETIC,TRAIN_ONLY,https://www.kaggle.com/datasets/tielemarvin/european-license-plate-dataset-elpd,CC BY 4.0,https://creativecommons.org/licenses/by/4.0/,AI/PlateDetector/datasets/provenance/elpd/elpd_provenance.csv
elpd,filename_prefix_00289_.png,1,license-plate,license_plate,1027.75,950.84,1412.31,1041.19,1536,1536,SYNTHETIC,TRAIN_ONLY,https://www.kaggle.com/datasets/tielemarvin/european-license-plate-dataset-elpd,CC BY 4.0,https://creativecommons.org/licenses/by/4.0/,AI/PlateDetector/datasets/provenance/elpd/elpd_provenance.csv
elpd,filename_prefix_00289_.png,2,license-plate,license_plate,359.79,783.01,648.5,859.12,1536,1536,SYNTHETIC,TRAIN_ONLY,https://www.kaggle.com/datasets/tielemarvin/european-license-plate-dataset-elpd,CC BY 4.0,https://creativecommons.org/licenses/by/4.0/,AI/PlateDetector/datasets/provenance/elpd/elpd_provenance.csv
elpd,filename_prefix_00289_.png,3,license-plate,license_plate,1120.93,439.14,1254.65,470.94,1536,1536,SYNTHETIC,TRAIN_ONLY,https://www.kaggle.com/datasets/tielemarvin/european-license-plate-dataset-elpd,CC BY 4.0,https://creativecommons.org/licenses/by/4.0/,AI/PlateDetector/datasets/provenance/elpd/elpd_provenance.csv
elpd,filename_prefix_00290_.png,1,license-plate,license_plate,935.19,393.53,1012.82,410.76,1024,1024,SYNTHETIC,TRAIN_ONLY,https://www.kaggle.com/datasets/tielemarvin/european-license-plate-dataset-elpd,CC BY 4.0,https://creativecommons.org/licenses/by/4.0/,AI/PlateDetector/datasets/provenance/elpd/elpd_provenance.csv
elpd,filename_prefix_00290_.png,2,license-plate,license_plate,326.05,466.77,404.53,492.23,1024,1024,SYNTHETIC,TRAIN_ONLY,https://www.kaggle.com/datasets/tielemarvin/european-license-plate-dataset-elpd,CC BY 4.0,https://creativecommons.org/licenses/by/4.0/,AI/PlateDetector/datasets/provenance/elpd/elpd_provenance.csv
elpd,filename_prefix_00291_.png,1,license-plate,license_plate,704.51,1179.61,1001.1,1264.9,1536,1536,SYNTHETIC,TRAIN_ONLY,https://www.kaggle.com/datasets/tielemarvin/european-license-plate-dataset-elpd,CC BY 4.0,https://creativecommons.org/licenses/by/4.0/,AI/PlateDetector/datasets/provenance/elpd/elpd_provenance.csv
elpd,filename_prefix_00292_.png,1,license-plate,license_plate,468.27,690.8,622.9,731.8,1024,1024,SYNTHETIC,TRAIN_ONLY,https://www.kaggle.com/datasets/tielemarvin/european-license-plate-dataset-elpd,CC BY 4.0,https://creativecommons.org/licenses/by/4.0/,AI/PlateDetector/datasets/provenance/elpd/elpd_provenance.csv
elpd,filename_prefix_00293_.png,1,license-plate,license_plate,355.22,646.28,514.6,693.8,1024,1024,SYNTHETIC,TRAIN_ONLY,https://www.kaggle.com/datasets/tielemarvin/european-license-plate-dataset-elpd,CC BY 4.0,https://creativecommons.org/licenses/by/4.0/,AI/PlateDetector/datasets/provenance/elpd/elpd_provenance.csv
elpd,filename_prefix_00294_.png,1,license-plate,license_plate,388.7,625.9,600.9,672.77,1024,1024,SYNTHETIC,TRAIN_ONLY,https://www.kaggle.com/datasets/tielemarvin/european-license-plate-dataset-elpd,CC BY 4.0,https://creativecommons.org/licenses/by/4.0/,AI/PlateDetector/datasets/provenance/elpd/elpd_provenance.csv
elpd,filename_prefix_00295_.png,1,license-plate,license_plate,755.18,1029.57,1002.93,1094.5,1536,1536,SYNTHETIC,TRAIN_ONLY,https://www.kaggle.com/datasets/tielemarvin/european-license-plate-dataset-elpd,CC BY 4.0,https://creativecommons.org/licenses/by/4.0/,AI/PlateDetector/datasets/provenance/elpd/elpd_provenance.csv
elpd,filename_prefix_00295_.png,2,license-plate,license_plate,1261.7,822.91,1350.2,847.5,1536,1536,SYNTHETIC,TRAIN_ONLY,https://www.kaggle.com/datasets/tielemarvin/european-license-plate-dataset-elpd,CC BY 4.0,https://creativecommons.org/licenses/by/4.0/,AI/PlateDetector/datasets/provenance/elpd/elpd_provenance.csv
elpd,filename_prefix_00296_.png,1,license-plate,license_plate,173.79,724.21,312.41,777.76,1024,1024,SYNTHETIC,TRAIN_ONLY,https://www.kaggle.com/datasets/tielemarvin/european-license-plate-dataset-elpd,CC BY 4.0,https://creativecommons.org/licenses/by/4.0/,AI/PlateDetector/datasets/provenance/elpd/elpd_provenance.csv
elpd,filename_prefix_00297_.png,1,license-plate,license_plate,811.47,536.48,902.41,562.68,1024,1024,SYNTHETIC,TRAIN_ONLY,https://www.kaggle.com/datasets/tielemarvin/european-license-plate-dataset-elpd,CC BY 4.0,https://creativecommons.org/licenses/by/4.0/,AI/PlateDetector/datasets/provenance/elpd/elpd_provenance.csv
elpd,filename_prefix_00297_.png,2,license-plate,license_plate,193.44,644.39,369.53,706.61,1024,1024,SYNTHETIC,TRAIN_ONLY,https://www.kaggle.com/datasets/tielemarvin/european-license-plate-dataset-elpd,CC BY 4.0,https://creativecommons.org/licenses/by/4.0/,AI/PlateDetector/datasets/provenance/elpd/elpd_provenance.csv
elpd,filename_prefix_00298_.png,1,license-plate,license_plate,1053.1,935.4,1352.9,1033.9,1536,1536,SYNTHETIC,TRAIN_ONLY,https://www.kaggle.com/datasets/tielemarvin/european-license-plate-dataset-elpd,CC BY 4.0,https://creativecommons.org/licenses/by/4.0/,AI/PlateDetector/datasets/provenance/elpd/elpd_provenance.csv
elpd,filename_prefix_00299_.png,1,license-plate,license_plate,742.12,942.93,982.53,1007.97,1536,1536,SYNTHETIC,TRAIN_ONLY,https://www.kaggle.com/datasets/tielemarvin/european-license-plate-dataset-elpd,CC BY 4.0,https://creativecommons.org/licenses/by/4.0/,AI/PlateDetector/datasets/provenance/elpd/elpd_provenance.csv
elpd,filename_prefix_00299_.png,2,license-plate,license_plate,90.74,536.5,178.44,559.3,1536,1536,SYNTHETIC,TRAIN_ONLY,https://www.kaggle.com/datasets/tielemarvin/european-license-plate-dataset-elpd,CC BY 4.0,https://creativecommons.org/licenses/by/4.0/,AI/PlateDetector/datasets/provenance/elpd/elpd_provenance.csv
elpd,filename_prefix_00300_.png,1,license-plate,license_plate,540.38,448.34,631.92,477.2,1024,1024,SYNTHETIC,TRAIN_ONLY,https://www.kaggle.com/datasets/tielemarvin/european-license-plate-dataset-elpd,CC BY 4.0,https://creativecommons.org/licenses/by/4.0/,AI/PlateDetector/datasets/provenance/elpd/elpd_provenance.csv
elpd,filename_prefix_00301_.png,1,license-plate,license_plate,790.24,1043.09,990.7,1096.8,1536,1536,SYNTHETIC,TRAIN_ONLY,https://www.kaggle.com/datasets/tielemarvin/european-license-plate-dataset-elpd,CC BY 4.0,https://creativecommons.org/licenses/by/4.0/,AI/PlateDetector/datasets/provenance/elpd/elpd_provenance.csv
elpd,filename_prefix_00302_.png,1,license-plate,license_plate,703.11,1055.72,821.78,1085.74,1536,1536,SYNTHETIC,TRAIN_ONLY,https://www.kaggle.com/datasets/tielemarvin/european-license-plate-dataset-elpd,CC BY 4.0,https://creativecommons.org/licenses/by/4.0/,AI/PlateDetector/datasets/provenance/elpd/elpd_provenance.csv
elpd,filename_prefix_00303_.png,1,license-plate,license_plate,697.94,921.44,965.84,1040.92,1536,1536,SYNTHETIC,TRAIN_ONLY,https://www.kaggle.com/datasets/tielemarvin/european-license-plate-dataset-elpd,CC BY 4.0,https://creativecommons.org/licenses/by/4.0/,AI/PlateDetector/datasets/provenance/elpd/elpd_provenance.csv
elpd,filename_prefix_00304_.png,1,license-plate,license_plate,411.45,616.78,609.92,666.73,1024,1024,SYNTHETIC,TRAIN_ONLY,https://www.kaggle.com/datasets/tielemarvin/european-license-plate-dataset-elpd,CC BY 4.0,https://creativecommons.org/licenses/by/4.0/,AI/PlateDetector/datasets/provenance/elpd/elpd_provenance.csv
elpd,filename_prefix_00305_.png,1,license-plate,license_plate,490.0,798.0,602.5,830.2,1024,1024,SYNTHETIC,TRAIN_ONLY,https://www.kaggle.com/datasets/tielemarvin/european-license-plate-dataset-elpd,CC BY 4.0,https://creativecommons.org/licenses/by/4.0/,AI/PlateDetector/datasets/provenance/elpd/elpd_provenance.csv
elpd,filename_prefix_00306_.png,1,license-plate,license_plate,1089.8,929.94,1372.3,1007.5,1536,1536,SYNTHETIC,TRAIN_ONLY,https://www.kaggle.com/datasets/tielemarvin/european-license-plate-dataset-elpd,CC BY 4.0,https://creativecommons.org/licenses/by/4.0/,AI/PlateDetector/datasets/provenance/elpd/elpd_provenance.csv
elpd,filename_prefix_00307_.png,1,license-plate,license_plate,345.91,1256.32,569.44,1368.92,1536,1536,SYNTHETIC,TRAIN_ONLY,https://www.kaggle.com/datasets/tielemarvin/european-license-plate-dataset-elpd,CC BY 4.0,https://creativecommons.org/licenses/by/4.0/,AI/PlateDetector/datasets/provenance/elpd/elpd_provenance.csv
elpd,filename_prefix_00308_.png,1,license-plate,license_plate,758.19,595.34,967.7,652.3,1024,1024,SYNTHETIC,TRAIN_ONLY,https://www.kaggle.com/datasets/tielemarvin/european-license-plate-dataset-elpd,CC BY 4.0,https://creativecommons.org/licenses/by/4.0/,AI/PlateDetector/datasets/provenance/elpd/elpd_provenance.csv
elpd,filename_prefix_00309_.png,1,license-plate,license_plate,265.22,711.05,399.92,756.0,1024,1024,SYNTHETIC,TRAIN_ONLY,https://www.kaggle.com/datasets/tielemarvin/european-license-plate-dataset-elpd,CC BY 4.0,https://creativecommons.org/licenses/by/4.0/,AI/PlateDetector/datasets/provenance/elpd/elpd_provenance.csv
elpd,filename_prefix_00310_.png,1,license-plate,license_plate,969.56,469.75,1024.0,502.9,1024,1024,SYNTHETIC,TRAIN_ONLY,https://www.kaggle.com/datasets/tielemarvin/european-license-plate-dataset-elpd,CC BY 4.0,https://creativecommons.org/licenses/by/4.0/,AI/PlateDetector/datasets/provenance/elpd/elpd_provenance.csv
elpd,filename_prefix_00310_.png,2,license-plate,license_plate,468.9,662.29,637.24,707.63,1024,1024,SYNTHETIC,TRAIN_ONLY,https://www.kaggle.com/datasets/tielemarvin/european-license-plate-dataset-elpd,CC BY 4.0,https://creativecommons.org/licenses/by/4.0/,AI/PlateDetector/datasets/provenance/elpd/elpd_provenance.csv
elpd,filename_prefix_00311_.png,1,license-plate,license_plate,1013.82,1044.01,1291.8,1127.2,1536,1536,SYNTHETIC,TRAIN_ONLY,https://www.kaggle.com/datasets/tielemarvin/european-license-plate-dataset-elpd,CC BY 4.0,https://creativecommons.org/licenses/by/4.0/,AI/PlateDetector/datasets/provenance/elpd/elpd_provenance.csv
elpd,filename_prefix_00312_.png,1,license-plate,license_plate,450.02,583.73,533.03,605.82,1024,1024,SYNTHETIC,TRAIN_ONLY,https://www.kaggle.com/datasets/tielemarvin/european-license-plate-dataset-elpd,CC BY 4.0,https://creativecommons.org/licenses/by/4.0/,AI/PlateDetector/datasets/provenance/elpd/elpd_provenance.csv
elpd,filename_prefix_00313_.png,1,license-plate,license_plate,445.6,632.38,583.1,669.54,1024,1024,SYNTHETIC,TRAIN_ONLY,https://www.kaggle.com/datasets/tielemarvin/european-license-plate-dataset-elpd,CC BY 4.0,https://creativecommons.org/licenses/by/4.0/,AI/PlateDetector/datasets/provenance/elpd/elpd_provenance.csv
elpd,filename_prefix_00314_.png,1,license-plate,license_plate,773.12,1243.05,1035.6,1310.1,1536,1536,SYNTHETIC,TRAIN_ONLY,https://www.kaggle.com/datasets/tielemarvin/european-license-plate-dataset-elpd,CC BY 4.0,https://creativecommons.org/licenses/by/4.0/,AI/PlateDetector/datasets/provenance/elpd/elpd_provenance.csv
elpd,filename_prefix_00315_.png,1,license-plate,license_plate,644.38,1175.58,881.09,1236.85,1536,1536,SYNTHETIC,TRAIN_ONLY,https://www.kaggle.com/datasets/tielemarvin/european-license-plate-dataset-elpd,CC BY 4.0,https://creativecommons.org/licenses/by/4.0/,AI/PlateDetector/datasets/provenance/elpd/elpd_provenance.csv
elpd,filename_prefix_00316_.png,1,license-plate,license_plate,413.0,510.19,544.64,543.9,1024,1024,SYNTHETIC,TRAIN_ONLY,https://www.kaggle.com/datasets/tielemarvin/european-license-plate-dataset-elpd,CC BY 4.0,https://creativecommons.org/licenses/by/4.0/,AI/PlateDetector/datasets/provenance/elpd/elpd_provenance.csv
elpd,filename_prefix_00317_.png,1,license-plate,license_plate,44.29,987.39,313.3,1052.3,1536,1536,SYNTHETIC,TRAIN_ONLY,https://www.kaggle.com/datasets/tielemarvin/european-license-plate-dataset-elpd,CC BY 4.0,https://creativecommons.org/licenses/by/4.0/,AI/PlateDetector/datasets/provenance/elpd/elpd_provenance.csv
elpd,filename_prefix_00317_.png,2,license-plate,license_plate,1198.35,883.12,1314.58,909.78,1536,1536,SYNTHETIC,TRAIN_ONLY,https://www.kaggle.com/datasets/tielemarvin/european-license-plate-dataset-elpd,CC BY 4.0,https://creativecommons.org/licenses/by/4.0/,AI/PlateDetector/datasets/provenance/elpd/elpd_provenance.csv
elpd,filename_prefix_00318_.png,1,license-plate,license_plate,422.6,1088.53,653.01,1148.0,1536,1536,SYNTHETIC,TRAIN_ONLY,https://www.kaggle.com/datasets/tielemarvin/european-license-plate-dataset-elpd,CC BY 4.0,https://creativecommons.org/licenses/by/4.0/,AI/PlateDetector/datasets/provenance/elpd/elpd_provenance.csv
elpd,filename_prefix_00318_.png,2,license-plate,license_plate,1382.7,1050.61,1536.0,1084.9,1536,1536,SYNTHETIC,TRAIN_ONLY,https://www.kaggle.com/datasets/tielemarvin/european-license-plate-dataset-elpd,CC BY 4.0,https://creativecommons.org/licenses/by/4.0/,AI/PlateDetector/datasets/provenance/elpd/elpd_provenance.csv
elpd,filename_prefix_00319_.png,1,license-plate,license_plate,417.1,864.83,591.25,919.72,1536,1536,SYNTHETIC,TRAIN_ONLY,https://www.kaggle.com/datasets/tielemarvin/european-license-plate-dataset-elpd,CC BY 4.0,https://creativecommons.org/licenses/by/4.0/,AI/PlateDetector/datasets/provenance/elpd/elpd_provenance.csv
elpd,filename_prefix_00320_.png,1,license-plate,license_plate,344.6,594.02,581.76,656.82,1024,1024,SYNTHETIC,TRAIN_ONLY,https://www.kaggle.com/datasets/tielemarvin/european-license-plate-dataset-elpd,CC BY 4.0,https://creativecommons.org/licenses/by/4.0/,AI/PlateDetector/datasets/provenance/elpd/elpd_provenance.csv
elpd,filename_prefix_00321_.png,1,license-plate,license_plate,574.02,546.38,791.14,637.63,1024,1024,SYNTHETIC,TRAIN_ONLY,https://www.kaggle.com/datasets/tielemarvin/european-license-plate-dataset-elpd,CC BY 4.0,https://creativecommons.org/licenses/by/4.0/,AI/PlateDetector/datasets/provenance/elpd/elpd_provenance.csv
elpd,filename_prefix_00322_.png,1,license-plate,license_plate,733.04,1107.59,971.34,1174.9,1536,1536,SYNTHETIC,TRAIN_ONLY,https://www.kaggle.com/datasets/tielemarvin/european-license-plate-dataset-elpd,CC BY 4.0,https://creativecommons.org/licenses/by/4.0/,AI/PlateDetector/datasets/provenance/elpd/elpd_provenance.csv
elpd,filename_prefix_00323_.png,1,license-plate,license_plate,538.02,986.96,787.27,1063.83,1536,1536,SYNTHETIC,TRAIN_ONLY,https://www.kaggle.com/datasets/tielemarvin/european-license-plate-dataset-elpd,CC BY 4.0,https://creativecommons.org/licenses/by/4.0/,AI/PlateDetector/datasets/provenance/elpd/elpd_provenance.csv
elpd,filename_prefix_00324_.png,1,license-plate,license_plate,42.74,611.78,282.51,677.05,1024,1024,SYNTHETIC,TRAIN_ONLY,https://www.kaggle.com/datasets/tielemarvin/european-license-plate-dataset-elpd,CC BY 4.0,https://creativecommons.org/licenses/by/4.0/,AI/PlateDetector/datasets/provenance/elpd/elpd_provenance.csv
elpd,filename_prefix_00325_.png,1,license-plate,license_plate,116.84,604.07,304.35,649.7,1024,1024,SYNTHETIC,TRAIN_ONLY,https://www.kaggle.com/datasets/tielemarvin/european-license-plate-dataset-elpd,CC BY 4.0,https://creativecommons.org/licenses/by/4.0/,AI/PlateDetector/datasets/provenance/elpd/elpd_provenance.csv
elpd,filename_prefix_00326_.png,1,license-plate,license_plate,356.74,830.56,649.1,901.4,1024,1024,SYNTHETIC,TRAIN_ONLY,https://www.kaggle.com/datasets/tielemarvin/european-license-plate-dataset-elpd,CC BY 4.0,https://creativecommons.org/licenses/by/4.0/,AI/PlateDetector/datasets/provenance/elpd/elpd_provenance.csv
elpd,filename_prefix_00327_.png,1,license-plate,license_plate,672.56,1058.94,921.35,1126.93,1536,1536,SYNTHETIC,TRAIN_ONLY,https://www.kaggle.com/datasets/tielemarvin/european-license-plate-dataset-elpd,CC BY 4.0,https://creativecommons.org/licenses/by/4.0/,AI/PlateDetector/datasets/provenance/elpd/elpd_provenance.csv
elpd,filename_prefix_00328_.png,1,license-plate,license_plate,338.6,561.12,534.97,612.45,1024,1024,SYNTHETIC,TRAIN_ONLY,https://www.kaggle.com/datasets/tielemarvin/european-license-plate-dataset-elpd,CC BY 4.0,https://creativecommons.org/licenses/by/4.0/,AI/PlateDetector/datasets/provenance/elpd/elpd_provenance.csv
elpd,filename_prefix_00329_.png,1,license-plate,license_plate,31.6,696.1,139.85,720.5,1024,1024,SYNTHETIC,TRAIN_ONLY,https://www.kaggle.com/datasets/tielemarvin/european-license-plate-dataset-elpd,CC BY 4.0,https://creativecommons.org/licenses/by/4.0/,AI/PlateDetector/datasets/provenance/elpd/elpd_provenance.csv
elpd,filename_prefix_00329_.png,2,license-plate,license_plate,537.06,880.04,812.23,951.72,1024,1024,SYNTHETIC,TRAIN_ONLY,https://www.kaggle.com/datasets/tielemarvin/european-license-plate-dataset-elpd,CC BY 4.0,https://creativecommons.org/licenses/by/4.0/,AI/PlateDetector/datasets/provenance/elpd/elpd_provenance.csv
elpd,filename_prefix_00330_.png,1,license-plate,license_plate,1387.91,1019.57,1532.79,1062.08,1536,1536,SYNTHETIC,TRAIN_ONLY,https://www.kaggle.com/datasets/tielemarvin/european-license-plate-dataset-elpd,CC BY 4.0,https://creativecommons.org/licenses/by/4.0/,AI/PlateDetector/datasets/provenance/elpd/elpd_provenance.csv
elpd,filename_prefix_00330_.png,2,license-plate,license_plate,693.86,1025.02,968.89,1105.62,1536,1536,SYNTHETIC,TRAIN_ONLY,https://www.kaggle.com/datasets/tielemarvin/european-license-plate-dataset-elpd,CC BY 4.0,https://creativecommons.org/licenses/by/4.0/,AI/PlateDetector/datasets/provenance/elpd/elpd_provenance.csv
elpd,filename_prefix_00331_.png,1,license-plate,license_plate,556.49,1009.53,925.37,1105.42,1536,1536,SYNTHETIC,TRAIN_ONLY,https://www.kaggle.com/datasets/tielemarvin/european-license-plate-dataset-elpd,CC BY 4.0,https://creativecommons.org/licenses/by/4.0/,AI/PlateDetector/datasets/provenance/elpd/elpd_provenance.csv
elpd,filename_prefix_00332_.png,1,license-plate,license_plate,255.89,718.85,523.6,787.5,1024,1024,SYNTHETIC,TRAIN_ONLY,https://www.kaggle.com/datasets/tielemarvin/european-license-plate-dataset-elpd,CC BY 4.0,https://creativecommons.org/licenses/by/4.0/,AI/PlateDetector/datasets/provenance/elpd/elpd_provenance.csv
elpd,filename_prefix_00332_.png,2,license-plate,license_plate,936.81,640.78,1024.0,661.9,1024,1024,SYNTHETIC,TRAIN_ONLY,https://www.kaggle.com/datasets/tielemarvin/european-license-plate-dataset-elpd,CC BY 4.0,https://creativecommons.org/licenses/by/4.0/,AI/PlateDetector/datasets/provenance/elpd/elpd_provenance.csv
elpd,filename_prefix_00333_.png,1,license-plate,license_plate,40.24,860.55,484.33,976.9,1536,1536,SYNTHETIC,TRAIN_ONLY,https://www.kaggle.com/datasets/tielemarvin/european-license-plate-dataset-elpd,CC BY 4.0,https://creativecommons.org/licenses/by/4.0/,AI/PlateDetector/datasets/provenance/elpd/elpd_provenance.csv
elpd,filename_prefix_00334_.png,1,license-plate,license_plate,3.13,978.21,215.32,1062.95,1536,1536,SYNTHETIC,TRAIN_ONLY,https://www.kaggle.com/datasets/tielemarvin/european-license-plate-dataset-elpd,CC BY 4.0,https://creativecommons.org/licenses/by/4.0/,AI/PlateDetector/datasets/provenance/elpd/elpd_provenance.csv
elpd,filename_prefix_00335_.png,1,license-plate,license_plate,291.13,1104.19,623.52,1261.43,1536,1536,SYNTHETIC,TRAIN_ONLY,https://www.kaggle.com/datasets/tielemarvin/european-license-plate-dataset-elpd,CC BY 4.0,https://creativecommons.org/licenses/by/4.0/,AI/PlateDetector/datasets/provenance/elpd/elpd_provenance.csv
elpd,filename_prefix_00336_.png,1,license-plate,license_plate,781.78,615.38,890.51,649.43,1024,1024,SYNTHETIC,TRAIN_ONLY,https://www.kaggle.com/datasets/tielemarvin/european-license-plate-dataset-elpd,CC BY 4.0,https://creativecommons.org/licenses/by/4.0/,AI/PlateDetector/datasets/provenance/elpd/elpd_provenance.csv
elpd,filename_prefix_00337_.png,1,license-plate,license_plate,686.36,617.42,838.35,689.41,1024,1024,SYNTHETIC,TRAIN_ONLY,https://www.kaggle.com/datasets/tielemarvin/european-license-plate-dataset-elpd,CC BY 4.0,https://creativecommons.org/licenses/by/4.0/,AI/PlateDetector/datasets/provenance/elpd/elpd_provenance.csv
elpd,filename_prefix_00338_.png,1,license-plate,license_plate,671.31,1096.9,935.1,1168.4,1536,1536,SYNTHETIC,TRAIN_ONLY,https://www.kaggle.com/datasets/tielemarvin/european-license-plate-dataset-elpd,CC BY 4.0,https://creativecommons.org/licenses/by/4.0/,AI/PlateDetector/datasets/provenance/elpd/elpd_provenance.csv
elpd,filename_prefix_00339_.png,1,license-plate,license_plate,320.8,1244.3,711.57,1353.9,1536,1536,SYNTHETIC,TRAIN_ONLY,https://www.kaggle.com/datasets/tielemarvin/european-license-plate-dataset-elpd,CC BY 4.0,https://creativecommons.org/licenses/by/4.0/,AI/PlateDetector/datasets/provenance/elpd/elpd_provenance.csv
elpd,filename_prefix_00340_.png,1,license-plate,license_plate,304.78,607.83,418.35,643.8,1024,1024,SYNTHETIC,TRAIN_ONLY,https://www.kaggle.com/datasets/tielemarvin/european-license-plate-dataset-elpd,CC BY 4.0,https://creativecommons.org/licenses/by/4.0/,AI/PlateDetector/datasets/provenance/elpd/elpd_provenance.csv
elpd,filename_prefix_00341_.png,1,license-plate,license_plate,392.5,622.8,534.61,656.1,1024,1024,SYNTHETIC,TRAIN_ONLY,https://www.kaggle.com/datasets/tielemarvin/european-license-plate-dataset-elpd,CC BY 4.0,https://creativecommons.org/licenses/by/4.0/,AI/PlateDetector/datasets/provenance/elpd/elpd_provenance.csv
elpd,filename_prefix_00343_.png,1,license-plate,license_plate,1200.61,1118.57,1362.5,1158.7,1536,1536,SYNTHETIC,TRAIN_ONLY,https://www.kaggle.com/datasets/tielemarvin/european-license-plate-dataset-elpd,CC BY 4.0,https://creativecommons.org/licenses/by/4.0/,AI/PlateDetector/datasets/provenance/elpd/elpd_provenance.csv
elpd,filename_prefix_00343_.png,2,license-plate,license_plate,1.3,1220.7,173.27,1284.0,1536,1536,SYNTHETIC,TRAIN_ONLY,https://www.kaggle.com/datasets/tielemarvin/european-license-plate-dataset-elpd,CC BY 4.0,https://creativecommons.org/licenses/by/4.0/,AI/PlateDetector/datasets/provenance/elpd/elpd_provenance.csv
elpd,filename_prefix_00344_.png,1,license-plate,license_plate,123.42,463.23,193.08,479.93,1024,1024,SYNTHETIC,TRAIN_ONLY,https://www.kaggle.com/datasets/tielemarvin/european-license-plate-dataset-elpd,CC BY 4.0,https://creativecommons.org/licenses/by/4.0/,AI/PlateDetector/datasets/provenance/elpd/elpd_provenance.csv
elpd,filename_prefix_00344_.png,2,license-plate,license_plate,502.26,628.39,724.3,692.9,1024,1024,SYNTHETIC,TRAIN_ONLY,https://www.kaggle.com/datasets/tielemarvin/european-license-plate-dataset-elpd,CC BY 4.0,https://creativecommons.org/licenses/by/4.0/,AI/PlateDetector/datasets/provenance/elpd/elpd_provenance.csv
elpd,filename_prefix_00345_.png,1,license-plate,license_plate,585.71,733.95,707.87,774.42,1024,1024,SYNTHETIC,TRAIN_ONLY,https://www.kaggle.com/datasets/tielemarvin/european-license-plate-dataset-elpd,CC BY 4.0,https://creativecommons.org/licenses/by/4.0/,AI/PlateDetector/datasets/provenance/elpd/elpd_provenance.csv
elpd,filename_prefix_00346_.png,1,license-plate,license_plate,888.84,722.5,1055.4,796.74,1536,1536,SYNTHETIC,TRAIN_ONLY,https://www.kaggle.com/datasets/tielemarvin/european-license-plate-dataset-elpd,CC BY 4.0,https://creativecommons.org/licenses/by/4.0/,AI/PlateDetector/datasets/provenance/elpd/elpd_provenance.csv
elpd,filename_prefix_00347_.png,1,license-plate,license_plate,858.85,1136.32,1131.62,1311.22,1536,1536,SYNTHETIC,TRAIN_ONLY,https://www.kaggle.com/datasets/tielemarvin/european-license-plate-dataset-elpd,CC BY 4.0,https://creativecommons.org/licenses/by/4.0/,AI/PlateDetector/datasets/provenance/elpd/elpd_provenance.csv
elpd,filename_prefix_00347_.png,2,license-plate,license_plate,1447.68,560.72,1536.0,613.55,1536,1536,SYNTHETIC,TRAIN_ONLY,https://www.kaggle.com/datasets/tielemarvin/european-license-plate-dataset-elpd,CC BY 4.0,https://creativecommons.org/licenses/by/4.0/,AI/PlateDetector/datasets/provenance/elpd/elpd_provenance.csv
elpd,filename_prefix_00348_.png,1,license-plate,license_plate,392.95,554.96,550.98,596.41,1024,1024,SYNTHETIC,TRAIN_ONLY,https://www.kaggle.com/datasets/tielemarvin/european-license-plate-dataset-elpd,CC BY 4.0,https://creativecommons.org/licenses/by/4.0/,AI/PlateDetector/datasets/provenance/elpd/elpd_provenance.csv
elpd,filename_prefix_00349_.png,1,license-plate,license_plate,377.39,723.46,454.25,743.24,1536,1536,SYNTHETIC,TRAIN_ONLY,https://www.kaggle.com/datasets/tielemarvin/european-license-plate-dataset-elpd,CC BY 4.0,https://creativecommons.org/licenses/by/4.0/,AI/PlateDetector/datasets/provenance/elpd/elpd_provenance.csv
elpd,filename_prefix_00349_.png,2,license-plate,license_plate,935.28,805.69,1087.88,847.36,1536,1536,SYNTHETIC,TRAIN_ONLY,https://www.kaggle.com/datasets/tielemarvin/european-license-plate-dataset-elpd,CC BY 4.0,https://creativecommons.org/licenses/by/4.0/,AI/PlateDetector/datasets/provenance/elpd/elpd_provenance.csv
elpd,filename_prefix_00350_.png,1,license-plate,license_plate,1213.19,1346.6,1418.15,1418.51,1536,1536,SYNTHETIC,TRAIN_ONLY,https://www.kaggle.com/datasets/tielemarvin/european-license-plate-dataset-elpd,CC BY 4.0,https://creativecommons.org/licenses/by/4.0/,AI/PlateDetector/datasets/provenance/elpd/elpd_provenance.csv
elpd,filename_prefix_00351_.png,1,license-plate,license_plate,837.78,1004.0,1082.31,1086.02,1536,1536,SYNTHETIC,TRAIN_ONLY,https://www.kaggle.com/datasets/tielemarvin/european-license-plate-dataset-elpd,CC BY 4.0,https://creativecommons.org/licenses/by/4.0/,AI/PlateDetector/datasets/provenance/elpd/elpd_provenance.csv
elpd,filename_prefix_00352_.png,1,license-plate,license_plate,947.86,546.58,1024.0,573.82,1024,1024,SYNTHETIC,TRAIN_ONLY,https://www.kaggle.com/datasets/tielemarvin/european-license-plate-dataset-elpd,CC BY 4.0,https://creativecommons.org/licenses/by/4.0/,AI/PlateDetector/datasets/provenance/elpd/elpd_provenance.csv
elpd,filename_prefix_00352_.png,2,license-plate,license_plate,348.49,703.01,591.0,764.1,1024,1024,SYNTHETIC,TRAIN_ONLY,https://www.kaggle.com/datasets/tielemarvin/european-license-plate-dataset-elpd,CC BY 4.0,https://creativecommons.org/licenses/by/4.0/,AI/PlateDetector/datasets/provenance/elpd/elpd_provenance.csv
elpd,filename_prefix_00353_.png,1,license-plate,license_plate,419.84,1250.31,675.97,1318.48,1536,1536,SYNTHETIC,TRAIN_ONLY,https://www.kaggle.com/datasets/tielemarvin/european-license-plate-dataset-elpd,CC BY 4.0,https://creativecommons.org/licenses/by/4.0/,AI/PlateDetector/datasets/provenance/elpd/elpd_provenance.csv
elpd,filename_prefix_00354_.png,1,license-plate,license_plate,661.56,599.49,780.16,630.3,1024,1024,SYNTHETIC,TRAIN_ONLY,https://www.kaggle.com/datasets/tielemarvin/european-license-plate-dataset-elpd,CC BY 4.0,https://creativecommons.org/licenses/by/4.0/,AI/PlateDetector/datasets/provenance/elpd/elpd_provenance.csv
elpd,filename_prefix_00355_.png,1,license-plate,license_plate,586.13,926.93,727.7,964.7,1536,1536,SYNTHETIC,TRAIN_ONLY,https://www.kaggle.com/datasets/tielemarvin/european-license-plate-dataset-elpd,CC BY 4.0,https://creativecommons.org/licenses/by/4.0/,AI/PlateDetector/datasets/provenance/elpd/elpd_provenance.csv
elpd,filename_prefix_00356_.png,1,license-plate,license_plate,0.0,540.88,117.27,599.9,1024,1024,SYNTHETIC,TRAIN_ONLY,https://www.kaggle.com/datasets/tielemarvin/european-license-plate-dataset-elpd,CC BY 4.0,https://creativecommons.org/licenses/by/4.0/,AI/PlateDetector/datasets/provenance/elpd/elpd_provenance.csv
elpd,filename_prefix_00356_.png,2,license-plate,license_plate,635.6,398.23,725.26,420.8,1024,1024,SYNTHETIC,TRAIN_ONLY,https://www.kaggle.com/datasets/tielemarvin/european-license-plate-dataset-elpd,CC BY 4.0,https://creativecommons.org/licenses/by/4.0/,AI/PlateDetector/datasets/provenance/elpd/elpd_provenance.csv
elpd,filename_prefix_00357_.png,1,license-plate,license_plate,372.71,800.1,541.2,843.58,1024,1024,SYNTHETIC,TRAIN_ONLY,https://www.kaggle.com/datasets/tielemarvin/european-license-plate-dataset-elpd,CC BY 4.0,https://creativecommons.org/licenses/by/4.0/,AI/PlateDetector/datasets/provenance/elpd/elpd_provenance.csv
elpd,filename_prefix_00358_.png,1,license-plate,license_plate,579.2,718.9,703.52,751.97,1024,1024,SYNTHETIC,TRAIN_ONLY,https://www.kaggle.com/datasets/tielemarvin/european-license-plate-dataset-elpd,CC BY 4.0,https://creativecommons.org/licenses/by/4.0/,AI/PlateDetector/datasets/provenance/elpd/elpd_provenance.csv
elpd,filename_prefix_00359_.png,1,license-plate,license_plate,727.59,882.22,965.75,944.98,1536,1536,SYNTHETIC,TRAIN_ONLY,https://www.kaggle.com/datasets/tielemarvin/european-license-plate-dataset-elpd,CC BY 4.0,https://creativecommons.org/licenses/by/4.0/,AI/PlateDetector/datasets/provenance/elpd/elpd_provenance.csv
elpd,filename_prefix_00360_.png,1,license-plate,license_plate,403.81,609.25,548.44,645.21,1024,1024,SYNTHETIC,TRAIN_ONLY,https://www.kaggle.com/datasets/tielemarvin/european-license-plate-dataset-elpd,CC BY 4.0,https://creativecommons.org/licenses/by/4.0/,AI/PlateDetector/datasets/provenance/elpd/elpd_provenance.csv
elpd,filename_prefix_00361_.png,1,license-plate,license_plate,407.06,563.47,553.49,601.62,1024,1024,SYNTHETIC,TRAIN_ONLY,https://www.kaggle.com/datasets/tielemarvin/european-license-plate-dataset-elpd,CC BY 4.0,https://creativecommons.org/licenses/by/4.0/,AI/PlateDetector/datasets/provenance/elpd/elpd_provenance.csv
elpd,filename_prefix_00362_.png,1,license-plate,license_plate,0.0,971.7,290.3,1057.82,1536,1536,SYNTHETIC,TRAIN_ONLY,https://www.kaggle.com/datasets/tielemarvin/european-license-plate-dataset-elpd,CC BY 4.0,https://creativecommons.org/licenses/by/4.0/,AI/PlateDetector/datasets/provenance/elpd/elpd_provenance.csv
elpd,filename_prefix_00363_.png,1,license-plate,license_plate,1296.6,1127.87,1536.0,1213.1,1536,1536,SYNTHETIC,TRAIN_ONLY,https://www.kaggle.com/datasets/tielemarvin/european-license-plate-dataset-elpd,CC BY 4.0,https://creativecommons.org/licenses/by/4.0/,AI/PlateDetector/datasets/provenance/elpd/elpd_provenance.csv
elpd,filename_prefix_00364_.png,1,license-plate,license_plate,350.91,581.16,491.6,615.9,1024,1024,SYNTHETIC,TRAIN_ONLY,https://www.kaggle.com/datasets/tielemarvin/european-license-plate-dataset-elpd,CC BY 4.0,https://creativecommons.org/licenses/by/4.0/,AI/PlateDetector/datasets/provenance/elpd/elpd_provenance.csv
elpd,filename_prefix_00365_.png,1,license-plate,license_plate,887.89,937.15,1173.16,1053.54,1536,1536,SYNTHETIC,TRAIN_ONLY,https://www.kaggle.com/datasets/tielemarvin/european-license-plate-dataset-elpd,CC BY 4.0,https://creativecommons.org/licenses/by/4.0/,AI/PlateDetector/datasets/provenance/elpd/elpd_provenance.csv
elpd,filename_prefix_00365_.png,2,license-plate,license_plate,1324.24,597.02,1439.3,631.7,1536,1536,SYNTHETIC,TRAIN_ONLY,https://www.kaggle.com/datasets/tielemarvin/european-license-plate-dataset-elpd,CC BY 4.0,https://creativecommons.org/licenses/by/4.0/,AI/PlateDetector/datasets/provenance/elpd/elpd_provenance.csv
elpd,filename_prefix_00366_.png,1,license-plate,license_plate,424.87,1064.59,633.8,1121.16,1536,1536,SYNTHETIC,TRAIN_ONLY,https://www.kaggle.com/datasets/tielemarvin/european-license-plate-dataset-elpd,CC BY 4.0,https://creativecommons.org/licenses/by/4.0/,AI/PlateDetector/datasets/provenance/elpd/elpd_provenance.csv
elpd,filename_prefix_00367_.png,1,license-plate,license_plate,271.2,793.9,548.22,874.38,1536,1536,SYNTHETIC,TRAIN_ONLY,https://www.kaggle.com/datasets/tielemarvin/european-license-plate-dataset-elpd,CC BY 4.0,https://creativecommons.org/licenses/by/4.0/,AI/PlateDetector/datasets/provenance/elpd/elpd_provenance.csv
elpd,filename_prefix_00368_.png,1,license-plate,license_plate,439.02,728.35,566.99,760.05,1024,1024,SYNTHETIC,TRAIN_ONLY,https://www.kaggle.com/datasets/tielemarvin/european-license-plate-dataset-elpd,CC BY 4.0,https://creativecommons.org/licenses/by/4.0/,AI/PlateDetector/datasets/provenance/elpd/elpd_provenance.csv
elpd,filename_prefix_00369_.png,1,license-plate,license_plate,627.76,903.61,994.85,1023.59,1536,1536,SYNTHETIC,TRAIN_ONLY,https://www.kaggle.com/datasets/tielemarvin/european-license-plate-dataset-elpd,CC BY 4.0,https://creativecommons.org/licenses/by/4.0/,AI/PlateDetector/datasets/provenance/elpd/elpd_provenance.csv
elpd,filename_prefix_00369_.png,2,license-plate,license_plate,1440.31,705.72,1536.0,748.35,1536,1536,SYNTHETIC,TRAIN_ONLY,https://www.kaggle.com/datasets/tielemarvin/european-license-plate-dataset-elpd,CC BY 4.0,https://creativecommons.org/licenses/by/4.0/,AI/PlateDetector/datasets/provenance/elpd/elpd_provenance.csv
elpd,filename_prefix_00370_.png,1,license-plate,license_plate,401.79,633.2,567.2,684.5,1024,1024,SYNTHETIC,TRAIN_ONLY,https://www.kaggle.com/datasets/tielemarvin/european-license-plate-dataset-elpd,CC BY 4.0,https://creativecommons.org/licenses/by/4.0/,AI/PlateDetector/datasets/provenance/elpd/elpd_provenance.csv
elpd,filename_prefix_00370_.png,2,license-plate,license_plate,947.51,519.55,1016.67,536.22,1024,1024,SYNTHETIC,TRAIN_ONLY,https://www.kaggle.com/datasets/tielemarvin/european-license-plate-dataset-elpd,CC BY 4.0,https://creativecommons.org/licenses/by/4.0/,AI/PlateDetector/datasets/provenance/elpd/elpd_provenance.csv
elpd,filename_prefix_00371_.png,1,license-plate,license_plate,692.57,983.57,948.45,1048.94,1536,1536,SYNTHETIC,TRAIN_ONLY,https://www.kaggle.com/datasets/tielemarvin/european-license-plate-dataset-elpd,CC BY 4.0,https://creativecommons.org/licenses/by/4.0/,AI/PlateDetector/datasets/provenance/elpd/elpd_provenance.csv
elpd,filename_prefix_00372_.png,1,license-plate,license_plate,270.67,815.6,508.2,881.29,1024,1024,SYNTHETIC,TRAIN_ONLY,https://www.kaggle.com/datasets/tielemarvin/european-license-plate-dataset-elpd,CC BY 4.0,https://creativecommons.org/licenses/by/4.0/,AI/PlateDetector/datasets/provenance/elpd/elpd_provenance.csv
elpd,filename_prefix_00373_.png,1,license-plate,license_plate,489.94,623.03,588.92,660.98,1024,1024,SYNTHETIC,TRAIN_ONLY,https://www.kaggle.com/datasets/tielemarvin/european-license-plate-dataset-elpd,CC BY 4.0,https://creativecommons.org/licenses/by/4.0/,AI/PlateDetector/datasets/provenance/elpd/elpd_provenance.csv
elpd,filename_prefix_00374_.png,1,license-plate,license_plate,361.82,732.96,668.62,808.77,1024,1024,SYNTHETIC,TRAIN_ONLY,https://www.kaggle.com/datasets/tielemarvin/european-license-plate-dataset-elpd,CC BY 4.0,https://creativecommons.org/licenses/by/4.0/,AI/PlateDetector/datasets/provenance/elpd/elpd_provenance.csv
elpd,filename_prefix_00375_.png,1,license-plate,license_plate,460.31,976.53,730.4,1051.7,1536,1536,SYNTHETIC,TRAIN_ONLY,https://www.kaggle.com/datasets/tielemarvin/european-license-plate-dataset-elpd,CC BY 4.0,https://creativecommons.org/licenses/by/4.0/,AI/PlateDetector/datasets/provenance/elpd/elpd_provenance.csv
elpd,filename_prefix_00376_.png,1,license-plate,license_plate,676.81,657.03,770.35,701.09,1024,1024,SYNTHETIC,TRAIN_ONLY,https://www.kaggle.com/datasets/tielemarvin/european-license-plate-dataset-elpd,CC BY 4.0,https://creativecommons.org/licenses/by/4.0/,AI/PlateDetector/datasets/provenance/elpd/elpd_provenance.csv
elpd,filename_prefix_00377_.png,1,license-plate,license_plate,0.4,38.3,70.89,66.26,1024,1024,SYNTHETIC,TRAIN_ONLY,https://www.kaggle.com/datasets/tielemarvin/european-license-plate-dataset-elpd,CC BY 4.0,https://creativecommons.org/licenses/by/4.0/,AI/PlateDetector/datasets/provenance/elpd/elpd_provenance.csv
elpd,filename_prefix_00377_.png,2,license-plate,license_plate,415.35,129.91,495.31,158.34,1024,1024,SYNTHETIC,TRAIN_ONLY,https://www.kaggle.com/datasets/tielemarvin/european-license-plate-dataset-elpd,CC BY 4.0,https://creativecommons.org/licenses/by/4.0/,AI/PlateDetector/datasets/provenance/elpd/elpd_provenance.csv
elpd,filename_prefix_00378_.png,1,license-plate,license_plate,747.92,1120.02,994.13,1185.47,1536,1536,SYNTHETIC,TRAIN_ONLY,https://www.kaggle.com/datasets/tielemarvin/european-license-plate-dataset-elpd,CC BY 4.0,https://creativecommons.org/licenses/by/4.0/,AI/PlateDetector/datasets/provenance/elpd/elpd_provenance.csv
elpd,filename_prefix_00379_.png,1,license-plate,license_plate,491.65,1113.88,716.83,1188.25,1536,1536,SYNTHETIC,TRAIN_ONLY,https://www.kaggle.com/datasets/tielemarvin/european-license-plate-dataset-elpd,CC BY 4.0,https://creativecommons.org/licenses/by/4.0/,AI/PlateDetector/datasets/provenance/elpd/elpd_provenance.csv
elpd,filename_prefix_00380_.png,1,license-plate,license_plate,367.93,671.74,531.5,714.3,1024,1024,SYNTHETIC,TRAIN_ONLY,https://www.kaggle.com/datasets/tielemarvin/european-license-plate-dataset-elpd,CC BY 4.0,https://creativecommons.org/licenses/by/4.0/,AI/PlateDetector/datasets/provenance/elpd/elpd_provenance.csv
elpd,filename_prefix_00380_.png,2,license-plate,license_plate,851.36,565.66,925.63,582.32,1024,1024,SYNTHETIC,TRAIN_ONLY,https://www.kaggle.com/datasets/tielemarvin/european-license-plate-dataset-elpd,CC BY 4.0,https://creativecommons.org/licenses/by/4.0/,AI/PlateDetector/datasets/provenance/elpd/elpd_provenance.csv
elpd,filename_prefix_00381_.png,1,license-plate,license_plate,489.22,1111.51,848.7,1231.8,1536,1536,SYNTHETIC,TRAIN_ONLY,https://www.kaggle.com/datasets/tielemarvin/european-license-plate-dataset-elpd,CC BY 4.0,https://creativecommons.org/licenses/by/4.0/,AI/PlateDetector/datasets/provenance/elpd/elpd_provenance.csv
elpd,filename_prefix_00382_.png,1,license-plate,license_plate,860.2,926.0,1021.9,970.9,1536,1536,SYNTHETIC,TRAIN_ONLY,https://www.kaggle.com/datasets/tielemarvin/european-license-plate-dataset-elpd,CC BY 4.0,https://creativecommons.org/licenses/by/4.0/,AI/PlateDetector/datasets/provenance/elpd/elpd_provenance.csv
elpd,filename_prefix_00383_.png,1,license-plate,license_plate,875.21,1033.6,1227.43,1215.93,1536,1536,SYNTHETIC,TRAIN_ONLY,https://www.kaggle.com/datasets/tielemarvin/european-license-plate-dataset-elpd,CC BY 4.0,https://creativecommons.org/licenses/by/4.0/,AI/PlateDetector/datasets/provenance/elpd/elpd_provenance.csv
elpd,filename_prefix_00384_.png,1,license-plate,license_plate,270.09,567.9,484.2,638.56,1024,1024,SYNTHETIC,TRAIN_ONLY,https://www.kaggle.com/datasets/tielemarvin/european-license-plate-dataset-elpd,CC BY 4.0,https://creativecommons.org/licenses/by/4.0/,AI/PlateDetector/datasets/provenance/elpd/elpd_provenance.csv
elpd,filename_prefix_00385_.png,1,license-plate,license_plate,388.47,885.22,460.11,903.64,1536,1536,SYNTHETIC,TRAIN_ONLY,https://www.kaggle.com/datasets/tielemarvin/european-license-plate-dataset-elpd,CC BY 4.0,https://creativecommons.org/licenses/by/4.0/,AI/PlateDetector/datasets/provenance/elpd/elpd_provenance.csv
elpd,filename_prefix_00385_.png,2,license-plate,license_plate,1201.44,1087.61,1387.4,1150.5,1536,1536,SYNTHETIC,TRAIN_ONLY,https://www.kaggle.com/datasets/tielemarvin/european-license-plate-dataset-elpd,CC BY 4.0,https://creativecommons.org/licenses/by/4.0/,AI/PlateDetector/datasets/provenance/elpd/elpd_provenance.csv
elpd,filename_prefix_00386_.png,1,license-plate,license_plate,0.0,628.64,44.46,648.99,1024,1024,SYNTHETIC,TRAIN_ONLY,https://www.kaggle.com/datasets/tielemarvin/european-license-plate-dataset-elpd,CC BY 4.0,https://creativecommons.org/licenses/by/4.0/,AI/PlateDetector/datasets/provenance/elpd/elpd_provenance.csv
elpd,filename_prefix_00387_.png,1,license-plate,license_plate,775.4,675.66,934.77,899.59,1536,1536,SYNTHETIC,TRAIN_ONLY,https://www.kaggle.com/datasets/tielemarvin/european-license-plate-dataset-elpd,CC BY 4.0,https://creativecommons.org/licenses/by/4.0/,AI/PlateDetector/datasets/provenance/elpd/elpd_provenance.csv
elpd,filename_prefix_00387_.png,2,license-plate,license_plate,895.2,72.46,1152.11,155.34,1536,1536,SYNTHETIC,TRAIN_ONLY,https://www.kaggle.com/datasets/tielemarvin/european-license-plate-dataset-elpd,CC BY 4.0,https://creativecommons.org/licenses/by/4.0/,AI/PlateDetector/datasets/provenance/elpd/elpd_provenance.csv
elpd,filename_prefix_00387_.png,3,license-plate,license_plate,112.49,144.73,303.2,205.61,1536,1536,SYNTHETIC,TRAIN_ONLY,https://www.kaggle.com/datasets/tielemarvin/european-license-plate-dataset-elpd,CC BY 4.0,https://creativecommons.org/licenses/by/4.0/,AI/PlateDetector/datasets/provenance/elpd/elpd_provenance.csv
elpd,filename_prefix_00388_.png,1,license-plate,license_plate,367.53,540.5,630.79,600.66,1024,1024,SYNTHETIC,TRAIN_ONLY,https://www.kaggle.com/datasets/tielemarvin/european-license-plate-dataset-elpd,CC BY 4.0,https://creativecommons.org/licenses/by/4.0/,AI/PlateDetector/datasets/provenance/elpd/elpd_provenance.csv
elpd,filename_prefix_00389_.png,1,license-plate,license_plate,828.77,618.93,913.73,656.63,1024,1024,SYNTHETIC,TRAIN_ONLY,https://www.kaggle.com/datasets/tielemarvin/european-license-plate-dataset-elpd,CC BY 4.0,https://creativecommons.org/licenses/by/4.0/,AI/PlateDetector/datasets/provenance/elpd/elpd_provenance.csv
elpd,filename_prefix_00389_.png,2,license-plate,license_plate,0.0,730.06,166.27,833.71,1024,1024,SYNTHETIC,TRAIN_ONLY,https://www.kaggle.com/datasets/tielemarvin/european-license-plate-dataset-elpd,CC BY 4.0,https://creativecommons.org/licenses/by/4.0/,AI/PlateDetector/datasets/provenance/elpd/elpd_provenance.csv
elpd,filename_prefix_00390_.png,1,license-plate,license_plate,333.11,743.86,444.9,773.5,1024,1024,SYNTHETIC,TRAIN_ONLY,https://www.kaggle.com/datasets/tielemarvin/european-license-plate-dataset-elpd,CC BY 4.0,https://creativecommons.org/licenses/by/4.0/,AI/PlateDetector/datasets/provenance/elpd/elpd_provenance.csv
elpd,filename_prefix_00391_.png,1,license-plate,license_plate,998.14,999.65,1230.95,1057.22,1536,1536,SYNTHETIC,TRAIN_ONLY,https://www.kaggle.com/datasets/tielemarvin/european-license-plate-dataset-elpd,CC BY 4.0,https://creativecommons.org/licenses/by/4.0/,AI/PlateDetector/datasets/provenance/elpd/elpd_provenance.csv
elpd,filename_prefix_00392_.png,1,license-plate,license_plate,484.91,682.55,628.79,721.13,1024,1024,SYNTHETIC,TRAIN_ONLY,https://www.kaggle.com/datasets/tielemarvin/european-license-plate-dataset-elpd,CC BY 4.0,https://creativecommons.org/licenses/by/4.0/,AI/PlateDetector/datasets/provenance/elpd/elpd_provenance.csv
elpd,filename_prefix_00393_.png,1,license-plate,license_plate,543.01,646.52,681.52,681.61,1024,1024,SYNTHETIC,TRAIN_ONLY,https://www.kaggle.com/datasets/tielemarvin/european-license-plate-dataset-elpd,CC BY 4.0,https://creativecommons.org/licenses/by/4.0/,AI/PlateDetector/datasets/provenance/elpd/elpd_provenance.csv
elpd,filename_prefix_00394_.png,1,license-plate,license_plate,458.98,1044.48,722.6,1163.3,1536,1536,SYNTHETIC,TRAIN_ONLY,https://www.kaggle.com/datasets/tielemarvin/european-license-plate-dataset-elpd,CC BY 4.0,https://creativecommons.org/licenses/by/4.0/,AI/PlateDetector/datasets/provenance/elpd/elpd_provenance.csv
elpd,filename_prefix_00395_.png,1,license-plate,license_plate,666.81,814.89,770.23,858.4,1536,1536,SYNTHETIC,TRAIN_ONLY,https://www.kaggle.com/datasets/tielemarvin/european-license-plate-dataset-elpd,CC BY 4.0,https://creativecommons.org/licenses/by/4.0/,AI/PlateDetector/datasets/provenance/elpd/elpd_provenance.csv
elpd,filename_prefix_00395_.png,2,license-plate,license_plate,1086.19,1185.07,1377.0,1340.3,1536,1536,SYNTHETIC,TRAIN_ONLY,https://www.kaggle.com/datasets/tielemarvin/european-license-plate-dataset-elpd,CC BY 4.0,https://creativecommons.org/licenses/by/4.0/,AI/PlateDetector/datasets/provenance/elpd/elpd_provenance.csv
elpd,filename_prefix_00396_.png,1,license-plate,license_plate,491.59,614.61,603.9,643.1,1024,1024,SYNTHETIC,TRAIN_ONLY,https://www.kaggle.com/datasets/tielemarvin/european-license-plate-dataset-elpd,CC BY 4.0,https://creativecommons.org/licenses/by/4.0/,AI/PlateDetector/datasets/provenance/elpd/elpd_provenance.csv
elpd,filename_prefix_00397_.png,1,license-plate,license_plate,915.52,1118.75,1260.02,1262.74,1536,1536,SYNTHETIC,TRAIN_ONLY,https://www.kaggle.com/datasets/tielemarvin/european-license-plate-dataset-elpd,CC BY 4.0,https://creativecommons.org/licenses/by/4.0/,AI/PlateDetector/datasets/provenance/elpd/elpd_provenance.csv
elpd,filename_prefix_00398_.png,1,license-plate,license_plate,1094.6,939.04,1187.49,962.8,1536,1536,SYNTHETIC,TRAIN_ONLY,https://www.kaggle.com/datasets/tielemarvin/european-license-plate-dataset-elpd,CC BY 4.0,https://creativecommons.org/licenses/by/4.0/,AI/PlateDetector/datasets/provenance/elpd/elpd_provenance.csv
elpd,filename_prefix_00398_.png,2,license-plate,license_plate,540.59,1138.03,731.2,1186.25,1536,1536,SYNTHETIC,TRAIN_ONLY,https://www.kaggle.com/datasets/tielemarvin/european-license-plate-dataset-elpd,CC BY 4.0,https://creativecommons.org/licenses/by/4.0/,AI/PlateDetector/datasets/provenance/elpd/elpd_provenance.csv
elpd,filename_prefix_00399_.png,1,license-plate,license_plate,715.17,1053.7,798.1,1108.09,1536,1536,SYNTHETIC,TRAIN_ONLY,https://www.kaggle.com/datasets/tielemarvin/european-license-plate-dataset-elpd,CC BY 4.0,https://creativecommons.org/licenses/by/4.0/,AI/PlateDetector/datasets/provenance/elpd/elpd_provenance.csv
elpd,filename_prefix_00399_.png,2,license-plate,license_plate,1340.2,1038.55,1485.08,1075.02,1536,1536,SYNTHETIC,TRAIN_ONLY,https://www.kaggle.com/datasets/tielemarvin/european-license-plate-dataset-elpd,CC BY 4.0,https://creativecommons.org/licenses/by/4.0/,AI/PlateDetector/datasets/provenance/elpd/elpd_provenance.csv
elpd,filename_prefix_00400_.png,1,license-plate,license_plate,458.97,537.5,798.07,623.13,1024,1024,SYNTHETIC,TRAIN_ONLY,https://www.kaggle.com/datasets/tielemarvin/european-license-plate-dataset-elpd,CC BY 4.0,https://creativecommons.org/licenses/by/4.0/,AI/PlateDetector/datasets/provenance/elpd/elpd_provenance.csv
elpd,filename_prefix_00401_.png,1,license-plate,license_plate,709.95,953.66,951.69,1015.44,1536,1536,SYNTHETIC,TRAIN_ONLY,https://www.kaggle.com/datasets/tielemarvin/european-license-plate-dataset-elpd,CC BY 4.0,https://creativecommons.org/licenses/by/4.0/,AI/PlateDetector/datasets/provenance/elpd/elpd_provenance.csv
elpd,filename_prefix_00402_.png,1,license-plate,license_plate,339.49,586.37,511.99,635.97,1024,1024,SYNTHETIC,TRAIN_ONLY,https://www.kaggle.com/datasets/tielemarvin/european-license-plate-dataset-elpd,CC BY 4.0,https://creativecommons.org/licenses/by/4.0/,AI/PlateDetector/datasets/provenance/elpd/elpd_provenance.csv
elpd,filename_prefix_00403_.png,1,license-plate,license_plate,535.11,974.71,724.38,1030.96,1536,1536,SYNTHETIC,TRAIN_ONLY,https://www.kaggle.com/datasets/tielemarvin/european-license-plate-dataset-elpd,CC BY 4.0,https://creativecommons.org/licenses/by/4.0/,AI/PlateDetector/datasets/provenance/elpd/elpd_provenance.csv
elpd,filename_prefix_00404_.png,1,license-plate,license_plate,483.2,693.76,614.22,725.4,1024,1024,SYNTHETIC,TRAIN_ONLY,https://www.kaggle.com/datasets/tielemarvin/european-license-plate-dataset-elpd,CC BY 4.0,https://creativecommons.org/licenses/by/4.0/,AI/PlateDetector/datasets/provenance/elpd/elpd_provenance.csv
elpd,filename_prefix_00405_.png,1,license-plate,license_plate,967.8,634.1,1021.51,667.61,1024,1024,SYNTHETIC,TRAIN_ONLY,https://www.kaggle.com/datasets/tielemarvin/european-license-plate-dataset-elpd,CC BY 4.0,https://creativecommons.org/licenses/by/4.0/,AI/PlateDetector/datasets/provenance/elpd/elpd_provenance.csv
elpd,filename_prefix_00405_.png,2,license-plate,license_plate,11.72,632.66,236.87,694.13,1024,1024,SYNTHETIC,TRAIN_ONLY,https://www.kaggle.com/datasets/tielemarvin/european-license-plate-dataset-elpd,CC BY 4.0,https://creativecommons.org/licenses/by/4.0/,AI/PlateDetector/datasets/provenance/elpd/elpd_provenance.csv
elpd,filename_prefix_00406_.png,1,license-plate,license_plate,525.65,594.41,658.75,630.58,1024,1024,SYNTHETIC,TRAIN_ONLY,https://www.kaggle.com/datasets/tielemarvin/european-license-plate-dataset-elpd,CC BY 4.0,https://creativecommons.org/licenses/by/4.0/,AI/PlateDetector/datasets/provenance/elpd/elpd_provenance.csv
elpd,filename_prefix_00407_.png,1,license-plate,license_plate,876.91,527.92,948.1,559.44,1024,1024,SYNTHETIC,TRAIN_ONLY,https://www.kaggle.com/datasets/tielemarvin/european-license-plate-dataset-elpd,CC BY 4.0,https://creativecommons.org/licenses/by/4.0/,AI/PlateDetector/datasets/provenance/elpd/elpd_provenance.csv
elpd,filename_prefix_00407_.png,2,license-plate,license_plate,111.51,736.39,378.4,861.84,1024,1024,SYNTHETIC,TRAIN_ONLY,https://www.kaggle.com/datasets/tielemarvin/european-license-plate-dataset-elpd,CC BY 4.0,https://creativecommons.org/licenses/by/4.0/,AI/PlateDetector/datasets/provenance/elpd/elpd_provenance.csv
elpd,filename_prefix_00408_.png,1,license-plate,license_plate,253.69,1057.34,430.07,1139.72,1536,1536,SYNTHETIC,TRAIN_ONLY,https://www.kaggle.com/datasets/tielemarvin/european-license-plate-dataset-elpd,CC BY 4.0,https://creativecommons.org/licenses/by/4.0/,AI/PlateDetector/datasets/provenance/elpd/elpd_provenance.csv
elpd,filename_prefix_00409_.png,1,license-plate,license_plate,488.79,674.03,592.84,705.28,1024,1024,SYNTHETIC,TRAIN_ONLY,https://www.kaggle.com/datasets/tielemarvin/european-license-plate-dataset-elpd,CC BY 4.0,https://creativecommons.org/licenses/by/4.0/,AI/PlateDetector/datasets/provenance/elpd/elpd_provenance.csv
elpd,filename_prefix_00410_.png,1,license-plate,license_plate,1219.85,667.02,1374.18,707.48,1536,1536,SYNTHETIC,TRAIN_ONLY,https://www.kaggle.com/datasets/tielemarvin/european-license-plate-dataset-elpd,CC BY 4.0,https://creativecommons.org/licenses/by/4.0/,AI/PlateDetector/datasets/provenance/elpd/elpd_provenance.csv
elpd,filename_prefix_00410_.png,2,license-plate,license_plate,213.07,1152.42,643.37,1261.5,1536,1536,SYNTHETIC,TRAIN_ONLY,https://www.kaggle.com/datasets/tielemarvin/european-license-plate-dataset-elpd,CC BY 4.0,https://creativecommons.org/licenses/by/4.0/,AI/PlateDetector/datasets/provenance/elpd/elpd_provenance.csv
elpd,filename_prefix_00411_.png,1,license-plate,license_plate,755.79,1058.96,1028.87,1129.69,1536,1536,SYNTHETIC,TRAIN_ONLY,https://www.kaggle.com/datasets/tielemarvin/european-license-plate-dataset-elpd,CC BY 4.0,https://creativecommons.org/licenses/by/4.0/,AI/PlateDetector/datasets/provenance/elpd/elpd_provenance.csv
elpd,filename_prefix_00412_.png,1,license-plate,license_plate,473.09,577.78,637.61,637.52,1024,1024,SYNTHETIC,TRAIN_ONLY,https://www.kaggle.com/datasets/tielemarvin/european-license-plate-dataset-elpd,CC BY 4.0,https://creativecommons.org/licenses/by/4.0/,AI/PlateDetector/datasets/provenance/elpd/elpd_provenance.csv
elpd,filename_prefix_00413_.png,1,license-plate,license_plate,453.71,1127.54,696.1,1186.7,1536,1536,SYNTHETIC,TRAIN_ONLY,https://www.kaggle.com/datasets/tielemarvin/european-license-plate-dataset-elpd,CC BY 4.0,https://creativecommons.org/licenses/by/4.0/,AI/PlateDetector/datasets/provenance/elpd/elpd_provenance.csv
elpd,filename_prefix_00414_.png,1,license-plate,license_plate,112.31,857.33,425.68,972.82,1536,1536,SYNTHETIC,TRAIN_ONLY,https://www.kaggle.com/datasets/tielemarvin/european-license-plate-dataset-elpd,CC BY 4.0,https://creativecommons.org/licenses/by/4.0/,AI/PlateDetector/datasets/provenance/elpd/elpd_provenance.csv
elpd,filename_prefix_00415_.png,1,license-plate,license_plate,375.34,639.22,617.75,701.38,1024,1024,SYNTHETIC,TRAIN_ONLY,https://www.kaggle.com/datasets/tielemarvin/european-license-plate-dataset-elpd,CC BY 4.0,https://creativecommons.org/licenses/by/4.0/,AI/PlateDetector/datasets/provenance/elpd/elpd_provenance.csv
elpd,filename_prefix_00416_.png,1,license-plate,license_plate,625.34,1075.97,969.7,1166.2,1536,1536,SYNTHETIC,TRAIN_ONLY,https://www.kaggle.com/datasets/tielemarvin/european-license-plate-dataset-elpd,CC BY 4.0,https://creativecommons.org/licenses/by/4.0/,AI/PlateDetector/datasets/provenance/elpd/elpd_provenance.csv
elpd,filename_prefix_00418_.png,1,license-plate,license_plate,400.18,1030.51,623.5,1096.95,1536,1536,SYNTHETIC,TRAIN_ONLY,https://www.kaggle.com/datasets/tielemarvin/european-license-plate-dataset-elpd,CC BY 4.0,https://creativecommons.org/licenses/by/4.0/,AI/PlateDetector/datasets/provenance/elpd/elpd_provenance.csv
elpd,filename_prefix_00418_.png,2,license-plate,license_plate,1360.9,986.21,1517.4,1031.1,1536,1536,SYNTHETIC,TRAIN_ONLY,https://www.kaggle.com/datasets/tielemarvin/european-license-plate-dataset-elpd,CC BY 4.0,https://creativecommons.org/licenses/by/4.0/,AI/PlateDetector/datasets/provenance/elpd/elpd_provenance.csv
elpd,filename_prefix_00419_.png,1,license-plate,license_plate,606.54,558.97,752.02,630.68,1024,1024,SYNTHETIC,TRAIN_ONLY,https://www.kaggle.com/datasets/tielemarvin/european-license-plate-dataset-elpd,CC BY 4.0,https://creativecommons.org/licenses/by/4.0/,AI/PlateDetector/datasets/provenance/elpd/elpd_provenance.csv
elpd,filename_prefix_00420_.png,1,license-plate,license_plate,930.41,504.44,1009.41,522.93,1024,1024,SYNTHETIC,TRAIN_ONLY,https://www.kaggle.com/datasets/tielemarvin/european-license-plate-dataset-elpd,CC BY 4.0,https://creativecommons.org/licenses/by/4.0/,AI/PlateDetector/datasets/provenance/elpd/elpd_provenance.csv
elpd,filename_prefix_00420_.png,2,license-plate,license_plate,324.83,545.81,459.39,584.15,1024,1024,SYNTHETIC,TRAIN_ONLY,https://www.kaggle.com/datasets/tielemarvin/european-license-plate-dataset-elpd,CC BY 4.0,https://creativecommons.org/licenses/by/4.0/,AI/PlateDetector/datasets/provenance/elpd/elpd_provenance.csv
elpd,filename_prefix_00421_.png,1,license-plate,license_plate,338.74,505.5,498.2,544.2,1024,1024,SYNTHETIC,TRAIN_ONLY,https://www.kaggle.com/datasets/tielemarvin/european-license-plate-dataset-elpd,CC BY 4.0,https://creativecommons.org/licenses/by/4.0/,AI/PlateDetector/datasets/provenance/elpd/elpd_provenance.csv
elpd,filename_prefix_00422_.png,1,license-plate,license_plate,567.88,718.72,744.89,766.02,1024,1024,SYNTHETIC,TRAIN_ONLY,https://www.kaggle.com/datasets/tielemarvin/european-license-plate-dataset-elpd,CC BY 4.0,https://creativecommons.org/licenses/by/4.0/,AI/PlateDetector/datasets/provenance/elpd/elpd_provenance.csv
elpd,filename_prefix_00423_.png,1,license-plate,license_plate,774.07,984.45,1038.95,1052.4,1536,1536,SYNTHETIC,TRAIN_ONLY,https://www.kaggle.com/datasets/tielemarvin/european-license-plate-dataset-elpd,CC BY 4.0,https://creativecommons.org/licenses/by/4.0/,AI/PlateDetector/datasets/provenance/elpd/elpd_provenance.csv
elpd,filename_prefix_00424_.png,1,license-plate,license_plate,836.47,830.11,956.63,872.93,1024,1024,SYNTHETIC,TRAIN_ONLY,https://www.kaggle.com/datasets/tielemarvin/european-license-plate-dataset-elpd,CC BY 4.0,https://creativecommons.org/licenses/by/4.0/,AI/PlateDetector/datasets/provenance/elpd/elpd_provenance.csv
elpd,filename_prefix_00425_.png,1,license-plate,license_plate,444.16,1168.38,797.41,1254.36,1536,1536,SYNTHETIC,TRAIN_ONLY,https://www.kaggle.com/datasets/tielemarvin/european-license-plate-dataset-elpd,CC BY 4.0,https://creativecommons.org/licenses/by/4.0/,AI/PlateDetector/datasets/provenance/elpd/elpd_provenance.csv
elpd,filename_prefix_00426_.png,1,license-plate,license_plate,545.6,941.8,696.94,982.5,1536,1536,SYNTHETIC,TRAIN_ONLY,https://www.kaggle.com/datasets/tielemarvin/european-license-plate-dataset-elpd,CC BY 4.0,https://creativecommons.org/licenses/by/4.0/,AI/PlateDetector/datasets/provenance/elpd/elpd_provenance.csv
elpd,filename_prefix_00427_.png,1,license-plate,license_plate,1028.22,944.95,1342.55,1075.37,1536,1536,SYNTHETIC,TRAIN_ONLY,https://www.kaggle.com/datasets/tielemarvin/european-license-plate-dataset-elpd,CC BY 4.0,https://creativecommons.org/licenses/by/4.0/,AI/PlateDetector/datasets/provenance/elpd/elpd_provenance.csv
elpd,filename_prefix_00427_.png,2,license-plate,license_plate,167.62,687.99,283.5,717.14,1536,1536,SYNTHETIC,TRAIN_ONLY,https://www.kaggle.com/datasets/tielemarvin/european-license-plate-dataset-elpd,CC BY 4.0,https://creativecommons.org/licenses/by/4.0/,AI/PlateDetector/datasets/provenance/elpd/elpd_provenance.csv
elpd,filename_prefix_00428_.png,1,license-plate,license_plate,768.98,40.47,895.38,74.03,1024,1024,SYNTHETIC,TRAIN_ONLY,https://www.kaggle.com/datasets/tielemarvin/european-license-plate-dataset-elpd,CC BY 4.0,https://creativecommons.org/licenses/by/4.0/,AI/PlateDetector/datasets/provenance/elpd/elpd_provenance.csv
elpd,filename_prefix_00428_.png,2,license-plate,license_plate,0.0,737.07,358.15,858.82,1024,1024,SYNTHETIC,TRAIN_ONLY,https://www.kaggle.com/datasets/tielemarvin/european-license-plate-dataset-elpd,CC BY 4.0,https://creativecommons.org/licenses/by/4.0/,AI/PlateDetector/datasets/provenance/elpd/elpd_provenance.csv
elpd,filename_prefix_00429_.png,1,license-plate,license_plate,577.59,714.51,693.99,742.99,1536,1536,SYNTHETIC,TRAIN_ONLY,https://www.kaggle.com/datasets/tielemarvin/european-license-plate-dataset-elpd,CC BY 4.0,https://creativecommons.org/licenses/by/4.0/,AI/PlateDetector/datasets/provenance/elpd/elpd_provenance.csv
elpd,filename_prefix_00430_.png,1,license-plate,license_plate,573.1,670.87,840.62,737.09,1536,1536,SYNTHETIC,TRAIN_ONLY,https://www.kaggle.com/datasets/tielemarvin/european-license-plate-dataset-elpd,CC BY 4.0,https://creativecommons.org/licenses/by/4.0/,AI/PlateDetector/datasets/provenance/elpd/elpd_provenance.csv
elpd,filename_prefix_00431_.png,1,license-plate,license_plate,585.27,667.98,684.7,698.74,1024,1024,SYNTHETIC,TRAIN_ONLY,https://www.kaggle.com/datasets/tielemarvin/european-license-plate-dataset-elpd,CC BY 4.0,https://creativecommons.org/licenses/by/4.0/,AI/PlateDetector/datasets/provenance/elpd/elpd_provenance.csv
elpd,filename_prefix_00432_.png,1,license-plate,license_plate,812.14,819.44,976.22,863.48,1536,1536,SYNTHETIC,TRAIN_ONLY,https://www.kaggle.com/datasets/tielemarvin/european-license-plate-dataset-elpd,CC BY 4.0,https://creativecommons.org/licenses/by/4.0/,AI/PlateDetector/datasets/provenance/elpd/elpd_provenance.csv
elpd,filename_prefix_00433_.png,1,license-plate,license_plate,790.81,679.54,950.34,751.51,1024,1024,SYNTHETIC,TRAIN_ONLY,https://www.kaggle.com/datasets/tielemarvin/european-license-plate-dataset-elpd,CC BY 4.0,https://creativecommons.org/licenses/by/4.0/,AI/PlateDetector/datasets/provenance/elpd/elpd_provenance.csv
elpd,filename_prefix_00434_.png,1,license-plate,license_plate,1416.83,799.13,1536.0,830.9,1536,1536,SYNTHETIC,TRAIN_ONLY,https://www.kaggle.com/datasets/tielemarvin/european-license-plate-dataset-elpd,CC BY 4.0,https://creativecommons.org/licenses/by/4.0/,AI/PlateDetector/datasets/provenance/elpd/elpd_provenance.csv
elpd,filename_prefix_00434_.png,2,license-plate,license_plate,657.13,850.52,893.7,913.1,1536,1536,SYNTHETIC,TRAIN_ONLY,https://www.kaggle.com/datasets/tielemarvin/european-license-plate-dataset-elpd,CC BY 4.0,https://creativecommons.org/licenses/by/4.0/,AI/PlateDetector/datasets/provenance/elpd/elpd_provenance.csv
elpd,filename_prefix_00435_.png,1,license-plate,license_plate,732.62,406.43,860.56,440.48,1024,1024,SYNTHETIC,TRAIN_ONLY,https://www.kaggle.com/datasets/tielemarvin/european-license-plate-dataset-elpd,CC BY 4.0,https://creativecommons.org/licenses/by/4.0/,AI/PlateDetector/datasets/provenance/elpd/elpd_provenance.csv
elpd,filename_prefix_00436_.png,1,license-plate,license_plate,398.73,570.83,535.92,604.78,1024,1024,SYNTHETIC,TRAIN_ONLY,https://www.kaggle.com/datasets/tielemarvin/european-license-plate-dataset-elpd,CC BY 4.0,https://creativecommons.org/licenses/by/4.0/,AI/PlateDetector/datasets/provenance/elpd/elpd_provenance.csv
elpd,filename_prefix_00437_.png,1,license-plate,license_plate,224.01,711.57,388.06,755.47,1024,1024,SYNTHETIC,TRAIN_ONLY,https://www.kaggle.com/datasets/tielemarvin/european-license-plate-dataset-elpd,CC BY 4.0,https://creativecommons.org/licenses/by/4.0/,AI/PlateDetector/datasets/provenance/elpd/elpd_provenance.csv
elpd,filename_prefix_00438_.png,1,license-plate,license_plate,311.33,658.2,469.6,699.63,1024,1024,SYNTHETIC,TRAIN_ONLY,https://www.kaggle.com/datasets/tielemarvin/european-license-plate-dataset-elpd,CC BY 4.0,https://creativecommons.org/licenses/by/4.0/,AI/PlateDetector/datasets/provenance/elpd/elpd_provenance.csv
elpd,filename_prefix_00439_.png,1,license-plate,license_plate,410.29,592.58,853.16,712.92,1536,1536,SYNTHETIC,TRAIN_ONLY,https://www.kaggle.com/datasets/tielemarvin/european-license-plate-dataset-elpd,CC BY 4.0,https://creativecommons.org/licenses/by/4.0/,AI/PlateDetector/datasets/provenance/elpd/elpd_provenance.csv
elpd,filename_prefix_00439_.png,2,license-plate,license_plate,1255.84,410.46,1533.4,490.15,1536,1536,SYNTHETIC,TRAIN_ONLY,https://www.kaggle.com/datasets/tielemarvin/european-license-plate-dataset-elpd,CC BY 4.0,https://creativecommons.org/licenses/by/4.0/,AI/PlateDetector/datasets/provenance/elpd/elpd_provenance.csv
elpd,filename_prefix_00440_.png,1,license-plate,license_plate,331.07,855.55,552.73,915.65,1024,1024,SYNTHETIC,TRAIN_ONLY,https://www.kaggle.com/datasets/tielemarvin/european-license-plate-dataset-elpd,CC BY 4.0,https://creativecommons.org/licenses/by/4.0/,AI/PlateDetector/datasets/provenance/elpd/elpd_provenance.csv
elpd,filename_prefix_00441_.png,1,license-plate,license_plate,497.32,873.78,632.11,911.53,1536,1536,SYNTHETIC,TRAIN_ONLY,https://www.kaggle.com/datasets/tielemarvin/european-license-plate-dataset-elpd,CC BY 4.0,https://creativecommons.org/licenses/by/4.0/,AI/PlateDetector/datasets/provenance/elpd/elpd_provenance.csv
elpd,filename_prefix_00441_.png,2,license-plate,license_plate,1231.71,847.74,1313.07,869.07,1536,1536,SYNTHETIC,TRAIN_ONLY,https://www.kaggle.com/datasets/tielemarvin/european-license-plate-dataset-elpd,CC BY 4.0,https://creativecommons.org/licenses/by/4.0/,AI/PlateDetector/datasets/provenance/elpd/elpd_provenance.csv
elpd,filename_prefix_00442_.png,1,license-plate,license_plate,1225.2,653.77,1536.0,747.79,1536,1536,SYNTHETIC,TRAIN_ONLY,https://www.kaggle.com/datasets/tielemarvin/european-license-plate-dataset-elpd,CC BY 4.0,https://creativecommons.org/licenses/by/4.0/,AI/PlateDetector/datasets/provenance/elpd/elpd_provenance.csv
elpd,filename_prefix_00443_.png,1,license-plate,license_plate,181.44,549.2,494.97,715.74,1536,1536,SYNTHETIC,TRAIN_ONLY,https://www.kaggle.com/datasets/tielemarvin/european-license-plate-dataset-elpd,CC BY 4.0,https://creativecommons.org/licenses/by/4.0/,AI/PlateDetector/datasets/provenance/elpd/elpd_provenance.csv
elpd,filename_prefix_00443_.png,2,license-plate,license_plate,1164.5,797.2,1492.1,927.95,1536,1536,SYNTHETIC,TRAIN_ONLY,https://www.kaggle.com/datasets/tielemarvin/european-license-plate-dataset-elpd,CC BY 4.0,https://creativecommons.org/licenses/by/4.0/,AI/PlateDetector/datasets/provenance/elpd/elpd_provenance.csv
elpd,filename_prefix_00444_.png,1,license-plate,license_plate,441.03,633.11,660.5,698.0,1024,1024,SYNTHETIC,TRAIN_ONLY,https://www.kaggle.com/datasets/tielemarvin/european-license-plate-dataset-elpd,CC BY 4.0,https://creativecommons.org/licenses/by/4.0/,AI/PlateDetector/datasets/provenance/elpd/elpd_provenance.csv
elpd,filename_prefix_00445_.png,1,license-plate,license_plate,642.62,1072.33,901.34,1185.74,1536,1536,SYNTHETIC,TRAIN_ONLY,https://www.kaggle.com/datasets/tielemarvin/european-license-plate-dataset-elpd,CC BY 4.0,https://creativecommons.org/licenses/by/4.0/,AI/PlateDetector/datasets/provenance/elpd/elpd_provenance.csv
elpd,filename_prefix_00445_.png,2,license-plate,license_plate,1405.27,792.6,1498.2,823.7,1536,1536,SYNTHETIC,TRAIN_ONLY,https://www.kaggle.com/datasets/tielemarvin/european-license-plate-dataset-elpd,CC BY 4.0,https://creativecommons.org/licenses/by/4.0/,AI/PlateDetector/datasets/provenance/elpd/elpd_provenance.csv
elpd,filename_prefix_00446_.png,1,license-plate,license_plate,360.51,1165.5,586.6,1235.87,1536,1536,SYNTHETIC,TRAIN_ONLY,https://www.kaggle.com/datasets/tielemarvin/european-license-plate-dataset-elpd,CC BY 4.0,https://creativecommons.org/licenses/by/4.0/,AI/PlateDetector/datasets/provenance/elpd/elpd_provenance.csv
elpd,filename_prefix_00446_.png,2,license-plate,license_plate,373.5,973.0,604.45,1030.63,1536,1536,SYNTHETIC,TRAIN_ONLY,https://www.kaggle.com/datasets/tielemarvin/european-license-plate-dataset-elpd,CC BY 4.0,https://creativecommons.org/licenses/by/4.0/,AI/PlateDetector/datasets/provenance/elpd/elpd_provenance.csv
elpd,filename_prefix_00447_.png,1,license-plate,license_plate,555.32,681.74,828.58,751.91,1024,1024,SYNTHETIC,TRAIN_ONLY,https://www.kaggle.com/datasets/tielemarvin/european-license-plate-dataset-elpd,CC BY 4.0,https://creativecommons.org/licenses/by/4.0/,AI/PlateDetector/datasets/provenance/elpd/elpd_provenance.csv
elpd,filename_prefix_00448_.png,1,license-plate,license_plate,425.42,849.34,599.32,895.78,1536,1536,SYNTHETIC,TRAIN_ONLY,https://www.kaggle.com/datasets/tielemarvin/european-license-plate-dataset-elpd,CC BY 4.0,https://creativecommons.org/licenses/by/4.0/,AI/PlateDetector/datasets/provenance/elpd/elpd_provenance.csv
elpd,filename_prefix_00449_.png,1,license-plate,license_plate,457.73,614.91,678.7,672.3,1024,1024,SYNTHETIC,TRAIN_ONLY,https://www.kaggle.com/datasets/tielemarvin/european-license-plate-dataset-elpd,CC BY 4.0,https://creativecommons.org/licenses/by/4.0/,AI/PlateDetector/datasets/provenance/elpd/elpd_provenance.csv
elpd,filename_prefix_00450_.png,1,license-plate,license_plate,344.78,1085.71,641.2,1166.19,1536,1536,SYNTHETIC,TRAIN_ONLY,https://www.kaggle.com/datasets/tielemarvin/european-license-plate-dataset-elpd,CC BY 4.0,https://creativecommons.org/licenses/by/4.0/,AI/PlateDetector/datasets/provenance/elpd/elpd_provenance.csv
elpd,filename_prefix_00450_.png,2,license-plate,license_plate,1231.35,918.53,1333.69,944.05,1536,1536,SYNTHETIC,TRAIN_ONLY,https://www.kaggle.com/datasets/tielemarvin/european-license-plate-dataset-elpd,CC BY 4.0,https://creativecommons.org/licenses/by/4.0/,AI/PlateDetector/datasets/provenance/elpd/elpd_provenance.csv
elpd,filename_prefix_00451_.png,1,license-plate,license_plate,392.19,766.46,513.94,798.96,1024,1024,SYNTHETIC,TRAIN_ONLY,https://www.kaggle.com/datasets/tielemarvin/european-license-plate-dataset-elpd,CC BY 4.0,https://creativecommons.org/licenses/by/4.0/,AI/PlateDetector/datasets/provenance/elpd/elpd_provenance.csv
elpd,filename_prefix_00452_.png,1,license-plate,license_plate,525.3,699.4,745.6,757.9,1024,1024,SYNTHETIC,TRAIN_ONLY,https://www.kaggle.com/datasets/tielemarvin/european-license-plate-dataset-elpd,CC BY 4.0,https://creativecommons.org/licenses/by/4.0/,AI/PlateDetector/datasets/provenance/elpd/elpd_provenance.csv
elpd,filename_prefix_00453_.png,1,license-plate,license_plate,428.45,510.35,622.51,558.01,1024,1024,SYNTHETIC,TRAIN_ONLY,https://www.kaggle.com/datasets/tielemarvin/european-license-plate-dataset-elpd,CC BY 4.0,https://creativecommons.org/licenses/by/4.0/,AI/PlateDetector/datasets/provenance/elpd/elpd_provenance.csv
elpd,filename_prefix_00453_.png,2,license-plate,license_plate,963.81,522.46,1024.0,543.6,1024,1024,SYNTHETIC,TRAIN_ONLY,https://www.kaggle.com/datasets/tielemarvin/european-license-plate-dataset-elpd,CC BY 4.0,https://creativecommons.org/licenses/by/4.0/,AI/PlateDetector/datasets/provenance/elpd/elpd_provenance.csv
elpd,filename_prefix_00454_.png,1,license-plate,license_plate,193.01,614.4,278.9,642.33,1024,1024,SYNTHETIC,TRAIN_ONLY,https://www.kaggle.com/datasets/tielemarvin/european-license-plate-dataset-elpd,CC BY 4.0,https://creativecommons.org/licenses/by/4.0/,AI/PlateDetector/datasets/provenance/elpd/elpd_provenance.csv
elpd,filename_prefix_00455_.png,1,license-plate,license_plate,928.16,788.72,1158.23,849.58,1536,1536,SYNTHETIC,TRAIN_ONLY,https://www.kaggle.com/datasets/tielemarvin/european-license-plate-dataset-elpd,CC BY 4.0,https://creativecommons.org/licenses/by/4.0/,AI/PlateDetector/datasets/provenance/elpd/elpd_provenance.csv
elpd,filename_prefix_00456_.png,1,license-plate,license_plate,404.97,727.11,625.82,777.25,1024,1024,SYNTHETIC,TRAIN_ONLY,https://www.kaggle.com/datasets/tielemarvin/european-license-plate-dataset-elpd,CC BY 4.0,https://creativecommons.org/licenses/by/4.0/,AI/PlateDetector/datasets/provenance/elpd/elpd_provenance.csv
elpd,filename_prefix_00457_.png,1,license-plate,license_plate,741.23,1241.23,1002.73,1318.81,1536,1536,SYNTHETIC,TRAIN_ONLY,https://www.kaggle.com/datasets/tielemarvin/european-license-plate-dataset-elpd,CC BY 4.0,https://creativecommons.org/licenses/by/4.0/,AI/PlateDetector/datasets/provenance/elpd/elpd_provenance.csv
elpd,filename_prefix_00458_.png,1,license-plate,license_plate,544.4,1110.98,725.26,1164.7,1536,1536,SYNTHETIC,TRAIN_ONLY,https://www.kaggle.com/datasets/tielemarvin/european-license-plate-dataset-elpd,CC BY 4.0,https://creativecommons.org/licenses/by/4.0/,AI/PlateDetector/datasets/provenance/elpd/elpd_provenance.csv
elpd,filename_prefix_00460_.png,1,license-plate,license_plate,853.0,598.84,984.55,642.5,1024,1024,SYNTHETIC,TRAIN_ONLY,https://www.kaggle.com/datasets/tielemarvin/european-license-plate-dataset-elpd,CC BY 4.0,https://creativecommons.org/licenses/by/4.0/,AI/PlateDetector/datasets/provenance/elpd/elpd_provenance.csv
elpd,filename_prefix_00461_.png,1,license-plate,license_plate,1206.52,636.36,1333.59,665.79,1536,1536,SYNTHETIC,TRAIN_ONLY,https://www.kaggle.com/datasets/tielemarvin/european-license-plate-dataset-elpd,CC BY 4.0,https://creativecommons.org/licenses/by/4.0/,AI/PlateDetector/datasets/provenance/elpd/elpd_provenance.csv
elpd,filename_prefix_00461_.png,2,license-plate,license_plate,624.1,845.89,897.59,912.19,1536,1536,SYNTHETIC,TRAIN_ONLY,https://www.kaggle.com/datasets/tielemarvin/european-license-plate-dataset-elpd,CC BY 4.0,https://creativecommons.org/licenses/by/4.0/,AI/PlateDetector/datasets/provenance/elpd/elpd_provenance.csv
elpd,filename_prefix_00462_.png,1,license-plate,license_plate,96.38,668.75,206.79,695.92,1536,1536,SYNTHETIC,TRAIN_ONLY,https://www.kaggle.com/datasets/tielemarvin/european-license-plate-dataset-elpd,CC BY 4.0,https://creativecommons.org/licenses/by/4.0/,AI/PlateDetector/datasets/provenance/elpd/elpd_provenance.csv
elpd,filename_prefix_00462_.png,2,license-plate,license_plate,642.23,738.16,942.65,813.88,1536,1536,SYNTHETIC,TRAIN_ONLY,https://www.kaggle.com/datasets/tielemarvin/european-license-plate-dataset-elpd,CC BY 4.0,https://creativecommons.org/licenses/by/4.0/,AI/PlateDetector/datasets/provenance/elpd/elpd_provenance.csv
elpd,filename_prefix_00463_.png,1,license-plate,license_plate,448.56,644.92,549.78,666.77,1024,1024,SYNTHETIC,TRAIN_ONLY,https://www.kaggle.com/datasets/tielemarvin/european-license-plate-dataset-elpd,CC BY 4.0,https://creativecommons.org/licenses/by/4.0/,AI/PlateDetector/datasets/provenance/elpd/elpd_provenance.csv
elpd,filename_prefix_00464_.png,1,license-plate,license_plate,911.04,959.33,1098.97,1006.15,1536,1536,SYNTHETIC,TRAIN_ONLY,https://www.kaggle.com/datasets/tielemarvin/european-license-plate-dataset-elpd,CC BY 4.0,https://creativecommons.org/licenses/by/4.0/,AI/PlateDetector/datasets/provenance/elpd/elpd_provenance.csv
elpd,filename_prefix_00465_.png,1,license-plate,license_plate,221.02,713.02,395.39,781.11,1024,1024,SYNTHETIC,TRAIN_ONLY,https://www.kaggle.com/datasets/tielemarvin/european-license-plate-dataset-elpd,CC BY 4.0,https://creativecommons.org/licenses/by/4.0/,AI/PlateDetector/datasets/provenance/elpd/elpd_provenance.csv
elpd,filename_prefix_00466_.png,1,license-plate,license_plate,125.5,1290.83,493.26,1396.6,1536,1536,SYNTHETIC,TRAIN_ONLY,https://www.kaggle.com/datasets/tielemarvin/european-license-plate-dataset-elpd,CC BY 4.0,https://creativecommons.org/licenses/by/4.0/,AI/PlateDetector/datasets/provenance/elpd/elpd_provenance.csv
elpd,filename_prefix_00467_.png,1,license-plate,license_plate,36.0,785.48,164.71,859.89,1024,1024,SYNTHETIC,TRAIN_ONLY,https://www.kaggle.com/datasets/tielemarvin/european-license-plate-dataset-elpd,CC BY 4.0,https://creativecommons.org/licenses/by/4.0/,AI/PlateDetector/datasets/provenance/elpd/elpd_provenance.csv
elpd,filename_prefix_00468_.png,1,license-plate,license_plate,0.0,678.05,114.2,717.19,1024,1024,SYNTHETIC,TRAIN_ONLY,https://www.kaggle.com/datasets/tielemarvin/european-license-plate-dataset-elpd,CC BY 4.0,https://creativecommons.org/licenses/by/4.0/,AI/PlateDetector/datasets/provenance/elpd/elpd_provenance.csv
elpd,filename_prefix_00469_.png,1,license-plate,license_plate,835.0,692.8,908.54,709.02,1024,1024,SYNTHETIC,TRAIN_ONLY,https://www.kaggle.com/datasets/tielemarvin/european-license-plate-dataset-elpd,CC BY 4.0,https://creativecommons.org/licenses/by/4.0/,AI/PlateDetector/datasets/provenance/elpd/elpd_provenance.csv
elpd,filename_prefix_00469_.png,2,license-plate,license_plate,361.73,772.9,533.7,814.3,1024,1024,SYNTHETIC,TRAIN_ONLY,https://www.kaggle.com/datasets/tielemarvin/european-license-plate-dataset-elpd,CC BY 4.0,https://creativecommons.org/licenses/by/4.0/,AI/PlateDetector/datasets/provenance/elpd/elpd_provenance.csv
elpd,filename_prefix_00470_.png,1,license-plate,license_plate,377.42,228.25,520.3,269.58,1024,1024,SYNTHETIC,TRAIN_ONLY,https://www.kaggle.com/datasets/tielemarvin/european-license-plate-dataset-elpd,CC BY 4.0,https://creativecommons.org/licenses/by/4.0/,AI/PlateDetector/datasets/provenance/elpd/elpd_provenance.csv
elpd,filename_prefix_00470_.png,2,license-plate,license_plate,890.84,149.85,968.46,169.51,1024,1024,SYNTHETIC,TRAIN_ONLY,https://www.kaggle.com/datasets/tielemarvin/european-license-plate-dataset-elpd,CC BY 4.0,https://creativecommons.org/licenses/by/4.0/,AI/PlateDetector/datasets/provenance/elpd/elpd_provenance.csv
elpd,filename_prefix_00471_.png,1,license-plate,license_plate,509.22,845.57,658.35,883.2,1536,1536,SYNTHETIC,TRAIN_ONLY,https://www.kaggle.com/datasets/tielemarvin/european-license-plate-dataset-elpd,CC BY 4.0,https://creativecommons.org/licenses/by/4.0/,AI/PlateDetector/datasets/provenance/elpd/elpd_provenance.csv
elpd,filename_prefix_00472_.png,1,license-plate,license_plate,463.48,632.01,556.74,655.91,1024,1024,SYNTHETIC,TRAIN_ONLY,https://www.kaggle.com/datasets/tielemarvin/european-license-plate-dataset-elpd,CC BY 4.0,https://creativecommons.org/licenses/by/4.0/,AI/PlateDetector/datasets/provenance/elpd/elpd_provenance.csv
elpd,filename_prefix_00473_.png,1,license-plate,license_plate,793.6,1155.82,1079.85,1238.09,1536,1536,SYNTHETIC,TRAIN_ONLY,https://www.kaggle.com/datasets/tielemarvin/european-license-plate-dataset-elpd,CC BY 4.0,https://creativecommons.org/licenses/by/4.0/,AI/PlateDetector/datasets/provenance/elpd/elpd_provenance.csv
elpd,filename_prefix_00474_.png,1,license-plate,license_plate,244.36,944.99,480.2,1010.95,1536,1536,SYNTHETIC,TRAIN_ONLY,https://www.kaggle.com/datasets/tielemarvin/european-license-plate-dataset-elpd,CC BY 4.0,https://creativecommons.org/licenses/by/4.0/,AI/PlateDetector/datasets/provenance/elpd/elpd_provenance.csv
elpd,filename_prefix_00475_.png,1,license-plate,license_plate,984.5,1013.92,1199.98,1119.69,1536,1536,SYNTHETIC,TRAIN_ONLY,https://www.kaggle.com/datasets/tielemarvin/european-license-plate-dataset-elpd,CC BY 4.0,https://creativecommons.org/licenses/by/4.0/,AI/PlateDetector/datasets/provenance/elpd/elpd_provenance.csv
elpd,filename_prefix_00476_.png,1,license-plate,license_plate,230.65,751.25,437.61,802.39,1024,1024,SYNTHETIC,TRAIN_ONLY,https://www.kaggle.com/datasets/tielemarvin/european-license-plate-dataset-elpd,CC BY 4.0,https://creativecommons.org/licenses/by/4.0/,AI/PlateDetector/datasets/provenance/elpd/elpd_provenance.csv
elpd,filename_prefix_00477_.png,1,license-plate,license_plate,931.95,705.51,1012.81,725.86,1536,1536,SYNTHETIC,TRAIN_ONLY,https://www.kaggle.com/datasets/tielemarvin/european-license-plate-dataset-elpd,CC BY 4.0,https://creativecommons.org/licenses/by/4.0/,AI/PlateDetector/datasets/provenance/elpd/elpd_provenance.csv
elpd,filename_prefix_00477_.png,2,license-plate,license_plate,0.0,1040.42,300.96,1117.42,1536,1536,SYNTHETIC,TRAIN_ONLY,https://www.kaggle.com/datasets/tielemarvin/european-license-plate-dataset-elpd,CC BY 4.0,https://creativecommons.org/licenses/by/4.0/,AI/PlateDetector/datasets/provenance/elpd/elpd_provenance.csv
elpd,filename_prefix_00478_.png,1,license-plate,license_plate,975.22,839.95,1062.1,861.5,1536,1536,SYNTHETIC,TRAIN_ONLY,https://www.kaggle.com/datasets/tielemarvin/european-license-plate-dataset-elpd,CC BY 4.0,https://creativecommons.org/licenses/by/4.0/,AI/PlateDetector/datasets/provenance/elpd/elpd_provenance.csv
elpd,filename_prefix_00478_.png,2,license-plate,license_plate,194.94,980.02,442.3,1040.7,1536,1536,SYNTHETIC,TRAIN_ONLY,https://www.kaggle.com/datasets/tielemarvin/european-license-plate-dataset-elpd,CC BY 4.0,https://creativecommons.org/licenses/by/4.0/,AI/PlateDetector/datasets/provenance/elpd/elpd_provenance.csv
elpd,filename_prefix_00479_.png,1,license-plate,license_plate,411.9,715.6,534.68,749.7,1024,1024,SYNTHETIC,TRAIN_ONLY,https://www.kaggle.com/datasets/tielemarvin/european-license-plate-dataset-elpd,CC BY 4.0,https://creativecommons.org/licenses/by/4.0/,AI/PlateDetector/datasets/provenance/elpd/elpd_provenance.csv
elpd,filename_prefix_00480_.png,1,license-plate,license_plate,574.03,783.63,867.64,857.87,1536,1536,SYNTHETIC,TRAIN_ONLY,https://www.kaggle.com/datasets/tielemarvin/european-license-plate-dataset-elpd,CC BY 4.0,https://creativecommons.org/licenses/by/4.0/,AI/PlateDetector/datasets/provenance/elpd/elpd_provenance.csv
elpd,filename_prefix_00481_.png,1,license-plate,license_plate,484.47,709.88,599.7,740.85,1024,1024,SYNTHETIC,TRAIN_ONLY,https://www.kaggle.com/datasets/tielemarvin/european-license-plate-dataset-elpd,CC BY 4.0,https://creativecommons.org/licenses/by/4.0/,AI/PlateDetector/datasets/provenance/elpd/elpd_provenance.csv
elpd,filename_prefix_00482_.png,1,license-plate,license_plate,1135.1,1104.6,1369.5,1171.6,1536,1536,SYNTHETIC,TRAIN_ONLY,https://www.kaggle.com/datasets/tielemarvin/european-license-plate-dataset-elpd,CC BY 4.0,https://creativecommons.org/licenses/by/4.0/,AI/PlateDetector/datasets/provenance/elpd/elpd_provenance.csv
elpd,filename_prefix_00483_.png,1,license-plate,license_plate,0.0,766.14,158.84,820.29,1024,1024,SYNTHETIC,TRAIN_ONLY,https://www.kaggle.com/datasets/tielemarvin/european-license-plate-dataset-elpd,CC BY 4.0,https://creativecommons.org/licenses/by/4.0/,AI/PlateDetector/datasets/provenance/elpd/elpd_provenance.csv
elpd,filename_prefix_00483_.png,2,license-plate,license_plate,752.18,451.87,823.47,473.84,1024,1024,SYNTHETIC,TRAIN_ONLY,https://www.kaggle.com/datasets/tielemarvin/european-license-plate-dataset-elpd,CC BY 4.0,https://creativecommons.org/licenses/by/4.0/,AI/PlateDetector/datasets/provenance/elpd/elpd_provenance.csv
elpd,filename_prefix_00484_.png,1,license-plate,license_plate,220.61,716.68,403.23,766.77,1024,1024,SYNTHETIC,TRAIN_ONLY,https://www.kaggle.com/datasets/tielemarvin/european-license-plate-dataset-elpd,CC BY 4.0,https://creativecommons.org/licenses/by/4.0/,AI/PlateDetector/datasets/provenance/elpd/elpd_provenance.csv
elpd,filename_prefix_00485_.png,1,license-plate,license_plate,756.6,661.51,973.15,719.05,1024,1024,SYNTHETIC,TRAIN_ONLY,https://www.kaggle.com/datasets/tielemarvin/european-license-plate-dataset-elpd,CC BY 4.0,https://creativecommons.org/licenses/by/4.0/,AI/PlateDetector/datasets/provenance/elpd/elpd_provenance.csv
elpd,filename_prefix_00486_.png,1,license-plate,license_plate,460.51,682.51,571.09,738.69,1024,1024,SYNTHETIC,TRAIN_ONLY,https://www.kaggle.com/datasets/tielemarvin/european-license-plate-dataset-elpd,CC BY 4.0,https://creativecommons.org/licenses/by/4.0/,AI/PlateDetector/datasets/provenance/elpd/elpd_provenance.csv
elpd,filename_prefix_00487_.png,1,license-plate,license_plate,210.3,1114.9,558.4,1209.87,1536,1536,SYNTHETIC,TRAIN_ONLY,https://www.kaggle.com/datasets/tielemarvin/european-license-plate-dataset-elpd,CC BY 4.0,https://creativecommons.org/licenses/by/4.0/,AI/PlateDetector/datasets/provenance/elpd/elpd_provenance.csv
elpd,filename_prefix_00487_.png,2,license-plate,license_plate,1268.57,1080.66,1345.74,1098.44,1536,1536,SYNTHETIC,TRAIN_ONLY,https://www.kaggle.com/datasets/tielemarvin/european-license-plate-dataset-elpd,CC BY 4.0,https://creativecommons.org/licenses/by/4.0/,AI/PlateDetector/datasets/provenance/elpd/elpd_provenance.csv
elpd,filename_prefix_00488_.png,1,license-plate,license_plate,809.85,607.2,902.25,636.28,1024,1024,SYNTHETIC,TRAIN_ONLY,https://www.kaggle.com/datasets/tielemarvin/european-license-plate-dataset-elpd,CC BY 4.0,https://creativecommons.org/licenses/by/4.0/,AI/PlateDetector/datasets/provenance/elpd/elpd_provenance.csv
elpd,filename_prefix_00488_.png,2,license-plate,license_plate,132.07,608.4,280.04,648.48,1024,1024,SYNTHETIC,TRAIN_ONLY,https://www.kaggle.com/datasets/tielemarvin/european-license-plate-dataset-elpd,CC BY 4.0,https://creativecommons.org/licenses/by/4.0/,AI/PlateDetector/datasets/provenance/elpd/elpd_provenance.csv
elpd,filename_prefix_00489_.png,1,license-plate,license_plate,402.85,1152.34,660.71,1216.0,1536,1536,SYNTHETIC,TRAIN_ONLY,https://www.kaggle.com/datasets/tielemarvin/european-license-plate-dataset-elpd,CC BY 4.0,https://creativecommons.org/licenses/by/4.0/,AI/PlateDetector/datasets/provenance/elpd/elpd_provenance.csv
elpd,filename_prefix_00490_.png,1,license-plate,license_plate,608.35,996.52,965.75,1079.39,1536,1536,SYNTHETIC,TRAIN_ONLY,https://www.kaggle.com/datasets/tielemarvin/european-license-plate-dataset-elpd,CC BY 4.0,https://creativecommons.org/licenses/by/4.0/,AI/PlateDetector/datasets/provenance/elpd/elpd_provenance.csv
elpd,filename_prefix_00491_.png,1,license-plate,license_plate,1384.86,651.82,1516.25,687.3,1536,1536,SYNTHETIC,TRAIN_ONLY,https://www.kaggle.com/datasets/tielemarvin/european-license-plate-dataset-elpd,CC BY 4.0,https://creativecommons.org/licenses/by/4.0/,AI/PlateDetector/datasets/provenance/elpd/elpd_provenance.csv
elpd,filename_prefix_00491_.png,2,license-plate,license_plate,189.13,871.11,497.13,949.99,1536,1536,SYNTHETIC,TRAIN_ONLY,https://www.kaggle.com/datasets/tielemarvin/european-license-plate-dataset-elpd,CC BY 4.0,https://creativecommons.org/licenses/by/4.0/,AI/PlateDetector/datasets/provenance/elpd/elpd_provenance.csv
elpd,filename_prefix_00492_.png,1,license-plate,license_plate,945.03,579.47,1024.0,609.03,1024,1024,SYNTHETIC,TRAIN_ONLY,https://www.kaggle.com/datasets/tielemarvin/european-license-plate-dataset-elpd,CC BY 4.0,https://creativecommons.org/licenses/by/4.0/,AI/PlateDetector/datasets/provenance/elpd/elpd_provenance.csv
elpd,filename_prefix_00492_.png,2,license-plate,license_plate,449.64,615.03,600.31,658.58,1024,1024,SYNTHETIC,TRAIN_ONLY,https://www.kaggle.com/datasets/tielemarvin/european-license-plate-dataset-elpd,CC BY 4.0,https://creativecommons.org/licenses/by/4.0/,AI/PlateDetector/datasets/provenance/elpd/elpd_provenance.csv
elpd,filename_prefix_00493_.png,1,license-plate,license_plate,837.6,1063.96,1153.57,1152.11,1536,1536,SYNTHETIC,TRAIN_ONLY,https://www.kaggle.com/datasets/tielemarvin/european-license-plate-dataset-elpd,CC BY 4.0,https://creativecommons.org/licenses/by/4.0/,AI/PlateDetector/datasets/provenance/elpd/elpd_provenance.csv
elpd,filename_prefix_00494_.png,1,license-plate,license_plate,1324.81,872.11,1397.54,895.35,1536,1536,SYNTHETIC,TRAIN_ONLY,https://www.kaggle.com/datasets/tielemarvin/european-license-plate-dataset-elpd,CC BY 4.0,https://creativecommons.org/licenses/by/4.0/,AI/PlateDetector/datasets/provenance/elpd/elpd_provenance.csv
elpd,filename_prefix_00494_.png,2,license-plate,license_plate,423.89,1007.56,667.42,1098.08,1536,1536,SYNTHETIC,TRAIN_ONLY,https://www.kaggle.com/datasets/tielemarvin/european-license-plate-dataset-elpd,CC BY 4.0,https://creativecommons.org/licenses/by/4.0/,AI/PlateDetector/datasets/provenance/elpd/elpd_provenance.csv
elpd,filename_prefix_00496_.png,1,license-plate,license_plate,1209.61,687.89,1341.0,762.33,1536,1536,SYNTHETIC,TRAIN_ONLY,https://www.kaggle.com/datasets/tielemarvin/european-license-plate-dataset-elpd,CC BY 4.0,https://creativecommons.org/licenses/by/4.0/,AI/PlateDetector/datasets/provenance/elpd/elpd_provenance.csv
elpd,filename_prefix_00496_.png,2,license-plate,license_plate,1184.77,487.33,1240.69,505.08,1536,1536,SYNTHETIC,TRAIN_ONLY,https://www.kaggle.com/datasets/tielemarvin/european-license-plate-dataset-elpd,CC BY 4.0,https://creativecommons.org/licenses/by/4.0/,AI/PlateDetector/datasets/provenance/elpd/elpd_provenance.csv
elpd,filename_prefix_00496_.png,3,license-plate,license_plate,87.17,1176.98,433.18,1411.1,1536,1536,SYNTHETIC,TRAIN_ONLY,https://www.kaggle.com/datasets/tielemarvin/european-license-plate-dataset-elpd,CC BY 4.0,https://creativecommons.org/licenses/by/4.0/,AI/PlateDetector/datasets/provenance/elpd/elpd_provenance.csv
elpd,filename_prefix_00497_.png,1,license-plate,license_plate,164.49,715.68,323.33,781.35,1024,1024,SYNTHETIC,TRAIN_ONLY,https://www.kaggle.com/datasets/tielemarvin/european-license-plate-dataset-elpd,CC BY 4.0,https://creativecommons.org/licenses/by/4.0/,AI/PlateDetector/datasets/provenance/elpd/elpd_provenance.csv
elpd,filename_prefix_00498_.png,1,license-plate,license_plate,574.69,1066.73,736.05,1130.68,1536,1536,SYNTHETIC,TRAIN_ONLY,https://www.kaggle.com/datasets/tielemarvin/european-license-plate-dataset-elpd,CC BY 4.0,https://creativecommons.org/licenses/by/4.0/,AI/PlateDetector/datasets/provenance/elpd/elpd_provenance.csv
elpd,filename_prefix_00498_.png,2,license-plate,license_plate,1281.35,979.24,1398.8,1019.0,1536,1536,SYNTHETIC,TRAIN_ONLY,https://www.kaggle.com/datasets/tielemarvin/european-license-plate-dataset-elpd,CC BY 4.0,https://creativecommons.org/licenses/by/4.0/,AI/PlateDetector/datasets/provenance/elpd/elpd_provenance.csv
elpd,filename_prefix_00499_.png,1,license-plate,license_plate,505.48,620.85,616.46,651.33,1024,1024,SYNTHETIC,TRAIN_ONLY,https://www.kaggle.com/datasets/tielemarvin/european-license-plate-dataset-elpd,CC BY 4.0,https://creativecommons.org/licenses/by/4.0/,AI/PlateDetector/datasets/provenance/elpd/elpd_provenance.csv
elpd,filename_prefix_00500_.png,1,license-plate,license_plate,142.7,669.4,366.53,762.57,1024,1024,SYNTHETIC,TRAIN_ONLY,https://www.kaggle.com/datasets/tielemarvin/european-license-plate-dataset-elpd,CC BY 4.0,https://creativecommons.org/licenses/by/4.0/,AI/PlateDetector/datasets/provenance/elpd/elpd_provenance.csv
elpd,filename_prefix_00501_.png,1,license-plate,license_plate,637.13,585.9,790.35,627.7,1024,1024,SYNTHETIC,TRAIN_ONLY,https://www.kaggle.com/datasets/tielemarvin/european-license-plate-dataset-elpd,CC BY 4.0,https://creativecommons.org/licenses/by/4.0/,AI/PlateDetector/datasets/provenance/elpd/elpd_provenance.csv
elpd,filename_prefix_00502_.png,1,license-plate,license_plate,419.48,645.64,597.95,691.66,1024,1024,SYNTHETIC,TRAIN_ONLY,https://www.kaggle.com/datasets/tielemarvin/european-license-plate-dataset-elpd,CC BY 4.0,https://creativecommons.org/licenses/by/4.0/,AI/PlateDetector/datasets/provenance/elpd/elpd_provenance.csv
elpd,filename_prefix_00503_.png,1,license-plate,license_plate,81.3,889.28,239.67,936.79,1536,1536,SYNTHETIC,TRAIN_ONLY,https://www.kaggle.com/datasets/tielemarvin/european-license-plate-dataset-elpd,CC BY 4.0,https://creativecommons.org/licenses/by/4.0/,AI/PlateDetector/datasets/provenance/elpd/elpd_provenance.csv
elpd,filename_prefix_00503_.png,2,license-plate,license_plate,754.41,905.56,936.99,959.8,1536,1536,SYNTHETIC,TRAIN_ONLY,https://www.kaggle.com/datasets/tielemarvin/european-license-plate-dataset-elpd,CC BY 4.0,https://creativecommons.org/licenses/by/4.0/,AI/PlateDetector/datasets/provenance/elpd/elpd_provenance.csv
elpd,filename_prefix_00503_.png,3,license-plate,license_plate,1331.92,852.46,1437.53,891.31,1536,1536,SYNTHETIC,TRAIN_ONLY,https://www.kaggle.com/datasets/tielemarvin/european-license-plate-dataset-elpd,CC BY 4.0,https://creativecommons.org/licenses/by/4.0/,AI/PlateDetector/datasets/provenance/elpd/elpd_provenance.csv
elpd,filename_prefix_00504_.png,1,license-plate,license_plate,380.12,706.94,528.48,749.75,1024,1024,SYNTHETIC,TRAIN_ONLY,https://www.kaggle.com/datasets/tielemarvin/european-license-plate-dataset-elpd,CC BY 4.0,https://creativecommons.org/licenses/by/4.0/,AI/PlateDetector/datasets/provenance/elpd/elpd_provenance.csv
elpd,filename_prefix_00505_.png,1,license-plate,license_plate,1102.2,800.15,1524.11,909.34,1536,1536,SYNTHETIC,TRAIN_ONLY,https://www.kaggle.com/datasets/tielemarvin/european-license-plate-dataset-elpd,CC BY 4.0,https://creativecommons.org/licenses/by/4.0/,AI/PlateDetector/datasets/provenance/elpd/elpd_provenance.csv
elpd,filename_prefix_00505_.png,2,license-plate,license_plate,424.84,658.56,504.21,676.36,1536,1536,SYNTHETIC,TRAIN_ONLY,https://www.kaggle.com/datasets/tielemarvin/european-license-plate-dataset-elpd,CC BY 4.0,https://creativecommons.org/licenses/by/4.0/,AI/PlateDetector/datasets/provenance/elpd/elpd_provenance.csv
elpd,filename_prefix_00506_.png,1,license-plate,license_plate,568.1,881.27,884.6,964.15,1536,1536,SYNTHETIC,TRAIN_ONLY,https://www.kaggle.com/datasets/tielemarvin/european-license-plate-dataset-elpd,CC BY 4.0,https://creativecommons.org/licenses/by/4.0/,AI/PlateDetector/datasets/provenance/elpd/elpd_provenance.csv
elpd,filename_prefix_00507_.png,1,license-plate,license_plate,881.94,910.04,1030.84,952.62,1536,1536,SYNTHETIC,TRAIN_ONLY,https://www.kaggle.com/datasets/tielemarvin/european-license-plate-dataset-elpd,CC BY 4.0,https://creativecommons.org/licenses/by/4.0/,AI/PlateDetector/datasets/provenance/elpd/elpd_provenance.csv
elpd,filename_prefix_00508_.png,1,license-plate,license_plate,613.54,624.28,770.03,671.59,1024,1024,SYNTHETIC,TRAIN_ONLY,https://www.kaggle.com/datasets/tielemarvin/european-license-plate-dataset-elpd,CC BY 4.0,https://creativecommons.org/licenses/by/4.0/,AI/PlateDetector/datasets/provenance/elpd/elpd_provenance.csv
elpd,filename_prefix_00509_.png,1,license-plate,license_plate,131.3,1059.7,349.8,1199.43,1536,1536,SYNTHETIC,TRAIN_ONLY,https://www.kaggle.com/datasets/tielemarvin/european-license-plate-dataset-elpd,CC BY 4.0,https://creativecommons.org/licenses/by/4.0/,AI/PlateDetector/datasets/provenance/elpd/elpd_provenance.csv
elpd,filename_prefix_00510_.png,1,license-plate,license_plate,387.65,710.18,534.16,753.05,1024,1024,SYNTHETIC,TRAIN_ONLY,https://www.kaggle.com/datasets/tielemarvin/european-license-plate-dataset-elpd,CC BY 4.0,https://creativecommons.org/licenses/by/4.0/,AI/PlateDetector/datasets/provenance/elpd/elpd_provenance.csv
elpd,filename_prefix_00511_.png,1,license-plate,license_plate,382.7,925.07,677.52,1011.04,1536,1536,SYNTHETIC,TRAIN_ONLY,https://www.kaggle.com/datasets/tielemarvin/european-license-plate-dataset-elpd,CC BY 4.0,https://creativecommons.org/licenses/by/4.0/,AI/PlateDetector/datasets/provenance/elpd/elpd_provenance.csv
elpd,filename_prefix_00512_.png,1,license-plate,license_plate,607.26,928.77,789.91,973.63,1536,1536,SYNTHETIC,TRAIN_ONLY,https://www.kaggle.com/datasets/tielemarvin/european-license-plate-dataset-elpd,CC BY 4.0,https://creativecommons.org/licenses/by/4.0/,AI/PlateDetector/datasets/provenance/elpd/elpd_provenance.csv
elpd,filename_prefix_00512_.png,2,license-plate,license_plate,1344.7,879.89,1454.8,907.13,1536,1536,SYNTHETIC,TRAIN_ONLY,https://www.kaggle.com/datasets/tielemarvin/european-license-plate-dataset-elpd,CC BY 4.0,https://creativecommons.org/licenses/by/4.0/,AI/PlateDetector/datasets/provenance/elpd/elpd_provenance.csv
elpd,filename_prefix_00513_.png,1,license-plate,license_plate,503.52,677.37,639.19,710.95,1024,1024,SYNTHETIC,TRAIN_ONLY,https://www.kaggle.com/datasets/tielemarvin/european-license-plate-dataset-elpd,CC BY 4.0,https://creativecommons.org/licenses/by/4.0/,AI/PlateDetector/datasets/provenance/elpd/elpd_provenance.csv
elpd,filename_prefix_00514_.png,1,license-plate,license_plate,1109.99,842.6,1255.3,896.07,1536,1536,SYNTHETIC,TRAIN_ONLY,https://www.kaggle.com/datasets/tielemarvin/european-license-plate-dataset-elpd,CC BY 4.0,https://creativecommons.org/licenses/by/4.0/,AI/PlateDetector/datasets/provenance/elpd/elpd_provenance.csv
elpd,filename_prefix_00514_.png,2,license-plate,license_plate,501.4,869.12,735.87,951.22,1536,1536,SYNTHETIC,TRAIN_ONLY,https://www.kaggle.com/datasets/tielemarvin/european-license-plate-dataset-elpd,CC BY 4.0,https://creativecommons.org/licenses/by/4.0/,AI/PlateDetector/datasets/provenance/elpd/elpd_provenance.csv
elpd,filename_prefix_00515_.png,1,license-plate,license_plate,332.12,437.1,399.95,453.29,1024,1024,SYNTHETIC,TRAIN_ONLY,https://www.kaggle.com/datasets/tielemarvin/european-license-plate-dataset-elpd,CC BY 4.0,https://creativecommons.org/licenses/by/4.0/,AI/PlateDetector/datasets/provenance/elpd/elpd_provenance.csv
elpd,filename_prefix_00515_.png,2,license-plate,license_plate,889.4,481.7,961.32,501.62,1024,1024,SYNTHETIC,TRAIN_ONLY,https://www.kaggle.com/datasets/tielemarvin/european-license-plate-dataset-elpd,CC BY 4.0,https://creativecommons.org/licenses/by/4.0/,AI/PlateDetector/datasets/provenance/elpd/elpd_provenance.csv
elpd,filename_prefix_00516_.png,1,license-plate,license_plate,520.05,594.07,700.31,657.4,1024,1024,SYNTHETIC,TRAIN_ONLY,https://www.kaggle.com/datasets/tielemarvin/european-license-plate-dataset-elpd,CC BY 4.0,https://creativecommons.org/licenses/by/4.0/,AI/PlateDetector/datasets/provenance/elpd/elpd_provenance.csv
elpd,filename_prefix_00517_.png,1,license-plate,license_plate,188.72,608.29,328.53,644.46,1024,1024,SYNTHETIC,TRAIN_ONLY,https://www.kaggle.com/datasets/tielemarvin/european-license-plate-dataset-elpd,CC BY 4.0,https://creativecommons.org/licenses/by/4.0/,AI/PlateDetector/datasets/provenance/elpd/elpd_provenance.csv
elpd,filename_prefix_00517_.png,2,license-plate,license_plate,888.42,566.64,958.85,582.53,1024,1024,SYNTHETIC,TRAIN_ONLY,https://www.kaggle.com/datasets/tielemarvin/european-license-plate-dataset-elpd,CC BY 4.0,https://creativecommons.org/licenses/by/4.0/,AI/PlateDetector/datasets/provenance/elpd/elpd_provenance.csv
elpd,filename_prefix_00518_.png,1,license-plate,license_plate,367.56,702.95,481.5,731.0,1024,1024,SYNTHETIC,TRAIN_ONLY,https://www.kaggle.com/datasets/tielemarvin/european-license-plate-dataset-elpd,CC BY 4.0,https://creativecommons.org/licenses/by/4.0/,AI/PlateDetector/datasets/provenance/elpd/elpd_provenance.csv
elpd,filename_prefix_00519_.png,1,license-plate,license_plate,994.76,835.03,1236.5,919.28,1536,1536,SYNTHETIC,TRAIN_ONLY,https://www.kaggle.com/datasets/tielemarvin/european-license-plate-dataset-elpd,CC BY 4.0,https://creativecommons.org/licenses/by/4.0/,AI/PlateDetector/datasets/provenance/elpd/elpd_provenance.csv
elpd,filename_prefix_00520_.png,1,license-plate,license_plate,332.76,610.76,502.28,669.08,1024,1024,SYNTHETIC,TRAIN_ONLY,https://www.kaggle.com/datasets/tielemarvin/european-license-plate-dataset-elpd,CC BY 4.0,https://creativecommons.org/licenses/by/4.0/,AI/PlateDetector/datasets/provenance/elpd/elpd_provenance.csv
elpd,filename_prefix_00521_.png,1,license-plate,license_plate,599.16,1065.23,756.38,1108.58,1536,1536,SYNTHETIC,TRAIN_ONLY,https://www.kaggle.com/datasets/tielemarvin/european-license-plate-dataset-elpd,CC BY 4.0,https://creativecommons.org/licenses/by/4.0/,AI/PlateDetector/datasets/provenance/elpd/elpd_provenance.csv
elpd,filename_prefix_00521_.png,2,license-plate,license_plate,1285.32,1054.61,1385.06,1078.7,1536,1536,SYNTHETIC,TRAIN_ONLY,https://www.kaggle.com/datasets/tielemarvin/european-license-plate-dataset-elpd,CC BY 4.0,https://creativecommons.org/licenses/by/4.0/,AI/PlateDetector/datasets/provenance/elpd/elpd_provenance.csv
elpd,filename_prefix_00522_.png,1,license-plate,license_plate,798.0,1016.22,1038.8,1075.72,1536,1536,SYNTHETIC,TRAIN_ONLY,https://www.kaggle.com/datasets/tielemarvin/european-license-plate-dataset-elpd,CC BY 4.0,https://creativecommons.org/licenses/by/4.0/,AI/PlateDetector/datasets/provenance/elpd/elpd_provenance.csv
elpd,filename_prefix_00523_.png,1,license-plate,license_plate,1068.57,749.05,1161.49,774.43,1536,1536,SYNTHETIC,TRAIN_ONLY,https://www.kaggle.com/datasets/tielemarvin/european-license-plate-dataset-elpd,CC BY 4.0,https://creativecommons.org/licenses/by/4.0/,AI/PlateDetector/datasets/provenance/elpd/elpd_provenance.csv
elpd,filename_prefix_00523_.png,2,license-plate,license_plate,334.64,963.46,565.95,1022.97,1536,1536,SYNTHETIC,TRAIN_ONLY,https://www.kaggle.com/datasets/tielemarvin/european-license-plate-dataset-elpd,CC BY 4.0,https://creativecommons.org/licenses/by/4.0/,AI/PlateDetector/datasets/provenance/elpd/elpd_provenance.csv
elpd,filename_prefix_00524_.png,1,license-plate,license_plate,380.89,791.95,557.77,843.24,1024,1024,SYNTHETIC,TRAIN_ONLY,https://www.kaggle.com/datasets/tielemarvin/european-license-plate-dataset-elpd,CC BY 4.0,https://creativecommons.org/licenses/by/4.0/,AI/PlateDetector/datasets/provenance/elpd/elpd_provenance.csv
elpd,filename_prefix_00525_.png,1,license-plate,license_plate,411.71,1090.35,697.29,1167.93,1536,1536,SYNTHETIC,TRAIN_ONLY,https://www.kaggle.com/datasets/tielemarvin/european-license-plate-dataset-elpd,CC BY 4.0,https://creativecommons.org/licenses/by/4.0/,AI/PlateDetector/datasets/provenance/elpd/elpd_provenance.csv
elpd,filename_prefix_00525_.png,2,license-plate,license_plate,1313.62,813.94,1435.52,841.92,1536,1536,SYNTHETIC,TRAIN_ONLY,https://www.kaggle.com/datasets/tielemarvin/european-license-plate-dataset-elpd,CC BY 4.0,https://creativecommons.org/licenses/by/4.0/,AI/PlateDetector/datasets/provenance/elpd/elpd_provenance.csv
elpd,filename_prefix_00527_.png,1,license-plate,license_plate,34.04,923.21,281.5,988.15,1536,1536,SYNTHETIC,TRAIN_ONLY,https://www.kaggle.com/datasets/tielemarvin/european-license-plate-dataset-elpd,CC BY 4.0,https://creativecommons.org/licenses/by/4.0/,AI/PlateDetector/datasets/provenance/elpd/elpd_provenance.csv
elpd,filename_prefix_00529_.png,1,license-plate,license_plate,418.08,825.6,544.1,856.11,1024,1024,SYNTHETIC,TRAIN_ONLY,https://www.kaggle.com/datasets/tielemarvin/european-license-plate-dataset-elpd,CC BY 4.0,https://creativecommons.org/licenses/by/4.0/,AI/PlateDetector/datasets/provenance/elpd/elpd_provenance.csv
elpd,filename_prefix_00530_.png,1,license-plate,license_plate,599.83,845.39,850.27,914.5,1536,1536,SYNTHETIC,TRAIN_ONLY,https://www.kaggle.com/datasets/tielemarvin/european-license-plate-dataset-elpd,CC BY 4.0,https://creativecommons.org/licenses/by/4.0/,AI/PlateDetector/datasets/provenance/elpd/elpd_provenance.csv
elpd,filename_prefix_00531_.png,1,license-plate,license_plate,480.48,516.59,634.48,554.79,1024,1024,SYNTHETIC,TRAIN_ONLY,https://www.kaggle.com/datasets/tielemarvin/european-license-plate-dataset-elpd,CC BY 4.0,https://creativecommons.org/licenses/by/4.0/,AI/PlateDetector/datasets/provenance/elpd/elpd_provenance.csv
elpd,filename_prefix_00532_.png,1,license-plate,license_plate,289.77,616.27,535.69,676.56,1024,1024,SYNTHETIC,TRAIN_ONLY,https://www.kaggle.com/datasets/tielemarvin/european-license-plate-dataset-elpd,CC BY 4.0,https://creativecommons.org/licenses/by/4.0/,AI/PlateDetector/datasets/provenance/elpd/elpd_provenance.csv
elpd,filename_prefix_00533_.png,1,license-plate,license_plate,408.08,614.1,523.0,667.93,1024,1024,SYNTHETIC,TRAIN_ONLY,https://www.kaggle.com/datasets/tielemarvin/european-license-plate-dataset-elpd,CC BY 4.0,https://creativecommons.org/licenses/by/4.0/,AI/PlateDetector/datasets/provenance/elpd/elpd_provenance.csv
elpd,filename_prefix_00534_.png,1,license-plate,license_plate,347.0,706.2,490.16,759.78,1024,1024,SYNTHETIC,TRAIN_ONLY,https://www.kaggle.com/datasets/tielemarvin/european-license-plate-dataset-elpd,CC BY 4.0,https://creativecommons.org/licenses/by/4.0/,AI/PlateDetector/datasets/provenance/elpd/elpd_provenance.csv
elpd,filename_prefix_00535_.png,1,license-plate,license_plate,385.76,881.28,643.92,944.88,1536,1536,SYNTHETIC,TRAIN_ONLY,https://www.kaggle.com/datasets/tielemarvin/european-license-plate-dataset-elpd,CC BY 4.0,https://creativecommons.org/licenses/by/4.0/,AI/PlateDetector/datasets/provenance/elpd/elpd_provenance.csv
elpd,filename_prefix_00536_.png,1,license-plate,license_plate,630.51,549.23,703.8,565.14,1024,1024,SYNTHETIC,TRAIN_ONLY,https://www.kaggle.com/datasets/tielemarvin/european-license-plate-dataset-elpd,CC BY 4.0,https://creativecommons.org/licenses/by/4.0/,AI/PlateDetector/datasets/provenance/elpd/elpd_provenance.csv
elpd,filename_prefix_00537_.png,1,license-plate,license_plate,101.92,739.91,210.52,770.51,1536,1536,SYNTHETIC,TRAIN_ONLY,https://www.kaggle.com/datasets/tielemarvin/european-license-plate-dataset-elpd,CC BY 4.0,https://creativecommons.org/licenses/by/4.0/,AI/PlateDetector/datasets/provenance/elpd/elpd_provenance.csv
elpd,filename_prefix_00537_.png,2,license-plate,license_plate,848.58,833.06,1084.0,892.0,1536,1536,SYNTHETIC,TRAIN_ONLY,https://www.kaggle.com/datasets/tielemarvin/european-license-plate-dataset-elpd,CC BY 4.0,https://creativecommons.org/licenses/by/4.0/,AI/PlateDetector/datasets/provenance/elpd/elpd_provenance.csv
elpd,filename_prefix_00538_.png,1,license-plate,license_plate,912.93,1123.69,1142.13,1205.17,1536,1536,SYNTHETIC,TRAIN_ONLY,https://www.kaggle.com/datasets/tielemarvin/european-license-plate-dataset-elpd,CC BY 4.0,https://creativecommons.org/licenses/by/4.0/,AI/PlateDetector/datasets/provenance/elpd/elpd_provenance.csv
elpd,filename_prefix_00539_.png,1,license-plate,license_plate,442.25,1120.03,676.05,1179.5,1536,1536,SYNTHETIC,TRAIN_ONLY,https://www.kaggle.com/datasets/tielemarvin/european-license-plate-dataset-elpd,CC BY 4.0,https://creativecommons.org/licenses/by/4.0/,AI/PlateDetector/datasets/provenance/elpd/elpd_provenance.csv
elpd,filename_prefix_00540_.png,1,license-plate,license_plate,402.82,861.95,746.63,936.03,1024,1024,SYNTHETIC,TRAIN_ONLY,https://www.kaggle.com/datasets/tielemarvin/european-license-plate-dataset-elpd,CC BY 4.0,https://creativecommons.org/licenses/by/4.0/,AI/PlateDetector/datasets/provenance/elpd/elpd_provenance.csv
elpd,filename_prefix_00541_.png,1,license-plate,license_plate,236.29,925.69,675.05,1051.9,1536,1536,SYNTHETIC,TRAIN_ONLY,https://www.kaggle.com/datasets/tielemarvin/european-license-plate-dataset-elpd,CC BY 4.0,https://creativecommons.org/licenses/by/4.0/,AI/PlateDetector/datasets/provenance/elpd/elpd_provenance.csv
elpd,filename_prefix_00541_.png,2,license-plate,license_plate,1147.06,412.92,1361.38,478.37,1536,1536,SYNTHETIC,TRAIN_ONLY,https://www.kaggle.com/datasets/tielemarvin/european-license-plate-dataset-elpd,CC BY 4.0,https://creativecommons.org/licenses/by/4.0/,AI/PlateDetector/datasets/provenance/elpd/elpd_provenance.csv
elpd,filename_prefix_00542_.png,1,license-plate,license_plate,492.6,690.81,768.85,766.09,1024,1024,SYNTHETIC,TRAIN_ONLY,https://www.kaggle.com/datasets/tielemarvin/european-license-plate-dataset-elpd,CC BY 4.0,https://creativecommons.org/licenses/by/4.0/,AI/PlateDetector/datasets/provenance/elpd/elpd_provenance.csv
elpd,filename_prefix_00543_.png,1,license-plate,license_plate,959.31,1055.55,1237.76,1192.54,1536,1536,SYNTHETIC,TRAIN_ONLY,https://www.kaggle.com/datasets/tielemarvin/european-license-plate-dataset-elpd,CC BY 4.0,https://creativecommons.org/licenses/by/4.0/,AI/PlateDetector/datasets/provenance/elpd/elpd_provenance.csv
elpd,filename_prefix_00544_.png,1,license-plate,license_plate,769.44,1050.27,940.4,1090.4,1536,1536,SYNTHETIC,TRAIN_ONLY,https://www.kaggle.com/datasets/tielemarvin/european-license-plate-dataset-elpd,CC BY 4.0,https://creativecommons.org/licenses/by/4.0/,AI/PlateDetector/datasets/provenance/elpd/elpd_provenance.csv
elpd,filename_prefix_00545_.png,1,license-plate,license_plate,482.77,679.24,586.01,705.91,1024,1024,SYNTHETIC,TRAIN_ONLY,https://www.kaggle.com/datasets/tielemarvin/european-license-plate-dataset-elpd,CC BY 4.0,https://creativecommons.org/licenses/by/4.0/,AI/PlateDetector/datasets/provenance/elpd/elpd_provenance.csv
elpd,filename_prefix_00546_.png,1,license-plate,license_plate,386.44,628.25,491.26,656.0,1024,1024,SYNTHETIC,TRAIN_ONLY,https://www.kaggle.com/datasets/tielemarvin/european-license-plate-dataset-elpd,CC BY 4.0,https://creativecommons.org/licenses/by/4.0/,AI/PlateDetector/datasets/provenance/elpd/elpd_provenance.csv
elpd,filename_prefix_00547_.png,1,license-plate,license_plate,1116.32,1089.68,1536.0,1263.14,1536,1536,SYNTHETIC,TRAIN_ONLY,https://www.kaggle.com/datasets/tielemarvin/european-license-plate-dataset-elpd,CC BY 4.0,https://creativecommons.org/licenses/by/4.0/,AI/PlateDetector/datasets/provenance/elpd/elpd_provenance.csv
elpd,filename_prefix_00547_.png,2,license-plate,license_plate,431.27,431.14,506.83,453.63,1536,1536,SYNTHETIC,TRAIN_ONLY,https://www.kaggle.com/datasets/tielemarvin/european-license-plate-dataset-elpd,CC BY 4.0,https://creativecommons.org/licenses/by/4.0/,AI/PlateDetector/datasets/provenance/elpd/elpd_provenance.csv
elpd,filename_prefix_00548_.png,1,license-plate,license_plate,709.98,385.48,778.2,404.4,1024,1024,SYNTHETIC,TRAIN_ONLY,https://www.kaggle.com/datasets/tielemarvin/european-license-plate-dataset-elpd,CC BY 4.0,https://creativecommons.org/licenses/by/4.0/,AI/PlateDetector/datasets/provenance/elpd/elpd_provenance.csv
elpd,filename_prefix_00548_.png,2,license-plate,license_plate,255.19,496.72,356.44,520.7,1024,1024,SYNTHETIC,TRAIN_ONLY,https://www.kaggle.com/datasets/tielemarvin/european-license-plate-dataset-elpd,CC BY 4.0,https://creativecommons.org/licenses/by/4.0/,AI/PlateDetector/datasets/provenance/elpd/elpd_provenance.csv
elpd,filename_prefix_00549_.png,1,license-plate,license_plate,479.6,544.68,644.82,589.3,1024,1024,SYNTHETIC,TRAIN_ONLY,https://www.kaggle.com/datasets/tielemarvin/european-license-plate-dataset-elpd,CC BY 4.0,https://creativecommons.org/licenses/by/4.0/,AI/PlateDetector/datasets/provenance/elpd/elpd_provenance.csv
elpd,filename_prefix_00549_.png,2,license-plate,license_plate,84.03,451.99,181.29,476.64,1024,1024,SYNTHETIC,TRAIN_ONLY,https://www.kaggle.com/datasets/tielemarvin/european-license-plate-dataset-elpd,CC BY 4.0,https://creativecommons.org/licenses/by/4.0/,AI/PlateDetector/datasets/provenance/elpd/elpd_provenance.csv
elpd,filename_prefix_00551_.png,1,license-plate,license_plate,583.39,1145.9,1083.74,1274.46,1536,1536,SYNTHETIC,TRAIN_ONLY,https://www.kaggle.com/datasets/tielemarvin/european-license-plate-dataset-elpd,CC BY 4.0,https://creativecommons.org/licenses/by/4.0/,AI/PlateDetector/datasets/provenance/elpd/elpd_provenance.csv
elpd,filename_prefix_00552_.png,1,license-plate,license_plate,0.02,909.53,372.36,1011.21,1024,1024,SYNTHETIC,TRAIN_ONLY,https://www.kaggle.com/datasets/tielemarvin/european-license-plate-dataset-elpd,CC BY 4.0,https://creativecommons.org/licenses/by/4.0/,AI/PlateDetector/datasets/provenance/elpd/elpd_provenance.csv
elpd,filename_prefix_00553_.png,1,license-plate,license_plate,1008.35,1009.56,1227.05,1077.17,1536,1536,SYNTHETIC,TRAIN_ONLY,https://www.kaggle.com/datasets/tielemarvin/european-license-plate-dataset-elpd,CC BY 4.0,https://creativecommons.org/licenses/by/4.0/,AI/PlateDetector/datasets/provenance/elpd/elpd_provenance.csv
elpd,filename_prefix_00554_.png,1,license-plate,license_plate,627.43,761.68,1012.19,861.28,1536,1536,SYNTHETIC,TRAIN_ONLY,https://www.kaggle.com/datasets/tielemarvin/european-license-plate-dataset-elpd,CC BY 4.0,https://creativecommons.org/licenses/by/4.0/,AI/PlateDetector/datasets/provenance/elpd/elpd_provenance.csv
elpd,filename_prefix_00555_.png,1,license-plate,license_plate,693.39,1000.44,867.5,1091.05,1536,1536,SYNTHETIC,TRAIN_ONLY,https://www.kaggle.com/datasets/tielemarvin/european-license-plate-dataset-elpd,CC BY 4.0,https://creativecommons.org/licenses/by/4.0/,AI/PlateDetector/datasets/provenance/elpd/elpd_provenance.csv
elpd,filename_prefix_00556_.png,1,license-plate,license_plate,477.19,536.94,656.26,584.1,1024,1024,SYNTHETIC,TRAIN_ONLY,https://www.kaggle.com/datasets/tielemarvin/european-license-plate-dataset-elpd,CC BY 4.0,https://creativecommons.org/licenses/by/4.0/,AI/PlateDetector/datasets/provenance/elpd/elpd_provenance.csv
elpd,filename_prefix_00557_.png,1,license-plate,license_plate,1286.24,595.26,1385.8,622.8,1536,1536,SYNTHETIC,TRAIN_ONLY,https://www.kaggle.com/datasets/tielemarvin/european-license-plate-dataset-elpd,CC BY 4.0,https://creativecommons.org/licenses/by/4.0/,AI/PlateDetector/datasets/provenance/elpd/elpd_provenance.csv
elpd,filename_prefix_00558_.png,1,license-plate,license_plate,463.6,616.13,622.01,656.9,1024,1024,SYNTHETIC,TRAIN_ONLY,https://www.kaggle.com/datasets/tielemarvin/european-license-plate-dataset-elpd,CC BY 4.0,https://creativecommons.org/licenses/by/4.0/,AI/PlateDetector/datasets/provenance/elpd/elpd_provenance.csv
elpd,filename_prefix_00559_.png,1,license-plate,license_plate,1218.55,738.37,1536.0,875.61,1536,1536,SYNTHETIC,TRAIN_ONLY,https://www.kaggle.com/datasets/tielemarvin/european-license-plate-dataset-elpd,CC BY 4.0,https://creativecommons.org/licenses/by/4.0/,AI/PlateDetector/datasets/provenance/elpd/elpd_provenance.csv
elpd,filename_prefix_00560_.png,1,license-plate,license_plate,643.31,1175.27,799.62,1214.56,1536,1536,SYNTHETIC,TRAIN_ONLY,https://www.kaggle.com/datasets/tielemarvin/european-license-plate-dataset-elpd,CC BY 4.0,https://creativecommons.org/licenses/by/4.0/,AI/PlateDetector/datasets/provenance/elpd/elpd_provenance.csv
elpd,filename_prefix_00561_.png,1,license-plate,license_plate,936.96,495.5,1018.65,518.62,1024,1024,SYNTHETIC,TRAIN_ONLY,https://www.kaggle.com/datasets/tielemarvin/european-license-plate-dataset-elpd,CC BY 4.0,https://creativecommons.org/licenses/by/4.0/,AI/PlateDetector/datasets/provenance/elpd/elpd_provenance.csv
elpd,filename_prefix_00561_.png,2,license-plate,license_plate,435.95,807.26,668.69,873.7,1024,1024,SYNTHETIC,TRAIN_ONLY,https://www.kaggle.com/datasets/tielemarvin/european-license-plate-dataset-elpd,CC BY 4.0,https://creativecommons.org/licenses/by/4.0/,AI/PlateDetector/datasets/provenance/elpd/elpd_provenance.csv
elpd,filename_prefix_00562_.png,1,license-plate,license_plate,809.74,546.8,989.79,598.39,1024,1024,SYNTHETIC,TRAIN_ONLY,https://www.kaggle.com/datasets/tielemarvin/european-license-plate-dataset-elpd,CC BY 4.0,https://creativecommons.org/licenses/by/4.0/,AI/PlateDetector/datasets/provenance/elpd/elpd_provenance.csv
elpd,filename_prefix_00563_.png,1,license-plate,license_plate,624.67,1132.29,900.4,1203.0,1536,1536,SYNTHETIC,TRAIN_ONLY,https://www.kaggle.com/datasets/tielemarvin/european-license-plate-dataset-elpd,CC BY 4.0,https://creativecommons.org/licenses/by/4.0/,AI/PlateDetector/datasets/provenance/elpd/elpd_provenance.csv
elpd,filename_prefix_00564_.png,1,license-plate,license_plate,436.92,692.54,608.19,735.87,1024,1024,SYNTHETIC,TRAIN_ONLY,https://www.kaggle.com/datasets/tielemarvin/european-license-plate-dataset-elpd,CC BY 4.0,https://creativecommons.org/licenses/by/4.0/,AI/PlateDetector/datasets/provenance/elpd/elpd_provenance.csv
elpd,filename_prefix_00565_.png,1,license-plate,license_plate,271.1,706.28,449.6,755.3,1024,1024,SYNTHETIC,TRAIN_ONLY,https://www.kaggle.com/datasets/tielemarvin/european-license-plate-dataset-elpd,CC BY 4.0,https://creativecommons.org/licenses/by/4.0/,AI/PlateDetector/datasets/provenance/elpd/elpd_provenance.csv
elpd,filename_prefix_00565_.png,2,license-plate,license_plate,933.15,548.44,1024.0,568.92,1024,1024,SYNTHETIC,TRAIN_ONLY,https://www.kaggle.com/datasets/tielemarvin/european-license-plate-dataset-elpd,CC BY 4.0,https://creativecommons.org/licenses/by/4.0/,AI/PlateDetector/datasets/provenance/elpd/elpd_provenance.csv
elpd,filename_prefix_00566_.png,1,license-plate,license_plate,922.25,731.96,1024.0,780.0,1024,1024,SYNTHETIC,TRAIN_ONLY,https://www.kaggle.com/datasets/tielemarvin/european-license-plate-dataset-elpd,CC BY 4.0,https://creativecommons.org/licenses/by/4.0/,AI/PlateDetector/datasets/provenance/elpd/elpd_provenance.csv
elpd,filename_prefix_00566_.png,2,license-plate,license_plate,351.23,494.9,430.4,519.32,1024,1024,SYNTHETIC,TRAIN_ONLY,https://www.kaggle.com/datasets/tielemarvin/european-license-plate-dataset-elpd,CC BY 4.0,https://creativecommons.org/licenses/by/4.0/,AI/PlateDetector/datasets/provenance/elpd/elpd_provenance.csv
elpd,filename_prefix_00567_.png,1,license-plate,license_plate,816.59,895.02,1099.52,976.6,1536,1536,SYNTHETIC,TRAIN_ONLY,https://www.kaggle.com/datasets/tielemarvin/european-license-plate-dataset-elpd,CC BY 4.0,https://creativecommons.org/licenses/by/4.0/,AI/PlateDetector/datasets/provenance/elpd/elpd_provenance.csv
elpd,filename_prefix_00568_.png,1,license-plate,license_plate,51.61,623.97,243.21000000000004,676.5,1024,1024,SYNTHETIC,TRAIN_ONLY,https://www.kaggle.com/datasets/tielemarvin/european-license-plate-dataset-elpd,CC BY 4.0,https://creativecommons.org/licenses/by/4.0/,AI/PlateDetector/datasets/provenance/elpd/elpd_provenance.csv
elpd,filename_prefix_00569_.png,1,license-plate,license_plate,868.92,1139.0,1059.7,1208.92,1536,1536,SYNTHETIC,TRAIN_ONLY,https://www.kaggle.com/datasets/tielemarvin/european-license-plate-dataset-elpd,CC BY 4.0,https://creativecommons.org/licenses/by/4.0/,AI/PlateDetector/datasets/provenance/elpd/elpd_provenance.csv
elpd,filename_prefix_00570_.png,1,license-plate,license_plate,577.91,1053.43,839.41,1117.03,1536,1536,SYNTHETIC,TRAIN_ONLY,https://www.kaggle.com/datasets/tielemarvin/european-license-plate-dataset-elpd,CC BY 4.0,https://creativecommons.org/licenses/by/4.0/,AI/PlateDetector/datasets/provenance/elpd/elpd_provenance.csv
elpd,filename_prefix_00571_.png,1,license-plate,license_plate,808.29,722.57,907.21,757.59,1536,1536,SYNTHETIC,TRAIN_ONLY,https://www.kaggle.com/datasets/tielemarvin/european-license-plate-dataset-elpd,CC BY 4.0,https://creativecommons.org/licenses/by/4.0/,AI/PlateDetector/datasets/provenance/elpd/elpd_provenance.csv
elpd,filename_prefix_00573_.png,1,license-plate,license_plate,342.23,859.15,429.16,877.19,1536,1536,SYNTHETIC,TRAIN_ONLY,https://www.kaggle.com/datasets/tielemarvin/european-license-plate-dataset-elpd,CC BY 4.0,https://creativecommons.org/licenses/by/4.0/,AI/PlateDetector/datasets/provenance/elpd/elpd_provenance.csv
elpd,filename_prefix_00573_.png,2,license-plate,license_plate,946.73,1019.72,1147.56,1071.22,1536,1536,SYNTHETIC,TRAIN_ONLY,https://www.kaggle.com/datasets/tielemarvin/european-license-plate-dataset-elpd,CC BY 4.0,https://creativecommons.org/licenses/by/4.0/,AI/PlateDetector/datasets/provenance/elpd/elpd_provenance.csv
elpd,filename_prefix_00574_.png,1,license-plate,license_plate,224.41,896.36,571.8,1003.0,1536,1536,SYNTHETIC,TRAIN_ONLY,https://www.kaggle.com/datasets/tielemarvin/european-license-plate-dataset-elpd,CC BY 4.0,https://creativecommons.org/licenses/by/4.0/,AI/PlateDetector/datasets/provenance/elpd/elpd_provenance.csv
elpd,filename_prefix_00575_.png,1,license-plate,license_plate,618.76,724.24,794.56,782.57,1024,1024,SYNTHETIC,TRAIN_ONLY,https://www.kaggle.com/datasets/tielemarvin/european-license-plate-dataset-elpd,CC BY 4.0,https://creativecommons.org/licenses/by/4.0/,AI/PlateDetector/datasets/provenance/elpd/elpd_provenance.csv
elpd,filename_prefix_00576_.png,1,license-plate,license_plate,818.2,862.2,1001.08,912.22,1536,1536,SYNTHETIC,TRAIN_ONLY,https://www.kaggle.com/datasets/tielemarvin/european-license-plate-dataset-elpd,CC BY 4.0,https://creativecommons.org/licenses/by/4.0/,AI/PlateDetector/datasets/provenance/elpd/elpd_provenance.csv
elpd,filename_prefix_00576_.png,2,license-plate,license_plate,258.3,748.34,358.22,773.2,1536,1536,SYNTHETIC,TRAIN_ONLY,https://www.kaggle.com/datasets/tielemarvin/european-license-plate-dataset-elpd,CC BY 4.0,https://creativecommons.org/licenses/by/4.0/,AI/PlateDetector/datasets/provenance/elpd/elpd_provenance.csv
elpd,filename_prefix_00577_.png,1,license-plate,license_plate,822.24,580.7,976.38,619.27,1024,1024,SYNTHETIC,TRAIN_ONLY,https://www.kaggle.com/datasets/tielemarvin/european-license-plate-dataset-elpd,CC BY 4.0,https://creativecommons.org/licenses/by/4.0/,AI/PlateDetector/datasets/provenance/elpd/elpd_provenance.csv
elpd,filename_prefix_00578_.png,1,license-plate,license_plate,350.61,457.84,486.6,500.69,1024,1024,SYNTHETIC,TRAIN_ONLY,https://www.kaggle.com/datasets/tielemarvin/european-license-plate-dataset-elpd,CC BY 4.0,https://creativecommons.org/licenses/by/4.0/,AI/PlateDetector/datasets/provenance/elpd/elpd_provenance.csv
elpd,filename_prefix_00579_.png,1,license-plate,license_plate,1209.91,838.67,1352.8,871.2,1536,1536,SYNTHETIC,TRAIN_ONLY,https://www.kaggle.com/datasets/tielemarvin/european-license-plate-dataset-elpd,CC BY 4.0,https://creativecommons.org/licenses/by/4.0/,AI/PlateDetector/datasets/provenance/elpd/elpd_provenance.csv
elpd,filename_prefix_00579_.png,2,license-plate,license_plate,229.93,869.51,398.47,921.01,1536,1536,SYNTHETIC,TRAIN_ONLY,https://www.kaggle.com/datasets/tielemarvin/european-license-plate-dataset-elpd,CC BY 4.0,https://creativecommons.org/licenses/by/4.0/,AI/PlateDetector/datasets/provenance/elpd/elpd_provenance.csv
elpd,filename_prefix_00580_.png,1,license-plate,license_plate,633.98,748.66,781.01,797.21,1024,1024,SYNTHETIC,TRAIN_ONLY,https://www.kaggle.com/datasets/tielemarvin/european-license-plate-dataset-elpd,CC BY 4.0,https://creativecommons.org/licenses/by/4.0/,AI/PlateDetector/datasets/provenance/elpd/elpd_provenance.csv
elpd,filename_prefix_00581_.png,1,license-plate,license_plate,406.63,606.23,578.94,656.79,1024,1024,SYNTHETIC,TRAIN_ONLY,https://www.kaggle.com/datasets/tielemarvin/european-license-plate-dataset-elpd,CC BY 4.0,https://creativecommons.org/licenses/by/4.0/,AI/PlateDetector/datasets/provenance/elpd/elpd_provenance.csv
elpd,filename_prefix_00582_.png,1,license-plate,license_plate,243.56,639.0,363.8,676.7,1024,1024,SYNTHETIC,TRAIN_ONLY,https://www.kaggle.com/datasets/tielemarvin/european-license-plate-dataset-elpd,CC BY 4.0,https://creativecommons.org/licenses/by/4.0/,AI/PlateDetector/datasets/provenance/elpd/elpd_provenance.csv
elpd,filename_prefix_00583_.png,1,license-plate,license_plate,727.73,946.34,802.86,963.65,1536,1536,SYNTHETIC,TRAIN_ONLY,https://www.kaggle.com/datasets/tielemarvin/european-license-plate-dataset-elpd,CC BY 4.0,https://creativecommons.org/licenses/by/4.0/,AI/PlateDetector/datasets/provenance/elpd/elpd_provenance.csv
elpd,filename_prefix_00584_.png,1,license-plate,license_plate,646.89,521.47,813.33,567.12,1024,1024,SYNTHETIC,TRAIN_ONLY,https://www.kaggle.com/datasets/tielemarvin/european-license-plate-dataset-elpd,CC BY 4.0,https://creativecommons.org/licenses/by/4.0/,AI/PlateDetector/datasets/provenance/elpd/elpd_provenance.csv
elpd,filename_prefix_00585_.png,1,license-plate,license_plate,261.12,1232.47,524.35,1320.22,1536,1536,SYNTHETIC,TRAIN_ONLY,https://www.kaggle.com/datasets/tielemarvin/european-license-plate-dataset-elpd,CC BY 4.0,https://creativecommons.org/licenses/by/4.0/,AI/PlateDetector/datasets/provenance/elpd/elpd_provenance.csv
elpd,filename_prefix_00585_.png,2,license-plate,license_plate,1404.37,790.25,1535.63,826.95,1536,1536,SYNTHETIC,TRAIN_ONLY,https://www.kaggle.com/datasets/tielemarvin/european-license-plate-dataset-elpd,CC BY 4.0,https://creativecommons.org/licenses/by/4.0/,AI/PlateDetector/datasets/provenance/elpd/elpd_provenance.csv
elpd,filename_prefix_00586_.png,1,license-plate,license_plate,720.43,1120.38,977.39,1218.86,1536,1536,SYNTHETIC,TRAIN_ONLY,https://www.kaggle.com/datasets/tielemarvin/european-license-plate-dataset-elpd,CC BY 4.0,https://creativecommons.org/licenses/by/4.0/,AI/PlateDetector/datasets/provenance/elpd/elpd_provenance.csv
elpd,filename_prefix_00587_.png,1,license-plate,license_plate,524.24,1066.9,656.04,1102.8,1536,1536,SYNTHETIC,TRAIN_ONLY,https://www.kaggle.com/datasets/tielemarvin/european-license-plate-dataset-elpd,CC BY 4.0,https://creativecommons.org/licenses/by/4.0/,AI/PlateDetector/datasets/provenance/elpd/elpd_provenance.csv
elpd,filename_prefix_00588_.png,1,license-plate,license_plate,582.01,588.03,721.12,646.93,1024,1024,SYNTHETIC,TRAIN_ONLY,https://www.kaggle.com/datasets/tielemarvin/european-license-plate-dataset-elpd,CC BY 4.0,https://creativecommons.org/licenses/by/4.0/,AI/PlateDetector/datasets/provenance/elpd/elpd_provenance.csv
elpd,filename_prefix_00589_.png,1,license-plate,license_plate,90.02,1234.81,276.62,1312.46,1536,1536,SYNTHETIC,TRAIN_ONLY,https://www.kaggle.com/datasets/tielemarvin/european-license-plate-dataset-elpd,CC BY 4.0,https://creativecommons.org/licenses/by/4.0/,AI/PlateDetector/datasets/provenance/elpd/elpd_provenance.csv
elpd,filename_prefix_00589_.png,2,license-plate,license_plate,1227.57,1050.46,1317.92,1080.34,1536,1536,SYNTHETIC,TRAIN_ONLY,https://www.kaggle.com/datasets/tielemarvin/european-license-plate-dataset-elpd,CC BY 4.0,https://creativecommons.org/licenses/by/4.0/,AI/PlateDetector/datasets/provenance/elpd/elpd_provenance.csv
elpd,filename_prefix_00590_.png,1,license-plate,license_plate,1322.74,591.07,1426.21,618.29,1536,1536,SYNTHETIC,TRAIN_ONLY,https://www.kaggle.com/datasets/tielemarvin/european-license-plate-dataset-elpd,CC BY 4.0,https://creativecommons.org/licenses/by/4.0/,AI/PlateDetector/datasets/provenance/elpd/elpd_provenance.csv
elpd,filename_prefix_00590_.png,2,license-plate,license_plate,597.71,1023.95,955.52,1107.19,1536,1536,SYNTHETIC,TRAIN_ONLY,https://www.kaggle.com/datasets/tielemarvin/european-license-plate-dataset-elpd,CC BY 4.0,https://creativecommons.org/licenses/by/4.0/,AI/PlateDetector/datasets/provenance/elpd/elpd_provenance.csv
elpd,filename_prefix_00591_.png,1,license-plate,license_plate,0.0,373.42,82.72,399.05,1024,1024,SYNTHETIC,TRAIN_ONLY,https://www.kaggle.com/datasets/tielemarvin/european-license-plate-dataset-elpd,CC BY 4.0,https://creativecommons.org/licenses/by/4.0/,AI/PlateDetector/datasets/provenance/elpd/elpd_provenance.csv
elpd,filename_prefix_00591_.png,2,license-plate,license_plate,417.12,371.53,498.39,394.87,1024,1024,SYNTHETIC,TRAIN_ONLY,https://www.kaggle.com/datasets/tielemarvin/european-license-plate-dataset-elpd,CC BY 4.0,https://creativecommons.org/licenses/by/4.0/,AI/PlateDetector/datasets/provenance/elpd/elpd_provenance.csv
elpd,filename_prefix_00592_.png,1,license-plate,license_plate,359.97,1220.75,620.75,1295.24,1536,1536,SYNTHETIC,TRAIN_ONLY,https://www.kaggle.com/datasets/tielemarvin/european-license-plate-dataset-elpd,CC BY 4.0,https://creativecommons.org/licenses/by/4.0/,AI/PlateDetector/datasets/provenance/elpd/elpd_provenance.csv
elpd,filename_prefix_00593_.png,1,license-plate,license_plate,35.83,752.72,231.35,806.67,1024,1024,SYNTHETIC,TRAIN_ONLY,https://www.kaggle.com/datasets/tielemarvin/european-license-plate-dataset-elpd,CC BY 4.0,https://creativecommons.org/licenses/by/4.0/,AI/PlateDetector/datasets/provenance/elpd/elpd_provenance.csv
elpd,filename_prefix_00594_.png,1,license-plate,license_plate,167.1,765.5,410.8,839.9,1024,1024,SYNTHETIC,TRAIN_ONLY,https://www.kaggle.com/datasets/tielemarvin/european-license-plate-dataset-elpd,CC BY 4.0,https://creativecommons.org/licenses/by/4.0/,AI/PlateDetector/datasets/provenance/elpd/elpd_provenance.csv
elpd,filename_prefix_00595_.png,1,license-plate,license_plate,644.79,1049.48,883.55,1123.05,1536,1536,SYNTHETIC,TRAIN_ONLY,https://www.kaggle.com/datasets/tielemarvin/european-license-plate-dataset-elpd,CC BY 4.0,https://creativecommons.org/licenses/by/4.0/,AI/PlateDetector/datasets/provenance/elpd/elpd_provenance.csv
elpd,filename_prefix_00595_.png,2,license-plate,license_plate,1109.0,800.9,1203.0,828.9,1536,1536,SYNTHETIC,TRAIN_ONLY,https://www.kaggle.com/datasets/tielemarvin/european-license-plate-dataset-elpd,CC BY 4.0,https://creativecommons.org/licenses/by/4.0/,AI/PlateDetector/datasets/provenance/elpd/elpd_provenance.csv
elpd,filename_prefix_00596_.png,1,license-plate,license_plate,260.06,642.01,497.38,713.13,1024,1024,SYNTHETIC,TRAIN_ONLY,https://www.kaggle.com/datasets/tielemarvin/european-license-plate-dataset-elpd,CC BY 4.0,https://creativecommons.org/licenses/by/4.0/,AI/PlateDetector/datasets/provenance/elpd/elpd_provenance.csv
elpd,filename_prefix_00597_.png,1,license-plate,license_plate,823.75,533.36,976.56,572.16,1024,1024,SYNTHETIC,TRAIN_ONLY,https://www.kaggle.com/datasets/tielemarvin/european-license-plate-dataset-elpd,CC BY 4.0,https://creativecommons.org/licenses/by/4.0/,AI/PlateDetector/datasets/provenance/elpd/elpd_provenance.csv
elpd,filename_prefix_00598_.png,1,license-plate,license_plate,477.08,584.34,687.18,641.1,1024,1024,SYNTHETIC,TRAIN_ONLY,https://www.kaggle.com/datasets/tielemarvin/european-license-plate-dataset-elpd,CC BY 4.0,https://creativecommons.org/licenses/by/4.0/,AI/PlateDetector/datasets/provenance/elpd/elpd_provenance.csv
elpd,filename_prefix_00598_.png,2,license-plate,license_plate,949.06,397.96,1024.0,420.3,1024,1024,SYNTHETIC,TRAIN_ONLY,https://www.kaggle.com/datasets/tielemarvin/european-license-plate-dataset-elpd,CC BY 4.0,https://creativecommons.org/licenses/by/4.0/,AI/PlateDetector/datasets/provenance/elpd/elpd_provenance.csv
elpd,filename_prefix_00599_.png,1,license-plate,license_plate,917.18,1012.82,1167.12,1087.96,1536,1536,SYNTHETIC,TRAIN_ONLY,https://www.kaggle.com/datasets/tielemarvin/european-license-plate-dataset-elpd,CC BY 4.0,https://creativecommons.org/licenses/by/4.0/,AI/PlateDetector/datasets/provenance/elpd/elpd_provenance.csv
elpd,filename_prefix_00600_.png,1,license-plate,license_plate,600.4,957.7,924.0,1051.2,1536,1536,SYNTHETIC,TRAIN_ONLY,https://www.kaggle.com/datasets/tielemarvin/european-license-plate-dataset-elpd,CC BY 4.0,https://creativecommons.org/licenses/by/4.0/,AI/PlateDetector/datasets/provenance/elpd/elpd_provenance.csv
elpd,filename_prefix_00600_.png,2,license-plate,license_plate,109.68,687.99,281.25,727.73,1536,1536,SYNTHETIC,TRAIN_ONLY,https://www.kaggle.com/datasets/tielemarvin/european-license-plate-dataset-elpd,CC BY 4.0,https://creativecommons.org/licenses/by/4.0/,AI/PlateDetector/datasets/provenance/elpd/elpd_provenance.csv
elpd,filename_prefix_00601_.png,1,license-plate,license_plate,759.24,989.23,861.86,1017.96,1536,1536,SYNTHETIC,TRAIN_ONLY,https://www.kaggle.com/datasets/tielemarvin/european-license-plate-dataset-elpd,CC BY 4.0,https://creativecommons.org/licenses/by/4.0/,AI/PlateDetector/datasets/provenance/elpd/elpd_provenance.csv
elpd,filename_prefix_00602_.png,1,license-plate,license_plate,600.36,1113.12,936.12,1190.21,1536,1536,SYNTHETIC,TRAIN_ONLY,https://www.kaggle.com/datasets/tielemarvin/european-license-plate-dataset-elpd,CC BY 4.0,https://creativecommons.org/licenses/by/4.0/,AI/PlateDetector/datasets/provenance/elpd/elpd_provenance.csv
elpd,filename_prefix_00603_.png,1,license-plate,license_plate,37.3,499.3,144.9,529.8,1024,1024,SYNTHETIC,TRAIN_ONLY,https://www.kaggle.com/datasets/tielemarvin/european-license-plate-dataset-elpd,CC BY 4.0,https://creativecommons.org/licenses/by/4.0/,AI/PlateDetector/datasets/provenance/elpd/elpd_provenance.csv
elpd,filename_prefix_00603_.png,2,license-plate,license_plate,456.6,592.8,664.8,645.37,1024,1024,SYNTHETIC,TRAIN_ONLY,https://www.kaggle.com/datasets/tielemarvin/european-license-plate-dataset-elpd,CC BY 4.0,https://creativecommons.org/licenses/by/4.0/,AI/PlateDetector/datasets/provenance/elpd/elpd_provenance.csv
elpd,filename_prefix_00604_.png,1,license-plate,license_plate,682.38,1233.82,988.58,1323.44,1536,1536,SYNTHETIC,TRAIN_ONLY,https://www.kaggle.com/datasets/tielemarvin/european-license-plate-dataset-elpd,CC BY 4.0,https://creativecommons.org/licenses/by/4.0/,AI/PlateDetector/datasets/provenance/elpd/elpd_provenance.csv
elpd,filename_prefix_00605_.png,1,license-plate,license_plate,778.0,849.2,924.06,895.34,1536,1536,SYNTHETIC,TRAIN_ONLY,https://www.kaggle.com/datasets/tielemarvin/european-license-plate-dataset-elpd,CC BY 4.0,https://creativecommons.org/licenses/by/4.0/,AI/PlateDetector/datasets/provenance/elpd/elpd_provenance.csv
elpd,filename_prefix_00606_.png,1,license-plate,license_plate,388.33,783.14,585.85,830.9,1024,1024,SYNTHETIC,TRAIN_ONLY,https://www.kaggle.com/datasets/tielemarvin/european-license-plate-dataset-elpd,CC BY 4.0,https://creativecommons.org/licenses/by/4.0/,AI/PlateDetector/datasets/provenance/elpd/elpd_provenance.csv
elpd,filename_prefix_00607_.png,1,license-plate,license_plate,560.6,833.99,871.68,909.13,1536,1536,SYNTHETIC,TRAIN_ONLY,https://www.kaggle.com/datasets/tielemarvin/european-license-plate-dataset-elpd,CC BY 4.0,https://creativecommons.org/licenses/by/4.0/,AI/PlateDetector/datasets/provenance/elpd/elpd_provenance.csv
elpd,filename_prefix_00608_.png,1,license-plate,license_plate,381.83,588.74,571.06,631.56,1024,1024,SYNTHETIC,TRAIN_ONLY,https://www.kaggle.com/datasets/tielemarvin/european-license-plate-dataset-elpd,CC BY 4.0,https://creativecommons.org/licenses/by/4.0/,AI/PlateDetector/datasets/provenance/elpd/elpd_provenance.csv
elpd,filename_prefix_00609_.png,1,license-plate,license_plate,570.38,420.5,689.4,460.2,1024,1024,SYNTHETIC,TRAIN_ONLY,https://www.kaggle.com/datasets/tielemarvin/european-license-plate-dataset-elpd,CC BY 4.0,https://creativecommons.org/licenses/by/4.0/,AI/PlateDetector/datasets/provenance/elpd/elpd_provenance.csv
elpd,filename_prefix_00610_.png,1,license-plate,license_plate,1188.28,818.66,1266.6,838.9,1536,1536,SYNTHETIC,TRAIN_ONLY,https://www.kaggle.com/datasets/tielemarvin/european-license-plate-dataset-elpd,CC BY 4.0,https://creativecommons.org/licenses/by/4.0/,AI/PlateDetector/datasets/provenance/elpd/elpd_provenance.csv
elpd,filename_prefix_00610_.png,2,license-plate,license_plate,187.89,1155.92,387.89,1249.04,1536,1536,SYNTHETIC,TRAIN_ONLY,https://www.kaggle.com/datasets/tielemarvin/european-license-plate-dataset-elpd,CC BY 4.0,https://creativecommons.org/licenses/by/4.0/,AI/PlateDetector/datasets/provenance/elpd/elpd_provenance.csv
elpd,filename_prefix_00611_.png,1,license-plate,license_plate,259.5,506.25,425.62,550.67,1024,1024,SYNTHETIC,TRAIN_ONLY,https://www.kaggle.com/datasets/tielemarvin/european-license-plate-dataset-elpd,CC BY 4.0,https://creativecommons.org/licenses/by/4.0/,AI/PlateDetector/datasets/provenance/elpd/elpd_provenance.csv
elpd,filename_prefix_00612_.png,1,license-plate,license_plate,387.29,675.77,552.89,717.56,1024,1024,SYNTHETIC,TRAIN_ONLY,https://www.kaggle.com/datasets/tielemarvin/european-license-plate-dataset-elpd,CC BY 4.0,https://creativecommons.org/licenses/by/4.0/,AI/PlateDetector/datasets/provenance/elpd/elpd_provenance.csv
elpd,filename_prefix_00613_.png,1,license-plate,license_plate,375.35,590.17,546.12,630.3,1024,1024,SYNTHETIC,TRAIN_ONLY,https://www.kaggle.com/datasets/tielemarvin/european-license-plate-dataset-elpd,CC BY 4.0,https://creativecommons.org/licenses/by/4.0/,AI/PlateDetector/datasets/provenance/elpd/elpd_provenance.csv
elpd,filename_prefix_00614_.png,1,license-plate,license_plate,402.51,861.54,584.78,911.29,1024,1024,SYNTHETIC,TRAIN_ONLY,https://www.kaggle.com/datasets/tielemarvin/european-license-plate-dataset-elpd,CC BY 4.0,https://creativecommons.org/licenses/by/4.0/,AI/PlateDetector/datasets/provenance/elpd/elpd_provenance.csv
elpd,filename_prefix_00615_.png,1,license-plate,license_plate,0.84,902.17,185.52,1023.94,1536,1536,SYNTHETIC,TRAIN_ONLY,https://www.kaggle.com/datasets/tielemarvin/european-license-plate-dataset-elpd,CC BY 4.0,https://creativecommons.org/licenses/by/4.0/,AI/PlateDetector/datasets/provenance/elpd/elpd_provenance.csv
elpd,filename_prefix_00616_.png,1,license-plate,license_plate,617.42,1053.2,819.16,1147.42,1536,1536,SYNTHETIC,TRAIN_ONLY,https://www.kaggle.com/datasets/tielemarvin/european-license-plate-dataset-elpd,CC BY 4.0,https://creativecommons.org/licenses/by/4.0/,AI/PlateDetector/datasets/provenance/elpd/elpd_provenance.csv
elpd,filename_prefix_00617_.png,1,license-plate,license_plate,492.7,889.71,701.67,942.3,1536,1536,SYNTHETIC,TRAIN_ONLY,https://www.kaggle.com/datasets/tielemarvin/european-license-plate-dataset-elpd,CC BY 4.0,https://creativecommons.org/licenses/by/4.0/,AI/PlateDetector/datasets/provenance/elpd/elpd_provenance.csv
elpd,filename_prefix_00617_.png,2,license-plate,license_plate,1382.94,933.4,1536.0,987.45,1536,1536,SYNTHETIC,TRAIN_ONLY,https://www.kaggle.com/datasets/tielemarvin/european-license-plate-dataset-elpd,CC BY 4.0,https://creativecommons.org/licenses/by/4.0/,AI/PlateDetector/datasets/provenance/elpd/elpd_provenance.csv
elpd,filename_prefix_00618_.png,1,license-plate,license_plate,608.25,1110.78,858.95,1237.27,1536,1536,SYNTHETIC,TRAIN_ONLY,https://www.kaggle.com/datasets/tielemarvin/european-license-plate-dataset-elpd,CC BY 4.0,https://creativecommons.org/licenses/by/4.0/,AI/PlateDetector/datasets/provenance/elpd/elpd_provenance.csv
elpd,filename_prefix_00619_.png,1,license-plate,license_plate,164.84,708.37,324.81,755.53,1024,1024,SYNTHETIC,TRAIN_ONLY,https://www.kaggle.com/datasets/tielemarvin/european-license-plate-dataset-elpd,CC BY 4.0,https://creativecommons.org/licenses/by/4.0/,AI/PlateDetector/datasets/provenance/elpd/elpd_provenance.csv
elpd,filename_prefix_00620_.png,1,license-plate,license_plate,1130.95,982.8,1308.98,1055.63,1536,1536,SYNTHETIC,TRAIN_ONLY,https://www.kaggle.com/datasets/tielemarvin/european-license-plate-dataset-elpd,CC BY 4.0,https://creativecommons.org/licenses/by/4.0/,AI/PlateDetector/datasets/provenance/elpd/elpd_provenance.csv
elpd,filename_prefix_00621_.png,1,license-plate,license_plate,1369.2,975.81,1486.55,1005.67,1536,1536,SYNTHETIC,TRAIN_ONLY,https://www.kaggle.com/datasets/tielemarvin/european-license-plate-dataset-elpd,CC BY 4.0,https://creativecommons.org/licenses/by/4.0/,AI/PlateDetector/datasets/provenance/elpd/elpd_provenance.csv
elpd,filename_prefix_00621_.png,2,license-plate,license_plate,579.5,1171.3,803.11,1242.5,1536,1536,SYNTHETIC,TRAIN_ONLY,https://www.kaggle.com/datasets/tielemarvin/european-license-plate-dataset-elpd,CC BY 4.0,https://creativecommons.org/licenses/by/4.0/,AI/PlateDetector/datasets/provenance/elpd/elpd_provenance.csv
elpd,filename_prefix_00622_.png,1,license-plate,license_plate,318.77,647.44,436.69,683.32,1024,1024,SYNTHETIC,TRAIN_ONLY,https://www.kaggle.com/datasets/tielemarvin/european-license-plate-dataset-elpd,CC BY 4.0,https://creativecommons.org/licenses/by/4.0/,AI/PlateDetector/datasets/provenance/elpd/elpd_provenance.csv
elpd,filename_prefix_00622_.png,2,license-plate,license_plate,869.21,468.85,940.91,485.1,1024,1024,SYNTHETIC,TRAIN_ONLY,https://www.kaggle.com/datasets/tielemarvin/european-license-plate-dataset-elpd,CC BY 4.0,https://creativecommons.org/licenses/by/4.0/,AI/PlateDetector/datasets/provenance/elpd/elpd_provenance.csv
elpd,filename_prefix_00623_.png,1,license-plate,license_plate,560.49,1007.13,776.67,1056.9,1536,1536,SYNTHETIC,TRAIN_ONLY,https://www.kaggle.com/datasets/tielemarvin/european-license-plate-dataset-elpd,CC BY 4.0,https://creativecommons.org/licenses/by/4.0/,AI/PlateDetector/datasets/provenance/elpd/elpd_provenance.csv
elpd,filename_prefix_00624_.png,1,license-plate,license_plate,468.29,685.98,586.59,722.97,1024,1024,SYNTHETIC,TRAIN_ONLY,https://www.kaggle.com/datasets/tielemarvin/european-license-plate-dataset-elpd,CC BY 4.0,https://creativecommons.org/licenses/by/4.0/,AI/PlateDetector/datasets/provenance/elpd/elpd_provenance.csv
elpd,filename_prefix_00625_.png,1,license-plate,license_plate,341.42,586.28,464.6,618.3,1024,1024,SYNTHETIC,TRAIN_ONLY,https://www.kaggle.com/datasets/tielemarvin/european-license-plate-dataset-elpd,CC BY 4.0,https://creativecommons.org/licenses/by/4.0/,AI/PlateDetector/datasets/provenance/elpd/elpd_provenance.csv
elpd,filename_prefix_00626_.png,1,license-plate,license_plate,1107.22,1159.38,1258.3,1262.14,1536,1536,SYNTHETIC,TRAIN_ONLY,https://www.kaggle.com/datasets/tielemarvin/european-license-plate-dataset-elpd,CC BY 4.0,https://creativecommons.org/licenses/by/4.0/,AI/PlateDetector/datasets/provenance/elpd/elpd_provenance.csv
elpd,filename_prefix_00627_.png,1,license-plate,license_plate,680.62,767.7,868.92,813.67,1024,1024,SYNTHETIC,TRAIN_ONLY,https://www.kaggle.com/datasets/tielemarvin/european-license-plate-dataset-elpd,CC BY 4.0,https://creativecommons.org/licenses/by/4.0/,AI/PlateDetector/datasets/provenance/elpd/elpd_provenance.csv
elpd,filename_prefix_00628_.png,1,license-plate,license_plate,823.5,270.41,953.9,302.75,1024,1024,SYNTHETIC,TRAIN_ONLY,https://www.kaggle.com/datasets/tielemarvin/european-license-plate-dataset-elpd,CC BY 4.0,https://creativecommons.org/licenses/by/4.0/,AI/PlateDetector/datasets/provenance/elpd/elpd_provenance.csv
elpd,filename_prefix_00628_.png,2,license-plate,license_plate,0.0,544.79,167.44,625.4,1024,1024,SYNTHETIC,TRAIN_ONLY,https://www.kaggle.com/datasets/tielemarvin/european-license-plate-dataset-elpd,CC BY 4.0,https://creativecommons.org/licenses/by/4.0/,AI/PlateDetector/datasets/provenance/elpd/elpd_provenance.csv
elpd,filename_prefix_00628_.png,3,license-plate,license_plate,822.11,192.21,954.38,224.55,1024,1024,SYNTHETIC,TRAIN_ONLY,https://www.kaggle.com/datasets/tielemarvin/european-license-plate-dataset-elpd,CC BY 4.0,https://creativecommons.org/licenses/by/4.0/,AI/PlateDetector/datasets/provenance/elpd/elpd_provenance.csv
elpd,filename_prefix_00629_.png,1,license-plate,license_plate,315.79,723.49,483.45,772.55,1024,1024,SYNTHETIC,TRAIN_ONLY,https://www.kaggle.com/datasets/tielemarvin/european-license-plate-dataset-elpd,CC BY 4.0,https://creativecommons.org/licenses/by/4.0/,AI/PlateDetector/datasets/provenance/elpd/elpd_provenance.csv
elpd,filename_prefix_00630_.png,1,license-plate,license_plate,352.86,743.47,669.81,825.24,1024,1024,SYNTHETIC,TRAIN_ONLY,https://www.kaggle.com/datasets/tielemarvin/european-license-plate-dataset-elpd,CC BY 4.0,https://creativecommons.org/licenses/by/4.0/,AI/PlateDetector/datasets/provenance/elpd/elpd_provenance.csv
elpd,filename_prefix_00631_.png,1,license-plate,license_plate,395.91,568.77,509.73,600.86,1536,1536,SYNTHETIC,TRAIN_ONLY,https://www.kaggle.com/datasets/tielemarvin/european-license-plate-dataset-elpd,CC BY 4.0,https://creativecommons.org/licenses/by/4.0/,AI/PlateDetector/datasets/provenance/elpd/elpd_provenance.csv
elpd,filename_prefix_00631_.png,2,license-plate,license_plate,657.14,850.66,972.07,932.5,1536,1536,SYNTHETIC,TRAIN_ONLY,https://www.kaggle.com/datasets/tielemarvin/european-license-plate-dataset-elpd,CC BY 4.0,https://creativecommons.org/licenses/by/4.0/,AI/PlateDetector/datasets/provenance/elpd/elpd_provenance.csv
elpd,filename_prefix_00632_.png,1,license-plate,license_plate,1306.1,807.19,1397.15,831.11,1536,1536,SYNTHETIC,TRAIN_ONLY,https://www.kaggle.com/datasets/tielemarvin/european-license-plate-dataset-elpd,CC BY 4.0,https://creativecommons.org/licenses/by/4.0/,AI/PlateDetector/datasets/provenance/elpd/elpd_provenance.csv
elpd,filename_prefix_00632_.png,2,license-plate,license_plate,736.65,866.4,865.05,901.42,1536,1536,SYNTHETIC,TRAIN_ONLY,https://www.kaggle.com/datasets/tielemarvin/european-license-plate-dataset-elpd,CC BY 4.0,https://creativecommons.org/licenses/by/4.0/,AI/PlateDetector/datasets/provenance/elpd/elpd_provenance.csv
elpd,filename_prefix_00633_.png,1,license-plate,license_plate,729.91,1095.3,889.78,1135.82,1536,1536,SYNTHETIC,TRAIN_ONLY,https://www.kaggle.com/datasets/tielemarvin/european-license-plate-dataset-elpd,CC BY 4.0,https://creativecommons.org/licenses/by/4.0/,AI/PlateDetector/datasets/provenance/elpd/elpd_provenance.csv
elpd,filename_prefix_00634_.png,1,license-plate,license_plate,1414.82,751.91,1530.97,779.58,1536,1536,SYNTHETIC,TRAIN_ONLY,https://www.kaggle.com/datasets/tielemarvin/european-license-plate-dataset-elpd,CC BY 4.0,https://creativecommons.org/licenses/by/4.0/,AI/PlateDetector/datasets/provenance/elpd/elpd_provenance.csv
elpd,filename_prefix_00634_.png,2,license-plate,license_plate,177.77,866.97,360.35,925.15,1536,1536,SYNTHETIC,TRAIN_ONLY,https://www.kaggle.com/datasets/tielemarvin/european-license-plate-dataset-elpd,CC BY 4.0,https://creativecommons.org/licenses/by/4.0/,AI/PlateDetector/datasets/provenance/elpd/elpd_provenance.csv
elpd,filename_prefix_00635_.png,1,license-plate,license_plate,339.1,670.74,570.51,735.44,1024,1024,SYNTHETIC,TRAIN_ONLY,https://www.kaggle.com/datasets/tielemarvin/european-license-plate-dataset-elpd,CC BY 4.0,https://creativecommons.org/licenses/by/4.0/,AI/PlateDetector/datasets/provenance/elpd/elpd_provenance.csv
elpd,filename_prefix_00636_.png,1,license-plate,license_plate,565.4,1169.6,771.28,1227.64,1536,1536,SYNTHETIC,TRAIN_ONLY,https://www.kaggle.com/datasets/tielemarvin/european-license-plate-dataset-elpd,CC BY 4.0,https://creativecommons.org/licenses/by/4.0/,AI/PlateDetector/datasets/provenance/elpd/elpd_provenance.csv
elpd,filename_prefix_00637_.png,1,license-plate,license_plate,1197.79,483.74,1332.3,521.2,1536,1536,SYNTHETIC,TRAIN_ONLY,https://www.kaggle.com/datasets/tielemarvin/european-license-plate-dataset-elpd,CC BY 4.0,https://creativecommons.org/licenses/by/4.0/,AI/PlateDetector/datasets/provenance/elpd/elpd_provenance.csv
elpd,filename_prefix_00637_.png,2,license-plate,license_plate,308.14,813.88,664.5,906.08,1536,1536,SYNTHETIC,TRAIN_ONLY,https://www.kaggle.com/datasets/tielemarvin/european-license-plate-dataset-elpd,CC BY 4.0,https://creativecommons.org/licenses/by/4.0/,AI/PlateDetector/datasets/provenance/elpd/elpd_provenance.csv
elpd,filename_prefix_00638_.png,1,license-plate,license_plate,385.7,603.1,603.24,656.35,1024,1024,SYNTHETIC,TRAIN_ONLY,https://www.kaggle.com/datasets/tielemarvin/european-license-plate-dataset-elpd,CC BY 4.0,https://creativecommons.org/licenses/by/4.0/,AI/PlateDetector/datasets/provenance/elpd/elpd_provenance.csv
elpd,filename_prefix_00639_.png,1,license-plate,license_plate,894.82,1155.8,1112.2,1209.7,1536,1536,SYNTHETIC,TRAIN_ONLY,https://www.kaggle.com/datasets/tielemarvin/european-license-plate-dataset-elpd,CC BY 4.0,https://creativecommons.org/licenses/by/4.0/,AI/PlateDetector/datasets/provenance/elpd/elpd_provenance.csv
elpd,filename_prefix_00640_.png,1,license-plate,license_plate,652.1,655.18,761.34,708.24,1024,1024,SYNTHETIC,TRAIN_ONLY,https://www.kaggle.com/datasets/tielemarvin/european-license-plate-dataset-elpd,CC BY 4.0,https://creativecommons.org/licenses/by/4.0/,AI/PlateDetector/datasets/provenance/elpd/elpd_provenance.csv
elpd,filename_prefix_00641_.png,1,license-plate,license_plate,852.57,584.8,936.41,602.22,1024,1024,SYNTHETIC,TRAIN_ONLY,https://www.kaggle.com/datasets/tielemarvin/european-license-plate-dataset-elpd,CC BY 4.0,https://creativecommons.org/licenses/by/4.0/,AI/PlateDetector/datasets/provenance/elpd/elpd_provenance.csv
elpd,filename_prefix_00641_.png,2,license-plate,license_plate,244.11,705.92,462.6,751.3,1024,1024,SYNTHETIC,TRAIN_ONLY,https://www.kaggle.com/datasets/tielemarvin/european-license-plate-dataset-elpd,CC BY 4.0,https://creativecommons.org/licenses/by/4.0/,AI/PlateDetector/datasets/provenance/elpd/elpd_provenance.csv
elpd,filename_prefix_00642_.png,1,license-plate,license_plate,782.91,907.12,1135.13,1011.85,1536,1536,SYNTHETIC,TRAIN_ONLY,https://www.kaggle.com/datasets/tielemarvin/european-license-plate-dataset-elpd,CC BY 4.0,https://creativecommons.org/licenses/by/4.0/,AI/PlateDetector/datasets/provenance/elpd/elpd_provenance.csv
elpd,filename_prefix_00643_.png,1,license-plate,license_plate,545.23,590.75,677.21,643.81,1024,1024,SYNTHETIC,TRAIN_ONLY,https://www.kaggle.com/datasets/tielemarvin/european-license-plate-dataset-elpd,CC BY 4.0,https://creativecommons.org/licenses/by/4.0/,AI/PlateDetector/datasets/provenance/elpd/elpd_provenance.csv
elpd,filename_prefix_00644_.png,1,license-plate,license_plate,426.85,511.94,608.36,556.27,1024,1024,SYNTHETIC,TRAIN_ONLY,https://www.kaggle.com/datasets/tielemarvin/european-license-plate-dataset-elpd,CC BY 4.0,https://creativecommons.org/licenses/by/4.0/,AI/PlateDetector/datasets/provenance/elpd/elpd_provenance.csv
elpd,filename_prefix_00645_.png,1,license-plate,license_plate,915.0,515.55,992.44,534.29,1024,1024,SYNTHETIC,TRAIN_ONLY,https://www.kaggle.com/datasets/tielemarvin/european-license-plate-dataset-elpd,CC BY 4.0,https://creativecommons.org/licenses/by/4.0/,AI/PlateDetector/datasets/provenance/elpd/elpd_provenance.csv
elpd,filename_prefix_00645_.png,2,license-plate,license_plate,154.56,617.55,292.78,655.45,1024,1024,SYNTHETIC,TRAIN_ONLY,https://www.kaggle.com/datasets/tielemarvin/european-license-plate-dataset-elpd,CC BY 4.0,https://creativecommons.org/licenses/by/4.0/,AI/PlateDetector/datasets/provenance/elpd/elpd_provenance.csv
elpd,filename_prefix_00646_.png,1,license-plate,license_plate,485.19,727.05,652.32,797.49,1024,1024,SYNTHETIC,TRAIN_ONLY,https://www.kaggle.com/datasets/tielemarvin/european-license-plate-dataset-elpd,CC BY 4.0,https://creativecommons.org/licenses/by/4.0/,AI/PlateDetector/datasets/provenance/elpd/elpd_provenance.csv
elpd,filename_prefix_00647_.png,1,license-plate,license_plate,496.56,876.3,983.3,1059.48,1536,1536,SYNTHETIC,TRAIN_ONLY,https://www.kaggle.com/datasets/tielemarvin/european-license-plate-dataset-elpd,CC BY 4.0,https://creativecommons.org/licenses/by/4.0/,AI/PlateDetector/datasets/provenance/elpd/elpd_provenance.csv
elpd,filename_prefix_00648_.png,1,license-plate,license_plate,541.95,997.5,795.76,1073.33,1536,1536,SYNTHETIC,TRAIN_ONLY,https://www.kaggle.com/datasets/tielemarvin/european-license-plate-dataset-elpd,CC BY 4.0,https://creativecommons.org/licenses/by/4.0/,AI/PlateDetector/datasets/provenance/elpd/elpd_provenance.csv
elpd,filename_prefix_00648_.png,2,license-plate,license_plate,1324.59,673.28,1409.34,692.82,1536,1536,SYNTHETIC,TRAIN_ONLY,https://www.kaggle.com/datasets/tielemarvin/european-license-plate-dataset-elpd,CC BY 4.0,https://creativecommons.org/licenses/by/4.0/,AI/PlateDetector/datasets/provenance/elpd/elpd_provenance.csv
elpd,filename_prefix_00649_.png,1,license-plate,license_plate,730.83,1196.47,903.98,1263.0,1536,1536,SYNTHETIC,TRAIN_ONLY,https://www.kaggle.com/datasets/tielemarvin/european-license-plate-dataset-elpd,CC BY 4.0,https://creativecommons.org/licenses/by/4.0/,AI/PlateDetector/datasets/provenance/elpd/elpd_provenance.csv
elpd,filename_prefix_00650_.png,1,license-plate,license_plate,175.4,1015.28,359.22,1082.97,1536,1536,SYNTHETIC,TRAIN_ONLY,https://www.kaggle.com/datasets/tielemarvin/european-license-plate-dataset-elpd,CC BY 4.0,https://creativecommons.org/licenses/by/4.0/,AI/PlateDetector/datasets/provenance/elpd/elpd_provenance.csv
elpd,filename_prefix_00650_.png,2,license-plate,license_plate,1406.96,1056.07,1536.0,1128.14,1536,1536,SYNTHETIC,TRAIN_ONLY,https://www.kaggle.com/datasets/tielemarvin/european-license-plate-dataset-elpd,CC BY 4.0,https://creativecommons.org/licenses/by/4.0/,AI/PlateDetector/datasets/provenance/elpd/elpd_provenance.csv
elpd,filename_prefix_00651_.png,1,license-plate,license_plate,198.04,615.65,306.32,643.82,1024,1024,SYNTHETIC,TRAIN_ONLY,https://www.kaggle.com/datasets/tielemarvin/european-license-plate-dataset-elpd,CC BY 4.0,https://creativecommons.org/licenses/by/4.0/,AI/PlateDetector/datasets/provenance/elpd/elpd_provenance.csv
elpd,filename_prefix_00651_.png,2,license-plate,license_plate,707.0,618.28,806.6,638.5,1024,1024,SYNTHETIC,TRAIN_ONLY,https://www.kaggle.com/datasets/tielemarvin/european-license-plate-dataset-elpd,CC BY 4.0,https://creativecommons.org/licenses/by/4.0/,AI/PlateDetector/datasets/provenance/elpd/elpd_provenance.csv
elpd,filename_prefix_00652_.png,1,license-plate,license_plate,180.95,951.7,409.85,1064.99,1536,1536,SYNTHETIC,TRAIN_ONLY,https://www.kaggle.com/datasets/tielemarvin/european-license-plate-dataset-elpd,CC BY 4.0,https://creativecommons.org/licenses/by/4.0/,AI/PlateDetector/datasets/provenance/elpd/elpd_provenance.csv
elpd,filename_prefix_00653_.png,1,license-plate,license_plate,266.59,540.3,384.62,573.68,1536,1536,SYNTHETIC,TRAIN_ONLY,https://www.kaggle.com/datasets/tielemarvin/european-license-plate-dataset-elpd,CC BY 4.0,https://creativecommons.org/licenses/by/4.0/,AI/PlateDetector/datasets/provenance/elpd/elpd_provenance.csv
elpd,filename_prefix_00653_.png,2,license-plate,license_plate,692.16,894.94,967.31,963.72,1536,1536,SYNTHETIC,TRAIN_ONLY,https://www.kaggle.com/datasets/tielemarvin/european-license-plate-dataset-elpd,CC BY 4.0,https://creativecommons.org/licenses/by/4.0/,AI/PlateDetector/datasets/provenance/elpd/elpd_provenance.csv
elpd,filename_prefix_00654_.png,1,license-plate,license_plate,412.7,599.66,551.73,633.6,1024,1024,SYNTHETIC,TRAIN_ONLY,https://www.kaggle.com/datasets/tielemarvin/european-license-plate-dataset-elpd,CC BY 4.0,https://creativecommons.org/licenses/by/4.0/,AI/PlateDetector/datasets/provenance/elpd/elpd_provenance.csv
elpd,filename_prefix_00655_.png,1,license-plate,license_plate,302.2,1159.2,475.13,1219.55,1536,1536,SYNTHETIC,TRAIN_ONLY,https://www.kaggle.com/datasets/tielemarvin/european-license-plate-dataset-elpd,CC BY 4.0,https://creativecommons.org/licenses/by/4.0/,AI/PlateDetector/datasets/provenance/elpd/elpd_provenance.csv
elpd,filename_prefix_00656_.png,1,license-plate,license_plate,491.08,691.19,617.47,726.79,1024,1024,SYNTHETIC,TRAIN_ONLY,https://www.kaggle.com/datasets/tielemarvin/european-license-plate-dataset-elpd,CC BY 4.0,https://creativecommons.org/licenses/by/4.0/,AI/PlateDetector/datasets/provenance/elpd/elpd_provenance.csv
elpd,filename_prefix_00657_.png,1,license-plate,license_plate,562.9,589.5,712.59,638.43,1024,1024,SYNTHETIC,TRAIN_ONLY,https://www.kaggle.com/datasets/tielemarvin/european-license-plate-dataset-elpd,CC BY 4.0,https://creativecommons.org/licenses/by/4.0/,AI/PlateDetector/datasets/provenance/elpd/elpd_provenance.csv
elpd,filename_prefix_00658_.png,1,license-plate,license_plate,1211.7,1084.47,1449.27,1146.32,1536,1536,SYNTHETIC,TRAIN_ONLY,https://www.kaggle.com/datasets/tielemarvin/european-license-plate-dataset-elpd,CC BY 4.0,https://creativecommons.org/licenses/by/4.0/,AI/PlateDetector/datasets/provenance/elpd/elpd_provenance.csv
elpd,filename_prefix_00659_.png,1,license-plate,license_plate,284.13,716.42,402.43,764.59,1024,1024,SYNTHETIC,TRAIN_ONLY,https://www.kaggle.com/datasets/tielemarvin/european-license-plate-dataset-elpd,CC BY 4.0,https://creativecommons.org/licenses/by/4.0/,AI/PlateDetector/datasets/provenance/elpd/elpd_provenance.csv
elpd,filename_prefix_00660_.png,1,license-plate,license_plate,243.03,638.2,431.1,689.03,1024,1024,SYNTHETIC,TRAIN_ONLY,https://www.kaggle.com/datasets/tielemarvin/european-license-plate-dataset-elpd,CC BY 4.0,https://creativecommons.org/licenses/by/4.0/,AI/PlateDetector/datasets/provenance/elpd/elpd_provenance.csv
elpd,filename_prefix_00661_.png,1,license-plate,license_plate,434.88,622.74,575.15,659.0,1024,1024,SYNTHETIC,TRAIN_ONLY,https://www.kaggle.com/datasets/tielemarvin/european-license-plate-dataset-elpd,CC BY 4.0,https://creativecommons.org/licenses/by/4.0/,AI/PlateDetector/datasets/provenance/elpd/elpd_provenance.csv
elpd,filename_prefix_00662_.png,1,license-plate,license_plate,179.83,566.07,272.3,588.7,1024,1024,SYNTHETIC,TRAIN_ONLY,https://www.kaggle.com/datasets/tielemarvin/european-license-plate-dataset-elpd,CC BY 4.0,https://creativecommons.org/licenses/by/4.0/,AI/PlateDetector/datasets/provenance/elpd/elpd_provenance.csv
elpd,filename_prefix_00663_.png,1,license-plate,license_plate,221.18,843.2,381.87,884.82,1536,1536,SYNTHETIC,TRAIN_ONLY,https://www.kaggle.com/datasets/tielemarvin/european-license-plate-dataset-elpd,CC BY 4.0,https://creativecommons.org/licenses/by/4.0/,AI/PlateDetector/datasets/provenance/elpd/elpd_provenance.csv
elpd,filename_prefix_00663_.png,2,license-plate,license_plate,1177.7,1034.64,1384.35,1088.8,1536,1536,SYNTHETIC,TRAIN_ONLY,https://www.kaggle.com/datasets/tielemarvin/european-license-plate-dataset-elpd,CC BY 4.0,https://creativecommons.org/licenses/by/4.0/,AI/PlateDetector/datasets/provenance/elpd/elpd_provenance.csv
elpd,filename_prefix_00664_.png,1,license-plate,license_plate,0.0,985.27,221.26,1072.86,1536,1536,SYNTHETIC,TRAIN_ONLY,https://www.kaggle.com/datasets/tielemarvin/european-license-plate-dataset-elpd,CC BY 4.0,https://creativecommons.org/licenses/by/4.0/,AI/PlateDetector/datasets/provenance/elpd/elpd_provenance.csv
elpd,filename_prefix_00664_.png,2,license-plate,license_plate,1352.33,526.0,1458.7,552.5,1536,1536,SYNTHETIC,TRAIN_ONLY,https://www.kaggle.com/datasets/tielemarvin/european-license-plate-dataset-elpd,CC BY 4.0,https://creativecommons.org/licenses/by/4.0/,AI/PlateDetector/datasets/provenance/elpd/elpd_provenance.csv
elpd,filename_prefix_00665_.png,1,license-plate,license_plate,1219.8,1087.91,1439.62,1142.92,1536,1536,SYNTHETIC,TRAIN_ONLY,https://www.kaggle.com/datasets/tielemarvin/european-license-plate-dataset-elpd,CC BY 4.0,https://creativecommons.org/licenses/by/4.0/,AI/PlateDetector/datasets/provenance/elpd/elpd_provenance.csv
elpd,filename_prefix_00666_.png,1,license-plate,license_plate,617.2,1084.01,921.45,1170.99,1536,1536,SYNTHETIC,TRAIN_ONLY,https://www.kaggle.com/datasets/tielemarvin/european-license-plate-dataset-elpd,CC BY 4.0,https://creativecommons.org/licenses/by/4.0/,AI/PlateDetector/datasets/provenance/elpd/elpd_provenance.csv
elpd,filename_prefix_00667_.png,1,license-plate,license_plate,314.6,781.49,588.57,855.57,1024,1024,SYNTHETIC,TRAIN_ONLY,https://www.kaggle.com/datasets/tielemarvin/european-license-plate-dataset-elpd,CC BY 4.0,https://creativecommons.org/licenses/by/4.0/,AI/PlateDetector/datasets/provenance/elpd/elpd_provenance.csv
elpd,filename_prefix_00668_.png,1,license-plate,license_plate,385.64,1087.73,587.6,1142.75,1536,1536,SYNTHETIC,TRAIN_ONLY,https://www.kaggle.com/datasets/tielemarvin/european-license-plate-dataset-elpd,CC BY 4.0,https://creativecommons.org/licenses/by/4.0/,AI/PlateDetector/datasets/provenance/elpd/elpd_provenance.csv
elpd,filename_prefix_00669_.png,1,license-plate,license_plate,570.42,959.66,900.85,1052.6,1536,1536,SYNTHETIC,TRAIN_ONLY,https://www.kaggle.com/datasets/tielemarvin/european-license-plate-dataset-elpd,CC BY 4.0,https://creativecommons.org/licenses/by/4.0/,AI/PlateDetector/datasets/provenance/elpd/elpd_provenance.csv
elpd,filename_prefix_00670_.png,1,license-plate,license_plate,430.62,799.22,650.9,854.47,1024,1024,SYNTHETIC,TRAIN_ONLY,https://www.kaggle.com/datasets/tielemarvin/european-license-plate-dataset-elpd,CC BY 4.0,https://creativecommons.org/licenses/by/4.0/,AI/PlateDetector/datasets/provenance/elpd/elpd_provenance.csv
elpd,filename_prefix_00671_.png,1,license-plate,license_plate,1013.44,1226.94,1282.73,1311.36,1536,1536,SYNTHETIC,TRAIN_ONLY,https://www.kaggle.com/datasets/tielemarvin/european-license-plate-dataset-elpd,CC BY 4.0,https://creativecommons.org/licenses/by/4.0/,AI/PlateDetector/datasets/provenance/elpd/elpd_provenance.csv
elpd,filename_prefix_00672_.png,1,license-plate,license_plate,197.55,726.04,353.34,774.39,1024,1024,SYNTHETIC,TRAIN_ONLY,https://www.kaggle.com/datasets/tielemarvin/european-license-plate-dataset-elpd,CC BY 4.0,https://creativecommons.org/licenses/by/4.0/,AI/PlateDetector/datasets/provenance/elpd/elpd_provenance.csv
elpd,filename_prefix_00673_.png,1,license-plate,license_plate,403.95,591.99,566.5,636.9,1024,1024,SYNTHETIC,TRAIN_ONLY,https://www.kaggle.com/datasets/tielemarvin/european-license-plate-dataset-elpd,CC BY 4.0,https://creativecommons.org/licenses/by/4.0/,AI/PlateDetector/datasets/provenance/elpd/elpd_provenance.csv
elpd,filename_prefix_00674_.png,1,license-plate,license_plate,1302.3,1169.4,1536.0,1255.16,1536,1536,SYNTHETIC,TRAIN_ONLY,https://www.kaggle.com/datasets/tielemarvin/european-license-plate-dataset-elpd,CC BY 4.0,https://creativecommons.org/licenses/by/4.0/,AI/PlateDetector/datasets/provenance/elpd/elpd_provenance.csv
elpd,filename_prefix_00675_.png,1,license-plate,license_plate,276.74,437.47,393.64,469.15,1024,1024,SYNTHETIC,TRAIN_ONLY,https://www.kaggle.com/datasets/tielemarvin/european-license-plate-dataset-elpd,CC BY 4.0,https://creativecommons.org/licenses/by/4.0/,AI/PlateDetector/datasets/provenance/elpd/elpd_provenance.csv
elpd,filename_prefix_00676_.png,1,license-plate,license_plate,880.22,576.3,1024.0,620.51,1024,1024,SYNTHETIC,TRAIN_ONLY,https://www.kaggle.com/datasets/tielemarvin/european-license-plate-dataset-elpd,CC BY 4.0,https://creativecommons.org/licenses/by/4.0/,AI/PlateDetector/datasets/provenance/elpd/elpd_provenance.csv
elpd,filename_prefix_00677_.png,1,license-plate,license_plate,159.07,192.15,245.43,214.92,1024,1024,SYNTHETIC,TRAIN_ONLY,https://www.kaggle.com/datasets/tielemarvin/european-license-plate-dataset-elpd,CC BY 4.0,https://creativecommons.org/licenses/by/4.0/,AI/PlateDetector/datasets/provenance/elpd/elpd_provenance.csv
elpd,filename_prefix_00677_.png,2,license-plate,license_plate,401.86,699.38,702.28,772.65,1024,1024,SYNTHETIC,TRAIN_ONLY,https://www.kaggle.com/datasets/tielemarvin/european-license-plate-dataset-elpd,CC BY 4.0,https://creativecommons.org/licenses/by/4.0/,AI/PlateDetector/datasets/provenance/elpd/elpd_provenance.csv
elpd,filename_prefix_00678_.png,1,license-plate,license_plate,608.5,593.29,729.33,644.17,1024,1024,SYNTHETIC,TRAIN_ONLY,https://www.kaggle.com/datasets/tielemarvin/european-license-plate-dataset-elpd,CC BY 4.0,https://creativecommons.org/licenses/by/4.0/,AI/PlateDetector/datasets/provenance/elpd/elpd_provenance.csv
elpd,filename_prefix_00679_.png,1,license-plate,license_plate,926.8,935.09,1202.4,1065.61,1536,1536,SYNTHETIC,TRAIN_ONLY,https://www.kaggle.com/datasets/tielemarvin/european-license-plate-dataset-elpd,CC BY 4.0,https://creativecommons.org/licenses/by/4.0/,AI/PlateDetector/datasets/provenance/elpd/elpd_provenance.csv
elpd,filename_prefix_00680_.png,1,license-plate,license_plate,454.38,1054.23,691.81,1123.12,1536,1536,SYNTHETIC,TRAIN_ONLY,https://www.kaggle.com/datasets/tielemarvin/european-license-plate-dataset-elpd,CC BY 4.0,https://creativecommons.org/licenses/by/4.0/,AI/PlateDetector/datasets/provenance/elpd/elpd_provenance.csv
elpd,filename_prefix_00681_.png,1,license-plate,license_plate,281.23,883.2,424.16,923.14,1536,1536,SYNTHETIC,TRAIN_ONLY,https://www.kaggle.com/datasets/tielemarvin/european-license-plate-dataset-elpd,CC BY 4.0,https://creativecommons.org/licenses/by/4.0/,AI/PlateDetector/datasets/provenance/elpd/elpd_provenance.csv
elpd,filename_prefix_00682_.png,1,license-plate,license_plate,1444.85,658.25,1536.0,696.66,1536,1536,SYNTHETIC,TRAIN_ONLY,https://www.kaggle.com/datasets/tielemarvin/european-license-plate-dataset-elpd,CC BY 4.0,https://creativecommons.org/licenses/by/4.0/,AI/PlateDetector/datasets/provenance/elpd/elpd_provenance.csv
elpd,filename_prefix_00682_.png,2,license-plate,license_plate,435.87,786.6,743.05,875.59,1536,1536,SYNTHETIC,TRAIN_ONLY,https://www.kaggle.com/datasets/tielemarvin/european-license-plate-dataset-elpd,CC BY 4.0,https://creativecommons.org/licenses/by/4.0/,AI/PlateDetector/datasets/provenance/elpd/elpd_provenance.csv
elpd,filename_prefix_00683_.png,1,license-plate,license_plate,426.67,626.06,512.28,651.08,1024,1024,SYNTHETIC,TRAIN_ONLY,https://www.kaggle.com/datasets/tielemarvin/european-license-plate-dataset-elpd,CC BY 4.0,https://creativecommons.org/licenses/by/4.0/,AI/PlateDetector/datasets/provenance/elpd/elpd_provenance.csv
elpd,filename_prefix_00684_.png,1,license-plate,license_plate,261.94,645.34,509.52,704.49,1536,1536,SYNTHETIC,TRAIN_ONLY,https://www.kaggle.com/datasets/tielemarvin/european-license-plate-dataset-elpd,CC BY 4.0,https://creativecommons.org/licenses/by/4.0/,AI/PlateDetector/datasets/provenance/elpd/elpd_provenance.csv
elpd,filename_prefix_00685_.png,1,license-plate,license_plate,1082.62,778.46,1210.95,813.15,1536,1536,SYNTHETIC,TRAIN_ONLY,https://www.kaggle.com/datasets/tielemarvin/european-license-plate-dataset-elpd,CC BY 4.0,https://creativecommons.org/licenses/by/4.0/,AI/PlateDetector/datasets/provenance/elpd/elpd_provenance.csv
elpd,filename_prefix_00686_.png,1,license-plate,license_plate,434.99,627.07,563.33,660.56,1024,1024,SYNTHETIC,TRAIN_ONLY,https://www.kaggle.com/datasets/tielemarvin/european-license-plate-dataset-elpd,CC BY 4.0,https://creativecommons.org/licenses/by/4.0/,AI/PlateDetector/datasets/provenance/elpd/elpd_provenance.csv
elpd,filename_prefix_00687_.png,1,license-plate,license_plate,1237.27,293.87,1347.37,321.08,1536,1536,SYNTHETIC,TRAIN_ONLY,https://www.kaggle.com/datasets/tielemarvin/european-license-plate-dataset-elpd,CC BY 4.0,https://creativecommons.org/licenses/by/4.0/,AI/PlateDetector/datasets/provenance/elpd/elpd_provenance.csv
elpd,filename_prefix_00687_.png,2,license-plate,license_plate,534.7,1138.4,1035.3,1270.14,1536,1536,SYNTHETIC,TRAIN_ONLY,https://www.kaggle.com/datasets/tielemarvin/european-license-plate-dataset-elpd,CC BY 4.0,https://creativecommons.org/licenses/by/4.0/,AI/PlateDetector/datasets/provenance/elpd/elpd_provenance.csv
elpd,filename_prefix_00688_.png,1,license-plate,license_plate,681.45,646.47,802.02,687.12,1024,1024,SYNTHETIC,TRAIN_ONLY,https://www.kaggle.com/datasets/tielemarvin/european-license-plate-dataset-elpd,CC BY 4.0,https://creativecommons.org/licenses/by/4.0/,AI/PlateDetector/datasets/provenance/elpd/elpd_provenance.csv
elpd,filename_prefix_00689_.png,1,license-plate,license_plate,396.08,805.43,591.86,861.53,1024,1024,SYNTHETIC,TRAIN_ONLY,https://www.kaggle.com/datasets/tielemarvin/european-license-plate-dataset-elpd,CC BY 4.0,https://creativecommons.org/licenses/by/4.0/,AI/PlateDetector/datasets/provenance/elpd/elpd_provenance.csv
elpd,filename_prefix_00690_.png,1,license-plate,license_plate,614.37,766.47,915.2,842.1,1536,1536,SYNTHETIC,TRAIN_ONLY,https://www.kaggle.com/datasets/tielemarvin/european-license-plate-dataset-elpd,CC BY 4.0,https://creativecommons.org/licenses/by/4.0/,AI/PlateDetector/datasets/provenance/elpd/elpd_provenance.csv
elpd,filename_prefix_00691_.png,1,license-plate,license_plate,445.17,822.25,781.06,922.8,1024,1024,SYNTHETIC,TRAIN_ONLY,https://www.kaggle.com/datasets/tielemarvin/european-license-plate-dataset-elpd,CC BY 4.0,https://creativecommons.org/licenses/by/4.0/,AI/PlateDetector/datasets/provenance/elpd/elpd_provenance.csv
elpd,filename_prefix_00692_.png,1,license-plate,license_plate,212.42,759.19,455.52,841.37,1024,1024,SYNTHETIC,TRAIN_ONLY,https://www.kaggle.com/datasets/tielemarvin/european-license-plate-dataset-elpd,CC BY 4.0,https://creativecommons.org/licenses/by/4.0/,AI/PlateDetector/datasets/provenance/elpd/elpd_provenance.csv
elpd,filename_prefix_00692_.png,2,license-plate,license_plate,24.88,380.82,140.12,413.49,1024,1024,SYNTHETIC,TRAIN_ONLY,https://www.kaggle.com/datasets/tielemarvin/european-license-plate-dataset-elpd,CC BY 4.0,https://creativecommons.org/licenses/by/4.0/,AI/PlateDetector/datasets/provenance/elpd/elpd_provenance.csv
elpd,filename_prefix_00693_.png,1,license-plate,license_plate,437.5,688.91,620.75,733.08,1024,1024,SYNTHETIC,TRAIN_ONLY,https://www.kaggle.com/datasets/tielemarvin/european-license-plate-dataset-elpd,CC BY 4.0,https://creativecommons.org/licenses/by/4.0/,AI/PlateDetector/datasets/provenance/elpd/elpd_provenance.csv
elpd,filename_prefix_00694_.png,1,license-plate,license_plate,260.6,755.9,487.55,838.99,1024,1024,SYNTHETIC,TRAIN_ONLY,https://www.kaggle.com/datasets/tielemarvin/european-license-plate-dataset-elpd,CC BY 4.0,https://creativecommons.org/licenses/by/4.0/,AI/PlateDetector/datasets/provenance/elpd/elpd_provenance.csv
elpd,filename_prefix_00695_.png,1,license-plate,license_plate,514.12,1076.58,765.63,1140.4,1536,1536,SYNTHETIC,TRAIN_ONLY,https://www.kaggle.com/datasets/tielemarvin/european-license-plate-dataset-elpd,CC BY 4.0,https://creativecommons.org/licenses/by/4.0/,AI/PlateDetector/datasets/provenance/elpd/elpd_provenance.csv
elpd,filename_prefix_00696_.png,1,license-plate,license_plate,848.92,1037.58,1005.78,1077.61,1536,1536,SYNTHETIC,TRAIN_ONLY,https://www.kaggle.com/datasets/tielemarvin/european-license-plate-dataset-elpd,CC BY 4.0,https://creativecommons.org/licenses/by/4.0/,AI/PlateDetector/datasets/provenance/elpd/elpd_provenance.csv
elpd,filename_prefix_00697_.png,1,license-plate,license_plate,280.35,684.25,512.06,740.0,1536,1536,SYNTHETIC,TRAIN_ONLY,https://www.kaggle.com/datasets/tielemarvin/european-license-plate-dataset-elpd,CC BY 4.0,https://creativecommons.org/licenses/by/4.0/,AI/PlateDetector/datasets/provenance/elpd/elpd_provenance.csv
elpd,filename_prefix_00697_.png,2,license-plate,license_plate,1067.32,459.12,1172.68,487.22,1536,1536,SYNTHETIC,TRAIN_ONLY,https://www.kaggle.com/datasets/tielemarvin/european-license-plate-dataset-elpd,CC BY 4.0,https://creativecommons.org/licenses/by/4.0/,AI/PlateDetector/datasets/provenance/elpd/elpd_provenance.csv
elpd,filename_prefix_00698_.png,1,license-plate,license_plate,553.17,1027.68,753.59,1092.68,1536,1536,SYNTHETIC,TRAIN_ONLY,https://www.kaggle.com/datasets/tielemarvin/european-license-plate-dataset-elpd,CC BY 4.0,https://creativecommons.org/licenses/by/4.0/,AI/PlateDetector/datasets/provenance/elpd/elpd_provenance.csv
elpd,filename_prefix_00699_.png,1,license-plate,license_plate,452.54,607.26,648.9,670.0,1024,1024,SYNTHETIC,TRAIN_ONLY,https://www.kaggle.com/datasets/tielemarvin/european-license-plate-dataset-elpd,CC BY 4.0,https://creativecommons.org/licenses/by/4.0/,AI/PlateDetector/datasets/provenance/elpd/elpd_provenance.csv
elpd,filename_prefix_00700_.png,1,license-plate,license_plate,219.15,909.29,556.9,997.4,1536,1536,SYNTHETIC,TRAIN_ONLY,https://www.kaggle.com/datasets/tielemarvin/european-license-plate-dataset-elpd,CC BY 4.0,https://creativecommons.org/licenses/by/4.0/,AI/PlateDetector/datasets/provenance/elpd/elpd_provenance.csv
elpd,filename_prefix_00700_.png,2,license-plate,license_plate,1072.11,590.0,1164.9,612.06,1536,1536,SYNTHETIC,TRAIN_ONLY,https://www.kaggle.com/datasets/tielemarvin/european-license-plate-dataset-elpd,CC BY 4.0,https://creativecommons.org/licenses/by/4.0/,AI/PlateDetector/datasets/provenance/elpd/elpd_provenance.csv
elpd,filename_prefix_00701_.png,1,license-plate,license_plate,43.15,690.89,190.55,737.13,1536,1536,SYNTHETIC,TRAIN_ONLY,https://www.kaggle.com/datasets/tielemarvin/european-license-plate-dataset-elpd,CC BY 4.0,https://creativecommons.org/licenses/by/4.0/,AI/PlateDetector/datasets/provenance/elpd/elpd_provenance.csv
elpd,filename_prefix_00701_.png,2,license-plate,license_plate,302.96,952.7,620.99,1040.86,1536,1536,SYNTHETIC,TRAIN_ONLY,https://www.kaggle.com/datasets/tielemarvin/european-license-plate-dataset-elpd,CC BY 4.0,https://creativecommons.org/licenses/by/4.0/,AI/PlateDetector/datasets/provenance/elpd/elpd_provenance.csv
elpd,filename_prefix_00702_.png,1,license-plate,license_plate,830.78,568.6,911.88,586.02,1024,1024,SYNTHETIC,TRAIN_ONLY,https://www.kaggle.com/datasets/tielemarvin/european-license-plate-dataset-elpd,CC BY 4.0,https://creativecommons.org/licenses/by/4.0/,AI/PlateDetector/datasets/provenance/elpd/elpd_provenance.csv
elpd,filename_prefix_00702_.png,2,license-plate,license_plate,126.1,783.7,299.8,830.26,1024,1024,SYNTHETIC,TRAIN_ONLY,https://www.kaggle.com/datasets/tielemarvin/european-license-plate-dataset-elpd,CC BY 4.0,https://creativecommons.org/licenses/by/4.0/,AI/PlateDetector/datasets/provenance/elpd/elpd_provenance.csv
elpd,filename_prefix_00703_.png,1,license-plate,license_plate,738.89,950.61,1022.88,1025.67,1536,1536,SYNTHETIC,TRAIN_ONLY,https://www.kaggle.com/datasets/tielemarvin/european-license-plate-dataset-elpd,CC BY 4.0,https://creativecommons.org/licenses/by/4.0/,AI/PlateDetector/datasets/provenance/elpd/elpd_provenance.csv
elpd,filename_prefix_00704_.png,1,license-plate,license_plate,240.21,721.06,435.73,770.12,1024,1024,SYNTHETIC,TRAIN_ONLY,https://www.kaggle.com/datasets/tielemarvin/european-license-plate-dataset-elpd,CC BY 4.0,https://creativecommons.org/licenses/by/4.0/,AI/PlateDetector/datasets/provenance/elpd/elpd_provenance.csv
elpd,filename_prefix_00705_.png,1,license-plate,license_plate,383.66,713.21,567.5,762.21,1024,1024,SYNTHETIC,TRAIN_ONLY,https://www.kaggle.com/datasets/tielemarvin/european-license-plate-dataset-elpd,CC BY 4.0,https://creativecommons.org/licenses/by/4.0/,AI/PlateDetector/datasets/provenance/elpd/elpd_provenance.csv
elpd,filename_prefix_00706_.png,1,license-plate,license_plate,612.19,934.78,949.9,1022.93,1536,1536,SYNTHETIC,TRAIN_ONLY,https://www.kaggle.com/datasets/tielemarvin/european-license-plate-dataset-elpd,CC BY 4.0,https://creativecommons.org/licenses/by/4.0/,AI/PlateDetector/datasets/provenance/elpd/elpd_provenance.csv
elpd,filename_prefix_00706_.png,2,license-plate,license_plate,180.83,554.97,269.35,575.7,1536,1536,SYNTHETIC,TRAIN_ONLY,https://www.kaggle.com/datasets/tielemarvin/european-license-plate-dataset-elpd,CC BY 4.0,https://creativecommons.org/licenses/by/4.0/,AI/PlateDetector/datasets/provenance/elpd/elpd_provenance.csv
elpd,filename_prefix_00707_.png,1,license-plate,license_plate,478.15,618.9,689.47,675.83,1024,1024,SYNTHETIC,TRAIN_ONLY,https://www.kaggle.com/datasets/tielemarvin/european-license-plate-dataset-elpd,CC BY 4.0,https://creativecommons.org/licenses/by/4.0/,AI/PlateDetector/datasets/provenance/elpd/elpd_provenance.csv
elpd,filename_prefix_00708_.png,1,license-plate,license_plate,528.23,722.96,664.36,768.34,1024,1024,SYNTHETIC,TRAIN_ONLY,https://www.kaggle.com/datasets/tielemarvin/european-license-plate-dataset-elpd,CC BY 4.0,https://creativecommons.org/licenses/by/4.0/,AI/PlateDetector/datasets/provenance/elpd/elpd_provenance.csv
elpd,filename_prefix_00709_.png,1,license-plate,license_plate,263.19,630.04,373.33,669.72,1024,1024,SYNTHETIC,TRAIN_ONLY,https://www.kaggle.com/datasets/tielemarvin/european-license-plate-dataset-elpd,CC BY 4.0,https://creativecommons.org/licenses/by/4.0/,AI/PlateDetector/datasets/provenance/elpd/elpd_provenance.csv
elpd,filename_prefix_00710_.png,1,license-plate,license_plate,207.76,562.64,341.89,603.96,1024,1024,SYNTHETIC,TRAIN_ONLY,https://www.kaggle.com/datasets/tielemarvin/european-license-plate-dataset-elpd,CC BY 4.0,https://creativecommons.org/licenses/by/4.0/,AI/PlateDetector/datasets/provenance/elpd/elpd_provenance.csv
elpd,filename_prefix_00711_.png,1,license-plate,license_plate,651.31,1104.68,1122.88,1221.65,1536,1536,SYNTHETIC,TRAIN_ONLY,https://www.kaggle.com/datasets/tielemarvin/european-license-plate-dataset-elpd,CC BY 4.0,https://creativecommons.org/licenses/by/4.0/,AI/PlateDetector/datasets/provenance/elpd/elpd_provenance.csv
elpd,filename_prefix_00712_.png,1,license-plate,license_plate,361.02,1215.88,541.6,1264.7,1536,1536,SYNTHETIC,TRAIN_ONLY,https://www.kaggle.com/datasets/tielemarvin/european-license-plate-dataset-elpd,CC BY 4.0,https://creativecommons.org/licenses/by/4.0/,AI/PlateDetector/datasets/provenance/elpd/elpd_provenance.csv
elpd,filename_prefix_00712_.png,2,license-plate,license_plate,1253.55,981.61,1356.31,1008.86,1536,1536,SYNTHETIC,TRAIN_ONLY,https://www.kaggle.com/datasets/tielemarvin/european-license-plate-dataset-elpd,CC BY 4.0,https://creativecommons.org/licenses/by/4.0/,AI/PlateDetector/datasets/provenance/elpd/elpd_provenance.csv
elpd,filename_prefix_00713_.png,1,license-plate,license_plate,452.96,1038.2,732.31,1136.56,1536,1536,SYNTHETIC,TRAIN_ONLY,https://www.kaggle.com/datasets/tielemarvin/european-license-plate-dataset-elpd,CC BY 4.0,https://creativecommons.org/licenses/by/4.0/,AI/PlateDetector/datasets/provenance/elpd/elpd_provenance.csv
elpd,filename_prefix_00713_.png,2,license-plate,license_plate,1215.5,625.2,1289.68,643.87,1536,1536,SYNTHETIC,TRAIN_ONLY,https://www.kaggle.com/datasets/tielemarvin/european-license-plate-dataset-elpd,CC BY 4.0,https://creativecommons.org/licenses/by/4.0/,AI/PlateDetector/datasets/provenance/elpd/elpd_provenance.csv
elpd,filename_prefix_00714_.png,1,license-plate,license_plate,435.71,1075.1,794.7,1174.45,1536,1536,SYNTHETIC,TRAIN_ONLY,https://www.kaggle.com/datasets/tielemarvin/european-license-plate-dataset-elpd,CC BY 4.0,https://creativecommons.org/licenses/by/4.0/,AI/PlateDetector/datasets/provenance/elpd/elpd_provenance.csv
elpd,filename_prefix_00715_.png,1,license-plate,license_plate,448.72,618.2,662.07,691.8,1024,1024,SYNTHETIC,TRAIN_ONLY,https://www.kaggle.com/datasets/tielemarvin/european-license-plate-dataset-elpd,CC BY 4.0,https://creativecommons.org/licenses/by/4.0/,AI/PlateDetector/datasets/provenance/elpd/elpd_provenance.csv
elpd,filename_prefix_00716_.png,1,license-plate,license_plate,626.35,930.08,993.13,1028.49,1536,1536,SYNTHETIC,TRAIN_ONLY,https://www.kaggle.com/datasets/tielemarvin/european-license-plate-dataset-elpd,CC BY 4.0,https://creativecommons.org/licenses/by/4.0/,AI/PlateDetector/datasets/provenance/elpd/elpd_provenance.csv
elpd,filename_prefix_00717_.png,1,license-plate,license_plate,796.61,1234.65,967.13,1356.61,1536,1536,SYNTHETIC,TRAIN_ONLY,https://www.kaggle.com/datasets/tielemarvin/european-license-plate-dataset-elpd,CC BY 4.0,https://creativecommons.org/licenses/by/4.0/,AI/PlateDetector/datasets/provenance/elpd/elpd_provenance.csv
elpd,filename_prefix_00718_.png,1,license-plate,license_plate,297.33,694.82,416.37,736.73,1024,1024,SYNTHETIC,TRAIN_ONLY,https://www.kaggle.com/datasets/tielemarvin/european-license-plate-dataset-elpd,CC BY 4.0,https://creativecommons.org/licenses/by/4.0/,AI/PlateDetector/datasets/provenance/elpd/elpd_provenance.csv
elpd,filename_prefix_00719_.png,1,license-plate,license_plate,457.17,581.81,524.82,599.4,1024,1024,SYNTHETIC,TRAIN_ONLY,https://www.kaggle.com/datasets/tielemarvin/european-license-plate-dataset-elpd,CC BY 4.0,https://creativecommons.org/licenses/by/4.0/,AI/PlateDetector/datasets/provenance/elpd/elpd_provenance.csv
elpd,filename_prefix_00720_.png,1,license-plate,license_plate,1132.82,918.93,1373.67,980.7,1536,1536,SYNTHETIC,TRAIN_ONLY,https://www.kaggle.com/datasets/tielemarvin/european-license-plate-dataset-elpd,CC BY 4.0,https://creativecommons.org/licenses/by/4.0/,AI/PlateDetector/datasets/provenance/elpd/elpd_provenance.csv
elpd,filename_prefix_00721_.png,1,license-plate,license_plate,502.08,712.71,890.4,831.6,1024,1024,SYNTHETIC,TRAIN_ONLY,https://www.kaggle.com/datasets/tielemarvin/european-license-plate-dataset-elpd,CC BY 4.0,https://creativecommons.org/licenses/by/4.0/,AI/PlateDetector/datasets/provenance/elpd/elpd_provenance.csv
elpd,filename_prefix_00722_.png,1,license-plate,license_plate,534.91,905.4,731.5,955.79,1536,1536,SYNTHETIC,TRAIN_ONLY,https://www.kaggle.com/datasets/tielemarvin/european-license-plate-dataset-elpd,CC BY 4.0,https://creativecommons.org/licenses/by/4.0/,AI/PlateDetector/datasets/provenance/elpd/elpd_provenance.csv
elpd,filename_prefix_00723_.png,1,license-plate,license_plate,42.6,413.51,169.14,446.39,1024,1024,SYNTHETIC,TRAIN_ONLY,https://www.kaggle.com/datasets/tielemarvin/european-license-plate-dataset-elpd,CC BY 4.0,https://creativecommons.org/licenses/by/4.0/,AI/PlateDetector/datasets/provenance/elpd/elpd_provenance.csv
elpd,filename_prefix_00723_.png,2,license-plate,license_plate,255.99,696.08,457.14,749.86,1024,1024,SYNTHETIC,TRAIN_ONLY,https://www.kaggle.com/datasets/tielemarvin/european-license-plate-dataset-elpd,CC BY 4.0,https://creativecommons.org/licenses/by/4.0/,AI/PlateDetector/datasets/provenance/elpd/elpd_provenance.csv
elpd,filename_prefix_00724_.png,1,license-plate,license_plate,132.04,585.8,268.48,619.69,1024,1024,SYNTHETIC,TRAIN_ONLY,https://www.kaggle.com/datasets/tielemarvin/european-license-plate-dataset-elpd,CC BY 4.0,https://creativecommons.org/licenses/by/4.0/,AI/PlateDetector/datasets/provenance/elpd/elpd_provenance.csv
elpd,filename_prefix_00726_.png,1,license-plate,license_plate,923.13,577.54,1024.0,616.6,1024,1024,SYNTHETIC,TRAIN_ONLY,https://www.kaggle.com/datasets/tielemarvin/european-license-plate-dataset-elpd,CC BY 4.0,https://creativecommons.org/licenses/by/4.0/,AI/PlateDetector/datasets/provenance/elpd/elpd_provenance.csv
elpd,filename_prefix_00726_.png,2,license-plate,license_plate,43.91,571.89,316.69999999999993,646.54,1024,1024,SYNTHETIC,TRAIN_ONLY,https://www.kaggle.com/datasets/tielemarvin/european-license-plate-dataset-elpd,CC BY 4.0,https://creativecommons.org/licenses/by/4.0/,AI/PlateDetector/datasets/provenance/elpd/elpd_provenance.csv
elpd,filename_prefix_00727_.png,1,license-plate,license_plate,1344.8,719.7,1536.0,773.2,1536,1536,SYNTHETIC,TRAIN_ONLY,https://www.kaggle.com/datasets/tielemarvin/european-license-plate-dataset-elpd,CC BY 4.0,https://creativecommons.org/licenses/by/4.0/,AI/PlateDetector/datasets/provenance/elpd/elpd_provenance.csv
elpd,filename_prefix_00727_.png,2,license-plate,license_plate,494.51,1029.84,817.97,1118.1,1536,1536,SYNTHETIC,TRAIN_ONLY,https://www.kaggle.com/datasets/tielemarvin/european-license-plate-dataset-elpd,CC BY 4.0,https://creativecommons.org/licenses/by/4.0/,AI/PlateDetector/datasets/provenance/elpd/elpd_provenance.csv
elpd,filename_prefix_00728_.png,1,license-plate,license_plate,476.45,1083.59,659.71,1167.86,1536,1536,SYNTHETIC,TRAIN_ONLY,https://www.kaggle.com/datasets/tielemarvin/european-license-plate-dataset-elpd,CC BY 4.0,https://creativecommons.org/licenses/by/4.0/,AI/PlateDetector/datasets/provenance/elpd/elpd_provenance.csv
elpd,filename_prefix_00729_.png,1,license-plate,license_plate,612.0,668.66,736.79,697.6,1536,1536,SYNTHETIC,TRAIN_ONLY,https://www.kaggle.com/datasets/tielemarvin/european-license-plate-dataset-elpd,CC BY 4.0,https://creativecommons.org/licenses/by/4.0/,AI/PlateDetector/datasets/provenance/elpd/elpd_provenance.csv
elpd,filename_prefix_00730_.png,1,license-plate,license_plate,391.9,911.62,735.91,999.24,1536,1536,SYNTHETIC,TRAIN_ONLY,https://www.kaggle.com/datasets/tielemarvin/european-license-plate-dataset-elpd,CC BY 4.0,https://creativecommons.org/licenses/by/4.0/,AI/PlateDetector/datasets/provenance/elpd/elpd_provenance.csv
elpd,filename_prefix_00731_.png,1,license-plate,license_plate,311.45,516.46,403.42,548.02,1536,1536,SYNTHETIC,TRAIN_ONLY,https://www.kaggle.com/datasets/tielemarvin/european-license-plate-dataset-elpd,CC BY 4.0,https://creativecommons.org/licenses/by/4.0/,AI/PlateDetector/datasets/provenance/elpd/elpd_provenance.csv
elpd,filename_prefix_00732_.png,1,license-plate,license_plate,245.57,620.16,360.2,661.7,1024,1024,SYNTHETIC,TRAIN_ONLY,https://www.kaggle.com/datasets/tielemarvin/european-license-plate-dataset-elpd,CC BY 4.0,https://creativecommons.org/licenses/by/4.0/,AI/PlateDetector/datasets/provenance/elpd/elpd_provenance.csv
elpd,filename_prefix_00734_.png,1,license-plate,license_plate,129.41,626.55,279.22,664.45,1024,1024,SYNTHETIC,TRAIN_ONLY,https://www.kaggle.com/datasets/tielemarvin/european-license-plate-dataset-elpd,CC BY 4.0,https://creativecommons.org/licenses/by/4.0/,AI/PlateDetector/datasets/provenance/elpd/elpd_provenance.csv
elpd,filename_prefix_00734_.png,2,license-plate,license_plate,894.88,761.11,1024.0,799.65,1024,1024,SYNTHETIC,TRAIN_ONLY,https://www.kaggle.com/datasets/tielemarvin/european-license-plate-dataset-elpd,CC BY 4.0,https://creativecommons.org/licenses/by/4.0/,AI/PlateDetector/datasets/provenance/elpd/elpd_provenance.csv
elpd,filename_prefix_00735_.png,1,license-plate,license_plate,54.61,818.23,247.99,885.91,1024,1024,SYNTHETIC,TRAIN_ONLY,https://www.kaggle.com/datasets/tielemarvin/european-license-plate-dataset-elpd,CC BY 4.0,https://creativecommons.org/licenses/by/4.0/,AI/PlateDetector/datasets/provenance/elpd/elpd_provenance.csv
elpd,filename_prefix_00736_.png,1,license-plate,license_plate,334.74,942.82,415.05,964.51,1536,1536,SYNTHETIC,TRAIN_ONLY,https://www.kaggle.com/datasets/tielemarvin/european-license-plate-dataset-elpd,CC BY 4.0,https://creativecommons.org/licenses/by/4.0/,AI/PlateDetector/datasets/provenance/elpd/elpd_provenance.csv
elpd,filename_prefix_00736_.png,2,license-plate,license_plate,1008.33,1105.8,1147.21,1192.72,1536,1536,SYNTHETIC,TRAIN_ONLY,https://www.kaggle.com/datasets/tielemarvin/european-license-plate-dataset-elpd,CC BY 4.0,https://creativecommons.org/licenses/by/4.0/,AI/PlateDetector/datasets/provenance/elpd/elpd_provenance.csv
elpd,filename_prefix_00737_.png,1,license-plate,license_plate,416.6,601.34,487.53,621.37,1024,1024,SYNTHETIC,TRAIN_ONLY,https://www.kaggle.com/datasets/tielemarvin/european-license-plate-dataset-elpd,CC BY 4.0,https://creativecommons.org/licenses/by/4.0/,AI/PlateDetector/datasets/provenance/elpd/elpd_provenance.csv
elpd,filename_prefix_00738_.png,1,license-plate,license_plate,1280.66,1026.6,1460.7,1073.7,1536,1536,SYNTHETIC,TRAIN_ONLY,https://www.kaggle.com/datasets/tielemarvin/european-license-plate-dataset-elpd,CC BY 4.0,https://creativecommons.org/licenses/by/4.0/,AI/PlateDetector/datasets/provenance/elpd/elpd_provenance.csv
elpd,filename_prefix_00738_.png,2,license-plate,license_plate,126.02,1081.15,390.67,1147.7,1536,1536,SYNTHETIC,TRAIN_ONLY,https://www.kaggle.com/datasets/tielemarvin/european-license-plate-dataset-elpd,CC BY 4.0,https://creativecommons.org/licenses/by/4.0/,AI/PlateDetector/datasets/provenance/elpd/elpd_provenance.csv
elpd,filename_prefix_00739_.png,1,license-plate,license_plate,817.82,650.39,907.75,681.7,1024,1024,SYNTHETIC,TRAIN_ONLY,https://www.kaggle.com/datasets/tielemarvin/european-license-plate-dataset-elpd,CC BY 4.0,https://creativecommons.org/licenses/by/4.0/,AI/PlateDetector/datasets/provenance/elpd/elpd_provenance.csv
elpd,filename_prefix_00740_.png,1,license-plate,license_plate,166.27,582.19,274.31,612.63,1024,1024,SYNTHETIC,TRAIN_ONLY,https://www.kaggle.com/datasets/tielemarvin/european-license-plate-dataset-elpd,CC BY 4.0,https://creativecommons.org/licenses/by/4.0/,AI/PlateDetector/datasets/provenance/elpd/elpd_provenance.csv
elpd,filename_prefix_00740_.png,2,license-plate,license_plate,813.24,777.48,997.4,833.7,1024,1024,SYNTHETIC,TRAIN_ONLY,https://www.kaggle.com/datasets/tielemarvin/european-license-plate-dataset-elpd,CC BY 4.0,https://creativecommons.org/licenses/by/4.0/,AI/PlateDetector/datasets/provenance/elpd/elpd_provenance.csv
elpd,filename_prefix_00741_.png,1,license-plate,license_plate,439.84,569.93,652.49,630.95,1024,1024,SYNTHETIC,TRAIN_ONLY,https://www.kaggle.com/datasets/tielemarvin/european-license-plate-dataset-elpd,CC BY 4.0,https://creativecommons.org/licenses/by/4.0/,AI/PlateDetector/datasets/provenance/elpd/elpd_provenance.csv
elpd,filename_prefix_00742_.png,1,license-plate,license_plate,406.42,697.79,632.94,756.8,1024,1024,SYNTHETIC,TRAIN_ONLY,https://www.kaggle.com/datasets/tielemarvin/european-license-plate-dataset-elpd,CC BY 4.0,https://creativecommons.org/licenses/by/4.0/,AI/PlateDetector/datasets/provenance/elpd/elpd_provenance.csv
elpd,filename_prefix_00743_.png,1,license-plate,license_plate,386.38,848.46,499.7,873.4,1536,1536,SYNTHETIC,TRAIN_ONLY,https://www.kaggle.com/datasets/tielemarvin/european-license-plate-dataset-elpd,CC BY 4.0,https://creativecommons.org/licenses/by/4.0/,AI/PlateDetector/datasets/provenance/elpd/elpd_provenance.csv
elpd,filename_prefix_00743_.png,2,license-plate,license_plate,1241.8,934.98,1490.45,1008.53,1536,1536,SYNTHETIC,TRAIN_ONLY,https://www.kaggle.com/datasets/tielemarvin/european-license-plate-dataset-elpd,CC BY 4.0,https://creativecommons.org/licenses/by/4.0/,AI/PlateDetector/datasets/provenance/elpd/elpd_provenance.csv
elpd,filename_prefix_00743_.png,3,license-plate,license_plate,386.14,795.39,507.47,832.52,1536,1536,SYNTHETIC,TRAIN_ONLY,https://www.kaggle.com/datasets/tielemarvin/european-license-plate-dataset-elpd,CC BY 4.0,https://creativecommons.org/licenses/by/4.0/,AI/PlateDetector/datasets/provenance/elpd/elpd_provenance.csv
elpd,filename_prefix_00744_.png,1,license-plate,license_plate,1268.81,970.16,1430.2,1013.1,1536,1536,SYNTHETIC,TRAIN_ONLY,https://www.kaggle.com/datasets/tielemarvin/european-license-plate-dataset-elpd,CC BY 4.0,https://creativecommons.org/licenses/by/4.0/,AI/PlateDetector/datasets/provenance/elpd/elpd_provenance.csv
elpd,filename_prefix_00744_.png,2,license-plate,license_plate,222.58,982.34,423.89,1035.84,1536,1536,SYNTHETIC,TRAIN_ONLY,https://www.kaggle.com/datasets/tielemarvin/european-license-plate-dataset-elpd,CC BY 4.0,https://creativecommons.org/licenses/by/4.0/,AI/PlateDetector/datasets/provenance/elpd/elpd_provenance.csv
elpd,filename_prefix_00745_.png,1,license-plate,license_plate,1300.5,1027.7,1407.23,1054.61,1536,1536,SYNTHETIC,TRAIN_ONLY,https://www.kaggle.com/datasets/tielemarvin/european-license-plate-dataset-elpd,CC BY 4.0,https://creativecommons.org/licenses/by/4.0/,AI/PlateDetector/datasets/provenance/elpd/elpd_provenance.csv
elpd,filename_prefix_00745_.png,2,license-plate,license_plate,160.1,882.36,338.28,974.66,1536,1536,SYNTHETIC,TRAIN_ONLY,https://www.kaggle.com/datasets/tielemarvin/european-license-plate-dataset-elpd,CC BY 4.0,https://creativecommons.org/licenses/by/4.0/,AI/PlateDetector/datasets/provenance/elpd/elpd_provenance.csv
elpd,filename_prefix_00746_.png,1,license-plate,license_plate,408.3,971.73,533.32,1007.18,1536,1536,SYNTHETIC,TRAIN_ONLY,https://www.kaggle.com/datasets/tielemarvin/european-license-plate-dataset-elpd,CC BY 4.0,https://creativecommons.org/licenses/by/4.0/,AI/PlateDetector/datasets/provenance/elpd/elpd_provenance.csv
elpd,filename_prefix_00747_.png,1,license-plate,license_plate,743.51,861.0,878.6,898.47,1536,1536,SYNTHETIC,TRAIN_ONLY,https://www.kaggle.com/datasets/tielemarvin/european-license-plate-dataset-elpd,CC BY 4.0,https://creativecommons.org/licenses/by/4.0/,AI/PlateDetector/datasets/provenance/elpd/elpd_provenance.csv
elpd,filename_prefix_00748_.png,1,license-plate,license_plate,456.81,570.15,594.59,606.71,1024,1024,SYNTHETIC,TRAIN_ONLY,https://www.kaggle.com/datasets/tielemarvin/european-license-plate-dataset-elpd,CC BY 4.0,https://creativecommons.org/licenses/by/4.0/,AI/PlateDetector/datasets/provenance/elpd/elpd_provenance.csv
elpd,filename_prefix_00749_.png,1,license-plate,license_plate,404.49,1211.99,714.93,1339.17,1536,1536,SYNTHETIC,TRAIN_ONLY,https://www.kaggle.com/datasets/tielemarvin/european-license-plate-dataset-elpd,CC BY 4.0,https://creativecommons.org/licenses/by/4.0/,AI/PlateDetector/datasets/provenance/elpd/elpd_provenance.csv
elpd,filename_prefix_00750_.png,1,license-plate,license_plate,0.0,570.87,88.1,593.65,1024,1024,SYNTHETIC,TRAIN_ONLY,https://www.kaggle.com/datasets/tielemarvin/european-license-plate-dataset-elpd,CC BY 4.0,https://creativecommons.org/licenses/by/4.0/,AI/PlateDetector/datasets/provenance/elpd/elpd_provenance.csv
elpd,filename_prefix_00750_.png,2,license-plate,license_plate,713.74,701.31,954.08,762.85,1024,1024,SYNTHETIC,TRAIN_ONLY,https://www.kaggle.com/datasets/tielemarvin/european-license-plate-dataset-elpd,CC BY 4.0,https://creativecommons.org/licenses/by/4.0/,AI/PlateDetector/datasets/provenance/elpd/elpd_provenance.csv
elpd,filename_prefix_00751_.png,1,license-plate,license_plate,377.62,685.56,629.69,754.01,1024,1024,SYNTHETIC,TRAIN_ONLY,https://www.kaggle.com/datasets/tielemarvin/european-license-plate-dataset-elpd,CC BY 4.0,https://creativecommons.org/licenses/by/4.0/,AI/PlateDetector/datasets/provenance/elpd/elpd_provenance.csv
elpd,filename_prefix_00752_.png,1,license-plate,license_plate,1229.72,850.55,1329.71,875.74,1536,1536,SYNTHETIC,TRAIN_ONLY,https://www.kaggle.com/datasets/tielemarvin/european-license-plate-dataset-elpd,CC BY 4.0,https://creativecommons.org/licenses/by/4.0/,AI/PlateDetector/datasets/provenance/elpd/elpd_provenance.csv
elpd,filename_prefix_00752_.png,2,license-plate,license_plate,577.69,1055.3,866.6,1133.36,1536,1536,SYNTHETIC,TRAIN_ONLY,https://www.kaggle.com/datasets/tielemarvin/european-license-plate-dataset-elpd,CC BY 4.0,https://creativecommons.org/licenses/by/4.0/,AI/PlateDetector/datasets/provenance/elpd/elpd_provenance.csv
elpd,filename_prefix_00753_.png,1,license-plate,license_plate,789.2,1119.84,968.4,1169.5,1536,1536,SYNTHETIC,TRAIN_ONLY,https://www.kaggle.com/datasets/tielemarvin/european-license-plate-dataset-elpd,CC BY 4.0,https://creativecommons.org/licenses/by/4.0/,AI/PlateDetector/datasets/provenance/elpd/elpd_provenance.csv
elpd,filename_prefix_00754_.png,1,license-plate,license_plate,452.36,702.22,636.21,750.03,1024,1024,SYNTHETIC,TRAIN_ONLY,https://www.kaggle.com/datasets/tielemarvin/european-license-plate-dataset-elpd,CC BY 4.0,https://creativecommons.org/licenses/by/4.0/,AI/PlateDetector/datasets/provenance/elpd/elpd_provenance.csv
elpd,filename_prefix_00755_.png,1,license-plate,license_plate,236.54,688.67,349.06,735.73,1024,1024,SYNTHETIC,TRAIN_ONLY,https://www.kaggle.com/datasets/tielemarvin/european-license-plate-dataset-elpd,CC BY 4.0,https://creativecommons.org/licenses/by/4.0/,AI/PlateDetector/datasets/provenance/elpd/elpd_provenance.csv
elpd,filename_prefix_00756_.png,1,license-plate,license_plate,261.75,586.25,382.1,616.1,1024,1024,SYNTHETIC,TRAIN_ONLY,https://www.kaggle.com/datasets/tielemarvin/european-license-plate-dataset-elpd,CC BY 4.0,https://creativecommons.org/licenses/by/4.0/,AI/PlateDetector/datasets/provenance/elpd/elpd_provenance.csv
elpd,filename_prefix_00757_.png,1,license-plate,license_plate,313.72,597.81,454.38,635.23,1024,1024,SYNTHETIC,TRAIN_ONLY,https://www.kaggle.com/datasets/tielemarvin/european-license-plate-dataset-elpd,CC BY 4.0,https://creativecommons.org/licenses/by/4.0/,AI/PlateDetector/datasets/provenance/elpd/elpd_provenance.csv
elpd,filename_prefix_00758_.png,1,license-plate,license_plate,440.7,759.68,621.55,808.14,1536,1536,SYNTHETIC,TRAIN_ONLY,https://www.kaggle.com/datasets/tielemarvin/european-license-plate-dataset-elpd,CC BY 4.0,https://creativecommons.org/licenses/by/4.0/,AI/PlateDetector/datasets/provenance/elpd/elpd_provenance.csv
elpd,filename_prefix_00759_.png,1,license-plate,license_plate,245.99,1183.6,500.26,1256.11,1536,1536,SYNTHETIC,TRAIN_ONLY,https://www.kaggle.com/datasets/tielemarvin/european-license-plate-dataset-elpd,CC BY 4.0,https://creativecommons.org/licenses/by/4.0/,AI/PlateDetector/datasets/provenance/elpd/elpd_provenance.csv
elpd,filename_prefix_00759_.png,2,license-plate,license_plate,1398.24,1116.76,1518.7,1146.12,1536,1536,SYNTHETIC,TRAIN_ONLY,https://www.kaggle.com/datasets/tielemarvin/european-license-plate-dataset-elpd,CC BY 4.0,https://creativecommons.org/licenses/by/4.0/,AI/PlateDetector/datasets/provenance/elpd/elpd_provenance.csv
elpd,filename_prefix_00760_.png,1,license-plate,license_plate,506.52,1072.7,870.1,1201.11,1536,1536,SYNTHETIC,TRAIN_ONLY,https://www.kaggle.com/datasets/tielemarvin/european-license-plate-dataset-elpd,CC BY 4.0,https://creativecommons.org/licenses/by/4.0/,AI/PlateDetector/datasets/provenance/elpd/elpd_provenance.csv
elpd,filename_prefix_00761_.png,1,license-plate,license_plate,635.17,663.43,713.78,693.49,1536,1536,SYNTHETIC,TRAIN_ONLY,https://www.kaggle.com/datasets/tielemarvin/european-license-plate-dataset-elpd,CC BY 4.0,https://creativecommons.org/licenses/by/4.0/,AI/PlateDetector/datasets/provenance/elpd/elpd_provenance.csv
elpd,filename_prefix_00761_.png,2,license-plate,license_plate,1171.41,933.7,1377.34,1009.8,1536,1536,SYNTHETIC,TRAIN_ONLY,https://www.kaggle.com/datasets/tielemarvin/european-license-plate-dataset-elpd,CC BY 4.0,https://creativecommons.org/licenses/by/4.0/,AI/PlateDetector/datasets/provenance/elpd/elpd_provenance.csv
elpd,filename_prefix_00762_.png,1,license-plate,license_plate,646.38,1001.3,897.08,1064.87,1536,1536,SYNTHETIC,TRAIN_ONLY,https://www.kaggle.com/datasets/tielemarvin/european-license-plate-dataset-elpd,CC BY 4.0,https://creativecommons.org/licenses/by/4.0/,AI/PlateDetector/datasets/provenance/elpd/elpd_provenance.csv
elpd,filename_prefix_00763_.png,1,license-plate,license_plate,741.93,745.01,873.3,783.5,1024,1024,SYNTHETIC,TRAIN_ONLY,https://www.kaggle.com/datasets/tielemarvin/european-license-plate-dataset-elpd,CC BY 4.0,https://creativecommons.org/licenses/by/4.0/,AI/PlateDetector/datasets/provenance/elpd/elpd_provenance.csv
elpd,filename_prefix_00764_.png,1,license-plate,license_plate,379.99,898.22,579.63,964.07,1536,1536,SYNTHETIC,TRAIN_ONLY,https://www.kaggle.com/datasets/tielemarvin/european-license-plate-dataset-elpd,CC BY 4.0,https://creativecommons.org/licenses/by/4.0/,AI/PlateDetector/datasets/provenance/elpd/elpd_provenance.csv
elpd,filename_prefix_00765_.png,1,license-plate,license_plate,212.23,460.7,403.24,511.75,1024,1024,SYNTHETIC,TRAIN_ONLY,https://www.kaggle.com/datasets/tielemarvin/european-license-plate-dataset-elpd,CC BY 4.0,https://creativecommons.org/licenses/by/4.0/,AI/PlateDetector/datasets/provenance/elpd/elpd_provenance.csv
elpd,filename_prefix_00766_.png,1,license-plate,license_plate,15.1,691.8,170.88,745.47,1024,1024,SYNTHETIC,TRAIN_ONLY,https://www.kaggle.com/datasets/tielemarvin/european-license-plate-dataset-elpd,CC BY 4.0,https://creativecommons.org/licenses/by/4.0/,AI/PlateDetector/datasets/provenance/elpd/elpd_provenance.csv
elpd,filename_prefix_00767_.png,1,license-plate,license_plate,468.06,623.48,595.91,657.12,1024,1024,SYNTHETIC,TRAIN_ONLY,https://www.kaggle.com/datasets/tielemarvin/european-license-plate-dataset-elpd,CC BY 4.0,https://creativecommons.org/licenses/by/4.0/,AI/PlateDetector/datasets/provenance/elpd/elpd_provenance.csv
elpd,filename_prefix_00768_.png,1,license-plate,license_plate,934.59,1000.96,1069.31,1040.25,1536,1536,SYNTHETIC,TRAIN_ONLY,https://www.kaggle.com/datasets/tielemarvin/european-license-plate-dataset-elpd,CC BY 4.0,https://creativecommons.org/licenses/by/4.0/,AI/PlateDetector/datasets/provenance/elpd/elpd_provenance.csv
elpd,filename_prefix_00769_.png,1,license-plate,license_plate,323.2,881.64,506.44,930.2,1536,1536,SYNTHETIC,TRAIN_ONLY,https://www.kaggle.com/datasets/tielemarvin/european-license-plate-dataset-elpd,CC BY 4.0,https://creativecommons.org/licenses/by/4.0/,AI/PlateDetector/datasets/provenance/elpd/elpd_provenance.csv
elpd,filename_prefix_00770_.png,1,license-plate,license_plate,788.71,689.57,866.91,770.15,1024,1024,SYNTHETIC,TRAIN_ONLY,https://www.kaggle.com/datasets/tielemarvin/european-license-plate-dataset-elpd,CC BY 4.0,https://creativecommons.org/licenses/by/4.0/,AI/PlateDetector/datasets/provenance/elpd/elpd_provenance.csv
elpd,filename_prefix_00771_.png,1,license-plate,license_plate,201.62,683.61,379.09,726.95,1024,1024,SYNTHETIC,TRAIN_ONLY,https://www.kaggle.com/datasets/tielemarvin/european-license-plate-dataset-elpd,CC BY 4.0,https://creativecommons.org/licenses/by/4.0/,AI/PlateDetector/datasets/provenance/elpd/elpd_provenance.csv
elpd,filename_prefix_00772_.png,1,license-plate,license_plate,35.34,894.27,298.47,982.67,1024,1024,SYNTHETIC,TRAIN_ONLY,https://www.kaggle.com/datasets/tielemarvin/european-license-plate-dataset-elpd,CC BY 4.0,https://creativecommons.org/licenses/by/4.0/,AI/PlateDetector/datasets/provenance/elpd/elpd_provenance.csv
elpd,filename_prefix_00772_.png,2,license-plate,license_plate,849.04,552.63,951.6,579.4,1024,1024,SYNTHETIC,TRAIN_ONLY,https://www.kaggle.com/datasets/tielemarvin/european-license-plate-dataset-elpd,CC BY 4.0,https://creativecommons.org/licenses/by/4.0/,AI/PlateDetector/datasets/provenance/elpd/elpd_provenance.csv
elpd,filename_prefix_00773_.png,1,license-plate,license_plate,0.9,627.1,154.5,685.9,1024,1024,SYNTHETIC,TRAIN_ONLY,https://www.kaggle.com/datasets/tielemarvin/european-license-plate-dataset-elpd,CC BY 4.0,https://creativecommons.org/licenses/by/4.0/,AI/PlateDetector/datasets/provenance/elpd/elpd_provenance.csv
elpd,filename_prefix_00774_.png,1,license-plate,license_plate,387.77,1047.41,596.44,1098.31,1536,1536,SYNTHETIC,TRAIN_ONLY,https://www.kaggle.com/datasets/tielemarvin/european-license-plate-dataset-elpd,CC BY 4.0,https://creativecommons.org/licenses/by/4.0/,AI/PlateDetector/datasets/provenance/elpd/elpd_provenance.csv
elpd,filename_prefix_00775_.png,1,license-plate,license_plate,310.9,612.0,648.44,702.43,1536,1536,SYNTHETIC,TRAIN_ONLY,https://www.kaggle.com/datasets/tielemarvin/european-license-plate-dataset-elpd,CC BY 4.0,https://creativecommons.org/licenses/by/4.0/,AI/PlateDetector/datasets/provenance/elpd/elpd_provenance.csv
elpd,filename_prefix_00776_.png,1,license-plate,license_plate,456.5,948.41,661.12,1005.11,1536,1536,SYNTHETIC,TRAIN_ONLY,https://www.kaggle.com/datasets/tielemarvin/european-license-plate-dataset-elpd,CC BY 4.0,https://creativecommons.org/licenses/by/4.0/,AI/PlateDetector/datasets/provenance/elpd/elpd_provenance.csv
elpd,filename_prefix_00777_.png,1,license-plate,license_plate,620.2,909.2,867.96,974.67,1536,1536,SYNTHETIC,TRAIN_ONLY,https://www.kaggle.com/datasets/tielemarvin/european-license-plate-dataset-elpd,CC BY 4.0,https://creativecommons.org/licenses/by/4.0/,AI/PlateDetector/datasets/provenance/elpd/elpd_provenance.csv
elpd,filename_prefix_00778_.png,1,license-plate,license_plate,908.45,1150.73,1128.7,1294.07,1536,1536,SYNTHETIC,TRAIN_ONLY,https://www.kaggle.com/datasets/tielemarvin/european-license-plate-dataset-elpd,CC BY 4.0,https://creativecommons.org/licenses/by/4.0/,AI/PlateDetector/datasets/provenance/elpd/elpd_provenance.csv
elpd,filename_prefix_00779_.png,1,license-plate,license_plate,0.0,660.93,206.39,713.99,1024,1024,SYNTHETIC,TRAIN_ONLY,https://www.kaggle.com/datasets/tielemarvin/european-license-plate-dataset-elpd,CC BY 4.0,https://creativecommons.org/licenses/by/4.0/,AI/PlateDetector/datasets/provenance/elpd/elpd_provenance.csv
elpd,filename_prefix_00780_.png,1,license-plate,license_plate,757.32,1067.38,1105.39,1161.65,1536,1536,SYNTHETIC,TRAIN_ONLY,https://www.kaggle.com/datasets/tielemarvin/european-license-plate-dataset-elpd,CC BY 4.0,https://creativecommons.org/licenses/by/4.0/,AI/PlateDetector/datasets/provenance/elpd/elpd_provenance.csv
elpd,filename_prefix_00781_.png,1,license-plate,license_plate,231.29,780.56,398.94,825.19,1024,1024,SYNTHETIC,TRAIN_ONLY,https://www.kaggle.com/datasets/tielemarvin/european-license-plate-dataset-elpd,CC BY 4.0,https://creativecommons.org/licenses/by/4.0/,AI/PlateDetector/datasets/provenance/elpd/elpd_provenance.csv
elpd,filename_prefix_00782_.png,1,license-plate,license_plate,373.97,582.64,642.47,645.75,1024,1024,SYNTHETIC,TRAIN_ONLY,https://www.kaggle.com/datasets/tielemarvin/european-license-plate-dataset-elpd,CC BY 4.0,https://creativecommons.org/licenses/by/4.0/,AI/PlateDetector/datasets/provenance/elpd/elpd_provenance.csv
elpd,filename_prefix_00783_.png,1,license-plate,license_plate,533.99,605.6,711.9,656.03,1024,1024,SYNTHETIC,TRAIN_ONLY,https://www.kaggle.com/datasets/tielemarvin/european-license-plate-dataset-elpd,CC BY 4.0,https://creativecommons.org/licenses/by/4.0/,AI/PlateDetector/datasets/provenance/elpd/elpd_provenance.csv
elpd,filename_prefix_00784_.png,1,license-plate,license_plate,154.2,1184.12,635.9,1308.5,1536,1536,SYNTHETIC,TRAIN_ONLY,https://www.kaggle.com/datasets/tielemarvin/european-license-plate-dataset-elpd,CC BY 4.0,https://creativecommons.org/licenses/by/4.0/,AI/PlateDetector/datasets/provenance/elpd/elpd_provenance.csv
elpd,filename_prefix_00785_.png,1,license-plate,license_plate,529.1,1103.44,767.44,1173.85,1536,1536,SYNTHETIC,TRAIN_ONLY,https://www.kaggle.com/datasets/tielemarvin/european-license-plate-dataset-elpd,CC BY 4.0,https://creativecommons.org/licenses/by/4.0/,AI/PlateDetector/datasets/provenance/elpd/elpd_provenance.csv
elpd,filename_prefix_00786_.png,1,license-plate,license_plate,183.36,705.98,312.84,795.8,1024,1024,SYNTHETIC,TRAIN_ONLY,https://www.kaggle.com/datasets/tielemarvin/european-license-plate-dataset-elpd,CC BY 4.0,https://creativecommons.org/licenses/by/4.0/,AI/PlateDetector/datasets/provenance/elpd/elpd_provenance.csv
elpd,filename_prefix_00787_.png,1,license-plate,license_plate,363.09,518.0,465.98,543.47,1024,1024,SYNTHETIC,TRAIN_ONLY,https://www.kaggle.com/datasets/tielemarvin/european-license-plate-dataset-elpd,CC BY 4.0,https://creativecommons.org/licenses/by/4.0/,AI/PlateDetector/datasets/provenance/elpd/elpd_provenance.csv
elpd,filename_prefix_00789_.png,1,license-plate,license_plate,219.81,661.39,399.37,706.97,1024,1024,SYNTHETIC,TRAIN_ONLY,https://www.kaggle.com/datasets/tielemarvin/european-license-plate-dataset-elpd,CC BY 4.0,https://creativecommons.org/licenses/by/4.0/,AI/PlateDetector/datasets/provenance/elpd/elpd_provenance.csv
elpd,filename_prefix_00790_.png,1,license-plate,license_plate,1042.1,409.79,1284.88,478.0,1536,1536,SYNTHETIC,TRAIN_ONLY,https://www.kaggle.com/datasets/tielemarvin/european-license-plate-dataset-elpd,CC BY 4.0,https://creativecommons.org/licenses/by/4.0/,AI/PlateDetector/datasets/provenance/elpd/elpd_provenance.csv
elpd,filename_prefix_00790_.png,2,license-plate,license_plate,6.33,878.29,267.63,1035.27,1536,1536,SYNTHETIC,TRAIN_ONLY,https://www.kaggle.com/datasets/tielemarvin/european-license-plate-dataset-elpd,CC BY 4.0,https://creativecommons.org/licenses/by/4.0/,AI/PlateDetector/datasets/provenance/elpd/elpd_provenance.csv
elpd,filename_prefix_00791_.png,1,license-plate,license_plate,965.81,851.0,1081.53,878.2,1536,1536,SYNTHETIC,TRAIN_ONLY,https://www.kaggle.com/datasets/tielemarvin/european-license-plate-dataset-elpd,CC BY 4.0,https://creativecommons.org/licenses/by/4.0/,AI/PlateDetector/datasets/provenance/elpd/elpd_provenance.csv
elpd,filename_prefix_00791_.png,2,license-plate,license_plate,0.0,1123.42,269.33,1232.96,1536,1536,SYNTHETIC,TRAIN_ONLY,https://www.kaggle.com/datasets/tielemarvin/european-license-plate-dataset-elpd,CC BY 4.0,https://creativecommons.org/licenses/by/4.0/,AI/PlateDetector/datasets/provenance/elpd/elpd_provenance.csv
elpd,filename_prefix_00792_.png,1,license-plate,license_plate,633.42,928.16,873.5,989.7,1536,1536,SYNTHETIC,TRAIN_ONLY,https://www.kaggle.com/datasets/tielemarvin/european-license-plate-dataset-elpd,CC BY 4.0,https://creativecommons.org/licenses/by/4.0/,AI/PlateDetector/datasets/provenance/elpd/elpd_provenance.csv
elpd,filename_prefix_00793_.png,1,license-plate,license_plate,638.42,887.05,955.4,977.5,1536,1536,SYNTHETIC,TRAIN_ONLY,https://www.kaggle.com/datasets/tielemarvin/european-license-plate-dataset-elpd,CC BY 4.0,https://creativecommons.org/licenses/by/4.0/,AI/PlateDetector/datasets/provenance/elpd/elpd_provenance.csv
elpd,filename_prefix_00794_.png,1,license-plate,license_plate,881.23,1225.94,1170.43,1339.73,1536,1536,SYNTHETIC,TRAIN_ONLY,https://www.kaggle.com/datasets/tielemarvin/european-license-plate-dataset-elpd,CC BY 4.0,https://creativecommons.org/licenses/by/4.0/,AI/PlateDetector/datasets/provenance/elpd/elpd_provenance.csv
elpd,filename_prefix_00796_.png,1,license-plate,license_plate,288.4,725.2,502.8,790.27,1024,1024,SYNTHETIC,TRAIN_ONLY,https://www.kaggle.com/datasets/tielemarvin/european-license-plate-dataset-elpd,CC BY 4.0,https://creativecommons.org/licenses/by/4.0/,AI/PlateDetector/datasets/provenance/elpd/elpd_provenance.csv
elpd,filename_prefix_00797_.png,1,license-plate,license_plate,105.35,759.8,248.8,802.7,1024,1024,SYNTHETIC,TRAIN_ONLY,https://www.kaggle.com/datasets/tielemarvin/european-license-plate-dataset-elpd,CC BY 4.0,https://creativecommons.org/licenses/by/4.0/,AI/PlateDetector/datasets/provenance/elpd/elpd_provenance.csv
elpd,filename_prefix_00798_.png,1,license-plate,license_plate,180.63,843.3,344.2,906.43,1024,1024,SYNTHETIC,TRAIN_ONLY,https://www.kaggle.com/datasets/tielemarvin/european-license-plate-dataset-elpd,CC BY 4.0,https://creativecommons.org/licenses/by/4.0/,AI/PlateDetector/datasets/provenance/elpd/elpd_provenance.csv
elpd,filename_prefix_00799_.png,1,license-plate,license_plate,537.91,850.45,803.11,918.82,1536,1536,SYNTHETIC,TRAIN_ONLY,https://www.kaggle.com/datasets/tielemarvin/european-license-plate-dataset-elpd,CC BY 4.0,https://creativecommons.org/licenses/by/4.0/,AI/PlateDetector/datasets/provenance/elpd/elpd_provenance.csv
elpd,filename_prefix_00800_.png,1,license-plate,license_plate,601.55,947.7,955.19,1058.78,1536,1536,SYNTHETIC,TRAIN_ONLY,https://www.kaggle.com/datasets/tielemarvin/european-license-plate-dataset-elpd,CC BY 4.0,https://creativecommons.org/licenses/by/4.0/,AI/PlateDetector/datasets/provenance/elpd/elpd_provenance.csv
elpd,filename_prefix_00800_.png,2,license-plate,license_plate,1410.06,415.69,1479.1,432.86,1536,1536,SYNTHETIC,TRAIN_ONLY,https://www.kaggle.com/datasets/tielemarvin/european-license-plate-dataset-elpd,CC BY 4.0,https://creativecommons.org/licenses/by/4.0/,AI/PlateDetector/datasets/provenance/elpd/elpd_provenance.csv
elpd,filename_prefix_00801_.png,1,license-plate,license_plate,429.54,761.41,579.66,804.22,1024,1024,SYNTHETIC,TRAIN_ONLY,https://www.kaggle.com/datasets/tielemarvin/european-license-plate-dataset-elpd,CC BY 4.0,https://creativecommons.org/licenses/by/4.0/,AI/PlateDetector/datasets/provenance/elpd/elpd_provenance.csv
elpd,filename_prefix_00802_.png,1,license-plate,license_plate,249.03,586.64,452.0,641.78,1024,1024,SYNTHETIC,TRAIN_ONLY,https://www.kaggle.com/datasets/tielemarvin/european-license-plate-dataset-elpd,CC BY 4.0,https://creativecommons.org/licenses/by/4.0/,AI/PlateDetector/datasets/provenance/elpd/elpd_provenance.csv
elpd,filename_prefix_00803_.png,1,license-plate,license_plate,546.49,496.89,736.3,542.26,1024,1024,SYNTHETIC,TRAIN_ONLY,https://www.kaggle.com/datasets/tielemarvin/european-license-plate-dataset-elpd,CC BY 4.0,https://creativecommons.org/licenses/by/4.0/,AI/PlateDetector/datasets/provenance/elpd/elpd_provenance.csv
elpd,filename_prefix_00804_.png,1,license-plate,license_plate,158.84,661.96,292.6,699.45,1024,1024,SYNTHETIC,TRAIN_ONLY,https://www.kaggle.com/datasets/tielemarvin/european-license-plate-dataset-elpd,CC BY 4.0,https://creativecommons.org/licenses/by/4.0/,AI/PlateDetector/datasets/provenance/elpd/elpd_provenance.csv
elpd,filename_prefix_00805_.png,1,license-plate,license_plate,649.06,1239.39,1072.67,1351.88,1536,1536,SYNTHETIC,TRAIN_ONLY,https://www.kaggle.com/datasets/tielemarvin/european-license-plate-dataset-elpd,CC BY 4.0,https://creativecommons.org/licenses/by/4.0/,AI/PlateDetector/datasets/provenance/elpd/elpd_provenance.csv
elpd,filename_prefix_00806_.png,1,license-plate,license_plate,205.54,1061.98,595.43,1180.99,1536,1536,SYNTHETIC,TRAIN_ONLY,https://www.kaggle.com/datasets/tielemarvin/european-license-plate-dataset-elpd,CC BY 4.0,https://creativecommons.org/licenses/by/4.0/,AI/PlateDetector/datasets/provenance/elpd/elpd_provenance.csv
elpd,filename_prefix_00807_.png,1,license-plate,license_plate,937.42,1186.15,1151.87,1295.98,1536,1536,SYNTHETIC,TRAIN_ONLY,https://www.kaggle.com/datasets/tielemarvin/european-license-plate-dataset-elpd,CC BY 4.0,https://creativecommons.org/licenses/by/4.0/,AI/PlateDetector/datasets/provenance/elpd/elpd_provenance.csv
elpd,filename_prefix_00808_.png,1,license-plate,license_plate,641.82,651.4,898.78,742.72,1536,1536,SYNTHETIC,TRAIN_ONLY,https://www.kaggle.com/datasets/tielemarvin/european-license-plate-dataset-elpd,CC BY 4.0,https://creativecommons.org/licenses/by/4.0/,AI/PlateDetector/datasets/provenance/elpd/elpd_provenance.csv
elpd,filename_prefix_00809_.png,1,license-plate,license_plate,1183.06,740.6,1245.92,755.2,1536,1536,SYNTHETIC,TRAIN_ONLY,https://www.kaggle.com/datasets/tielemarvin/european-license-plate-dataset-elpd,CC BY 4.0,https://creativecommons.org/licenses/by/4.0/,AI/PlateDetector/datasets/provenance/elpd/elpd_provenance.csv
elpd,filename_prefix_00809_.png,2,license-plate,license_plate,390.7,924.1,650.32,992.25,1536,1536,SYNTHETIC,TRAIN_ONLY,https://www.kaggle.com/datasets/tielemarvin/european-license-plate-dataset-elpd,CC BY 4.0,https://creativecommons.org/licenses/by/4.0/,AI/PlateDetector/datasets/provenance/elpd/elpd_provenance.csv
elpd,filename_prefix_00810_.png,1,license-plate,license_plate,542.95,697.02,849.39,774.41,1536,1536,SYNTHETIC,TRAIN_ONLY,https://www.kaggle.com/datasets/tielemarvin/european-license-plate-dataset-elpd,CC BY 4.0,https://creativecommons.org/licenses/by/4.0/,AI/PlateDetector/datasets/provenance/elpd/elpd_provenance.csv
elpd,filename_prefix_00811_.png,1,license-plate,license_plate,283.13,627.17,482.78,676.18,1024,1024,SYNTHETIC,TRAIN_ONLY,https://www.kaggle.com/datasets/tielemarvin/european-license-plate-dataset-elpd,CC BY 4.0,https://creativecommons.org/licenses/by/4.0/,AI/PlateDetector/datasets/provenance/elpd/elpd_provenance.csv
elpd,filename_prefix_00813_.png,1,license-plate,license_plate,275.8,705.74,459.05,774.39,1024,1024,SYNTHETIC,TRAIN_ONLY,https://www.kaggle.com/datasets/tielemarvin/european-license-plate-dataset-elpd,CC BY 4.0,https://creativecommons.org/licenses/by/4.0/,AI/PlateDetector/datasets/provenance/elpd/elpd_provenance.csv
elpd,filename_prefix_00814_.png,1,license-plate,license_plate,171.19,618.13,311.64,663.61,1024,1024,SYNTHETIC,TRAIN_ONLY,https://www.kaggle.com/datasets/tielemarvin/european-license-plate-dataset-elpd,CC BY 4.0,https://creativecommons.org/licenses/by/4.0/,AI/PlateDetector/datasets/provenance/elpd/elpd_provenance.csv
elpd,filename_prefix_00815_.png,1,license-plate,license_plate,370.31,991.62,644.25,1063.58,1536,1536,SYNTHETIC,TRAIN_ONLY,https://www.kaggle.com/datasets/tielemarvin/european-license-plate-dataset-elpd,CC BY 4.0,https://creativecommons.org/licenses/by/4.0/,AI/PlateDetector/datasets/provenance/elpd/elpd_provenance.csv
elpd,filename_prefix_00816_.png,1,license-plate,license_plate,615.26,1150.76,902.02,1232.74,1536,1536,SYNTHETIC,TRAIN_ONLY,https://www.kaggle.com/datasets/tielemarvin/european-license-plate-dataset-elpd,CC BY 4.0,https://creativecommons.org/licenses/by/4.0/,AI/PlateDetector/datasets/provenance/elpd/elpd_provenance.csv
elpd,filename_prefix_00817_.png,1,license-plate,license_plate,535.6,651.7,673.77,687.37,1024,1024,SYNTHETIC,TRAIN_ONLY,https://www.kaggle.com/datasets/tielemarvin/european-license-plate-dataset-elpd,CC BY 4.0,https://creativecommons.org/licenses/by/4.0/,AI/PlateDetector/datasets/provenance/elpd/elpd_provenance.csv
elpd,filename_prefix_00818_.png,1,license-plate,license_plate,506.83,643.44,694.68,691.78,1024,1024,SYNTHETIC,TRAIN_ONLY,https://www.kaggle.com/datasets/tielemarvin/european-license-plate-dataset-elpd,CC BY 4.0,https://creativecommons.org/licenses/by/4.0/,AI/PlateDetector/datasets/provenance/elpd/elpd_provenance.csv
elpd,filename_prefix_00819_.png,1,license-plate,license_plate,680.99,657.77,849.98,703.24,1024,1024,SYNTHETIC,TRAIN_ONLY,https://www.kaggle.com/datasets/tielemarvin/european-license-plate-dataset-elpd,CC BY 4.0,https://creativecommons.org/licenses/by/4.0/,AI/PlateDetector/datasets/provenance/elpd/elpd_provenance.csv
elpd,filename_prefix_00820_.png,1,license-plate,license_plate,393.8,640.27,536.0,677.4,1024,1024,SYNTHETIC,TRAIN_ONLY,https://www.kaggle.com/datasets/tielemarvin/european-license-plate-dataset-elpd,CC BY 4.0,https://creativecommons.org/licenses/by/4.0/,AI/PlateDetector/datasets/provenance/elpd/elpd_provenance.csv
elpd,filename_prefix_00821_.png,1,license-plate,license_plate,675.56,1024.14,860.81,1072.36,1536,1536,SYNTHETIC,TRAIN_ONLY,https://www.kaggle.com/datasets/tielemarvin/european-license-plate-dataset-elpd,CC BY 4.0,https://creativecommons.org/licenses/by/4.0/,AI/PlateDetector/datasets/provenance/elpd/elpd_provenance.csv
elpd,filename_prefix_00821_.png,2,license-plate,license_plate,1387.09,767.84,1489.3,795.3,1536,1536,SYNTHETIC,TRAIN_ONLY,https://www.kaggle.com/datasets/tielemarvin/european-license-plate-dataset-elpd,CC BY 4.0,https://creativecommons.org/licenses/by/4.0/,AI/PlateDetector/datasets/provenance/elpd/elpd_provenance.csv
elpd,filename_prefix_00822_.png,1,license-plate,license_plate,14.24,833.67,346.78,938.3,1536,1536,SYNTHETIC,TRAIN_ONLY,https://www.kaggle.com/datasets/tielemarvin/european-license-plate-dataset-elpd,CC BY 4.0,https://creativecommons.org/licenses/by/4.0/,AI/PlateDetector/datasets/provenance/elpd/elpd_provenance.csv
elpd,filename_prefix_00823_.png,1,license-plate,license_plate,120.99,747.52,473.44,884.69,1536,1536,SYNTHETIC,TRAIN_ONLY,https://www.kaggle.com/datasets/tielemarvin/european-license-plate-dataset-elpd,CC BY 4.0,https://creativecommons.org/licenses/by/4.0/,AI/PlateDetector/datasets/provenance/elpd/elpd_provenance.csv
elpd,filename_prefix_00823_.png,2,license-plate,license_plate,1296.1,324.0,1409.13,356.47,1536,1536,SYNTHETIC,TRAIN_ONLY,https://www.kaggle.com/datasets/tielemarvin/european-license-plate-dataset-elpd,CC BY 4.0,https://creativecommons.org/licenses/by/4.0/,AI/PlateDetector/datasets/provenance/elpd/elpd_provenance.csv
elpd,filename_prefix_00824_.png,1,license-plate,license_plate,782.39,814.36,967.36,865.23,1536,1536,SYNTHETIC,TRAIN_ONLY,https://www.kaggle.com/datasets/tielemarvin/european-license-plate-dataset-elpd,CC BY 4.0,https://creativecommons.org/licenses/by/4.0/,AI/PlateDetector/datasets/provenance/elpd/elpd_provenance.csv
elpd,filename_prefix_00825_.png,1,license-plate,license_plate,827.64,1020.39,1092.49,1087.34,1536,1536,SYNTHETIC,TRAIN_ONLY,https://www.kaggle.com/datasets/tielemarvin/european-license-plate-dataset-elpd,CC BY 4.0,https://creativecommons.org/licenses/by/4.0/,AI/PlateDetector/datasets/provenance/elpd/elpd_provenance.csv
elpd,filename_prefix_00826_.png,1,license-plate,license_plate,650.8,990.0,869.3,1043.32,1536,1536,SYNTHETIC,TRAIN_ONLY,https://www.kaggle.com/datasets/tielemarvin/european-license-plate-dataset-elpd,CC BY 4.0,https://creativecommons.org/licenses/by/4.0/,AI/PlateDetector/datasets/provenance/elpd/elpd_provenance.csv
elpd,filename_prefix_00827_.png,1,license-plate,license_plate,400.87,643.5,483.13,668.15,1024,1024,SYNTHETIC,TRAIN_ONLY,https://www.kaggle.com/datasets/tielemarvin/european-license-plate-dataset-elpd,CC BY 4.0,https://creativecommons.org/licenses/by/4.0/,AI/PlateDetector/datasets/provenance/elpd/elpd_provenance.csv
elpd,filename_prefix_00828_.png,1,license-plate,license_plate,529.13,640.91,653.98,671.72,1024,1024,SYNTHETIC,TRAIN_ONLY,https://www.kaggle.com/datasets/tielemarvin/european-license-plate-dataset-elpd,CC BY 4.0,https://creativecommons.org/licenses/by/4.0/,AI/PlateDetector/datasets/provenance/elpd/elpd_provenance.csv
elpd,filename_prefix_00829_.png,1,license-plate,license_plate,77.23,664.95,285.0,729.9,1024,1024,SYNTHETIC,TRAIN_ONLY,https://www.kaggle.com/datasets/tielemarvin/european-license-plate-dataset-elpd,CC BY 4.0,https://creativecommons.org/licenses/by/4.0/,AI/PlateDetector/datasets/provenance/elpd/elpd_provenance.csv
elpd,filename_prefix_00830_.png,1,license-plate,license_plate,727.56,863.38,841.13,896.36,1024,1024,SYNTHETIC,TRAIN_ONLY,https://www.kaggle.com/datasets/tielemarvin/european-license-plate-dataset-elpd,CC BY 4.0,https://creativecommons.org/licenses/by/4.0/,AI/PlateDetector/datasets/provenance/elpd/elpd_provenance.csv
elpd,filename_prefix_00831_.png,1,license-plate,license_plate,527.15,991.43,654.55,1016.59,1536,1536,SYNTHETIC,TRAIN_ONLY,https://www.kaggle.com/datasets/tielemarvin/european-license-plate-dataset-elpd,CC BY 4.0,https://creativecommons.org/licenses/by/4.0/,AI/PlateDetector/datasets/provenance/elpd/elpd_provenance.csv
elpd,filename_prefix_00831_.png,2,license-plate,license_plate,1204.88,973.36,1417.69,1029.92,1536,1536,SYNTHETIC,TRAIN_ONLY,https://www.kaggle.com/datasets/tielemarvin/european-license-plate-dataset-elpd,CC BY 4.0,https://creativecommons.org/licenses/by/4.0/,AI/PlateDetector/datasets/provenance/elpd/elpd_provenance.csv
elpd,filename_prefix_00832_.png,1,license-plate,license_plate,905.41,851.76,1051.29,893.27,1536,1536,SYNTHETIC,TRAIN_ONLY,https://www.kaggle.com/datasets/tielemarvin/european-license-plate-dataset-elpd,CC BY 4.0,https://creativecommons.org/licenses/by/4.0/,AI/PlateDetector/datasets/provenance/elpd/elpd_provenance.csv
elpd,filename_prefix_00833_.png,1,license-plate,license_plate,206.26,602.41,339.88,643.17,1024,1024,SYNTHETIC,TRAIN_ONLY,https://www.kaggle.com/datasets/tielemarvin/european-license-plate-dataset-elpd,CC BY 4.0,https://creativecommons.org/licenses/by/4.0/,AI/PlateDetector/datasets/provenance/elpd/elpd_provenance.csv
elpd,filename_prefix_00834_.png,1,license-plate,license_plate,433.11,527.09,504.01,544.05,1024,1024,SYNTHETIC,TRAIN_ONLY,https://www.kaggle.com/datasets/tielemarvin/european-license-plate-dataset-elpd,CC BY 4.0,https://creativecommons.org/licenses/by/4.0/,AI/PlateDetector/datasets/provenance/elpd/elpd_provenance.csv
elpd,filename_prefix_00835_.png,1,license-plate,license_plate,948.59,396.49,1024.0,437.57,1024,1024,SYNTHETIC,TRAIN_ONLY,https://www.kaggle.com/datasets/tielemarvin/european-license-plate-dataset-elpd,CC BY 4.0,https://creativecommons.org/licenses/by/4.0/,AI/PlateDetector/datasets/provenance/elpd/elpd_provenance.csv
elpd,filename_prefix_00835_.png,2,license-plate,license_plate,696.96,629.62,916.58,745.03,1024,1024,SYNTHETIC,TRAIN_ONLY,https://www.kaggle.com/datasets/tielemarvin/european-license-plate-dataset-elpd,CC BY 4.0,https://creativecommons.org/licenses/by/4.0/,AI/PlateDetector/datasets/provenance/elpd/elpd_provenance.csv
elpd,filename_prefix_00836_.png,1,license-plate,license_plate,418.46,627.91,663.19,688.26,1024,1024,SYNTHETIC,TRAIN_ONLY,https://www.kaggle.com/datasets/tielemarvin/european-license-plate-dataset-elpd,CC BY 4.0,https://creativecommons.org/licenses/by/4.0/,AI/PlateDetector/datasets/provenance/elpd/elpd_provenance.csv
elpd,filename_prefix_00837_.png,1,license-plate,license_plate,40.97,886.4,375.58,972.38,1536,1536,SYNTHETIC,TRAIN_ONLY,https://www.kaggle.com/datasets/tielemarvin/european-license-plate-dataset-elpd,CC BY 4.0,https://creativecommons.org/licenses/by/4.0/,AI/PlateDetector/datasets/provenance/elpd/elpd_provenance.csv
elpd,filename_prefix_00838_.png,1,license-plate,license_plate,508.69,996.38,667.2,1037.9,1536,1536,SYNTHETIC,TRAIN_ONLY,https://www.kaggle.com/datasets/tielemarvin/european-license-plate-dataset-elpd,CC BY 4.0,https://creativecommons.org/licenses/by/4.0/,AI/PlateDetector/datasets/provenance/elpd/elpd_provenance.csv
elpd,filename_prefix_00839_.png,1,license-plate,license_plate,844.3,912.1,1150.63,1012.42,1536,1536,SYNTHETIC,TRAIN_ONLY,https://www.kaggle.com/datasets/tielemarvin/european-license-plate-dataset-elpd,CC BY 4.0,https://creativecommons.org/licenses/by/4.0/,AI/PlateDetector/datasets/provenance/elpd/elpd_provenance.csv
elpd,filename_prefix_00840_.png,1,license-plate,license_plate,498.0,1361.12,643.09,1403.95,1536,1536,SYNTHETIC,TRAIN_ONLY,https://www.kaggle.com/datasets/tielemarvin/european-license-plate-dataset-elpd,CC BY 4.0,https://creativecommons.org/licenses/by/4.0/,AI/PlateDetector/datasets/provenance/elpd/elpd_provenance.csv
elpd,filename_prefix_00841_.png,1,license-plate,license_plate,1373.45,1037.1,1481.4,1067.32,1536,1536,SYNTHETIC,TRAIN_ONLY,https://www.kaggle.com/datasets/tielemarvin/european-license-plate-dataset-elpd,CC BY 4.0,https://creativecommons.org/licenses/by/4.0/,AI/PlateDetector/datasets/provenance/elpd/elpd_provenance.csv
elpd,filename_prefix_00841_.png,2,license-plate,license_plate,634.72,971.21,759.51,1001.86,1536,1536,SYNTHETIC,TRAIN_ONLY,https://www.kaggle.com/datasets/tielemarvin/european-license-plate-dataset-elpd,CC BY 4.0,https://creativecommons.org/licenses/by/4.0/,AI/PlateDetector/datasets/provenance/elpd/elpd_provenance.csv
elpd,filename_prefix_00842_.png,1,license-plate,license_plate,799.1,905.75,936.67,960.66,1536,1536,SYNTHETIC,TRAIN_ONLY,https://www.kaggle.com/datasets/tielemarvin/european-license-plate-dataset-elpd,CC BY 4.0,https://creativecommons.org/licenses/by/4.0/,AI/PlateDetector/datasets/provenance/elpd/elpd_provenance.csv
elpd,filename_prefix_00843_.png,1,license-plate,license_plate,541.92,707.87,732.53,754.83,1024,1024,SYNTHETIC,TRAIN_ONLY,https://www.kaggle.com/datasets/tielemarvin/european-license-plate-dataset-elpd,CC BY 4.0,https://creativecommons.org/licenses/by/4.0/,AI/PlateDetector/datasets/provenance/elpd/elpd_provenance.csv
elpd,filename_prefix_00844_.png,1,license-plate,license_plate,158.26,480.22,266.61,507.86,1024,1024,SYNTHETIC,TRAIN_ONLY,https://www.kaggle.com/datasets/tielemarvin/european-license-plate-dataset-elpd,CC BY 4.0,https://creativecommons.org/licenses/by/4.0/,AI/PlateDetector/datasets/provenance/elpd/elpd_provenance.csv
elpd,filename_prefix_00845_.png,1,license-plate,license_plate,318.14,693.36,418.39,718.67,1024,1024,SYNTHETIC,TRAIN_ONLY,https://www.kaggle.com/datasets/tielemarvin/european-license-plate-dataset-elpd,CC BY 4.0,https://creativecommons.org/licenses/by/4.0/,AI/PlateDetector/datasets/provenance/elpd/elpd_provenance.csv
elpd,filename_prefix_00846_.png,1,license-plate,license_plate,727.38,705.59,861.98,759.77,1024,1024,SYNTHETIC,TRAIN_ONLY,https://www.kaggle.com/datasets/tielemarvin/european-license-plate-dataset-elpd,CC BY 4.0,https://creativecommons.org/licenses/by/4.0/,AI/PlateDetector/datasets/provenance/elpd/elpd_provenance.csv
elpd,filename_prefix_00847_.png,1,license-plate,license_plate,530.12,712.77,882.38,819.69,1536,1536,SYNTHETIC,TRAIN_ONLY,https://www.kaggle.com/datasets/tielemarvin/european-license-plate-dataset-elpd,CC BY 4.0,https://creativecommons.org/licenses/by/4.0/,AI/PlateDetector/datasets/provenance/elpd/elpd_provenance.csv
elpd,filename_prefix_00848_.png,1,license-plate,license_plate,384.5,753.82,655.78,824.65,1536,1536,SYNTHETIC,TRAIN_ONLY,https://www.kaggle.com/datasets/tielemarvin/european-license-plate-dataset-elpd,CC BY 4.0,https://creativecommons.org/licenses/by/4.0/,AI/PlateDetector/datasets/provenance/elpd/elpd_provenance.csv
elpd,filename_prefix_00849_.png,1,license-plate,license_plate,320.85,785.43,513.53,857.32,1024,1024,SYNTHETIC,TRAIN_ONLY,https://www.kaggle.com/datasets/tielemarvin/european-license-plate-dataset-elpd,CC BY 4.0,https://creativecommons.org/licenses/by/4.0/,AI/PlateDetector/datasets/provenance/elpd/elpd_provenance.csv
elpd,filename_prefix_00850_.png,1,license-plate,license_plate,326.39,592.19,496.0,637.7,1024,1024,SYNTHETIC,TRAIN_ONLY,https://www.kaggle.com/datasets/tielemarvin/european-license-plate-dataset-elpd,CC BY 4.0,https://creativecommons.org/licenses/by/4.0/,AI/PlateDetector/datasets/provenance/elpd/elpd_provenance.csv
elpd,filename_prefix_00851_.png,1,license-plate,license_plate,445.32,732.62,572.23,767.24,1024,1024,SYNTHETIC,TRAIN_ONLY,https://www.kaggle.com/datasets/tielemarvin/european-license-plate-dataset-elpd,CC BY 4.0,https://creativecommons.org/licenses/by/4.0/,AI/PlateDetector/datasets/provenance/elpd/elpd_provenance.csv
elpd,filename_prefix_00852_.png,1,license-plate,license_plate,429.49,603.96,546.1,632.7,1024,1024,SYNTHETIC,TRAIN_ONLY,https://www.kaggle.com/datasets/tielemarvin/european-license-plate-dataset-elpd,CC BY 4.0,https://creativecommons.org/licenses/by/4.0/,AI/PlateDetector/datasets/provenance/elpd/elpd_provenance.csv
elpd,filename_prefix_00853_.png,1,license-plate,license_plate,301.51,977.87,589.5,1091.82,1536,1536,SYNTHETIC,TRAIN_ONLY,https://www.kaggle.com/datasets/tielemarvin/european-license-plate-dataset-elpd,CC BY 4.0,https://creativecommons.org/licenses/by/4.0/,AI/PlateDetector/datasets/provenance/elpd/elpd_provenance.csv
elpd,filename_prefix_00854_.png,1,license-plate,license_plate,1084.01,901.01,1223.32,939.73,1536,1536,SYNTHETIC,TRAIN_ONLY,https://www.kaggle.com/datasets/tielemarvin/european-license-plate-dataset-elpd,CC BY 4.0,https://creativecommons.org/licenses/by/4.0/,AI/PlateDetector/datasets/provenance/elpd/elpd_provenance.csv
elpd,filename_prefix_00854_.png,2,license-plate,license_plate,202.12,1087.88,416.1,1147.95,1536,1536,SYNTHETIC,TRAIN_ONLY,https://www.kaggle.com/datasets/tielemarvin/european-license-plate-dataset-elpd,CC BY 4.0,https://creativecommons.org/licenses/by/4.0/,AI/PlateDetector/datasets/provenance/elpd/elpd_provenance.csv
elpd,filename_prefix_00855_.png,1,license-plate,license_plate,693.21,994.94,924.21,1054.12,1536,1536,SYNTHETIC,TRAIN_ONLY,https://www.kaggle.com/datasets/tielemarvin/european-license-plate-dataset-elpd,CC BY 4.0,https://creativecommons.org/licenses/by/4.0/,AI/PlateDetector/datasets/provenance/elpd/elpd_provenance.csv
elpd,filename_prefix_00856_.png,1,license-plate,license_plate,901.83,980.83,1019.76,1032.74,1536,1536,SYNTHETIC,TRAIN_ONLY,https://www.kaggle.com/datasets/tielemarvin/european-license-plate-dataset-elpd,CC BY 4.0,https://creativecommons.org/licenses/by/4.0/,AI/PlateDetector/datasets/provenance/elpd/elpd_provenance.csv
elpd,filename_prefix_00858_.png,1,license-plate,license_plate,292.75,704.25,450.33,748.48,1024,1024,SYNTHETIC,TRAIN_ONLY,https://www.kaggle.com/datasets/tielemarvin/european-license-plate-dataset-elpd,CC BY 4.0,https://creativecommons.org/licenses/by/4.0/,AI/PlateDetector/datasets/provenance/elpd/elpd_provenance.csv
elpd,filename_prefix_00859_.png,1,license-plate,license_plate,404.2,626.24,597.58,676.03,1024,1024,SYNTHETIC,TRAIN_ONLY,https://www.kaggle.com/datasets/tielemarvin/european-license-plate-dataset-elpd,CC BY 4.0,https://creativecommons.org/licenses/by/4.0/,AI/PlateDetector/datasets/provenance/elpd/elpd_provenance.csv
elpd,filename_prefix_00861_.png,1,license-plate,license_plate,512.59,690.89,690.49,751.09,1024,1024,SYNTHETIC,TRAIN_ONLY,https://www.kaggle.com/datasets/tielemarvin/european-license-plate-dataset-elpd,CC BY 4.0,https://creativecommons.org/licenses/by/4.0/,AI/PlateDetector/datasets/provenance/elpd/elpd_provenance.csv
elpd,filename_prefix_00862_.png,1,license-plate,license_plate,317.61,1013.64,484.81,1061.86,1536,1536,SYNTHETIC,TRAIN_ONLY,https://www.kaggle.com/datasets/tielemarvin/european-license-plate-dataset-elpd,CC BY 4.0,https://creativecommons.org/licenses/by/4.0/,AI/PlateDetector/datasets/provenance/elpd/elpd_provenance.csv
elpd,filename_prefix_00862_.png,2,license-plate,license_plate,1035.88,970.37,1119.09,991.66,1536,1536,SYNTHETIC,TRAIN_ONLY,https://www.kaggle.com/datasets/tielemarvin/european-license-plate-dataset-elpd,CC BY 4.0,https://creativecommons.org/licenses/by/4.0/,AI/PlateDetector/datasets/provenance/elpd/elpd_provenance.csv
elpd,filename_prefix_00863_.png,1,license-plate,license_plate,459.79,926.9,609.16,964.91,1536,1536,SYNTHETIC,TRAIN_ONLY,https://www.kaggle.com/datasets/tielemarvin/european-license-plate-dataset-elpd,CC BY 4.0,https://creativecommons.org/licenses/by/4.0/,AI/PlateDetector/datasets/provenance/elpd/elpd_provenance.csv
elpd,filename_prefix_00864_.png,1,license-plate,license_plate,235.53,586.87,367.95,620.76,1024,1024,SYNTHETIC,TRAIN_ONLY,https://www.kaggle.com/datasets/tielemarvin/european-license-plate-dataset-elpd,CC BY 4.0,https://creativecommons.org/licenses/by/4.0/,AI/PlateDetector/datasets/provenance/elpd/elpd_provenance.csv
elpd,filename_prefix_00865_.png,1,license-plate,license_plate,295.15,579.97,488.61,630.58,1024,1024,SYNTHETIC,TRAIN_ONLY,https://www.kaggle.com/datasets/tielemarvin/european-license-plate-dataset-elpd,CC BY 4.0,https://creativecommons.org/licenses/by/4.0/,AI/PlateDetector/datasets/provenance/elpd/elpd_provenance.csv
elpd,filename_prefix_00866_.png,1,license-plate,license_plate,235.15,702.18,354.3,759.45,1024,1024,SYNTHETIC,TRAIN_ONLY,https://www.kaggle.com/datasets/tielemarvin/european-license-plate-dataset-elpd,CC BY 4.0,https://creativecommons.org/licenses/by/4.0/,AI/PlateDetector/datasets/provenance/elpd/elpd_provenance.csv
elpd,filename_prefix_00867_.png,1,license-plate,license_plate,131.51,557.58,270.8,599.37,1024,1024,SYNTHETIC,TRAIN_ONLY,https://www.kaggle.com/datasets/tielemarvin/european-license-plate-dataset-elpd,CC BY 4.0,https://creativecommons.org/licenses/by/4.0/,AI/PlateDetector/datasets/provenance/elpd/elpd_provenance.csv
elpd,filename_prefix_00867_.png,2,license-plate,license_plate,698.62,527.34,820.86,562.63,1024,1024,SYNTHETIC,TRAIN_ONLY,https://www.kaggle.com/datasets/tielemarvin/european-license-plate-dataset-elpd,CC BY 4.0,https://creativecommons.org/licenses/by/4.0/,AI/PlateDetector/datasets/provenance/elpd/elpd_provenance.csv
elpd,filename_prefix_00868_.png,1,license-plate,license_plate,469.5,975.63,618.64,1029.45,1536,1536,SYNTHETIC,TRAIN_ONLY,https://www.kaggle.com/datasets/tielemarvin/european-license-plate-dataset-elpd,CC BY 4.0,https://creativecommons.org/licenses/by/4.0/,AI/PlateDetector/datasets/provenance/elpd/elpd_provenance.csv
elpd,filename_prefix_00869_.png,1,license-plate,license_plate,416.96,953.25,749.8,1022.59,1536,1536,SYNTHETIC,TRAIN_ONLY,https://www.kaggle.com/datasets/tielemarvin/european-license-plate-dataset-elpd,CC BY 4.0,https://creativecommons.org/licenses/by/4.0/,AI/PlateDetector/datasets/provenance/elpd/elpd_provenance.csv
elpd,filename_prefix_00869_.png,2,license-plate,license_plate,1161.95,747.4,1315.3,783.9,1536,1536,SYNTHETIC,TRAIN_ONLY,https://www.kaggle.com/datasets/tielemarvin/european-license-plate-dataset-elpd,CC BY 4.0,https://creativecommons.org/licenses/by/4.0/,AI/PlateDetector/datasets/provenance/elpd/elpd_provenance.csv
elpd,filename_prefix_00870_.png,1,license-plate,license_plate,1184.64,962.85,1536.0,1057.22,1536,1536,SYNTHETIC,TRAIN_ONLY,https://www.kaggle.com/datasets/tielemarvin/european-license-plate-dataset-elpd,CC BY 4.0,https://creativecommons.org/licenses/by/4.0/,AI/PlateDetector/datasets/provenance/elpd/elpd_provenance.csv
elpd,filename_prefix_00871_.png,1,license-plate,license_plate,676.67,1076.67,892.28,1157.02,1536,1536,SYNTHETIC,TRAIN_ONLY,https://www.kaggle.com/datasets/tielemarvin/european-license-plate-dataset-elpd,CC BY 4.0,https://creativecommons.org/licenses/by/4.0/,AI/PlateDetector/datasets/provenance/elpd/elpd_provenance.csv
elpd,filename_prefix_00872_.png,1,license-plate,license_plate,849.62,768.4,1139.68,848.28,1536,1536,SYNTHETIC,TRAIN_ONLY,https://www.kaggle.com/datasets/tielemarvin/european-license-plate-dataset-elpd,CC BY 4.0,https://creativecommons.org/licenses/by/4.0/,AI/PlateDetector/datasets/provenance/elpd/elpd_provenance.csv
elpd,filename_prefix_00873_.png,1,license-plate,license_plate,498.92,941.32,847.01,1031.46,1536,1536,SYNTHETIC,TRAIN_ONLY,https://www.kaggle.com/datasets/tielemarvin/european-license-plate-dataset-elpd,CC BY 4.0,https://creativecommons.org/licenses/by/4.0/,AI/PlateDetector/datasets/provenance/elpd/elpd_provenance.csv
elpd,filename_prefix_00873_.png,2,license-plate,license_plate,135.41,451.14,299.27,494.66,1536,1536,SYNTHETIC,TRAIN_ONLY,https://www.kaggle.com/datasets/tielemarvin/european-license-plate-dataset-elpd,CC BY 4.0,https://creativecommons.org/licenses/by/4.0/,AI/PlateDetector/datasets/provenance/elpd/elpd_provenance.csv
elpd,filename_prefix_00874_.png,1,license-plate,license_plate,377.21,620.33,525.84,659.13,1024,1024,SYNTHETIC,TRAIN_ONLY,https://www.kaggle.com/datasets/tielemarvin/european-license-plate-dataset-elpd,CC BY 4.0,https://creativecommons.org/licenses/by/4.0/,AI/PlateDetector/datasets/provenance/elpd/elpd_provenance.csv
elpd,filename_prefix_00874_.png,2,license-plate,license_plate,819.2,445.23,912.8,471.73,1024,1024,SYNTHETIC,TRAIN_ONLY,https://www.kaggle.com/datasets/tielemarvin/european-license-plate-dataset-elpd,CC BY 4.0,https://creativecommons.org/licenses/by/4.0/,AI/PlateDetector/datasets/provenance/elpd/elpd_provenance.csv
elpd,filename_prefix_00875_.png,1,license-plate,license_plate,445.71,685.23,607.56,726.25,1024,1024,SYNTHETIC,TRAIN_ONLY,https://www.kaggle.com/datasets/tielemarvin/european-license-plate-dataset-elpd,CC BY 4.0,https://creativecommons.org/licenses/by/4.0/,AI/PlateDetector/datasets/provenance/elpd/elpd_provenance.csv
elpd,filename_prefix_00876_.png,1,license-plate,license_plate,84.24,660.84,267.94,730.66,1024,1024,SYNTHETIC,TRAIN_ONLY,https://www.kaggle.com/datasets/tielemarvin/european-license-plate-dataset-elpd,CC BY 4.0,https://creativecommons.org/licenses/by/4.0/,AI/PlateDetector/datasets/provenance/elpd/elpd_provenance.csv
elpd,filename_prefix_00877_.png,1,license-plate,license_plate,215.12,561.93,311.7,593.9,1024,1024,SYNTHETIC,TRAIN_ONLY,https://www.kaggle.com/datasets/tielemarvin/european-license-plate-dataset-elpd,CC BY 4.0,https://creativecommons.org/licenses/by/4.0/,AI/PlateDetector/datasets/provenance/elpd/elpd_provenance.csv
elpd,filename_prefix_00878_.png,1,license-plate,license_plate,283.5,815.07,594.19,908.27,1536,1536,SYNTHETIC,TRAIN_ONLY,https://www.kaggle.com/datasets/tielemarvin/european-license-plate-dataset-elpd,CC BY 4.0,https://creativecommons.org/licenses/by/4.0/,AI/PlateDetector/datasets/provenance/elpd/elpd_provenance.csv
elpd,filename_prefix_00879_.png,1,license-plate,license_plate,339.94,786.5,416.8,802.51,1536,1536,SYNTHETIC,TRAIN_ONLY,https://www.kaggle.com/datasets/tielemarvin/european-license-plate-dataset-elpd,CC BY 4.0,https://creativecommons.org/licenses/by/4.0/,AI/PlateDetector/datasets/provenance/elpd/elpd_provenance.csv
elpd,filename_prefix_00879_.png,2,license-plate,license_plate,938.98,836.73,1197.73,900.3,1536,1536,SYNTHETIC,TRAIN_ONLY,https://www.kaggle.com/datasets/tielemarvin/european-license-plate-dataset-elpd,CC BY 4.0,https://creativecommons.org/licenses/by/4.0/,AI/PlateDetector/datasets/provenance/elpd/elpd_provenance.csv
elpd,filename_prefix_00880_.png,1,license-plate,license_plate,92.65,713.53,334.77,775.1,1024,1024,SYNTHETIC,TRAIN_ONLY,https://www.kaggle.com/datasets/tielemarvin/european-license-plate-dataset-elpd,CC BY 4.0,https://creativecommons.org/licenses/by/4.0/,AI/PlateDetector/datasets/provenance/elpd/elpd_provenance.csv
elpd,filename_prefix_00881_.png,1,license-plate,license_plate,688.2,539.33,844.82,579.37,1024,1024,SYNTHETIC,TRAIN_ONLY,https://www.kaggle.com/datasets/tielemarvin/european-license-plate-dataset-elpd,CC BY 4.0,https://creativecommons.org/licenses/by/4.0/,AI/PlateDetector/datasets/provenance/elpd/elpd_provenance.csv
elpd,filename_prefix_00882_.png,1,license-plate,license_plate,404.65,764.73,541.97,800.84,1024,1024,SYNTHETIC,TRAIN_ONLY,https://www.kaggle.com/datasets/tielemarvin/european-license-plate-dataset-elpd,CC BY 4.0,https://creativecommons.org/licenses/by/4.0/,AI/PlateDetector/datasets/provenance/elpd/elpd_provenance.csv
elpd,filename_prefix_00883_.png,1,license-plate,license_plate,441.6,714.6,625.96,762.91,1024,1024,SYNTHETIC,TRAIN_ONLY,https://www.kaggle.com/datasets/tielemarvin/european-license-plate-dataset-elpd,CC BY 4.0,https://creativecommons.org/licenses/by/4.0/,AI/PlateDetector/datasets/provenance/elpd/elpd_provenance.csv
elpd,filename_prefix_00884_.png,1,license-plate,license_plate,488.8,952.41,711.74,1009.8,1536,1536,SYNTHETIC,TRAIN_ONLY,https://www.kaggle.com/datasets/tielemarvin/european-license-plate-dataset-elpd,CC BY 4.0,https://creativecommons.org/licenses/by/4.0/,AI/PlateDetector/datasets/provenance/elpd/elpd_provenance.csv
elpd,filename_prefix_00884_.png,2,license-plate,license_plate,28.54,711.58,142.4,741.1,1536,1536,SYNTHETIC,TRAIN_ONLY,https://www.kaggle.com/datasets/tielemarvin/european-license-plate-dataset-elpd,CC BY 4.0,https://creativecommons.org/licenses/by/4.0/,AI/PlateDetector/datasets/provenance/elpd/elpd_provenance.csv
elpd,filename_prefix_00885_.png,1,license-plate,license_plate,971.5,955.25,1119.31,1005.41,1536,1536,SYNTHETIC,TRAIN_ONLY,https://www.kaggle.com/datasets/tielemarvin/european-license-plate-dataset-elpd,CC BY 4.0,https://creativecommons.org/licenses/by/4.0/,AI/PlateDetector/datasets/provenance/elpd/elpd_provenance.csv
elpd,filename_prefix_00886_.png,1,license-plate,license_plate,1156.69,1230.6,1352.65,1277.41,1536,1536,SYNTHETIC,TRAIN_ONLY,https://www.kaggle.com/datasets/tielemarvin/european-license-plate-dataset-elpd,CC BY 4.0,https://creativecommons.org/licenses/by/4.0/,AI/PlateDetector/datasets/provenance/elpd/elpd_provenance.csv
elpd,filename_prefix_00887_.png,1,license-plate,license_plate,630.45,937.9,741.0,984.42,1536,1536,SYNTHETIC,TRAIN_ONLY,https://www.kaggle.com/datasets/tielemarvin/european-license-plate-dataset-elpd,CC BY 4.0,https://creativecommons.org/licenses/by/4.0/,AI/PlateDetector/datasets/provenance/elpd/elpd_provenance.csv
elpd,filename_prefix_00888_.png,1,license-plate,license_plate,214.48,996.85,488.69000000000005,1065.8,1536,1536,SYNTHETIC,TRAIN_ONLY,https://www.kaggle.com/datasets/tielemarvin/european-license-plate-dataset-elpd,CC BY 4.0,https://creativecommons.org/licenses/by/4.0/,AI/PlateDetector/datasets/provenance/elpd/elpd_provenance.csv
elpd,filename_prefix_00888_.png,2,license-plate,license_plate,1174.84,783.42,1280.25,808.44,1536,1536,SYNTHETIC,TRAIN_ONLY,https://www.kaggle.com/datasets/tielemarvin/european-license-plate-dataset-elpd,CC BY 4.0,https://creativecommons.org/licenses/by/4.0/,AI/PlateDetector/datasets/provenance/elpd/elpd_provenance.csv
elpd,filename_prefix_00889_.png,1,license-plate,license_plate,731.4,962.2,903.95,1009.76,1536,1536,SYNTHETIC,TRAIN_ONLY,https://www.kaggle.com/datasets/tielemarvin/european-license-plate-dataset-elpd,CC BY 4.0,https://creativecommons.org/licenses/by/4.0/,AI/PlateDetector/datasets/provenance/elpd/elpd_provenance.csv
elpd,filename_prefix_00890_.png,1,license-plate,license_plate,41.82,498.96,125.01999999999998,522.09,1024,1024,SYNTHETIC,TRAIN_ONLY,https://www.kaggle.com/datasets/tielemarvin/european-license-plate-dataset-elpd,CC BY 4.0,https://creativecommons.org/licenses/by/4.0/,AI/PlateDetector/datasets/provenance/elpd/elpd_provenance.csv
elpd,filename_prefix_00890_.png,2,license-plate,license_plate,922.7,596.98,1024.0,638.18,1024,1024,SYNTHETIC,TRAIN_ONLY,https://www.kaggle.com/datasets/tielemarvin/european-license-plate-dataset-elpd,CC BY 4.0,https://creativecommons.org/licenses/by/4.0/,AI/PlateDetector/datasets/provenance/elpd/elpd_provenance.csv
elpd,filename_prefix_00891_.png,1,license-plate,license_plate,407.01,713.05,609.97,765.87,1024,1024,SYNTHETIC,TRAIN_ONLY,https://www.kaggle.com/datasets/tielemarvin/european-license-plate-dataset-elpd,CC BY 4.0,https://creativecommons.org/licenses/by/4.0/,AI/PlateDetector/datasets/provenance/elpd/elpd_provenance.csv
elpd,filename_prefix_00892_.png,1,license-plate,license_plate,378.38,625.89,635.29,692.95,1024,1024,SYNTHETIC,TRAIN_ONLY,https://www.kaggle.com/datasets/tielemarvin/european-license-plate-dataset-elpd,CC BY 4.0,https://creativecommons.org/licenses/by/4.0/,AI/PlateDetector/datasets/provenance/elpd/elpd_provenance.csv
elpd,filename_prefix_00893_.png,1,license-plate,license_plate,603.73,620.99,707.31,657.32,1024,1024,SYNTHETIC,TRAIN_ONLY,https://www.kaggle.com/datasets/tielemarvin/european-license-plate-dataset-elpd,CC BY 4.0,https://creativecommons.org/licenses/by/4.0/,AI/PlateDetector/datasets/provenance/elpd/elpd_provenance.csv
elpd,filename_prefix_00894_.png,1,license-plate,license_plate,861.02,870.31,1119.17,950.63,1536,1536,SYNTHETIC,TRAIN_ONLY,https://www.kaggle.com/datasets/tielemarvin/european-license-plate-dataset-elpd,CC BY 4.0,https://creativecommons.org/licenses/by/4.0/,AI/PlateDetector/datasets/provenance/elpd/elpd_provenance.csv
elpd,filename_prefix_00895_.png,1,license-plate,license_plate,625.3,963.67,862.1,1018.7,1536,1536,SYNTHETIC,TRAIN_ONLY,https://www.kaggle.com/datasets/tielemarvin/european-license-plate-dataset-elpd,CC BY 4.0,https://creativecommons.org/licenses/by/4.0/,AI/PlateDetector/datasets/provenance/elpd/elpd_provenance.csv
elpd,filename_prefix_00897_.png,1,license-plate,license_plate,977.83,315.51,1024.0,345.13,1024,1024,SYNTHETIC,TRAIN_ONLY,https://www.kaggle.com/datasets/tielemarvin/european-license-plate-dataset-elpd,CC BY 4.0,https://creativecommons.org/licenses/by/4.0/,AI/PlateDetector/datasets/provenance/elpd/elpd_provenance.csv
elpd,filename_prefix_00897_.png,2,license-plate,license_plate,580.04,685.77,881.84,831.56,1024,1024,SYNTHETIC,TRAIN_ONLY,https://www.kaggle.com/datasets/tielemarvin/european-license-plate-dataset-elpd,CC BY 4.0,https://creativecommons.org/licenses/by/4.0/,AI/PlateDetector/datasets/provenance/elpd/elpd_provenance.csv
elpd,filename_prefix_00898_.png,1,license-plate,license_plate,500.58,710.59,714.2,775.1,1024,1024,SYNTHETIC,TRAIN_ONLY,https://www.kaggle.com/datasets/tielemarvin/european-license-plate-dataset-elpd,CC BY 4.0,https://creativecommons.org/licenses/by/4.0/,AI/PlateDetector/datasets/provenance/elpd/elpd_provenance.csv
elpd,filename_prefix_00899_.png,1,license-plate,license_plate,260.27,510.99,334.47,530.12,1024,1024,SYNTHETIC,TRAIN_ONLY,https://www.kaggle.com/datasets/tielemarvin/european-license-plate-dataset-elpd,CC BY 4.0,https://creativecommons.org/licenses/by/4.0/,AI/PlateDetector/datasets/provenance/elpd/elpd_provenance.csv
elpd,filename_prefix_00900_.png,1,license-plate,license_plate,1352.08,1215.98,1535.59,1277.77,1536,1536,SYNTHETIC,TRAIN_ONLY,https://www.kaggle.com/datasets/tielemarvin/european-license-plate-dataset-elpd,CC BY 4.0,https://creativecommons.org/licenses/by/4.0/,AI/PlateDetector/datasets/provenance/elpd/elpd_provenance.csv
elpd,filename_prefix_00901_.png,1,license-plate,license_plate,1011.03,1072.76,1278.55,1169.73,1536,1536,SYNTHETIC,TRAIN_ONLY,https://www.kaggle.com/datasets/tielemarvin/european-license-plate-dataset-elpd,CC BY 4.0,https://creativecommons.org/licenses/by/4.0/,AI/PlateDetector/datasets/provenance/elpd/elpd_provenance.csv
elpd,filename_prefix_00902_.png,1,license-plate,license_plate,1112.29,861.7,1236.69,893.22,1536,1536,SYNTHETIC,TRAIN_ONLY,https://www.kaggle.com/datasets/tielemarvin/european-license-plate-dataset-elpd,CC BY 4.0,https://creativecommons.org/licenses/by/4.0/,AI/PlateDetector/datasets/provenance/elpd/elpd_provenance.csv
elpd,filename_prefix_00902_.png,2,license-plate,license_plate,258.26,928.32,542.3,1001.8,1536,1536,SYNTHETIC,TRAIN_ONLY,https://www.kaggle.com/datasets/tielemarvin/european-license-plate-dataset-elpd,CC BY 4.0,https://creativecommons.org/licenses/by/4.0/,AI/PlateDetector/datasets/provenance/elpd/elpd_provenance.csv
elpd,filename_prefix_00903_.png,1,license-plate,license_plate,746.25,1013.44,944.21,1070.28,1536,1536,SYNTHETIC,TRAIN_ONLY,https://www.kaggle.com/datasets/tielemarvin/european-license-plate-dataset-elpd,CC BY 4.0,https://creativecommons.org/licenses/by/4.0/,AI/PlateDetector/datasets/provenance/elpd/elpd_provenance.csv
elpd,filename_prefix_00904_.png,1,license-plate,license_plate,1093.3,728.46,1252.8,771.8,1536,1536,SYNTHETIC,TRAIN_ONLY,https://www.kaggle.com/datasets/tielemarvin/european-license-plate-dataset-elpd,CC BY 4.0,https://creativecommons.org/licenses/by/4.0/,AI/PlateDetector/datasets/provenance/elpd/elpd_provenance.csv
elpd,filename_prefix_00905_.png,1,license-plate,license_plate,268.57,930.94,667.4,1034.64,1536,1536,SYNTHETIC,TRAIN_ONLY,https://www.kaggle.com/datasets/tielemarvin/european-license-plate-dataset-elpd,CC BY 4.0,https://creativecommons.org/licenses/by/4.0/,AI/PlateDetector/datasets/provenance/elpd/elpd_provenance.csv
elpd,filename_prefix_00906_.png,1,license-plate,license_plate,0.46,623.49,100.99,655.4,1024,1024,SYNTHETIC,TRAIN_ONLY,https://www.kaggle.com/datasets/tielemarvin/european-license-plate-dataset-elpd,CC BY 4.0,https://creativecommons.org/licenses/by/4.0/,AI/PlateDetector/datasets/provenance/elpd/elpd_provenance.csv
elpd,filename_prefix_00906_.png,2,license-plate,license_plate,574.52,556.47,647.8,576.49,1024,1024,SYNTHETIC,TRAIN_ONLY,https://www.kaggle.com/datasets/tielemarvin/european-license-plate-dataset-elpd,CC BY 4.0,https://creativecommons.org/licenses/by/4.0/,AI/PlateDetector/datasets/provenance/elpd/elpd_provenance.csv
elpd,filename_prefix_00907_.png,1,license-plate,license_plate,223.82,543.95,313.88,578.04,1024,1024,SYNTHETIC,TRAIN_ONLY,https://www.kaggle.com/datasets/tielemarvin/european-license-plate-dataset-elpd,CC BY 4.0,https://creativecommons.org/licenses/by/4.0/,AI/PlateDetector/datasets/provenance/elpd/elpd_provenance.csv
elpd,filename_prefix_00908_.png,1,license-plate,license_plate,335.42,710.22,533.21,767.13,1024,1024,SYNTHETIC,TRAIN_ONLY,https://www.kaggle.com/datasets/tielemarvin/european-license-plate-dataset-elpd,CC BY 4.0,https://creativecommons.org/licenses/by/4.0/,AI/PlateDetector/datasets/provenance/elpd/elpd_provenance.csv
elpd,filename_prefix_00909_.png,1,license-plate,license_plate,672.35,609.57,795.4,654.64,1024,1024,SYNTHETIC,TRAIN_ONLY,https://www.kaggle.com/datasets/tielemarvin/european-license-plate-dataset-elpd,CC BY 4.0,https://creativecommons.org/licenses/by/4.0/,AI/PlateDetector/datasets/provenance/elpd/elpd_provenance.csv
elpd,filename_prefix_00910_.png,1,license-plate,license_plate,788.19,1029.67,1095.86,1115.75,1536,1536,SYNTHETIC,TRAIN_ONLY,https://www.kaggle.com/datasets/tielemarvin/european-license-plate-dataset-elpd,CC BY 4.0,https://creativecommons.org/licenses/by/4.0/,AI/PlateDetector/datasets/provenance/elpd/elpd_provenance.csv
elpd,filename_prefix_00911_.png,1,license-plate,license_plate,852.7,829.68,1035.76,878.22,1536,1536,SYNTHETIC,TRAIN_ONLY,https://www.kaggle.com/datasets/tielemarvin/european-license-plate-dataset-elpd,CC BY 4.0,https://creativecommons.org/licenses/by/4.0/,AI/PlateDetector/datasets/provenance/elpd/elpd_provenance.csv
elpd,filename_prefix_00912_.png,1,license-plate,license_plate,334.54,484.83,471.23,534.97,1024,1024,SYNTHETIC,TRAIN_ONLY,https://www.kaggle.com/datasets/tielemarvin/european-license-plate-dataset-elpd,CC BY 4.0,https://creativecommons.org/licenses/by/4.0/,AI/PlateDetector/datasets/provenance/elpd/elpd_provenance.csv
elpd,filename_prefix_00913_.png,1,license-plate,license_plate,418.76,747.89,546.7,782.5,1024,1024,SYNTHETIC,TRAIN_ONLY,https://www.kaggle.com/datasets/tielemarvin/european-license-plate-dataset-elpd,CC BY 4.0,https://creativecommons.org/licenses/by/4.0/,AI/PlateDetector/datasets/provenance/elpd/elpd_provenance.csv
elpd,filename_prefix_00914_.png,1,license-plate,license_plate,381.07,545.09,544.06,590.05,1024,1024,SYNTHETIC,TRAIN_ONLY,https://www.kaggle.com/datasets/tielemarvin/european-license-plate-dataset-elpd,CC BY 4.0,https://creativecommons.org/licenses/by/4.0/,AI/PlateDetector/datasets/provenance/elpd/elpd_provenance.csv
elpd,filename_prefix_00915_.png,1,license-plate,license_plate,767.33,610.95,1024.0,691.14,1024,1024,SYNTHETIC,TRAIN_ONLY,https://www.kaggle.com/datasets/tielemarvin/european-license-plate-dataset-elpd,CC BY 4.0,https://creativecommons.org/licenses/by/4.0/,AI/PlateDetector/datasets/provenance/elpd/elpd_provenance.csv
elpd,filename_prefix_00915_.png,2,license-plate,license_plate,76.74,246.13,198.97,282.43,1024,1024,SYNTHETIC,TRAIN_ONLY,https://www.kaggle.com/datasets/tielemarvin/european-license-plate-dataset-elpd,CC BY 4.0,https://creativecommons.org/licenses/by/4.0/,AI/PlateDetector/datasets/provenance/elpd/elpd_provenance.csv
elpd,filename_prefix_00916_.png,1,license-plate,license_plate,669.67,989.76,825.5,1033.97,1536,1536,SYNTHETIC,TRAIN_ONLY,https://www.kaggle.com/datasets/tielemarvin/european-license-plate-dataset-elpd,CC BY 4.0,https://creativecommons.org/licenses/by/4.0/,AI/PlateDetector/datasets/provenance/elpd/elpd_provenance.csv
elpd,filename_prefix_00917_.png,1,license-plate,license_plate,422.34,862.1,551.82,902.05,1536,1536,SYNTHETIC,TRAIN_ONLY,https://www.kaggle.com/datasets/tielemarvin/european-license-plate-dataset-elpd,CC BY 4.0,https://creativecommons.org/licenses/by/4.0/,AI/PlateDetector/datasets/provenance/elpd/elpd_provenance.csv
elpd,filename_prefix_00917_.png,2,license-plate,license_plate,1230.35,851.2,1308.9,868.4,1536,1536,SYNTHETIC,TRAIN_ONLY,https://www.kaggle.com/datasets/tielemarvin/european-license-plate-dataset-elpd,CC BY 4.0,https://creativecommons.org/licenses/by/4.0/,AI/PlateDetector/datasets/provenance/elpd/elpd_provenance.csv
elpd,filename_prefix_00918_.png,1,license-plate,license_plate,637.77,583.8,886.56,647.33,1536,1536,SYNTHETIC,TRAIN_ONLY,https://www.kaggle.com/datasets/tielemarvin/european-license-plate-dataset-elpd,CC BY 4.0,https://creativecommons.org/licenses/by/4.0/,AI/PlateDetector/datasets/provenance/elpd/elpd_provenance.csv
elpd,filename_prefix_00918_.png,2,license-plate,license_plate,1212.8,362.82,1313.95,385.5,1536,1536,SYNTHETIC,TRAIN_ONLY,https://www.kaggle.com/datasets/tielemarvin/european-license-plate-dataset-elpd,CC BY 4.0,https://creativecommons.org/licenses/by/4.0/,AI/PlateDetector/datasets/provenance/elpd/elpd_provenance.csv
elpd,filename_prefix_00919_.png,1,license-plate,license_plate,1022.5,1064.46,1212.4,1119.98,1536,1536,SYNTHETIC,TRAIN_ONLY,https://www.kaggle.com/datasets/tielemarvin/european-license-plate-dataset-elpd,CC BY 4.0,https://creativecommons.org/licenses/by/4.0/,AI/PlateDetector/datasets/provenance/elpd/elpd_provenance.csv
elpd,filename_prefix_00920_.png,1,license-plate,license_plate,1412.56,776.52,1498.77,799.69,1536,1536,SYNTHETIC,TRAIN_ONLY,https://www.kaggle.com/datasets/tielemarvin/european-license-plate-dataset-elpd,CC BY 4.0,https://creativecommons.org/licenses/by/4.0/,AI/PlateDetector/datasets/provenance/elpd/elpd_provenance.csv
elpd,filename_prefix_00920_.png,2,license-plate,license_plate,378.4,821.68,575.74,883.63,1536,1536,SYNTHETIC,TRAIN_ONLY,https://www.kaggle.com/datasets/tielemarvin/european-license-plate-dataset-elpd,CC BY 4.0,https://creativecommons.org/licenses/by/4.0/,AI/PlateDetector/datasets/provenance/elpd/elpd_provenance.csv
elpd,filename_prefix_00921_.png,1,license-plate,license_plate,701.51,992.65,928.04,1054.98,1536,1536,SYNTHETIC,TRAIN_ONLY,https://www.kaggle.com/datasets/tielemarvin/european-license-plate-dataset-elpd,CC BY 4.0,https://creativecommons.org/licenses/by/4.0/,AI/PlateDetector/datasets/provenance/elpd/elpd_provenance.csv
elpd,filename_prefix_00922_.png,1,license-plate,license_plate,0.0,684.18,140.87,728.38,1024,1024,SYNTHETIC,TRAIN_ONLY,https://www.kaggle.com/datasets/tielemarvin/european-license-plate-dataset-elpd,CC BY 4.0,https://creativecommons.org/licenses/by/4.0/,AI/PlateDetector/datasets/provenance/elpd/elpd_provenance.csv
elpd,filename_prefix_00923_.png,1,license-plate,license_plate,389.21,574.73,559.33,621.94,1024,1024,SYNTHETIC,TRAIN_ONLY,https://www.kaggle.com/datasets/tielemarvin/european-license-plate-dataset-elpd,CC BY 4.0,https://creativecommons.org/licenses/by/4.0/,AI/PlateDetector/datasets/provenance/elpd/elpd_provenance.csv
elpd,filename_prefix_00924_.png,1,license-plate,license_plate,701.46,610.87,870.7,655.81,1024,1024,SYNTHETIC,TRAIN_ONLY,https://www.kaggle.com/datasets/tielemarvin/european-license-plate-dataset-elpd,CC BY 4.0,https://creativecommons.org/licenses/by/4.0/,AI/PlateDetector/datasets/provenance/elpd/elpd_provenance.csv
elpd,filename_prefix_00925_.png,1,license-plate,license_plate,681.13,733.6,842.61,840.96,1024,1024,SYNTHETIC,TRAIN_ONLY,https://www.kaggle.com/datasets/tielemarvin/european-license-plate-dataset-elpd,CC BY 4.0,https://creativecommons.org/licenses/by/4.0/,AI/PlateDetector/datasets/provenance/elpd/elpd_provenance.csv
elpd,filename_prefix_00926_.png,1,license-plate,license_plate,1078.03,350.21,1218.6,400.43,1536,1536,SYNTHETIC,TRAIN_ONLY,https://www.kaggle.com/datasets/tielemarvin/european-license-plate-dataset-elpd,CC BY 4.0,https://creativecommons.org/licenses/by/4.0/,AI/PlateDetector/datasets/provenance/elpd/elpd_provenance.csv
elpd,filename_prefix_00926_.png,2,license-plate,license_plate,77.03,904.43,381.48,988.45,1536,1536,SYNTHETIC,TRAIN_ONLY,https://www.kaggle.com/datasets/tielemarvin/european-license-plate-dataset-elpd,CC BY 4.0,https://creativecommons.org/licenses/by/4.0/,AI/PlateDetector/datasets/provenance/elpd/elpd_provenance.csv
elpd,filename_prefix_00927_.png,1,license-plate,license_plate,516.04,1015.87,825.73,1104.12,1536,1536,SYNTHETIC,TRAIN_ONLY,https://www.kaggle.com/datasets/tielemarvin/european-license-plate-dataset-elpd,CC BY 4.0,https://creativecommons.org/licenses/by/4.0/,AI/PlateDetector/datasets/provenance/elpd/elpd_provenance.csv
elpd,filename_prefix_00928_.png,1,license-plate,license_plate,307.02,788.23,481.9,865.61,1024,1024,SYNTHETIC,TRAIN_ONLY,https://www.kaggle.com/datasets/tielemarvin/european-license-plate-dataset-elpd,CC BY 4.0,https://creativecommons.org/licenses/by/4.0/,AI/PlateDetector/datasets/provenance/elpd/elpd_provenance.csv
elpd,filename_prefix_00929_.png,1,license-plate,license_plate,31.41,672.95,106.83,693.67,1024,1024,SYNTHETIC,TRAIN_ONLY,https://www.kaggle.com/datasets/tielemarvin/european-license-plate-dataset-elpd,CC BY 4.0,https://creativecommons.org/licenses/by/4.0/,AI/PlateDetector/datasets/provenance/elpd/elpd_provenance.csv
elpd,filename_prefix_00930_.png,1,license-plate,license_plate,439.29,576.87,598.7,620.78,1024,1024,SYNTHETIC,TRAIN_ONLY,https://www.kaggle.com/datasets/tielemarvin/european-license-plate-dataset-elpd,CC BY 4.0,https://creativecommons.org/licenses/by/4.0/,AI/PlateDetector/datasets/provenance/elpd/elpd_provenance.csv
elpd,filename_prefix_00931_.png,1,license-plate,license_plate,98.55,629.19,229.07,676.65,1024,1024,SYNTHETIC,TRAIN_ONLY,https://www.kaggle.com/datasets/tielemarvin/european-license-plate-dataset-elpd,CC BY 4.0,https://creativecommons.org/licenses/by/4.0/,AI/PlateDetector/datasets/provenance/elpd/elpd_provenance.csv
elpd,filename_prefix_00932_.png,1,license-plate,license_plate,1224.42,892.51,1504.1,959.75,1536,1536,SYNTHETIC,TRAIN_ONLY,https://www.kaggle.com/datasets/tielemarvin/european-license-plate-dataset-elpd,CC BY 4.0,https://creativecommons.org/licenses/by/4.0/,AI/PlateDetector/datasets/provenance/elpd/elpd_provenance.csv
elpd,filename_prefix_00933_.png,1,license-plate,license_plate,1156.35,815.64,1272.76,847.11,1536,1536,SYNTHETIC,TRAIN_ONLY,https://www.kaggle.com/datasets/tielemarvin/european-license-plate-dataset-elpd,CC BY 4.0,https://creativecommons.org/licenses/by/4.0/,AI/PlateDetector/datasets/provenance/elpd/elpd_provenance.csv
elpd,filename_prefix_00934_.png,1,license-plate,license_plate,785.91,917.26,1019.32,972.77,1536,1536,SYNTHETIC,TRAIN_ONLY,https://www.kaggle.com/datasets/tielemarvin/european-license-plate-dataset-elpd,CC BY 4.0,https://creativecommons.org/licenses/by/4.0/,AI/PlateDetector/datasets/provenance/elpd/elpd_provenance.csv
elpd,filename_prefix_00935_.png,1,license-plate,license_plate,512.53,1264.62,927.97,1377.43,1536,1536,SYNTHETIC,TRAIN_ONLY,https://www.kaggle.com/datasets/tielemarvin/european-license-plate-dataset-elpd,CC BY 4.0,https://creativecommons.org/licenses/by/4.0/,AI/PlateDetector/datasets/provenance/elpd/elpd_provenance.csv
elpd,filename_prefix_00936_.png,1,license-plate,license_plate,788.38,844.03,893.25,876.87,1536,1536,SYNTHETIC,TRAIN_ONLY,https://www.kaggle.com/datasets/tielemarvin/european-license-plate-dataset-elpd,CC BY 4.0,https://creativecommons.org/licenses/by/4.0/,AI/PlateDetector/datasets/provenance/elpd/elpd_provenance.csv
elpd,filename_prefix_00937_.png,1,license-plate,license_plate,1056.91,916.9,1178.82,949.5,1536,1536,SYNTHETIC,TRAIN_ONLY,https://www.kaggle.com/datasets/tielemarvin/european-license-plate-dataset-elpd,CC BY 4.0,https://creativecommons.org/licenses/by/4.0/,AI/PlateDetector/datasets/provenance/elpd/elpd_provenance.csv
elpd,filename_prefix_00938_.png,1,license-plate,license_plate,969.62,673.29,1024.0,697.12,1024,1024,SYNTHETIC,TRAIN_ONLY,https://www.kaggle.com/datasets/tielemarvin/european-license-plate-dataset-elpd,CC BY 4.0,https://creativecommons.org/licenses/by/4.0/,AI/PlateDetector/datasets/provenance/elpd/elpd_provenance.csv
elpd,filename_prefix_00938_.png,2,license-plate,license_plate,289.7,670.12,392.25,703.56,1024,1024,SYNTHETIC,TRAIN_ONLY,https://www.kaggle.com/datasets/tielemarvin/european-license-plate-dataset-elpd,CC BY 4.0,https://creativecommons.org/licenses/by/4.0/,AI/PlateDetector/datasets/provenance/elpd/elpd_provenance.csv
elpd,filename_prefix_00939_.png,1,license-plate,license_plate,293.57,550.41,400.61,628.45,1024,1024,SYNTHETIC,TRAIN_ONLY,https://www.kaggle.com/datasets/tielemarvin/european-license-plate-dataset-elpd,CC BY 4.0,https://creativecommons.org/licenses/by/4.0/,AI/PlateDetector/datasets/provenance/elpd/elpd_provenance.csv
elpd,filename_prefix_00940_.png,1,license-plate,license_plate,83.13,876.57,276.96,940.54,1024,1024,SYNTHETIC,TRAIN_ONLY,https://www.kaggle.com/datasets/tielemarvin/european-license-plate-dataset-elpd,CC BY 4.0,https://creativecommons.org/licenses/by/4.0/,AI/PlateDetector/datasets/provenance/elpd/elpd_provenance.csv
elpd,filename_prefix_00941_.png,1,license-plate,license_plate,58.34,512.7,245.5,558.97,1024,1024,SYNTHETIC,TRAIN_ONLY,https://www.kaggle.com/datasets/tielemarvin/european-license-plate-dataset-elpd,CC BY 4.0,https://creativecommons.org/licenses/by/4.0/,AI/PlateDetector/datasets/provenance/elpd/elpd_provenance.csv
elpd,filename_prefix_00942_.png,1,license-plate,license_plate,0.0,930.35,171.8,1034.9,1536,1536,SYNTHETIC,TRAIN_ONLY,https://www.kaggle.com/datasets/tielemarvin/european-license-plate-dataset-elpd,CC BY 4.0,https://creativecommons.org/licenses/by/4.0/,AI/PlateDetector/datasets/provenance/elpd/elpd_provenance.csv
elpd,filename_prefix_00942_.png,2,license-plate,license_plate,512.54,926.38,671.95,968.94,1536,1536,SYNTHETIC,TRAIN_ONLY,https://www.kaggle.com/datasets/tielemarvin/european-license-plate-dataset-elpd,CC BY 4.0,https://creativecommons.org/licenses/by/4.0/,AI/PlateDetector/datasets/provenance/elpd/elpd_provenance.csv
elpd,filename_prefix_00942_.png,3,license-plate,license_plate,1207.01,702.93,1330.87,733.92,1536,1536,SYNTHETIC,TRAIN_ONLY,https://www.kaggle.com/datasets/tielemarvin/european-license-plate-dataset-elpd,CC BY 4.0,https://creativecommons.org/licenses/by/4.0/,AI/PlateDetector/datasets/provenance/elpd/elpd_provenance.csv
elpd,filename_prefix_00943_.png,1,license-plate,license_plate,834.42,878.29,1001.78,934.29,1536,1536,SYNTHETIC,TRAIN_ONLY,https://www.kaggle.com/datasets/tielemarvin/european-license-plate-dataset-elpd,CC BY 4.0,https://creativecommons.org/licenses/by/4.0/,AI/PlateDetector/datasets/provenance/elpd/elpd_provenance.csv
elpd,filename_prefix_00944_.png,1,license-plate,license_plate,187.16,707.3,345.94,749.14,1024,1024,SYNTHETIC,TRAIN_ONLY,https://www.kaggle.com/datasets/tielemarvin/european-license-plate-dataset-elpd,CC BY 4.0,https://creativecommons.org/licenses/by/4.0/,AI/PlateDetector/datasets/provenance/elpd/elpd_provenance.csv
elpd,filename_prefix_00945_.png,1,license-plate,license_plate,782.09,431.65,931.18,472.41,1024,1024,SYNTHETIC,TRAIN_ONLY,https://www.kaggle.com/datasets/tielemarvin/european-license-plate-dataset-elpd,CC BY 4.0,https://creativecommons.org/licenses/by/4.0/,AI/PlateDetector/datasets/provenance/elpd/elpd_provenance.csv
elpd,filename_prefix_00947_.png,1,license-plate,license_plate,662.47,572.74,879.02,637.54,1024,1024,SYNTHETIC,TRAIN_ONLY,https://www.kaggle.com/datasets/tielemarvin/european-license-plate-dataset-elpd,CC BY 4.0,https://creativecommons.org/licenses/by/4.0/,AI/PlateDetector/datasets/provenance/elpd/elpd_provenance.csv
elpd,filename_prefix_00948_.png,1,license-plate,license_plate,1204.28,723.9,1325.18,758.9,1536,1536,SYNTHETIC,TRAIN_ONLY,https://www.kaggle.com/datasets/tielemarvin/european-license-plate-dataset-elpd,CC BY 4.0,https://creativecommons.org/licenses/by/4.0/,AI/PlateDetector/datasets/provenance/elpd/elpd_provenance.csv
elpd,filename_prefix_00948_.png,2,license-plate,license_plate,410.01,897.44,606.09,957.42,1536,1536,SYNTHETIC,TRAIN_ONLY,https://www.kaggle.com/datasets/tielemarvin/european-license-plate-dataset-elpd,CC BY 4.0,https://creativecommons.org/licenses/by/4.0/,AI/PlateDetector/datasets/provenance/elpd/elpd_provenance.csv
elpd,filename_prefix_00949_.png,1,license-plate,license_plate,813.95,1090.1,1114.2,1159.16,1536,1536,SYNTHETIC,TRAIN_ONLY,https://www.kaggle.com/datasets/tielemarvin/european-license-plate-dataset-elpd,CC BY 4.0,https://creativecommons.org/licenses/by/4.0/,AI/PlateDetector/datasets/provenance/elpd/elpd_provenance.csv
elpd,filename_prefix_00950_.png,1,license-plate,license_plate,592.09,1066.75,915.3,1185.89,1536,1536,SYNTHETIC,TRAIN_ONLY,https://www.kaggle.com/datasets/tielemarvin/european-license-plate-dataset-elpd,CC BY 4.0,https://creativecommons.org/licenses/by/4.0/,AI/PlateDetector/datasets/provenance/elpd/elpd_provenance.csv
elpd,filename_prefix_00951_.png,1,license-plate,license_plate,740.38,858.6,815.97,876.94,1536,1536,SYNTHETIC,TRAIN_ONLY,https://www.kaggle.com/datasets/tielemarvin/european-license-plate-dataset-elpd,CC BY 4.0,https://creativecommons.org/licenses/by/4.0/,AI/PlateDetector/datasets/provenance/elpd/elpd_provenance.csv
elpd,filename_prefix_00951_.png,2,license-plate,license_plate,196.73,929.5,381.7,973.43,1536,1536,SYNTHETIC,TRAIN_ONLY,https://www.kaggle.com/datasets/tielemarvin/european-license-plate-dataset-elpd,CC BY 4.0,https://creativecommons.org/licenses/by/4.0/,AI/PlateDetector/datasets/provenance/elpd/elpd_provenance.csv
elpd,filename_prefix_00951_.png,3,license-plate,license_plate,1232.36,824.64,1324.64,846.33,1536,1536,SYNTHETIC,TRAIN_ONLY,https://www.kaggle.com/datasets/tielemarvin/european-license-plate-dataset-elpd,CC BY 4.0,https://creativecommons.org/licenses/by/4.0/,AI/PlateDetector/datasets/provenance/elpd/elpd_provenance.csv
elpd,filename_prefix_00952_.png,1,license-plate,license_plate,1261.76,1024.2,1473.1,1077.1,1536,1536,SYNTHETIC,TRAIN_ONLY,https://www.kaggle.com/datasets/tielemarvin/european-license-plate-dataset-elpd,CC BY 4.0,https://creativecommons.org/licenses/by/4.0/,AI/PlateDetector/datasets/provenance/elpd/elpd_provenance.csv
elpd,filename_prefix_00953_.png,1,license-plate,license_plate,420.43,1164.96,905.25,1293.42,1536,1536,SYNTHETIC,TRAIN_ONLY,https://www.kaggle.com/datasets/tielemarvin/european-license-plate-dataset-elpd,CC BY 4.0,https://creativecommons.org/licenses/by/4.0/,AI/PlateDetector/datasets/provenance/elpd/elpd_provenance.csv
elpd,filename_prefix_00953_.png,2,license-plate,license_plate,1359.65,719.31,1532.21,762.64,1536,1536,SYNTHETIC,TRAIN_ONLY,https://www.kaggle.com/datasets/tielemarvin/european-license-plate-dataset-elpd,CC BY 4.0,https://creativecommons.org/licenses/by/4.0/,AI/PlateDetector/datasets/provenance/elpd/elpd_provenance.csv
elpd,filename_prefix_00954_.png,1,license-plate,license_plate,300.81,774.69,461.97,823.63,1024,1024,SYNTHETIC,TRAIN_ONLY,https://www.kaggle.com/datasets/tielemarvin/european-license-plate-dataset-elpd,CC BY 4.0,https://creativecommons.org/licenses/by/4.0/,AI/PlateDetector/datasets/provenance/elpd/elpd_provenance.csv
elpd,filename_prefix_00955_.png,1,license-plate,license_plate,880.07,471.29,948.98,486.56,1024,1024,SYNTHETIC,TRAIN_ONLY,https://www.kaggle.com/datasets/tielemarvin/european-license-plate-dataset-elpd,CC BY 4.0,https://creativecommons.org/licenses/by/4.0/,AI/PlateDetector/datasets/provenance/elpd/elpd_provenance.csv
elpd,filename_prefix_00955_.png,2,license-plate,license_plate,196.11,540.9,312.93,577.02,1024,1024,SYNTHETIC,TRAIN_ONLY,https://www.kaggle.com/datasets/tielemarvin/european-license-plate-dataset-elpd,CC BY 4.0,https://creativecommons.org/licenses/by/4.0/,AI/PlateDetector/datasets/provenance/elpd/elpd_provenance.csv
elpd,filename_prefix_00956_.png,1,license-plate,license_plate,440.6,747.68,632.44,794.01,1024,1024,SYNTHETIC,TRAIN_ONLY,https://www.kaggle.com/datasets/tielemarvin/european-license-plate-dataset-elpd,CC BY 4.0,https://creativecommons.org/licenses/by/4.0/,AI/PlateDetector/datasets/provenance/elpd/elpd_provenance.csv
elpd,filename_prefix_00957_.png,1,license-plate,license_plate,316.75,557.0,495.2,604.8,1024,1024,SYNTHETIC,TRAIN_ONLY,https://www.kaggle.com/datasets/tielemarvin/european-license-plate-dataset-elpd,CC BY 4.0,https://creativecommons.org/licenses/by/4.0/,AI/PlateDetector/datasets/provenance/elpd/elpd_provenance.csv
elpd,filename_prefix_00958_.png,1,license-plate,license_plate,1073.16,685.89,1160.78,709.15,1536,1536,SYNTHETIC,TRAIN_ONLY,https://www.kaggle.com/datasets/tielemarvin/european-license-plate-dataset-elpd,CC BY 4.0,https://creativecommons.org/licenses/by/4.0/,AI/PlateDetector/datasets/provenance/elpd/elpd_provenance.csv
elpd,filename_prefix_00958_.png,2,license-plate,license_plate,453.69,929.91,676.4,992.2,1536,1536,SYNTHETIC,TRAIN_ONLY,https://www.kaggle.com/datasets/tielemarvin/european-license-plate-dataset-elpd,CC BY 4.0,https://creativecommons.org/licenses/by/4.0/,AI/PlateDetector/datasets/provenance/elpd/elpd_provenance.csv
elpd,filename_prefix_00959_.png,1,license-plate,license_plate,1134.09,891.29,1256.97,923.25,1536,1536,SYNTHETIC,TRAIN_ONLY,https://www.kaggle.com/datasets/tielemarvin/european-license-plate-dataset-elpd,CC BY 4.0,https://creativecommons.org/licenses/by/4.0/,AI/PlateDetector/datasets/provenance/elpd/elpd_provenance.csv
elpd,filename_prefix_00959_.png,2,license-plate,license_plate,325.64,984.28,536.31,1041.79,1536,1536,SYNTHETIC,TRAIN_ONLY,https://www.kaggle.com/datasets/tielemarvin/european-license-plate-dataset-elpd,CC BY 4.0,https://creativecommons.org/licenses/by/4.0/,AI/PlateDetector/datasets/provenance/elpd/elpd_provenance.csv
elpd,filename_prefix_00960_.png,1,license-plate,license_plate,385.9,644.4,617.95,704.49,1024,1024,SYNTHETIC,TRAIN_ONLY,https://www.kaggle.com/datasets/tielemarvin/european-license-plate-dataset-elpd,CC BY 4.0,https://creativecommons.org/licenses/by/4.0/,AI/PlateDetector/datasets/provenance/elpd/elpd_provenance.csv
elpd,filename_prefix_00961_.png,1,license-plate,license_plate,354.58,588.69,499.0,624.3,1024,1024,SYNTHETIC,TRAIN_ONLY,https://www.kaggle.com/datasets/tielemarvin/european-license-plate-dataset-elpd,CC BY 4.0,https://creativecommons.org/licenses/by/4.0/,AI/PlateDetector/datasets/provenance/elpd/elpd_provenance.csv
elpd,filename_prefix_00962_.png,1,license-plate,license_plate,642.16,556.56,710.97,575.51,1024,1024,SYNTHETIC,TRAIN_ONLY,https://www.kaggle.com/datasets/tielemarvin/european-license-plate-dataset-elpd,CC BY 4.0,https://creativecommons.org/licenses/by/4.0/,AI/PlateDetector/datasets/provenance/elpd/elpd_provenance.csv
elpd,filename_prefix_00963_.png,1,license-plate,license_plate,400.81,712.47,631.33,765.58,1024,1024,SYNTHETIC,TRAIN_ONLY,https://www.kaggle.com/datasets/tielemarvin/european-license-plate-dataset-elpd,CC BY 4.0,https://creativecommons.org/licenses/by/4.0/,AI/PlateDetector/datasets/provenance/elpd/elpd_provenance.csv
elpd,filename_prefix_00964_.png,1,license-plate,license_plate,808.5,828.19,1092.52,900.2,1536,1536,SYNTHETIC,TRAIN_ONLY,https://www.kaggle.com/datasets/tielemarvin/european-license-plate-dataset-elpd,CC BY 4.0,https://creativecommons.org/licenses/by/4.0/,AI/PlateDetector/datasets/provenance/elpd/elpd_provenance.csv
elpd,filename_prefix_00965_.png,1,license-plate,license_plate,823.75,807.65,953.29,866.37,1536,1536,SYNTHETIC,TRAIN_ONLY,https://www.kaggle.com/datasets/tielemarvin/european-license-plate-dataset-elpd,CC BY 4.0,https://creativecommons.org/licenses/by/4.0/,AI/PlateDetector/datasets/provenance/elpd/elpd_provenance.csv
elpd,filename_prefix_00966_.png,1,license-plate,license_plate,766.98,698.69,971.31,752.64,1536,1536,SYNTHETIC,TRAIN_ONLY,https://www.kaggle.com/datasets/tielemarvin/european-license-plate-dataset-elpd,CC BY 4.0,https://creativecommons.org/licenses/by/4.0/,AI/PlateDetector/datasets/provenance/elpd/elpd_provenance.csv
elpd,filename_prefix_00967_.png,1,license-plate,license_plate,599.56,777.89,799.56,831.64,1536,1536,SYNTHETIC,TRAIN_ONLY,https://www.kaggle.com/datasets/tielemarvin/european-license-plate-dataset-elpd,CC BY 4.0,https://creativecommons.org/licenses/by/4.0/,AI/PlateDetector/datasets/provenance/elpd/elpd_provenance.csv
elpd,filename_prefix_00967_.png,2,license-plate,license_plate,1118.23,891.98,1291.92,953.84,1536,1536,SYNTHETIC,TRAIN_ONLY,https://www.kaggle.com/datasets/tielemarvin/european-license-plate-dataset-elpd,CC BY 4.0,https://creativecommons.org/licenses/by/4.0/,AI/PlateDetector/datasets/provenance/elpd/elpd_provenance.csv
elpd,filename_prefix_00968_.png,1,license-plate,license_plate,349.23,772.12,526.58,864.55,1536,1536,SYNTHETIC,TRAIN_ONLY,https://www.kaggle.com/datasets/tielemarvin/european-license-plate-dataset-elpd,CC BY 4.0,https://creativecommons.org/licenses/by/4.0/,AI/PlateDetector/datasets/provenance/elpd/elpd_provenance.csv
elpd,filename_prefix_00969_.png,1,license-plate,license_plate,123.32,1057.0,371.3,1141.58,1536,1536,SYNTHETIC,TRAIN_ONLY,https://www.kaggle.com/datasets/tielemarvin/european-license-plate-dataset-elpd,CC BY 4.0,https://creativecommons.org/licenses/by/4.0/,AI/PlateDetector/datasets/provenance/elpd/elpd_provenance.csv
elpd,filename_prefix_00970_.png,1,license-plate,license_plate,613.95,733.4,774.2,785.29,1024,1024,SYNTHETIC,TRAIN_ONLY,https://www.kaggle.com/datasets/tielemarvin/european-license-plate-dataset-elpd,CC BY 4.0,https://creativecommons.org/licenses/by/4.0/,AI/PlateDetector/datasets/provenance/elpd/elpd_provenance.csv
elpd,filename_prefix_00971_.png,1,license-plate,license_plate,341.15,705.74,504.3,741.9,1024,1024,SYNTHETIC,TRAIN_ONLY,https://www.kaggle.com/datasets/tielemarvin/european-license-plate-dataset-elpd,CC BY 4.0,https://creativecommons.org/licenses/by/4.0/,AI/PlateDetector/datasets/provenance/elpd/elpd_provenance.csv
elpd,filename_prefix_00972_.png,1,license-plate,license_plate,735.44,636.3,878.1,676.0,1024,1024,SYNTHETIC,TRAIN_ONLY,https://www.kaggle.com/datasets/tielemarvin/european-license-plate-dataset-elpd,CC BY 4.0,https://creativecommons.org/licenses/by/4.0/,AI/PlateDetector/datasets/provenance/elpd/elpd_provenance.csv
elpd,filename_prefix_00973_.png,1,license-plate,license_plate,490.03,568.41,623.4,599.7,1024,1024,SYNTHETIC,TRAIN_ONLY,https://www.kaggle.com/datasets/tielemarvin/european-license-plate-dataset-elpd,CC BY 4.0,https://creativecommons.org/licenses/by/4.0/,AI/PlateDetector/datasets/provenance/elpd/elpd_provenance.csv
elpd,filename_prefix_00974_.png,1,license-plate,license_plate,705.92,964.82,835.98,1000.08,1536,1536,SYNTHETIC,TRAIN_ONLY,https://www.kaggle.com/datasets/tielemarvin/european-license-plate-dataset-elpd,CC BY 4.0,https://creativecommons.org/licenses/by/4.0/,AI/PlateDetector/datasets/provenance/elpd/elpd_provenance.csv
elpd,filename_prefix_00975_.png,1,license-plate,license_plate,950.76,996.2,1230.1,1121.54,1536,1536,SYNTHETIC,TRAIN_ONLY,https://www.kaggle.com/datasets/tielemarvin/european-license-plate-dataset-elpd,CC BY 4.0,https://creativecommons.org/licenses/by/4.0/,AI/PlateDetector/datasets/provenance/elpd/elpd_provenance.csv
elpd,filename_prefix_00976_.png,1,license-plate,license_plate,497.21,541.46,579.3,561.3,1024,1024,SYNTHETIC,TRAIN_ONLY,https://www.kaggle.com/datasets/tielemarvin/european-license-plate-dataset-elpd,CC BY 4.0,https://creativecommons.org/licenses/by/4.0/,AI/PlateDetector/datasets/provenance/elpd/elpd_provenance.csv
elpd,filename_prefix_00977_.png,1,license-plate,license_plate,380.47,725.9,483.0,759.08,1024,1024,SYNTHETIC,TRAIN_ONLY,https://www.kaggle.com/datasets/tielemarvin/european-license-plate-dataset-elpd,CC BY 4.0,https://creativecommons.org/licenses/by/4.0/,AI/PlateDetector/datasets/provenance/elpd/elpd_provenance.csv
elpd,filename_prefix_00978_.png,1,license-plate,license_plate,581.43,694.19,698.25,733.87,1024,1024,SYNTHETIC,TRAIN_ONLY,https://www.kaggle.com/datasets/tielemarvin/european-license-plate-dataset-elpd,CC BY 4.0,https://creativecommons.org/licenses/by/4.0/,AI/PlateDetector/datasets/provenance/elpd/elpd_provenance.csv
elpd,filename_prefix_00979_.png,1,license-plate,license_plate,132.09,573.14,260.94,620.0,1024,1024,SYNTHETIC,TRAIN_ONLY,https://www.kaggle.com/datasets/tielemarvin/european-license-plate-dataset-elpd,CC BY 4.0,https://creativecommons.org/licenses/by/4.0/,AI/PlateDetector/datasets/provenance/elpd/elpd_provenance.csv
elpd,filename_prefix_00980_.png,1,license-plate,license_plate,754.75,997.27,918.03,1080.84,1536,1536,SYNTHETIC,TRAIN_ONLY,https://www.kaggle.com/datasets/tielemarvin/european-license-plate-dataset-elpd,CC BY 4.0,https://creativecommons.org/licenses/by/4.0/,AI/PlateDetector/datasets/provenance/elpd/elpd_provenance.csv
elpd,filename_prefix_00981_.png,1,license-plate,license_plate,913.56,919.25,1051.9,951.7,1536,1536,SYNTHETIC,TRAIN_ONLY,https://www.kaggle.com/datasets/tielemarvin/european-license-plate-dataset-elpd,CC BY 4.0,https://creativecommons.org/licenses/by/4.0/,AI/PlateDetector/datasets/provenance/elpd/elpd_provenance.csv
elpd,filename_prefix_00982_.png,1,license-plate,license_plate,1204.36,995.67,1279.81,1015.59,1536,1536,SYNTHETIC,TRAIN_ONLY,https://www.kaggle.com/datasets/tielemarvin/european-license-plate-dataset-elpd,CC BY 4.0,https://creativecommons.org/licenses/by/4.0/,AI/PlateDetector/datasets/provenance/elpd/elpd_provenance.csv
elpd,filename_prefix_00982_.png,2,license-plate,license_plate,373.16,1070.08,542.52,1114.54,1536,1536,SYNTHETIC,TRAIN_ONLY,https://www.kaggle.com/datasets/tielemarvin/european-license-plate-dataset-elpd,CC BY 4.0,https://creativecommons.org/licenses/by/4.0/,AI/PlateDetector/datasets/provenance/elpd/elpd_provenance.csv
elpd,filename_prefix_00982_.png,3,license-plate,license_plate,1198.02,1040.03,1280.42,1061.76,1536,1536,SYNTHETIC,TRAIN_ONLY,https://www.kaggle.com/datasets/tielemarvin/european-license-plate-dataset-elpd,CC BY 4.0,https://creativecommons.org/licenses/by/4.0/,AI/PlateDetector/datasets/provenance/elpd/elpd_provenance.csv
elpd,filename_prefix_00983_.png,1,license-plate,license_plate,609.28,960.26,935.6,1044.17,1536,1536,SYNTHETIC,TRAIN_ONLY,https://www.kaggle.com/datasets/tielemarvin/european-license-plate-dataset-elpd,CC BY 4.0,https://creativecommons.org/licenses/by/4.0/,AI/PlateDetector/datasets/provenance/elpd/elpd_provenance.csv
elpd,filename_prefix_00984_.png,1,license-plate,license_plate,586.8,790.12,730.7,831.1,1536,1536,SYNTHETIC,TRAIN_ONLY,https://www.kaggle.com/datasets/tielemarvin/european-license-plate-dataset-elpd,CC BY 4.0,https://creativecommons.org/licenses/by/4.0/,AI/PlateDetector/datasets/provenance/elpd/elpd_provenance.csv
elpd,filename_prefix_00985_.png,1,license-plate,license_plate,719.12,985.54,929.97,1038.94,1536,1536,SYNTHETIC,TRAIN_ONLY,https://www.kaggle.com/datasets/tielemarvin/european-license-plate-dataset-elpd,CC BY 4.0,https://creativecommons.org/licenses/by/4.0/,AI/PlateDetector/datasets/provenance/elpd/elpd_provenance.csv
elpd,filename_prefix_00986_.png,1,license-plate,license_plate,556.61,667.48,699.6,703.7,1024,1024,SYNTHETIC,TRAIN_ONLY,https://www.kaggle.com/datasets/tielemarvin/european-license-plate-dataset-elpd,CC BY 4.0,https://creativecommons.org/licenses/by/4.0/,AI/PlateDetector/datasets/provenance/elpd/elpd_provenance.csv
elpd,filename_prefix_00987_.png,1,license-plate,license_plate,945.53,341.44,1024.0,362.72,1024,1024,SYNTHETIC,TRAIN_ONLY,https://www.kaggle.com/datasets/tielemarvin/european-license-plate-dataset-elpd,CC BY 4.0,https://creativecommons.org/licenses/by/4.0/,AI/PlateDetector/datasets/provenance/elpd/elpd_provenance.csv
elpd,filename_prefix_00987_.png,2,license-plate,license_plate,306.64,596.31,579.1,665.8,1024,1024,SYNTHETIC,TRAIN_ONLY,https://www.kaggle.com/datasets/tielemarvin/european-license-plate-dataset-elpd,CC BY 4.0,https://creativecommons.org/licenses/by/4.0/,AI/PlateDetector/datasets/provenance/elpd/elpd_provenance.csv
elpd,filename_prefix_00988_.png,1,license-plate,license_plate,450.43,649.2,580.95,682.73,1024,1024,SYNTHETIC,TRAIN_ONLY,https://www.kaggle.com/datasets/tielemarvin/european-license-plate-dataset-elpd,CC BY 4.0,https://creativecommons.org/licenses/by/4.0/,AI/PlateDetector/datasets/provenance/elpd/elpd_provenance.csv
elpd,filename_prefix_00989_.png,1,license-plate,license_plate,382.84,690.36,538.9,735.84,1024,1024,SYNTHETIC,TRAIN_ONLY,https://www.kaggle.com/datasets/tielemarvin/european-license-plate-dataset-elpd,CC BY 4.0,https://creativecommons.org/licenses/by/4.0/,AI/PlateDetector/datasets/provenance/elpd/elpd_provenance.csv
elpd,filename_prefix_00990_.png,1,license-plate,license_plate,816.63,907.2,974.7,957.3,1536,1536,SYNTHETIC,TRAIN_ONLY,https://www.kaggle.com/datasets/tielemarvin/european-license-plate-dataset-elpd,CC BY 4.0,https://creativecommons.org/licenses/by/4.0/,AI/PlateDetector/datasets/provenance/elpd/elpd_provenance.csv
elpd,filename_prefix_00990_.png,2,license-plate,license_plate,1325.8,848.5,1397.04,866.08,1536,1536,SYNTHETIC,TRAIN_ONLY,https://www.kaggle.com/datasets/tielemarvin/european-license-plate-dataset-elpd,CC BY 4.0,https://creativecommons.org/licenses/by/4.0/,AI/PlateDetector/datasets/provenance/elpd/elpd_provenance.csv
elpd,filename_prefix_00991_.png,1,license-plate,license_plate,631.25,930.22,834.7,997.6,1536,1536,SYNTHETIC,TRAIN_ONLY,https://www.kaggle.com/datasets/tielemarvin/european-license-plate-dataset-elpd,CC BY 4.0,https://creativecommons.org/licenses/by/4.0/,AI/PlateDetector/datasets/provenance/elpd/elpd_provenance.csv
elpd,filename_prefix_00992_.png,1,license-plate,license_plate,423.4,780.11,659.6,840.26,1024,1024,SYNTHETIC,TRAIN_ONLY,https://www.kaggle.com/datasets/tielemarvin/european-license-plate-dataset-elpd,CC BY 4.0,https://creativecommons.org/licenses/by/4.0/,AI/PlateDetector/datasets/provenance/elpd/elpd_provenance.csv
elpd,filename_prefix_00993_.png,1,license-plate,license_plate,483.5,563.73,579.75,589.41,1024,1024,SYNTHETIC,TRAIN_ONLY,https://www.kaggle.com/datasets/tielemarvin/european-license-plate-dataset-elpd,CC BY 4.0,https://creativecommons.org/licenses/by/4.0/,AI/PlateDetector/datasets/provenance/elpd/elpd_provenance.csv
elpd,filename_prefix_00994_.png,1,license-plate,license_plate,870.85,403.46,932.7,419.4,1024,1024,SYNTHETIC,TRAIN_ONLY,https://www.kaggle.com/datasets/tielemarvin/european-license-plate-dataset-elpd,CC BY 4.0,https://creativecommons.org/licenses/by/4.0/,AI/PlateDetector/datasets/provenance/elpd/elpd_provenance.csv
elpd,filename_prefix_00994_.png,2,license-plate,license_plate,646.9,568.83,801.81,650.56,1024,1024,SYNTHETIC,TRAIN_ONLY,https://www.kaggle.com/datasets/tielemarvin/european-license-plate-dataset-elpd,CC BY 4.0,https://creativecommons.org/licenses/by/4.0/,AI/PlateDetector/datasets/provenance/elpd/elpd_provenance.csv
elpd,filename_prefix_00995_.png,1,license-plate,license_plate,89.68,787.6,259.23,834.26,1024,1024,SYNTHETIC,TRAIN_ONLY,https://www.kaggle.com/datasets/tielemarvin/european-license-plate-dataset-elpd,CC BY 4.0,https://creativecommons.org/licenses/by/4.0/,AI/PlateDetector/datasets/provenance/elpd/elpd_provenance.csv
elpd,filename_prefix_00996_.png,1,license-plate,license_plate,439.91,1036.82,859.46,1152.94,1536,1536,SYNTHETIC,TRAIN_ONLY,https://www.kaggle.com/datasets/tielemarvin/european-license-plate-dataset-elpd,CC BY 4.0,https://creativecommons.org/licenses/by/4.0/,AI/PlateDetector/datasets/provenance/elpd/elpd_provenance.csv
elpd,filename_prefix_00997_.png,1,license-plate,license_plate,147.87,1129.8,446.8,1232.8,1536,1536,SYNTHETIC,TRAIN_ONLY,https://www.kaggle.com/datasets/tielemarvin/european-license-plate-dataset-elpd,CC BY 4.0,https://creativecommons.org/licenses/by/4.0/,AI/PlateDetector/datasets/provenance/elpd/elpd_provenance.csv
elpd,filename_prefix_00998_.png,1,license-plate,license_plate,494.58,981.6,721.97,1049.15,1536,1536,SYNTHETIC,TRAIN_ONLY,https://www.kaggle.com/datasets/tielemarvin/european-license-plate-dataset-elpd,CC BY 4.0,https://creativecommons.org/licenses/by/4.0/,AI/PlateDetector/datasets/provenance/elpd/elpd_provenance.csv
elpd,filename_prefix_00998_.png,2,license-plate,license_plate,1442.65,771.28,1536.0,792.11,1536,1536,SYNTHETIC,TRAIN_ONLY,https://www.kaggle.com/datasets/tielemarvin/european-license-plate-dataset-elpd,CC BY 4.0,https://creativecommons.org/licenses/by/4.0/,AI/PlateDetector/datasets/provenance/elpd/elpd_provenance.csv
elpd,filename_prefix_00999_.png,1,license-plate,license_plate,665.46,970.8,855.4,1023.67,1536,1536,SYNTHETIC,TRAIN_ONLY,https://www.kaggle.com/datasets/tielemarvin/european-license-plate-dataset-elpd,CC BY 4.0,https://creativecommons.org/licenses/by/4.0/,AI/PlateDetector/datasets/provenance/elpd/elpd_provenance.csv
elpd,filename_prefix_01000_.png,1,license-plate,license_plate,978.39,1079.91,1378.26,1176.25,1536,1536,SYNTHETIC,TRAIN_ONLY,https://www.kaggle.com/datasets/tielemarvin/european-license-plate-dataset-elpd,CC BY 4.0,https://creativecommons.org/licenses/by/4.0/,AI/PlateDetector/datasets/provenance/elpd/elpd_provenance.csv
elpd,filename_prefix_01001_.png,1,license-plate,license_plate,1251.19,927.29,1435.12,976.12,1536,1536,SYNTHETIC,TRAIN_ONLY,https://www.kaggle.com/datasets/tielemarvin/european-license-plate-dataset-elpd,CC BY 4.0,https://creativecommons.org/licenses/by/4.0/,AI/PlateDetector/datasets/provenance/elpd/elpd_provenance.csv
elpd,filename_prefix_01002_.png,1,license-plate,license_plate,731.95,830.9,953.78,906.78,1024,1024,SYNTHETIC,TRAIN_ONLY,https://www.kaggle.com/datasets/tielemarvin/european-license-plate-dataset-elpd,CC BY 4.0,https://creativecommons.org/licenses/by/4.0/,AI/PlateDetector/datasets/provenance/elpd/elpd_provenance.csv
elpd,filename_prefix_01003_.png,1,license-plate,license_plate,599.37,879.56,861.12,954.22,1024,1024,SYNTHETIC,TRAIN_ONLY,https://www.kaggle.com/datasets/tielemarvin/european-license-plate-dataset-elpd,CC BY 4.0,https://creativecommons.org/licenses/by/4.0/,AI/PlateDetector/datasets/provenance/elpd/elpd_provenance.csv
elpd,filename_prefix_01003_.png,2,license-plate,license_plate,16.3,647.36,83.37,666.51,1024,1024,SYNTHETIC,TRAIN_ONLY,https://www.kaggle.com/datasets/tielemarvin/european-license-plate-dataset-elpd,CC BY 4.0,https://creativecommons.org/licenses/by/4.0/,AI/PlateDetector/datasets/provenance/elpd/elpd_provenance.csv
elpd,filename_prefix_01004_.png,1,license-plate,license_plate,522.79,673.7,761.1,774.52,1024,1024,SYNTHETIC,TRAIN_ONLY,https://www.kaggle.com/datasets/tielemarvin/european-license-plate-dataset-elpd,CC BY 4.0,https://creativecommons.org/licenses/by/4.0/,AI/PlateDetector/datasets/provenance/elpd/elpd_provenance.csv
elpd,filename_prefix_01005_.png,1,license-plate,license_plate,729.37,610.87,871.2,648.0,1024,1024,SYNTHETIC,TRAIN_ONLY,https://www.kaggle.com/datasets/tielemarvin/european-license-plate-dataset-elpd,CC BY 4.0,https://creativecommons.org/licenses/by/4.0/,AI/PlateDetector/datasets/provenance/elpd/elpd_provenance.csv
elpd,filename_prefix_01006_.png,1,license-plate,license_plate,1386.23,698.6,1479.2,718.41,1536,1536,SYNTHETIC,TRAIN_ONLY,https://www.kaggle.com/datasets/tielemarvin/european-license-plate-dataset-elpd,CC BY 4.0,https://creativecommons.org/licenses/by/4.0/,AI/PlateDetector/datasets/provenance/elpd/elpd_provenance.csv
elpd,filename_prefix_01006_.png,2,license-plate,license_plate,600.92,1116.1,969.43,1209.8,1536,1536,SYNTHETIC,TRAIN_ONLY,https://www.kaggle.com/datasets/tielemarvin/european-license-plate-dataset-elpd,CC BY 4.0,https://creativecommons.org/licenses/by/4.0/,AI/PlateDetector/datasets/provenance/elpd/elpd_provenance.csv
elpd,filename_prefix_01007_.png,1,license-plate,license_plate,554.97,1257.21,790.39,1314.8,1536,1536,SYNTHETIC,TRAIN_ONLY,https://www.kaggle.com/datasets/tielemarvin/european-license-plate-dataset-elpd,CC BY 4.0,https://creativecommons.org/licenses/by/4.0/,AI/PlateDetector/datasets/provenance/elpd/elpd_provenance.csv
elpd,filename_prefix_01007_.png,2,license-plate,license_plate,1126.93,1075.87,1243.04,1103.93,1536,1536,SYNTHETIC,TRAIN_ONLY,https://www.kaggle.com/datasets/tielemarvin/european-license-plate-dataset-elpd,CC BY 4.0,https://creativecommons.org/licenses/by/4.0/,AI/PlateDetector/datasets/provenance/elpd/elpd_provenance.csv
elpd,filename_prefix_01008_.png,1,license-plate,license_plate,203.74,764.86,351.32,807.22,1024,1024,SYNTHETIC,TRAIN_ONLY,https://www.kaggle.com/datasets/tielemarvin/european-license-plate-dataset-elpd,CC BY 4.0,https://creativecommons.org/licenses/by/4.0/,AI/PlateDetector/datasets/provenance/elpd/elpd_provenance.csv
elpd,filename_prefix_01009_.png,1,license-plate,license_plate,295.65,559.7,458.27,604.05,1024,1024,SYNTHETIC,TRAIN_ONLY,https://www.kaggle.com/datasets/tielemarvin/european-license-plate-dataset-elpd,CC BY 4.0,https://creativecommons.org/licenses/by/4.0/,AI/PlateDetector/datasets/provenance/elpd/elpd_provenance.csv
elpd,filename_prefix_01009_.png,2,license-plate,license_plate,841.7,483.57,911.64,502.55,1024,1024,SYNTHETIC,TRAIN_ONLY,https://www.kaggle.com/datasets/tielemarvin/european-license-plate-dataset-elpd,CC BY 4.0,https://creativecommons.org/licenses/by/4.0/,AI/PlateDetector/datasets/provenance/elpd/elpd_provenance.csv
elpd,filename_prefix_01010_.png,1,license-plate,license_plate,434.23,792.36,737.57,868.71,1024,1024,SYNTHETIC,TRAIN_ONLY,https://www.kaggle.com/datasets/tielemarvin/european-license-plate-dataset-elpd,CC BY 4.0,https://creativecommons.org/licenses/by/4.0/,AI/PlateDetector/datasets/provenance/elpd/elpd_provenance.csv
elpd,filename_prefix_01011_.png,1,license-plate,license_plate,460.0,636.03,654.59,687.36,1024,1024,SYNTHETIC,TRAIN_ONLY,https://www.kaggle.com/datasets/tielemarvin/european-license-plate-dataset-elpd,CC BY 4.0,https://creativecommons.org/licenses/by/4.0/,AI/PlateDetector/datasets/provenance/elpd/elpd_provenance.csv
elpd,filename_prefix_01012_.png,1,license-plate,license_plate,1385.11,734.55,1508.6,769.13,1536,1536,SYNTHETIC,TRAIN_ONLY,https://www.kaggle.com/datasets/tielemarvin/european-license-plate-dataset-elpd,CC BY 4.0,https://creativecommons.org/licenses/by/4.0/,AI/PlateDetector/datasets/provenance/elpd/elpd_provenance.csv
elpd,filename_prefix_01012_.png,2,license-plate,license_plate,335.43,872.55,595.08,960.29,1536,1536,SYNTHETIC,TRAIN_ONLY,https://www.kaggle.com/datasets/tielemarvin/european-license-plate-dataset-elpd,CC BY 4.0,https://creativecommons.org/licenses/by/4.0/,AI/PlateDetector/datasets/provenance/elpd/elpd_provenance.csv
elpd,filename_prefix_01013_.png,1,license-plate,license_plate,673.96,854.01,825.98,906.67,1536,1536,SYNTHETIC,TRAIN_ONLY,https://www.kaggle.com/datasets/tielemarvin/european-license-plate-dataset-elpd,CC BY 4.0,https://creativecommons.org/licenses/by/4.0/,AI/PlateDetector/datasets/provenance/elpd/elpd_provenance.csv
elpd,filename_prefix_01014_.png,1,license-plate,license_plate,363.04,835.74,748.41,950.73,1536,1536,SYNTHETIC,TRAIN_ONLY,https://www.kaggle.com/datasets/tielemarvin/european-license-plate-dataset-elpd,CC BY 4.0,https://creativecommons.org/licenses/by/4.0/,AI/PlateDetector/datasets/provenance/elpd/elpd_provenance.csv
elpd,filename_prefix_01015_.png,1,license-plate,license_plate,788.1,1012.3,979.15,1070.74,1536,1536,SYNTHETIC,TRAIN_ONLY,https://www.kaggle.com/datasets/tielemarvin/european-license-plate-dataset-elpd,CC BY 4.0,https://creativecommons.org/licenses/by/4.0/,AI/PlateDetector/datasets/provenance/elpd/elpd_provenance.csv
elpd,filename_prefix_01016_.png,1,license-plate,license_plate,305.71,840.62,474.57,883.63,1536,1536,SYNTHETIC,TRAIN_ONLY,https://www.kaggle.com/datasets/tielemarvin/european-license-plate-dataset-elpd,CC BY 4.0,https://creativecommons.org/licenses/by/4.0/,AI/PlateDetector/datasets/provenance/elpd/elpd_provenance.csv
elpd,filename_prefix_01017_.png,1,license-plate,license_plate,204.5,850.3,387.01,927.35,1536,1536,SYNTHETIC,TRAIN_ONLY,https://www.kaggle.com/datasets/tielemarvin/european-license-plate-dataset-elpd,CC BY 4.0,https://creativecommons.org/licenses/by/4.0/,AI/PlateDetector/datasets/provenance/elpd/elpd_provenance.csv
elpd,filename_prefix_01018_.png,1,license-plate,license_plate,238.92,731.6,366.43,786.93,1024,1024,SYNTHETIC,TRAIN_ONLY,https://www.kaggle.com/datasets/tielemarvin/european-license-plate-dataset-elpd,CC BY 4.0,https://creativecommons.org/licenses/by/4.0/,AI/PlateDetector/datasets/provenance/elpd/elpd_provenance.csv
elpd,filename_prefix_01019_.png,1,license-plate,license_plate,382.28,727.44,504.01,757.88,1024,1024,SYNTHETIC,TRAIN_ONLY,https://www.kaggle.com/datasets/tielemarvin/european-license-plate-dataset-elpd,CC BY 4.0,https://creativecommons.org/licenses/by/4.0/,AI/PlateDetector/datasets/provenance/elpd/elpd_provenance.csv
elpd,filename_prefix_01020_.png,1,license-plate,license_plate,479.84,576.0,637.18,617.27,1024,1024,SYNTHETIC,TRAIN_ONLY,https://www.kaggle.com/datasets/tielemarvin/european-license-plate-dataset-elpd,CC BY 4.0,https://creativecommons.org/licenses/by/4.0/,AI/PlateDetector/datasets/provenance/elpd/elpd_provenance.csv
elpd,filename_prefix_01021_.png,1,license-plate,license_plate,429.41,504.78,573.92,539.12,1024,1024,SYNTHETIC,TRAIN_ONLY,https://www.kaggle.com/datasets/tielemarvin/european-license-plate-dataset-elpd,CC BY 4.0,https://creativecommons.org/licenses/by/4.0/,AI/PlateDetector/datasets/provenance/elpd/elpd_provenance.csv
elpd,filename_prefix_01022_.png,1,license-plate,license_plate,718.6,846.9,1119.4,960.05,1536,1536,SYNTHETIC,TRAIN_ONLY,https://www.kaggle.com/datasets/tielemarvin/european-license-plate-dataset-elpd,CC BY 4.0,https://creativecommons.org/licenses/by/4.0/,AI/PlateDetector/datasets/provenance/elpd/elpd_provenance.csv
elpd,filename_prefix_01023_.png,1,license-plate,license_plate,499.5,806.02,839.58,891.0,1536,1536,SYNTHETIC,TRAIN_ONLY,https://www.kaggle.com/datasets/tielemarvin/european-license-plate-dataset-elpd,CC BY 4.0,https://creativecommons.org/licenses/by/4.0/,AI/PlateDetector/datasets/provenance/elpd/elpd_provenance.csv
elpd,filename_prefix_01024_.png,1,license-plate,license_plate,817.02,686.91,966.1,735.97,1024,1024,SYNTHETIC,TRAIN_ONLY,https://www.kaggle.com/datasets/tielemarvin/european-license-plate-dataset-elpd,CC BY 4.0,https://creativecommons.org/licenses/by/4.0/,AI/PlateDetector/datasets/provenance/elpd/elpd_provenance.csv
elpd,filename_prefix_01025_.png,1,license-plate,license_plate,455.05,817.42,699.78,906.42,1024,1024,SYNTHETIC,TRAIN_ONLY,https://www.kaggle.com/datasets/tielemarvin/european-license-plate-dataset-elpd,CC BY 4.0,https://creativecommons.org/licenses/by/4.0/,AI/PlateDetector/datasets/provenance/elpd/elpd_provenance.csv
elpd,filename_prefix_01026_.png,1,license-plate,license_plate,323.95,723.3,470.4,796.62,1024,1024,SYNTHETIC,TRAIN_ONLY,https://www.kaggle.com/datasets/tielemarvin/european-license-plate-dataset-elpd,CC BY 4.0,https://creativecommons.org/licenses/by/4.0/,AI/PlateDetector/datasets/provenance/elpd/elpd_provenance.csv
elpd,filename_prefix_01027_.png,1,license-plate,license_plate,349.7,598.18,551.96,654.9,1024,1024,SYNTHETIC,TRAIN_ONLY,https://www.kaggle.com/datasets/tielemarvin/european-license-plate-dataset-elpd,CC BY 4.0,https://creativecommons.org/licenses/by/4.0/,AI/PlateDetector/datasets/provenance/elpd/elpd_provenance.csv
elpd,filename_prefix_01028_.png,1,license-plate,license_plate,730.93,975.51,905.49,1024.4,1536,1536,SYNTHETIC,TRAIN_ONLY,https://www.kaggle.com/datasets/tielemarvin/european-license-plate-dataset-elpd,CC BY 4.0,https://creativecommons.org/licenses/by/4.0/,AI/PlateDetector/datasets/provenance/elpd/elpd_provenance.csv
elpd,filename_prefix_01029_.png,1,license-plate,license_plate,823.36,1076.17,1003.27,1124.99,1536,1536,SYNTHETIC,TRAIN_ONLY,https://www.kaggle.com/datasets/tielemarvin/european-license-plate-dataset-elpd,CC BY 4.0,https://creativecommons.org/licenses/by/4.0/,AI/PlateDetector/datasets/provenance/elpd/elpd_provenance.csv
elpd,filename_prefix_01030_.png,1,license-plate,license_plate,626.22,898.76,911.76,965.31,1536,1536,SYNTHETIC,TRAIN_ONLY,https://www.kaggle.com/datasets/tielemarvin/european-license-plate-dataset-elpd,CC BY 4.0,https://creativecommons.org/licenses/by/4.0/,AI/PlateDetector/datasets/provenance/elpd/elpd_provenance.csv
elpd,filename_prefix_01031_.png,1,license-plate,license_plate,77.99,789.72,417.2,920.37,1536,1536,SYNTHETIC,TRAIN_ONLY,https://www.kaggle.com/datasets/tielemarvin/european-license-plate-dataset-elpd,CC BY 4.0,https://creativecommons.org/licenses/by/4.0/,AI/PlateDetector/datasets/provenance/elpd/elpd_provenance.csv
elpd,filename_prefix_01032_.png,1,license-plate,license_plate,790.66,936.92,1112.35,1024.6,1536,1536,SYNTHETIC,TRAIN_ONLY,https://www.kaggle.com/datasets/tielemarvin/european-license-plate-dataset-elpd,CC BY 4.0,https://creativecommons.org/licenses/by/4.0/,AI/PlateDetector/datasets/provenance/elpd/elpd_provenance.csv
elpd,filename_prefix_01032_.png,2,license-plate,license_plate,213.68,943.61,358.14,985.75,1536,1536,SYNTHETIC,TRAIN_ONLY,https://www.kaggle.com/datasets/tielemarvin/european-license-plate-dataset-elpd,CC BY 4.0,https://creativecommons.org/licenses/by/4.0/,AI/PlateDetector/datasets/provenance/elpd/elpd_provenance.csv
elpd,filename_prefix_01033_.png,1,license-plate,license_plate,618.0,1040.25,1028.98,1154.13,1536,1536,SYNTHETIC,TRAIN_ONLY,https://www.kaggle.com/datasets/tielemarvin/european-license-plate-dataset-elpd,CC BY 4.0,https://creativecommons.org/licenses/by/4.0/,AI/PlateDetector/datasets/provenance/elpd/elpd_provenance.csv
elpd,filename_prefix_01034_.png,1,license-plate,license_plate,365.87,713.0,509.6,756.84,1024,1024,SYNTHETIC,TRAIN_ONLY,https://www.kaggle.com/datasets/tielemarvin/european-license-plate-dataset-elpd,CC BY 4.0,https://creativecommons.org/licenses/by/4.0/,AI/PlateDetector/datasets/provenance/elpd/elpd_provenance.csv
elpd,filename_prefix_01035_.png,1,license-plate,license_plate,631.0,462.5,886.69,525.75,1024,1024,SYNTHETIC,TRAIN_ONLY,https://www.kaggle.com/datasets/tielemarvin/european-license-plate-dataset-elpd,CC BY 4.0,https://creativecommons.org/licenses/by/4.0/,AI/PlateDetector/datasets/provenance/elpd/elpd_provenance.csv
elpd,filename_prefix_01036_.png,1,license-plate,license_plate,551.03,713.94,633.0,740.0,1024,1024,SYNTHETIC,TRAIN_ONLY,https://www.kaggle.com/datasets/tielemarvin/european-license-plate-dataset-elpd,CC BY 4.0,https://creativecommons.org/licenses/by/4.0/,AI/PlateDetector/datasets/provenance/elpd/elpd_provenance.csv
elpd,filename_prefix_01037_.png,1,license-plate,license_plate,361.89,626.06,470.13,654.27,1024,1024,SYNTHETIC,TRAIN_ONLY,https://www.kaggle.com/datasets/tielemarvin/european-license-plate-dataset-elpd,CC BY 4.0,https://creativecommons.org/licenses/by/4.0/,AI/PlateDetector/datasets/provenance/elpd/elpd_provenance.csv
elpd,filename_prefix_01038_.png,1,license-plate,license_plate,211.69,833.07,379.55,881.03,1536,1536,SYNTHETIC,TRAIN_ONLY,https://www.kaggle.com/datasets/tielemarvin/european-license-plate-dataset-elpd,CC BY 4.0,https://creativecommons.org/licenses/by/4.0/,AI/PlateDetector/datasets/provenance/elpd/elpd_provenance.csv
elpd,filename_prefix_01038_.png,2,license-plate,license_plate,1164.3,975.6,1415.93,1040.2,1536,1536,SYNTHETIC,TRAIN_ONLY,https://www.kaggle.com/datasets/tielemarvin/european-license-plate-dataset-elpd,CC BY 4.0,https://creativecommons.org/licenses/by/4.0/,AI/PlateDetector/datasets/provenance/elpd/elpd_provenance.csv
elpd,filename_prefix_01039_.png,1,license-plate,license_plate,98.98,828.18,400.44,908.98,1536,1536,SYNTHETIC,TRAIN_ONLY,https://www.kaggle.com/datasets/tielemarvin/european-license-plate-dataset-elpd,CC BY 4.0,https://creativecommons.org/licenses/by/4.0/,AI/PlateDetector/datasets/provenance/elpd/elpd_provenance.csv
elpd,filename_prefix_01041_.png,1,license-plate,license_plate,379.3,708.5,550.1,750.31,1024,1024,SYNTHETIC,TRAIN_ONLY,https://www.kaggle.com/datasets/tielemarvin/european-license-plate-dataset-elpd,CC BY 4.0,https://creativecommons.org/licenses/by/4.0/,AI/PlateDetector/datasets/provenance/elpd/elpd_provenance.csv
elpd,filename_prefix_01042_.png,1,license-plate,license_plate,528.74,837.45,663.39,872.06,1024,1024,SYNTHETIC,TRAIN_ONLY,https://www.kaggle.com/datasets/tielemarvin/european-license-plate-dataset-elpd,CC BY 4.0,https://creativecommons.org/licenses/by/4.0/,AI/PlateDetector/datasets/provenance/elpd/elpd_provenance.csv
elpd,filename_prefix_01043_.png,1,license-plate,license_plate,0.0,797.2,163.77,893.49,1024,1024,SYNTHETIC,TRAIN_ONLY,https://www.kaggle.com/datasets/tielemarvin/european-license-plate-dataset-elpd,CC BY 4.0,https://creativecommons.org/licenses/by/4.0/,AI/PlateDetector/datasets/provenance/elpd/elpd_provenance.csv
elpd,filename_prefix_01044_.png,1,license-plate,license_plate,274.2,958.97,605.0,1152.1,1536,1536,SYNTHETIC,TRAIN_ONLY,https://www.kaggle.com/datasets/tielemarvin/european-license-plate-dataset-elpd,CC BY 4.0,https://creativecommons.org/licenses/by/4.0/,AI/PlateDetector/datasets/provenance/elpd/elpd_provenance.csv
elpd,filename_prefix_01045_.png,1,license-plate,license_plate,303.3,950.2,467.83,992.37,1536,1536,SYNTHETIC,TRAIN_ONLY,https://www.kaggle.com/datasets/tielemarvin/european-license-plate-dataset-elpd,CC BY 4.0,https://creativecommons.org/licenses/by/4.0/,AI/PlateDetector/datasets/provenance/elpd/elpd_provenance.csv
elpd,filename_prefix_01046_.png,1,license-plate,license_plate,642.18,1027.89,898.24,1092.5,1536,1536,SYNTHETIC,TRAIN_ONLY,https://www.kaggle.com/datasets/tielemarvin/european-license-plate-dataset-elpd,CC BY 4.0,https://creativecommons.org/licenses/by/4.0/,AI/PlateDetector/datasets/provenance/elpd/elpd_provenance.csv
elpd,filename_prefix_01047_.png,1,license-plate,license_plate,1417.58,1186.39,1536.0,1245.02,1536,1536,SYNTHETIC,TRAIN_ONLY,https://www.kaggle.com/datasets/tielemarvin/european-license-plate-dataset-elpd,CC BY 4.0,https://creativecommons.org/licenses/by/4.0/,AI/PlateDetector/datasets/provenance/elpd/elpd_provenance.csv
elpd,filename_prefix_01048_.png,1,license-plate,license_plate,0.73,751.32,261.57,870.7,1536,1536,SYNTHETIC,TRAIN_ONLY,https://www.kaggle.com/datasets/tielemarvin/european-license-plate-dataset-elpd,CC BY 4.0,https://creativecommons.org/licenses/by/4.0/,AI/PlateDetector/datasets/provenance/elpd/elpd_provenance.csv
elpd,filename_prefix_01049_.png,1,license-plate,license_plate,946.69,932.98,1180.1,991.2,1536,1536,SYNTHETIC,TRAIN_ONLY,https://www.kaggle.com/datasets/tielemarvin/european-license-plate-dataset-elpd,CC BY 4.0,https://creativecommons.org/licenses/by/4.0/,AI/PlateDetector/datasets/provenance/elpd/elpd_provenance.csv
elpd,filename_prefix_01050_.png,1,license-plate,license_plate,305.11,674.58,497.02,724.62,1024,1024,SYNTHETIC,TRAIN_ONLY,https://www.kaggle.com/datasets/tielemarvin/european-license-plate-dataset-elpd,CC BY 4.0,https://creativecommons.org/licenses/by/4.0/,AI/PlateDetector/datasets/provenance/elpd/elpd_provenance.csv
elpd,filename_prefix_01051_.png,1,license-plate,license_plate,589.41,608.03,808.47,692.2,1024,1024,SYNTHETIC,TRAIN_ONLY,https://www.kaggle.com/datasets/tielemarvin/european-license-plate-dataset-elpd,CC BY 4.0,https://creativecommons.org/licenses/by/4.0/,AI/PlateDetector/datasets/provenance/elpd/elpd_provenance.csv
elpd,filename_prefix_01052_.png,1,license-plate,license_plate,634.81,583.89,718.38,617.47,1024,1024,SYNTHETIC,TRAIN_ONLY,https://www.kaggle.com/datasets/tielemarvin/european-license-plate-dataset-elpd,CC BY 4.0,https://creativecommons.org/licenses/by/4.0/,AI/PlateDetector/datasets/provenance/elpd/elpd_provenance.csv
elpd,filename_prefix_01053_.png,1,license-plate,license_plate,345.72,792.7,734.96,892.69,1024,1024,SYNTHETIC,TRAIN_ONLY,https://www.kaggle.com/datasets/tielemarvin/european-license-plate-dataset-elpd,CC BY 4.0,https://creativecommons.org/licenses/by/4.0/,AI/PlateDetector/datasets/provenance/elpd/elpd_provenance.csv
elpd,filename_prefix_01054_.png,1,license-plate,license_plate,632.64,1047.9,836.16,1099.0,1536,1536,SYNTHETIC,TRAIN_ONLY,https://www.kaggle.com/datasets/tielemarvin/european-license-plate-dataset-elpd,CC BY 4.0,https://creativecommons.org/licenses/by/4.0/,AI/PlateDetector/datasets/provenance/elpd/elpd_provenance.csv
elpd,filename_prefix_01055_.png,1,license-plate,license_plate,340.68,644.15,441.44,681.13,1536,1536,SYNTHETIC,TRAIN_ONLY,https://www.kaggle.com/datasets/tielemarvin/european-license-plate-dataset-elpd,CC BY 4.0,https://creativecommons.org/licenses/by/4.0/,AI/PlateDetector/datasets/provenance/elpd/elpd_provenance.csv
elpd,filename_prefix_01055_.png,2,license-plate,license_plate,1200.0,1074.27,1429.18,1195.1,1536,1536,SYNTHETIC,TRAIN_ONLY,https://www.kaggle.com/datasets/tielemarvin/european-license-plate-dataset-elpd,CC BY 4.0,https://creativecommons.org/licenses/by/4.0/,AI/PlateDetector/datasets/provenance/elpd/elpd_provenance.csv
elpd,filename_prefix_01056_.png,1,license-plate,license_plate,833.63,668.65,979.63,706.88,1024,1024,SYNTHETIC,TRAIN_ONLY,https://www.kaggle.com/datasets/tielemarvin/european-license-plate-dataset-elpd,CC BY 4.0,https://creativecommons.org/licenses/by/4.0/,AI/PlateDetector/datasets/provenance/elpd/elpd_provenance.csv
elpd,filename_prefix_01057_.png,1,license-plate,license_plate,283.44,726.99,452.36,771.76,1024,1024,SYNTHETIC,TRAIN_ONLY,https://www.kaggle.com/datasets/tielemarvin/european-license-plate-dataset-elpd,CC BY 4.0,https://creativecommons.org/licenses/by/4.0/,AI/PlateDetector/datasets/provenance/elpd/elpd_provenance.csv
elpd,filename_prefix_01058_.png,1,license-plate,license_plate,791.51,692.46,932.73,730.43,1024,1024,SYNTHETIC,TRAIN_ONLY,https://www.kaggle.com/datasets/tielemarvin/european-license-plate-dataset-elpd,CC BY 4.0,https://creativecommons.org/licenses/by/4.0/,AI/PlateDetector/datasets/provenance/elpd/elpd_provenance.csv
elpd,filename_prefix_01059_.png,1,license-plate,license_plate,451.5,560.6,761.3,652.5,1024,1024,SYNTHETIC,TRAIN_ONLY,https://www.kaggle.com/datasets/tielemarvin/european-license-plate-dataset-elpd,CC BY 4.0,https://creativecommons.org/licenses/by/4.0/,AI/PlateDetector/datasets/provenance/elpd/elpd_provenance.csv
elpd,filename_prefix_01060_.png,1,license-plate,license_plate,592.48,1080.69,770.46,1133.38,1536,1536,SYNTHETIC,TRAIN_ONLY,https://www.kaggle.com/datasets/tielemarvin/european-license-plate-dataset-elpd,CC BY 4.0,https://creativecommons.org/licenses/by/4.0/,AI/PlateDetector/datasets/provenance/elpd/elpd_provenance.csv
elpd,filename_prefix_01061_.png,1,license-plate,license_plate,948.28,1114.35,1150.25,1264.55,1536,1536,SYNTHETIC,TRAIN_ONLY,https://www.kaggle.com/datasets/tielemarvin/european-license-plate-dataset-elpd,CC BY 4.0,https://creativecommons.org/licenses/by/4.0/,AI/PlateDetector/datasets/provenance/elpd/elpd_provenance.csv
elpd,filename_prefix_01062_.png,1,license-plate,license_plate,942.47,818.56,1235.25,920.72,1536,1536,SYNTHETIC,TRAIN_ONLY,https://www.kaggle.com/datasets/tielemarvin/european-license-plate-dataset-elpd,CC BY 4.0,https://creativecommons.org/licenses/by/4.0/,AI/PlateDetector/datasets/provenance/elpd/elpd_provenance.csv
elpd,filename_prefix_01063_.png,1,license-plate,license_plate,414.43,1016.2,979.01,1158.12,1536,1536,SYNTHETIC,TRAIN_ONLY,https://www.kaggle.com/datasets/tielemarvin/european-license-plate-dataset-elpd,CC BY 4.0,https://creativecommons.org/licenses/by/4.0/,AI/PlateDetector/datasets/provenance/elpd/elpd_provenance.csv
elpd,filename_prefix_01064_.png,1,license-plate,license_plate,697.14,1050.49,900.97,1103.95,1536,1536,SYNTHETIC,TRAIN_ONLY,https://www.kaggle.com/datasets/tielemarvin/european-license-plate-dataset-elpd,CC BY 4.0,https://creativecommons.org/licenses/by/4.0/,AI/PlateDetector/datasets/provenance/elpd/elpd_provenance.csv
elpd,filename_prefix_01065_.png,1,license-plate,license_plate,677.83,1261.29,889.39,1320.89,1536,1536,SYNTHETIC,TRAIN_ONLY,https://www.kaggle.com/datasets/tielemarvin/european-license-plate-dataset-elpd,CC BY 4.0,https://creativecommons.org/licenses/by/4.0/,AI/PlateDetector/datasets/provenance/elpd/elpd_provenance.csv
elpd,filename_prefix_01065_.png,2,license-plate,license_plate,1490.79,1005.92,1536.0,1021.58,1536,1536,SYNTHETIC,TRAIN_ONLY,https://www.kaggle.com/datasets/tielemarvin/european-license-plate-dataset-elpd,CC BY 4.0,https://creativecommons.org/licenses/by/4.0/,AI/PlateDetector/datasets/provenance/elpd/elpd_provenance.csv
elpd,filename_prefix_01065_.png,3,license-plate,license_plate,1487.74,971.84,1536.0,990.38,1536,1536,SYNTHETIC,TRAIN_ONLY,https://www.kaggle.com/datasets/tielemarvin/european-license-plate-dataset-elpd,CC BY 4.0,https://creativecommons.org/licenses/by/4.0/,AI/PlateDetector/datasets/provenance/elpd/elpd_provenance.csv
elpd,filename_prefix_01066_.png,1,license-plate,license_plate,410.48,569.64,487.92,592.69,1024,1024,SYNTHETIC,TRAIN_ONLY,https://www.kaggle.com/datasets/tielemarvin/european-license-plate-dataset-elpd,CC BY 4.0,https://creativecommons.org/licenses/by/4.0/,AI/PlateDetector/datasets/provenance/elpd/elpd_provenance.csv
elpd,filename_prefix_01067_.png,1,license-plate,license_plate,263.2,700.1,456.62,751.24,1024,1024,SYNTHETIC,TRAIN_ONLY,https://www.kaggle.com/datasets/tielemarvin/european-license-plate-dataset-elpd,CC BY 4.0,https://creativecommons.org/licenses/by/4.0/,AI/PlateDetector/datasets/provenance/elpd/elpd_provenance.csv
elpd,filename_prefix_01068_.png,1,license-plate,license_plate,420.22,478.67,515.14,519.97,1024,1024,SYNTHETIC,TRAIN_ONLY,https://www.kaggle.com/datasets/tielemarvin/european-license-plate-dataset-elpd,CC BY 4.0,https://creativecommons.org/licenses/by/4.0/,AI/PlateDetector/datasets/provenance/elpd/elpd_provenance.csv
elpd,filename_prefix_01068_.png,2,license-plate,license_plate,797.74,737.18,1024.0,861.16,1024,1024,SYNTHETIC,TRAIN_ONLY,https://www.kaggle.com/datasets/tielemarvin/european-license-plate-dataset-elpd,CC BY 4.0,https://creativecommons.org/licenses/by/4.0/,AI/PlateDetector/datasets/provenance/elpd/elpd_provenance.csv
elpd,filename_prefix_01069_.png,1,license-plate,license_plate,244.54,963.94,467.4,1017.65,1024,1024,SYNTHETIC,TRAIN_ONLY,https://www.kaggle.com/datasets/tielemarvin/european-license-plate-dataset-elpd,CC BY 4.0,https://creativecommons.org/licenses/by/4.0/,AI/PlateDetector/datasets/provenance/elpd/elpd_provenance.csv
elpd,filename_prefix_01070_.png,1,license-plate,license_plate,806.66,1141.43,1002.74,1190.67,1536,1536,SYNTHETIC,TRAIN_ONLY,https://www.kaggle.com/datasets/tielemarvin/european-license-plate-dataset-elpd,CC BY 4.0,https://creativecommons.org/licenses/by/4.0/,AI/PlateDetector/datasets/provenance/elpd/elpd_provenance.csv
elpd,filename_prefix_01071_.png,1,license-plate,license_plate,595.62,1220.6,983.06,1303.47,1536,1536,SYNTHETIC,TRAIN_ONLY,https://www.kaggle.com/datasets/tielemarvin/european-license-plate-dataset-elpd,CC BY 4.0,https://creativecommons.org/licenses/by/4.0/,AI/PlateDetector/datasets/provenance/elpd/elpd_provenance.csv
elpd,filename_prefix_01072_.png,1,license-plate,license_plate,403.0,518.03,567.34,558.2,1024,1024,SYNTHETIC,TRAIN_ONLY,https://www.kaggle.com/datasets/tielemarvin/european-license-plate-dataset-elpd,CC BY 4.0,https://creativecommons.org/licenses/by/4.0/,AI/PlateDetector/datasets/provenance/elpd/elpd_provenance.csv
elpd,filename_prefix_01073_.png,1,license-plate,license_plate,0.0,601.36,99.97,640.16,1024,1024,SYNTHETIC,TRAIN_ONLY,https://www.kaggle.com/datasets/tielemarvin/european-license-plate-dataset-elpd,CC BY 4.0,https://creativecommons.org/licenses/by/4.0/,AI/PlateDetector/datasets/provenance/elpd/elpd_provenance.csv
elpd,filename_prefix_01074_.png,1,license-plate,license_plate,796.18,746.88,972.27,794.03,1024,1024,SYNTHETIC,TRAIN_ONLY,https://www.kaggle.com/datasets/tielemarvin/european-license-plate-dataset-elpd,CC BY 4.0,https://creativecommons.org/licenses/by/4.0/,AI/PlateDetector/datasets/provenance/elpd/elpd_provenance.csv
elpd,filename_prefix_01074_.png,2,license-plate,license_plate,159.47,730.97,274.52,765.02,1024,1024,SYNTHETIC,TRAIN_ONLY,https://www.kaggle.com/datasets/tielemarvin/european-license-plate-dataset-elpd,CC BY 4.0,https://creativecommons.org/licenses/by/4.0/,AI/PlateDetector/datasets/provenance/elpd/elpd_provenance.csv
elpd,filename_prefix_01075_.png,1,license-plate,license_plate,436.92,597.72,551.44,626.6,1024,1024,SYNTHETIC,TRAIN_ONLY,https://www.kaggle.com/datasets/tielemarvin/european-license-plate-dataset-elpd,CC BY 4.0,https://creativecommons.org/licenses/by/4.0/,AI/PlateDetector/datasets/provenance/elpd/elpd_provenance.csv
elpd,filename_prefix_01075_.png,2,license-plate,license_plate,896.4,531.92,964.34,549.06,1024,1024,SYNTHETIC,TRAIN_ONLY,https://www.kaggle.com/datasets/tielemarvin/european-license-plate-dataset-elpd,CC BY 4.0,https://creativecommons.org/licenses/by/4.0/,AI/PlateDetector/datasets/provenance/elpd/elpd_provenance.csv
elpd,filename_prefix_01076_.png,1,license-plate,license_plate,646.96,956.11,755.93,984.47,1536,1536,SYNTHETIC,TRAIN_ONLY,https://www.kaggle.com/datasets/tielemarvin/european-license-plate-dataset-elpd,CC BY 4.0,https://creativecommons.org/licenses/by/4.0/,AI/PlateDetector/datasets/provenance/elpd/elpd_provenance.csv
elpd,filename_prefix_01077_.png,1,license-plate,license_plate,1307.56,745.68,1452.6,783.02,1536,1536,SYNTHETIC,TRAIN_ONLY,https://www.kaggle.com/datasets/tielemarvin/european-license-plate-dataset-elpd,CC BY 4.0,https://creativecommons.org/licenses/by/4.0/,AI/PlateDetector/datasets/provenance/elpd/elpd_provenance.csv
elpd,filename_prefix_01077_.png,2,license-plate,license_plate,549.34,1058.7,910.2,1160.76,1536,1536,SYNTHETIC,TRAIN_ONLY,https://www.kaggle.com/datasets/tielemarvin/european-license-plate-dataset-elpd,CC BY 4.0,https://creativecommons.org/licenses/by/4.0/,AI/PlateDetector/datasets/provenance/elpd/elpd_provenance.csv
elpd,filename_prefix_01078_.png,1,license-plate,license_plate,1230.29,965.33,1536.0,1089.92,1536,1536,SYNTHETIC,TRAIN_ONLY,https://www.kaggle.com/datasets/tielemarvin/european-license-plate-dataset-elpd,CC BY 4.0,https://creativecommons.org/licenses/by/4.0/,AI/PlateDetector/datasets/provenance/elpd/elpd_provenance.csv
elpd,filename_prefix_01078_.png,2,license-plate,license_plate,613.1,840.4,755.55,887.6,1536,1536,SYNTHETIC,TRAIN_ONLY,https://www.kaggle.com/datasets/tielemarvin/european-license-plate-dataset-elpd,CC BY 4.0,https://creativecommons.org/licenses/by/4.0/,AI/PlateDetector/datasets/provenance/elpd/elpd_provenance.csv
elpd,filename_prefix_01079_.png,1,license-plate,license_plate,1058.8,927.7,1119.43,944.47,1536,1536,SYNTHETIC,TRAIN_ONLY,https://www.kaggle.com/datasets/tielemarvin/european-license-plate-dataset-elpd,CC BY 4.0,https://creativecommons.org/licenses/by/4.0/,AI/PlateDetector/datasets/provenance/elpd/elpd_provenance.csv
elpd,filename_prefix_01080_.png,1,license-plate,license_plate,811.85,715.41,1023.86,779.01,1536,1536,SYNTHETIC,TRAIN_ONLY,https://www.kaggle.com/datasets/tielemarvin/european-license-plate-dataset-elpd,CC BY 4.0,https://creativecommons.org/licenses/by/4.0/,AI/PlateDetector/datasets/provenance/elpd/elpd_provenance.csv
elpd,filename_prefix_01081_.png,1,license-plate,license_plate,755.27,1035.83,951.23,1129.47,1536,1536,SYNTHETIC,TRAIN_ONLY,https://www.kaggle.com/datasets/tielemarvin/european-license-plate-dataset-elpd,CC BY 4.0,https://creativecommons.org/licenses/by/4.0/,AI/PlateDetector/datasets/provenance/elpd/elpd_provenance.csv
elpd,filename_prefix_01082_.png,1,license-plate,license_plate,223.23,650.0,418.41,713.87,1024,1024,SYNTHETIC,TRAIN_ONLY,https://www.kaggle.com/datasets/tielemarvin/european-license-plate-dataset-elpd,CC BY 4.0,https://creativecommons.org/licenses/by/4.0/,AI/PlateDetector/datasets/provenance/elpd/elpd_provenance.csv
elpd,filename_prefix_01083_.png,1,license-plate,license_plate,765.73,642.53,903.05,715.25,1024,1024,SYNTHETIC,TRAIN_ONLY,https://www.kaggle.com/datasets/tielemarvin/european-license-plate-dataset-elpd,CC BY 4.0,https://creativecommons.org/licenses/by/4.0/,AI/PlateDetector/datasets/provenance/elpd/elpd_provenance.csv
elpd,filename_prefix_01084_.png,1,license-plate,license_plate,106.42,771.63,259.05,817.28,1024,1024,SYNTHETIC,TRAIN_ONLY,https://www.kaggle.com/datasets/tielemarvin/european-license-plate-dataset-elpd,CC BY 4.0,https://creativecommons.org/licenses/by/4.0/,AI/PlateDetector/datasets/provenance/elpd/elpd_provenance.csv
elpd,filename_prefix_01085_.png,1,license-plate,license_plate,203.43,797.42,381.41,844.93,1024,1024,SYNTHETIC,TRAIN_ONLY,https://www.kaggle.com/datasets/tielemarvin/european-license-plate-dataset-elpd,CC BY 4.0,https://creativecommons.org/licenses/by/4.0/,AI/PlateDetector/datasets/provenance/elpd/elpd_provenance.csv
elpd,filename_prefix_01086_.png,1,license-plate,license_plate,173.55,974.97,423.68,1037.91,1536,1536,SYNTHETIC,TRAIN_ONLY,https://www.kaggle.com/datasets/tielemarvin/european-license-plate-dataset-elpd,CC BY 4.0,https://creativecommons.org/licenses/by/4.0/,AI/PlateDetector/datasets/provenance/elpd/elpd_provenance.csv
elpd,filename_prefix_01086_.png,2,license-plate,license_plate,1015.48,911.6,1155.4,946.59,1536,1536,SYNTHETIC,TRAIN_ONLY,https://www.kaggle.com/datasets/tielemarvin/european-license-plate-dataset-elpd,CC BY 4.0,https://creativecommons.org/licenses/by/4.0/,AI/PlateDetector/datasets/provenance/elpd/elpd_provenance.csv
elpd,filename_prefix_01087_.png,1,license-plate,license_plate,958.29,908.41,1143.26,962.8,1536,1536,SYNTHETIC,TRAIN_ONLY,https://www.kaggle.com/datasets/tielemarvin/european-license-plate-dataset-elpd,CC BY 4.0,https://creativecommons.org/licenses/by/4.0/,AI/PlateDetector/datasets/provenance/elpd/elpd_provenance.csv
elpd,filename_prefix_01088_.png,1,license-plate,license_plate,575.38,656.58,667.72,684.95,1024,1024,SYNTHETIC,TRAIN_ONLY,https://www.kaggle.com/datasets/tielemarvin/european-license-plate-dataset-elpd,CC BY 4.0,https://creativecommons.org/licenses/by/4.0/,AI/PlateDetector/datasets/provenance/elpd/elpd_provenance.csv
elpd,filename_prefix_01088_.png,2,license-plate,license_plate,0.0,735.56,172.7,794.4,1024,1024,SYNTHETIC,TRAIN_ONLY,https://www.kaggle.com/datasets/tielemarvin/european-license-plate-dataset-elpd,CC BY 4.0,https://creativecommons.org/licenses/by/4.0/,AI/PlateDetector/datasets/provenance/elpd/elpd_provenance.csv
elpd,filename_prefix_01090_.png,1,license-plate,license_plate,347.23,726.4,489.91,767.46,1024,1024,SYNTHETIC,TRAIN_ONLY,https://www.kaggle.com/datasets/tielemarvin/european-license-plate-dataset-elpd,CC BY 4.0,https://creativecommons.org/licenses/by/4.0/,AI/PlateDetector/datasets/provenance/elpd/elpd_provenance.csv
elpd,filename_prefix_01091_.png,1,license-plate,license_plate,743.74,498.55,855.98,544.84,1024,1024,SYNTHETIC,TRAIN_ONLY,https://www.kaggle.com/datasets/tielemarvin/european-license-plate-dataset-elpd,CC BY 4.0,https://creativecommons.org/licenses/by/4.0/,AI/PlateDetector/datasets/provenance/elpd/elpd_provenance.csv
elpd,filename_prefix_01092_.png,1,license-plate,license_plate,520.1,665.75,930.33,843.93,1536,1536,SYNTHETIC,TRAIN_ONLY,https://www.kaggle.com/datasets/tielemarvin/european-license-plate-dataset-elpd,CC BY 4.0,https://creativecommons.org/licenses/by/4.0/,AI/PlateDetector/datasets/provenance/elpd/elpd_provenance.csv
elpd,filename_prefix_01093_.png,1,license-plate,license_plate,798.06,1111.76,1237.3,1239.4,1536,1536,SYNTHETIC,TRAIN_ONLY,https://www.kaggle.com/datasets/tielemarvin/european-license-plate-dataset-elpd,CC BY 4.0,https://creativecommons.org/licenses/by/4.0/,AI/PlateDetector/datasets/provenance/elpd/elpd_provenance.csv
elpd,filename_prefix_01094_.png,1,license-plate,license_plate,1059.3,836.3,1176.3,868.3,1536,1536,SYNTHETIC,TRAIN_ONLY,https://www.kaggle.com/datasets/tielemarvin/european-license-plate-dataset-elpd,CC BY 4.0,https://creativecommons.org/licenses/by/4.0/,AI/PlateDetector/datasets/provenance/elpd/elpd_provenance.csv
elpd,filename_prefix_01094_.png,2,license-plate,license_plate,515.94,991.19,744.25,1050.28,1536,1536,SYNTHETIC,TRAIN_ONLY,https://www.kaggle.com/datasets/tielemarvin/european-license-plate-dataset-elpd,CC BY 4.0,https://creativecommons.org/licenses/by/4.0/,AI/PlateDetector/datasets/provenance/elpd/elpd_provenance.csv
elpd,filename_prefix_01095_.png,1,license-plate,license_plate,702.99,1033.37,912.82,1088.87,1536,1536,SYNTHETIC,TRAIN_ONLY,https://www.kaggle.com/datasets/tielemarvin/european-license-plate-dataset-elpd,CC BY 4.0,https://creativecommons.org/licenses/by/4.0/,AI/PlateDetector/datasets/provenance/elpd/elpd_provenance.csv
elpd,filename_prefix_01096_.png,1,license-plate,license_plate,853.84,887.94,999.5,923.84,1536,1536,SYNTHETIC,TRAIN_ONLY,https://www.kaggle.com/datasets/tielemarvin/european-license-plate-dataset-elpd,CC BY 4.0,https://creativecommons.org/licenses/by/4.0/,AI/PlateDetector/datasets/provenance/elpd/elpd_provenance.csv
elpd,filename_prefix_01096_.png,2,license-plate,license_plate,1444.46,813.6,1535.89,839.25,1536,1536,SYNTHETIC,TRAIN_ONLY,https://www.kaggle.com/datasets/tielemarvin/european-license-plate-dataset-elpd,CC BY 4.0,https://creativecommons.org/licenses/by/4.0/,AI/PlateDetector/datasets/provenance/elpd/elpd_provenance.csv
elpd,filename_prefix_01097_.png,1,license-plate,license_plate,615.36,1054.51,812.77,1105.68,1536,1536,SYNTHETIC,TRAIN_ONLY,https://www.kaggle.com/datasets/tielemarvin/european-license-plate-dataset-elpd,CC BY 4.0,https://creativecommons.org/licenses/by/4.0/,AI/PlateDetector/datasets/provenance/elpd/elpd_provenance.csv
elpd,filename_prefix_01097_.png,2,license-plate,license_plate,623.25,939.59,817.2,993.1,1536,1536,SYNTHETIC,TRAIN_ONLY,https://www.kaggle.com/datasets/tielemarvin/european-license-plate-dataset-elpd,CC BY 4.0,https://creativecommons.org/licenses/by/4.0/,AI/PlateDetector/datasets/provenance/elpd/elpd_provenance.csv
elpd,filename_prefix_01098_.png,1,license-plate,license_plate,587.47,558.93,714.09,616.0,1024,1024,SYNTHETIC,TRAIN_ONLY,https://www.kaggle.com/datasets/tielemarvin/european-license-plate-dataset-elpd,CC BY 4.0,https://creativecommons.org/licenses/by/4.0/,AI/PlateDetector/datasets/provenance/elpd/elpd_provenance.csv
elpd,filename_prefix_01099_.png,1,license-plate,license_plate,500.58,719.72,661.02,764.61,1024,1024,SYNTHETIC,TRAIN_ONLY,https://www.kaggle.com/datasets/tielemarvin/european-license-plate-dataset-elpd,CC BY 4.0,https://creativecommons.org/licenses/by/4.0/,AI/PlateDetector/datasets/provenance/elpd/elpd_provenance.csv
elpd,filename_prefix_01100_.png,1,license-plate,license_plate,281.08,686.47,479.28,742.48,1024,1024,SYNTHETIC,TRAIN_ONLY,https://www.kaggle.com/datasets/tielemarvin/european-license-plate-dataset-elpd,CC BY 4.0,https://creativecommons.org/licenses/by/4.0/,AI/PlateDetector/datasets/provenance/elpd/elpd_provenance.csv
elpd,filename_prefix_01101_.png,1,license-plate,license_plate,699.94,685.16,860.85,732.12,1024,1024,SYNTHETIC,TRAIN_ONLY,https://www.kaggle.com/datasets/tielemarvin/european-license-plate-dataset-elpd,CC BY 4.0,https://creativecommons.org/licenses/by/4.0/,AI/PlateDetector/datasets/provenance/elpd/elpd_provenance.csv
elpd,filename_prefix_01102_.png,1,license-plate,license_plate,482.55,935.14,766.37,1013.12,1536,1536,SYNTHETIC,TRAIN_ONLY,https://www.kaggle.com/datasets/tielemarvin/european-license-plate-dataset-elpd,CC BY 4.0,https://creativecommons.org/licenses/by/4.0/,AI/PlateDetector/datasets/provenance/elpd/elpd_provenance.csv
elpd,filename_prefix_01103_.png,1,license-plate,license_plate,1025.26,949.92,1098.48,992.85,1536,1536,SYNTHETIC,TRAIN_ONLY,https://www.kaggle.com/datasets/tielemarvin/european-license-plate-dataset-elpd,CC BY 4.0,https://creativecommons.org/licenses/by/4.0/,AI/PlateDetector/datasets/provenance/elpd/elpd_provenance.csv
elpd,filename_prefix_01104_.png,1,license-plate,license_plate,200.41,533.71,330.94,570.38,1024,1024,SYNTHETIC,TRAIN_ONLY,https://www.kaggle.com/datasets/tielemarvin/european-license-plate-dataset-elpd,CC BY 4.0,https://creativecommons.org/licenses/by/4.0/,AI/PlateDetector/datasets/provenance/elpd/elpd_provenance.csv
elpd,filename_prefix_01105_.png,1,license-plate,license_plate,132.19,588.22,338.35,645.83,1024,1024,SYNTHETIC,TRAIN_ONLY,https://www.kaggle.com/datasets/tielemarvin/european-license-plate-dataset-elpd,CC BY 4.0,https://creativecommons.org/licenses/by/4.0/,AI/PlateDetector/datasets/provenance/elpd/elpd_provenance.csv
elpd,filename_prefix_01106_.png,1,license-plate,license_plate,373.14,786.89,585.8,842.8,1024,1024,SYNTHETIC,TRAIN_ONLY,https://www.kaggle.com/datasets/tielemarvin/european-license-plate-dataset-elpd,CC BY 4.0,https://creativecommons.org/licenses/by/4.0/,AI/PlateDetector/datasets/provenance/elpd/elpd_provenance.csv
elpd,filename_prefix_01107_.png,1,license-plate,license_plate,141.31,746.52,334.54,789.97,1024,1024,SYNTHETIC,TRAIN_ONLY,https://www.kaggle.com/datasets/tielemarvin/european-license-plate-dataset-elpd,CC BY 4.0,https://creativecommons.org/licenses/by/4.0/,AI/PlateDetector/datasets/provenance/elpd/elpd_provenance.csv
elpd,filename_prefix_01108_.png,1,license-plate,license_plate,1079.63,936.39,1225.11,985.14,1536,1536,SYNTHETIC,TRAIN_ONLY,https://www.kaggle.com/datasets/tielemarvin/european-license-plate-dataset-elpd,CC BY 4.0,https://creativecommons.org/licenses/by/4.0/,AI/PlateDetector/datasets/provenance/elpd/elpd_provenance.csv
elpd,filename_prefix_01109_.png,1,license-plate,license_plate,997.14,1112.67,1238.57,1178.45,1536,1536,SYNTHETIC,TRAIN_ONLY,https://www.kaggle.com/datasets/tielemarvin/european-license-plate-dataset-elpd,CC BY 4.0,https://creativecommons.org/licenses/by/4.0/,AI/PlateDetector/datasets/provenance/elpd/elpd_provenance.csv
elpd,filename_prefix_01110_.png,1,license-plate,license_plate,193.71,791.62,496.33,885.72,1536,1536,SYNTHETIC,TRAIN_ONLY,https://www.kaggle.com/datasets/tielemarvin/european-license-plate-dataset-elpd,CC BY 4.0,https://creativecommons.org/licenses/by/4.0/,AI/PlateDetector/datasets/provenance/elpd/elpd_provenance.csv
elpd,filename_prefix_01110_.png,2,license-plate,license_plate,1248.54,815.45,1375.9,858.5,1536,1536,SYNTHETIC,TRAIN_ONLY,https://www.kaggle.com/datasets/tielemarvin/european-license-plate-dataset-elpd,CC BY 4.0,https://creativecommons.org/licenses/by/4.0/,AI/PlateDetector/datasets/provenance/elpd/elpd_provenance.csv
elpd,filename_prefix_01111_.png,1,license-plate,license_plate,1096.96,922.31,1346.91,982.67,1536,1536,SYNTHETIC,TRAIN_ONLY,https://www.kaggle.com/datasets/tielemarvin/european-license-plate-dataset-elpd,CC BY 4.0,https://creativecommons.org/licenses/by/4.0/,AI/PlateDetector/datasets/provenance/elpd/elpd_provenance.csv
elpd,filename_prefix_01112_.png,1,license-plate,license_plate,180.73,839.34,481.56000000000006,917.23,1536,1536,SYNTHETIC,TRAIN_ONLY,https://www.kaggle.com/datasets/tielemarvin/european-license-plate-dataset-elpd,CC BY 4.0,https://creativecommons.org/licenses/by/4.0/,AI/PlateDetector/datasets/provenance/elpd/elpd_provenance.csv
elpd,filename_prefix_01112_.png,2,license-plate,license_plate,1246.38,636.96,1361.99,667.6,1536,1536,SYNTHETIC,TRAIN_ONLY,https://www.kaggle.com/datasets/tielemarvin/european-license-plate-dataset-elpd,CC BY 4.0,https://creativecommons.org/licenses/by/4.0/,AI/PlateDetector/datasets/provenance/elpd/elpd_provenance.csv
elpd,filename_prefix_01113_.png,1,license-plate,license_plate,0.0,848.41,365.37,945.62,1536,1536,SYNTHETIC,TRAIN_ONLY,https://www.kaggle.com/datasets/tielemarvin/european-license-plate-dataset-elpd,CC BY 4.0,https://creativecommons.org/licenses/by/4.0/,AI/PlateDetector/datasets/provenance/elpd/elpd_provenance.csv
elpd,filename_prefix_01114_.png,1,license-plate,license_plate,436.6,534.33,612.02,586.82,1024,1024,SYNTHETIC,TRAIN_ONLY,https://www.kaggle.com/datasets/tielemarvin/european-license-plate-dataset-elpd,CC BY 4.0,https://creativecommons.org/licenses/by/4.0/,AI/PlateDetector/datasets/provenance/elpd/elpd_provenance.csv
elpd,filename_prefix_01115_.png,1,license-plate,license_plate,929.69,491.1,1004.3,510.38,1024,1024,SYNTHETIC,TRAIN_ONLY,https://www.kaggle.com/datasets/tielemarvin/european-license-plate-dataset-elpd,CC BY 4.0,https://creativecommons.org/licenses/by/4.0/,AI/PlateDetector/datasets/provenance/elpd/elpd_provenance.csv
elpd,filename_prefix_01115_.png,2,license-plate,license_plate,433.39,525.85,538.44,555.4,1024,1024,SYNTHETIC,TRAIN_ONLY,https://www.kaggle.com/datasets/tielemarvin/european-license-plate-dataset-elpd,CC BY 4.0,https://creativecommons.org/licenses/by/4.0/,AI/PlateDetector/datasets/provenance/elpd/elpd_provenance.csv
elpd,filename_prefix_01116_.png,1,license-plate,license_plate,179.28,461.69,310.36,492.9,1024,1024,SYNTHETIC,TRAIN_ONLY,https://www.kaggle.com/datasets/tielemarvin/european-license-plate-dataset-elpd,CC BY 4.0,https://creativecommons.org/licenses/by/4.0/,AI/PlateDetector/datasets/provenance/elpd/elpd_provenance.csv
elpd,filename_prefix_01117_.png,1,license-plate,license_plate,199.66,590.34,354.43,628.0,1024,1024,SYNTHETIC,TRAIN_ONLY,https://www.kaggle.com/datasets/tielemarvin/european-license-plate-dataset-elpd,CC BY 4.0,https://creativecommons.org/licenses/by/4.0/,AI/PlateDetector/datasets/provenance/elpd/elpd_provenance.csv
elpd,filename_prefix_01118_.png,1,license-plate,license_plate,916.4,967.58,1196.5,1059.7,1536,1536,SYNTHETIC,TRAIN_ONLY,https://www.kaggle.com/datasets/tielemarvin/european-license-plate-dataset-elpd,CC BY 4.0,https://creativecommons.org/licenses/by/4.0/,AI/PlateDetector/datasets/provenance/elpd/elpd_provenance.csv
elpd,filename_prefix_01119_.png,1,license-plate,license_plate,522.94,1288.1,793.0,1370.97,1536,1536,SYNTHETIC,TRAIN_ONLY,https://www.kaggle.com/datasets/tielemarvin/european-license-plate-dataset-elpd,CC BY 4.0,https://creativecommons.org/licenses/by/4.0/,AI/PlateDetector/datasets/provenance/elpd/elpd_provenance.csv
elpd,filename_prefix_01120_.png,1,license-plate,license_plate,574.21,705.69,662.45,728.46,1024,1024,SYNTHETIC,TRAIN_ONLY,https://www.kaggle.com/datasets/tielemarvin/european-license-plate-dataset-elpd,CC BY 4.0,https://creativecommons.org/licenses/by/4.0/,AI/PlateDetector/datasets/provenance/elpd/elpd_provenance.csv
elpd,filename_prefix_01121_.png,1,license-plate,license_plate,311.52,600.26,431.01,667.14,1024,1024,SYNTHETIC,TRAIN_ONLY,https://www.kaggle.com/datasets/tielemarvin/european-license-plate-dataset-elpd,CC BY 4.0,https://creativecommons.org/licenses/by/4.0/,AI/PlateDetector/datasets/provenance/elpd/elpd_provenance.csv
elpd,filename_prefix_01122_.png,1,license-plate,license_plate,921.69,614.13,1024.0,648.02,1024,1024,SYNTHETIC,TRAIN_ONLY,https://www.kaggle.com/datasets/tielemarvin/european-license-plate-dataset-elpd,CC BY 4.0,https://creativecommons.org/licenses/by/4.0/,AI/PlateDetector/datasets/provenance/elpd/elpd_provenance.csv
elpd,filename_prefix_01122_.png,2,license-plate,license_plate,247.94,661.08,469.54,715.52,1024,1024,SYNTHETIC,TRAIN_ONLY,https://www.kaggle.com/datasets/tielemarvin/european-license-plate-dataset-elpd,CC BY 4.0,https://creativecommons.org/licenses/by/4.0/,AI/PlateDetector/datasets/provenance/elpd/elpd_provenance.csv
elpd,filename_prefix_01123_.png,1,license-plate,license_plate,794.74,639.82,868.28,657.58,1024,1024,SYNTHETIC,TRAIN_ONLY,https://www.kaggle.com/datasets/tielemarvin/european-license-plate-dataset-elpd,CC BY 4.0,https://creativecommons.org/licenses/by/4.0/,AI/PlateDetector/datasets/provenance/elpd/elpd_provenance.csv
elpd,filename_prefix_01123_.png,2,license-plate,license_plate,115.37,717.2,292.3,762.59,1024,1024,SYNTHETIC,TRAIN_ONLY,https://www.kaggle.com/datasets/tielemarvin/european-license-plate-dataset-elpd,CC BY 4.0,https://creativecommons.org/licenses/by/4.0/,AI/PlateDetector/datasets/provenance/elpd/elpd_provenance.csv
elpd,filename_prefix_01124_.png,1,license-plate,license_plate,875.05,895.18,1026.3,931.2,1536,1536,SYNTHETIC,TRAIN_ONLY,https://www.kaggle.com/datasets/tielemarvin/european-license-plate-dataset-elpd,CC BY 4.0,https://creativecommons.org/licenses/by/4.0/,AI/PlateDetector/datasets/provenance/elpd/elpd_provenance.csv
elpd,filename_prefix_01125_.png,1,license-plate,license_plate,1304.71,741.15,1445.33,779.24,1536,1536,SYNTHETIC,TRAIN_ONLY,https://www.kaggle.com/datasets/tielemarvin/european-license-plate-dataset-elpd,CC BY 4.0,https://creativecommons.org/licenses/by/4.0/,AI/PlateDetector/datasets/provenance/elpd/elpd_provenance.csv
elpd,filename_prefix_01125_.png,2,license-plate,license_plate,608.45,829.6,798.03,884.62,1536,1536,SYNTHETIC,TRAIN_ONLY,https://www.kaggle.com/datasets/tielemarvin/european-license-plate-dataset-elpd,CC BY 4.0,https://creativecommons.org/licenses/by/4.0/,AI/PlateDetector/datasets/provenance/elpd/elpd_provenance.csv
elpd,filename_prefix_01126_.png,1,license-plate,license_plate,817.27,782.22,989.15,827.77,1536,1536,SYNTHETIC,TRAIN_ONLY,https://www.kaggle.com/datasets/tielemarvin/european-license-plate-dataset-elpd,CC BY 4.0,https://creativecommons.org/licenses/by/4.0/,AI/PlateDetector/datasets/provenance/elpd/elpd_provenance.csv
elpd,filename_prefix_01127_.png,1,license-plate,license_plate,1366.12,685.25,1485.87,718.88,1536,1536,SYNTHETIC,TRAIN_ONLY,https://www.kaggle.com/datasets/tielemarvin/european-license-plate-dataset-elpd,CC BY 4.0,https://creativecommons.org/licenses/by/4.0/,AI/PlateDetector/datasets/provenance/elpd/elpd_provenance.csv
elpd,filename_prefix_01127_.png,2,license-plate,license_plate,809.93,674.88,904.72,699.92,1536,1536,SYNTHETIC,TRAIN_ONLY,https://www.kaggle.com/datasets/tielemarvin/european-license-plate-dataset-elpd,CC BY 4.0,https://creativecommons.org/licenses/by/4.0/,AI/PlateDetector/datasets/provenance/elpd/elpd_provenance.csv
elpd,filename_prefix_01128_.png,1,license-plate,license_plate,186.87,921.3,419.79,1004.88,1536,1536,SYNTHETIC,TRAIN_ONLY,https://www.kaggle.com/datasets/tielemarvin/european-license-plate-dataset-elpd,CC BY 4.0,https://creativecommons.org/licenses/by/4.0/,AI/PlateDetector/datasets/provenance/elpd/elpd_provenance.csv
elpd,filename_prefix_01129_.png,1,license-plate,license_plate,420.55,914.36,581.82,975.11,1536,1536,SYNTHETIC,TRAIN_ONLY,https://www.kaggle.com/datasets/tielemarvin/european-license-plate-dataset-elpd,CC BY 4.0,https://creativecommons.org/licenses/by/4.0/,AI/PlateDetector/datasets/provenance/elpd/elpd_provenance.csv
elpd,filename_prefix_01130_.png,1,license-plate,license_plate,762.84,400.23,857.38,425.88,1024,1024,SYNTHETIC,TRAIN_ONLY,https://www.kaggle.com/datasets/tielemarvin/european-license-plate-dataset-elpd,CC BY 4.0,https://creativecommons.org/licenses/by/4.0/,AI/PlateDetector/datasets/provenance/elpd/elpd_provenance.csv
elpd,filename_prefix_01130_.png,2,license-plate,license_plate,279.25,648.8,524.3,714.3,1024,1024,SYNTHETIC,TRAIN_ONLY,https://www.kaggle.com/datasets/tielemarvin/european-license-plate-dataset-elpd,CC BY 4.0,https://creativecommons.org/licenses/by/4.0/,AI/PlateDetector/datasets/provenance/elpd/elpd_provenance.csv
elpd,filename_prefix_01131_.png,1,license-plate,license_plate,729.33,558.68,957.34,617.83,1024,1024,SYNTHETIC,TRAIN_ONLY,https://www.kaggle.com/datasets/tielemarvin/european-license-plate-dataset-elpd,CC BY 4.0,https://creativecommons.org/licenses/by/4.0/,AI/PlateDetector/datasets/provenance/elpd/elpd_provenance.csv
elpd,filename_prefix_01132_.png,1,license-plate,license_plate,866.5,378.35,936.1,398.8,1024,1024,SYNTHETIC,TRAIN_ONLY,https://www.kaggle.com/datasets/tielemarvin/european-license-plate-dataset-elpd,CC BY 4.0,https://creativecommons.org/licenses/by/4.0/,AI/PlateDetector/datasets/provenance/elpd/elpd_provenance.csv
elpd,filename_prefix_01132_.png,2,license-plate,license_plate,490.1,740.73,724.08,848.77,1024,1024,SYNTHETIC,TRAIN_ONLY,https://www.kaggle.com/datasets/tielemarvin/european-license-plate-dataset-elpd,CC BY 4.0,https://creativecommons.org/licenses/by/4.0/,AI/PlateDetector/datasets/provenance/elpd/elpd_provenance.csv
elpd,filename_prefix_01133_.png,1,license-plate,license_plate,786.68,532.67,907.54,567.27,1024,1024,SYNTHETIC,TRAIN_ONLY,https://www.kaggle.com/datasets/tielemarvin/european-license-plate-dataset-elpd,CC BY 4.0,https://creativecommons.org/licenses/by/4.0/,AI/PlateDetector/datasets/provenance/elpd/elpd_provenance.csv
elpd,filename_prefix_01134_.png,1,license-plate,license_plate,331.18,1169.0,605.12,1240.97,1536,1536,SYNTHETIC,TRAIN_ONLY,https://www.kaggle.com/datasets/tielemarvin/european-license-plate-dataset-elpd,CC BY 4.0,https://creativecommons.org/licenses/by/4.0/,AI/PlateDetector/datasets/provenance/elpd/elpd_provenance.csv
elpd,filename_prefix_01135_.png,1,license-plate,license_plate,0.09,824.39,320.97,960.95,1536,1536,SYNTHETIC,TRAIN_ONLY,https://www.kaggle.com/datasets/tielemarvin/european-license-plate-dataset-elpd,CC BY 4.0,https://creativecommons.org/licenses/by/4.0/,AI/PlateDetector/datasets/provenance/elpd/elpd_provenance.csv
elpd,filename_prefix_01135_.png,2,license-plate,license_plate,1274.9,529.67,1536.0,620.7,1536,1536,SYNTHETIC,TRAIN_ONLY,https://www.kaggle.com/datasets/tielemarvin/european-license-plate-dataset-elpd,CC BY 4.0,https://creativecommons.org/licenses/by/4.0/,AI/PlateDetector/datasets/provenance/elpd/elpd_provenance.csv
elpd,filename_prefix_01136_.png,1,license-plate,license_plate,54.56,545.29,126.96,562.77,1024,1024,SYNTHETIC,TRAIN_ONLY,https://www.kaggle.com/datasets/tielemarvin/european-license-plate-dataset-elpd,CC BY 4.0,https://creativecommons.org/licenses/by/4.0/,AI/PlateDetector/datasets/provenance/elpd/elpd_provenance.csv
elpd,filename_prefix_01136_.png,2,license-plate,license_plate,440.06,640.44,621.98,692.2,1024,1024,SYNTHETIC,TRAIN_ONLY,https://www.kaggle.com/datasets/tielemarvin/european-license-plate-dataset-elpd,CC BY 4.0,https://creativecommons.org/licenses/by/4.0/,AI/PlateDetector/datasets/provenance/elpd/elpd_provenance.csv
elpd,filename_prefix_01136_.png,3,license-plate,license_plate,43.3,587.11,120.5,605.9,1024,1024,SYNTHETIC,TRAIN_ONLY,https://www.kaggle.com/datasets/tielemarvin/european-license-plate-dataset-elpd,CC BY 4.0,https://creativecommons.org/licenses/by/4.0/,AI/PlateDetector/datasets/provenance/elpd/elpd_provenance.csv
elpd,filename_prefix_01137_.png,1,license-plate,license_plate,352.04,713.16,537.07,785.98,1024,1024,SYNTHETIC,TRAIN_ONLY,https://www.kaggle.com/datasets/tielemarvin/european-license-plate-dataset-elpd,CC BY 4.0,https://creativecommons.org/licenses/by/4.0/,AI/PlateDetector/datasets/provenance/elpd/elpd_provenance.csv
elpd,filename_prefix_01138_.png,1,license-plate,license_plate,882.4,492.4,996.05,522.03,1024,1024,SYNTHETIC,TRAIN_ONLY,https://www.kaggle.com/datasets/tielemarvin/european-license-plate-dataset-elpd,CC BY 4.0,https://creativecommons.org/licenses/by/4.0/,AI/PlateDetector/datasets/provenance/elpd/elpd_provenance.csv
elpd,filename_prefix_01138_.png,2,license-plate,license_plate,151.44,560.2,542.99,660.93,1024,1024,SYNTHETIC,TRAIN_ONLY,https://www.kaggle.com/datasets/tielemarvin/european-license-plate-dataset-elpd,CC BY 4.0,https://creativecommons.org/licenses/by/4.0/,AI/PlateDetector/datasets/provenance/elpd/elpd_provenance.csv
elpd,filename_prefix_01139_.png,1,license-plate,license_plate,420.26,603.45,588.58,660.75,1024,1024,SYNTHETIC,TRAIN_ONLY,https://www.kaggle.com/datasets/tielemarvin/european-license-plate-dataset-elpd,CC BY 4.0,https://creativecommons.org/licenses/by/4.0/,AI/PlateDetector/datasets/provenance/elpd/elpd_provenance.csv
elpd,filename_prefix_01140_.png,1,license-plate,license_plate,1407.9,650.22,1482.5,668.5,1536,1536,SYNTHETIC,TRAIN_ONLY,https://www.kaggle.com/datasets/tielemarvin/european-license-plate-dataset-elpd,CC BY 4.0,https://creativecommons.org/licenses/by/4.0/,AI/PlateDetector/datasets/provenance/elpd/elpd_provenance.csv
elpd,filename_prefix_01140_.png,2,license-plate,license_plate,367.6,795.5,649.23,876.03,1536,1536,SYNTHETIC,TRAIN_ONLY,https://www.kaggle.com/datasets/tielemarvin/european-license-plate-dataset-elpd,CC BY 4.0,https://creativecommons.org/licenses/by/4.0/,AI/PlateDetector/datasets/provenance/elpd/elpd_provenance.csv
elpd,filename_prefix_01141_.png,1,license-plate,license_plate,828.44,944.36,1018.81,995.51,1536,1536,SYNTHETIC,TRAIN_ONLY,https://www.kaggle.com/datasets/tielemarvin/european-license-plate-dataset-elpd,CC BY 4.0,https://creativecommons.org/licenses/by/4.0/,AI/PlateDetector/datasets/provenance/elpd/elpd_provenance.csv
elpd,filename_prefix_01141_.png,2,license-plate,license_plate,87.68,933.01,205.1,962.8,1536,1536,SYNTHETIC,TRAIN_ONLY,https://www.kaggle.com/datasets/tielemarvin/european-license-plate-dataset-elpd,CC BY 4.0,https://creativecommons.org/licenses/by/4.0/,AI/PlateDetector/datasets/provenance/elpd/elpd_provenance.csv
elpd,filename_prefix_01142_.png,1,license-plate,license_plate,161.25,1055.79,417.39,1154.92,1536,1536,SYNTHETIC,TRAIN_ONLY,https://www.kaggle.com/datasets/tielemarvin/european-license-plate-dataset-elpd,CC BY 4.0,https://creativecommons.org/licenses/by/4.0/,AI/PlateDetector/datasets/provenance/elpd/elpd_provenance.csv
elpd,filename_prefix_01143_.png,1,license-plate,license_plate,486.04,912.94,716.14,972.12,1536,1536,SYNTHETIC,TRAIN_ONLY,https://www.kaggle.com/datasets/tielemarvin/european-license-plate-dataset-elpd,CC BY 4.0,https://creativecommons.org/licenses/by/4.0/,AI/PlateDetector/datasets/provenance/elpd/elpd_provenance.csv
elpd,filename_prefix_01143_.png,2,license-plate,license_plate,1056.6,737.16,1207.47,775.68,1536,1536,SYNTHETIC,TRAIN_ONLY,https://www.kaggle.com/datasets/tielemarvin/european-license-plate-dataset-elpd,CC BY 4.0,https://creativecommons.org/licenses/by/4.0/,AI/PlateDetector/datasets/provenance/elpd/elpd_provenance.csv
elpd,filename_prefix_01144_.png,1,license-plate,license_plate,149.54,1036.44,302.02,1097.36,1536,1536,SYNTHETIC,TRAIN_ONLY,https://www.kaggle.com/datasets/tielemarvin/european-license-plate-dataset-elpd,CC BY 4.0,https://creativecommons.org/licenses/by/4.0/,AI/PlateDetector/datasets/provenance/elpd/elpd_provenance.csv
elpd,filename_prefix_01145_.png,1,license-plate,license_plate,1348.12,1187.86,1536.0,1313.73,1536,1536,SYNTHETIC,TRAIN_ONLY,https://www.kaggle.com/datasets/tielemarvin/european-license-plate-dataset-elpd,CC BY 4.0,https://creativecommons.org/licenses/by/4.0/,AI/PlateDetector/datasets/provenance/elpd/elpd_provenance.csv
elpd,filename_prefix_01145_.png,2,license-plate,license_plate,1263.67,659.27,1357.31,693.38,1536,1536,SYNTHETIC,TRAIN_ONLY,https://www.kaggle.com/datasets/tielemarvin/european-license-plate-dataset-elpd,CC BY 4.0,https://creativecommons.org/licenses/by/4.0/,AI/PlateDetector/datasets/provenance/elpd/elpd_provenance.csv
elpd,filename_prefix_01146_.png,1,license-plate,license_plate,293.76,776.32,645.35,858.62,1024,1024,SYNTHETIC,TRAIN_ONLY,https://www.kaggle.com/datasets/tielemarvin/european-license-plate-dataset-elpd,CC BY 4.0,https://creativecommons.org/licenses/by/4.0/,AI/PlateDetector/datasets/provenance/elpd/elpd_provenance.csv
elpd,filename_prefix_01147_.png,1,license-plate,license_plate,158.46,552.17,373.34,632.81,1024,1024,SYNTHETIC,TRAIN_ONLY,https://www.kaggle.com/datasets/tielemarvin/european-license-plate-dataset-elpd,CC BY 4.0,https://creativecommons.org/licenses/by/4.0/,AI/PlateDetector/datasets/provenance/elpd/elpd_provenance.csv
elpd,filename_prefix_01148_.png,1,license-plate,license_plate,493.1,578.8,665.06,623.0,1024,1024,SYNTHETIC,TRAIN_ONLY,https://www.kaggle.com/datasets/tielemarvin/european-license-plate-dataset-elpd,CC BY 4.0,https://creativecommons.org/licenses/by/4.0/,AI/PlateDetector/datasets/provenance/elpd/elpd_provenance.csv
elpd,filename_prefix_01149_.png,1,license-plate,license_plate,0.0,672.04,150.84,721.19,1024,1024,SYNTHETIC,TRAIN_ONLY,https://www.kaggle.com/datasets/tielemarvin/european-license-plate-dataset-elpd,CC BY 4.0,https://creativecommons.org/licenses/by/4.0/,AI/PlateDetector/datasets/provenance/elpd/elpd_provenance.csv
elpd,filename_prefix_01150_.png,1,license-plate,license_plate,1032.55,440.2,1343.24,544.95,1536,1536,SYNTHETIC,TRAIN_ONLY,https://www.kaggle.com/datasets/tielemarvin/european-license-plate-dataset-elpd,CC BY 4.0,https://creativecommons.org/licenses/by/4.0/,AI/PlateDetector/datasets/provenance/elpd/elpd_provenance.csv
elpd,filename_prefix_01150_.png,2,license-plate,license_plate,0.0,805.78,398.92,979.5,1536,1536,SYNTHETIC,TRAIN_ONLY,https://www.kaggle.com/datasets/tielemarvin/european-license-plate-dataset-elpd,CC BY 4.0,https://creativecommons.org/licenses/by/4.0/,AI/PlateDetector/datasets/provenance/elpd/elpd_provenance.csv
elpd,filename_prefix_01151_.png,1,license-plate,license_plate,443.03,1023.67,765.2,1105.51,1536,1536,SYNTHETIC,TRAIN_ONLY,https://www.kaggle.com/datasets/tielemarvin/european-license-plate-dataset-elpd,CC BY 4.0,https://creativecommons.org/licenses/by/4.0/,AI/PlateDetector/datasets/provenance/elpd/elpd_provenance.csv
elpd,filename_prefix_01151_.png,2,license-plate,license_plate,1172.74,563.78,1279.1,588.06,1536,1536,SYNTHETIC,TRAIN_ONLY,https://www.kaggle.com/datasets/tielemarvin/european-license-plate-dataset-elpd,CC BY 4.0,https://creativecommons.org/licenses/by/4.0/,AI/PlateDetector/datasets/provenance/elpd/elpd_provenance.csv
elpd,filename_prefix_01152_.png,1,license-plate,license_plate,818.45,548.1,899.4,567.1,1024,1024,SYNTHETIC,TRAIN_ONLY,https://www.kaggle.com/datasets/tielemarvin/european-license-plate-dataset-elpd,CC BY 4.0,https://creativecommons.org/licenses/by/4.0/,AI/PlateDetector/datasets/provenance/elpd/elpd_provenance.csv
elpd,filename_prefix_01152_.png,2,license-plate,license_plate,167.19,691.58,321.2,730.26,1024,1024,SYNTHETIC,TRAIN_ONLY,https://www.kaggle.com/datasets/tielemarvin/european-license-plate-dataset-elpd,CC BY 4.0,https://creativecommons.org/licenses/by/4.0/,AI/PlateDetector/datasets/provenance/elpd/elpd_provenance.csv
elpd,filename_prefix_01153_.png,1,license-plate,license_plate,153.75,562.48,279.6,623.4,1024,1024,SYNTHETIC,TRAIN_ONLY,https://www.kaggle.com/datasets/tielemarvin/european-license-plate-dataset-elpd,CC BY 4.0,https://creativecommons.org/licenses/by/4.0/,AI/PlateDetector/datasets/provenance/elpd/elpd_provenance.csv
elpd,filename_prefix_01154_.png,1,license-plate,license_plate,493.32,560.14,610.85,592.12,1024,1024,SYNTHETIC,TRAIN_ONLY,https://www.kaggle.com/datasets/tielemarvin/european-license-plate-dataset-elpd,CC BY 4.0,https://creativecommons.org/licenses/by/4.0/,AI/PlateDetector/datasets/provenance/elpd/elpd_provenance.csv
elpd,filename_prefix_01155_.png,1,license-plate,license_plate,412.09,579.29,633.09,635.3,1024,1024,SYNTHETIC,TRAIN_ONLY,https://www.kaggle.com/datasets/tielemarvin/european-license-plate-dataset-elpd,CC BY 4.0,https://creativecommons.org/licenses/by/4.0/,AI/PlateDetector/datasets/provenance/elpd/elpd_provenance.csv
elpd,filename_prefix_01156_.png,1,license-plate,license_plate,496.4,1000.46,924.35,1094.1,1536,1536,SYNTHETIC,TRAIN_ONLY,https://www.kaggle.com/datasets/tielemarvin/european-license-plate-dataset-elpd,CC BY 4.0,https://creativecommons.org/licenses/by/4.0/,AI/PlateDetector/datasets/provenance/elpd/elpd_provenance.csv
elpd,filename_prefix_01157_.png,1,license-plate,license_plate,447.58,919.76,789.44,1007.82,1536,1536,SYNTHETIC,TRAIN_ONLY,https://www.kaggle.com/datasets/tielemarvin/european-license-plate-dataset-elpd,CC BY 4.0,https://creativecommons.org/licenses/by/4.0/,AI/PlateDetector/datasets/provenance/elpd/elpd_provenance.csv
elpd,filename_prefix_01158_.png,1,license-plate,license_plate,146.09,875.88,337.22,926.26,1536,1536,SYNTHETIC,TRAIN_ONLY,https://www.kaggle.com/datasets/tielemarvin/european-license-plate-dataset-elpd,CC BY 4.0,https://creativecommons.org/licenses/by/4.0/,AI/PlateDetector/datasets/provenance/elpd/elpd_provenance.csv
elpd,filename_prefix_01158_.png,2,license-plate,license_plate,1350.8,874.66,1536.0,939.62,1536,1536,SYNTHETIC,TRAIN_ONLY,https://www.kaggle.com/datasets/tielemarvin/european-license-plate-dataset-elpd,CC BY 4.0,https://creativecommons.org/licenses/by/4.0/,AI/PlateDetector/datasets/provenance/elpd/elpd_provenance.csv
elpd,filename_prefix_01159_.png,1,license-plate,license_plate,1418.2,1053.9,1535.93,1080.71,1536,1536,SYNTHETIC,TRAIN_ONLY,https://www.kaggle.com/datasets/tielemarvin/european-license-plate-dataset-elpd,CC BY 4.0,https://creativecommons.org/licenses/by/4.0/,AI/PlateDetector/datasets/provenance/elpd/elpd_provenance.csv
elpd,filename_prefix_01159_.png,2,license-plate,license_plate,742.96,1081.18,899.46,1123.38,1536,1536,SYNTHETIC,TRAIN_ONLY,https://www.kaggle.com/datasets/tielemarvin/european-license-plate-dataset-elpd,CC BY 4.0,https://creativecommons.org/licenses/by/4.0/,AI/PlateDetector/datasets/provenance/elpd/elpd_provenance.csv
elpd,filename_prefix_01160_.png,1,license-plate,license_plate,1211.57,981.71,1341.46,1013.73,1536,1536,SYNTHETIC,TRAIN_ONLY,https://www.kaggle.com/datasets/tielemarvin/european-license-plate-dataset-elpd,CC BY 4.0,https://creativecommons.org/licenses/by/4.0/,AI/PlateDetector/datasets/provenance/elpd/elpd_provenance.csv
elpd,filename_prefix_01160_.png,2,license-plate,license_plate,299.68,924.06,516.95,977.01,1536,1536,SYNTHETIC,TRAIN_ONLY,https://www.kaggle.com/datasets/tielemarvin/european-license-plate-dataset-elpd,CC BY 4.0,https://creativecommons.org/licenses/by/4.0/,AI/PlateDetector/datasets/provenance/elpd/elpd_provenance.csv
elpd,filename_prefix_01161_.png,1,license-plate,license_plate,409.14,664.0,657.7,724.86,1024,1024,SYNTHETIC,TRAIN_ONLY,https://www.kaggle.com/datasets/tielemarvin/european-license-plate-dataset-elpd,CC BY 4.0,https://creativecommons.org/licenses/by/4.0/,AI/PlateDetector/datasets/provenance/elpd/elpd_provenance.csv
elpd,filename_prefix_01162_.png,1,license-plate,license_plate,404.98,730.45,572.64,777.91,1024,1024,SYNTHETIC,TRAIN_ONLY,https://www.kaggle.com/datasets/tielemarvin/european-license-plate-dataset-elpd,CC BY 4.0,https://creativecommons.org/licenses/by/4.0/,AI/PlateDetector/datasets/provenance/elpd/elpd_provenance.csv
elpd,filename_prefix_01163_.png,1,license-plate,license_plate,316.09,652.05,395.06,674.08,1024,1024,SYNTHETIC,TRAIN_ONLY,https://www.kaggle.com/datasets/tielemarvin/european-license-plate-dataset-elpd,CC BY 4.0,https://creativecommons.org/licenses/by/4.0/,AI/PlateDetector/datasets/provenance/elpd/elpd_provenance.csv
elpd,filename_prefix_01164_.png,1,license-plate,license_plate,182.66,687.13,330.04,725.44,1024,1024,SYNTHETIC,TRAIN_ONLY,https://www.kaggle.com/datasets/tielemarvin/european-license-plate-dataset-elpd,CC BY 4.0,https://creativecommons.org/licenses/by/4.0/,AI/PlateDetector/datasets/provenance/elpd/elpd_provenance.csv
elpd,filename_prefix_01165_.png,1,license-plate,license_plate,800.4,779.5,959.7,819.5,1536,1536,SYNTHETIC,TRAIN_ONLY,https://www.kaggle.com/datasets/tielemarvin/european-license-plate-dataset-elpd,CC BY 4.0,https://creativecommons.org/licenses/by/4.0/,AI/PlateDetector/datasets/provenance/elpd/elpd_provenance.csv
elpd,filename_prefix_01166_.png,1,license-plate,license_plate,593.42,1019.98,1002.06,1125.2,1536,1536,SYNTHETIC,TRAIN_ONLY,https://www.kaggle.com/datasets/tielemarvin/european-license-plate-dataset-elpd,CC BY 4.0,https://creativecommons.org/licenses/by/4.0/,AI/PlateDetector/datasets/provenance/elpd/elpd_provenance.csv
elpd,filename_prefix_01167_.png,1,license-plate,license_plate,222.7,605.66,375.19,644.05,1024,1024,SYNTHETIC,TRAIN_ONLY,https://www.kaggle.com/datasets/tielemarvin/european-license-plate-dataset-elpd,CC BY 4.0,https://creativecommons.org/licenses/by/4.0/,AI/PlateDetector/datasets/provenance/elpd/elpd_provenance.csv
elpd,filename_prefix_01168_.png,1,license-plate,license_plate,331.49,706.09,506.9,760.71,1024,1024,SYNTHETIC,TRAIN_ONLY,https://www.kaggle.com/datasets/tielemarvin/european-license-plate-dataset-elpd,CC BY 4.0,https://creativecommons.org/licenses/by/4.0/,AI/PlateDetector/datasets/provenance/elpd/elpd_provenance.csv
elpd,filename_prefix_01170_.png,1,license-plate,license_plate,463.07,744.59,601.84,781.78,1024,1024,SYNTHETIC,TRAIN_ONLY,https://www.kaggle.com/datasets/tielemarvin/european-license-plate-dataset-elpd,CC BY 4.0,https://creativecommons.org/licenses/by/4.0/,AI/PlateDetector/datasets/provenance/elpd/elpd_provenance.csv
elpd,filename_prefix_01171_.png,1,license-plate,license_plate,1248.9,411.4,1441.48,455.85,1536,1536,SYNTHETIC,TRAIN_ONLY,https://www.kaggle.com/datasets/tielemarvin/european-license-plate-dataset-elpd,CC BY 4.0,https://creativecommons.org/licenses/by/4.0/,AI/PlateDetector/datasets/provenance/elpd/elpd_provenance.csv
elpd,filename_prefix_01171_.png,2,license-plate,license_plate,318.61,1163.73,682.22,1261.1,1536,1536,SYNTHETIC,TRAIN_ONLY,https://www.kaggle.com/datasets/tielemarvin/european-license-plate-dataset-elpd,CC BY 4.0,https://creativecommons.org/licenses/by/4.0/,AI/PlateDetector/datasets/provenance/elpd/elpd_provenance.csv
elpd,filename_prefix_01172_.png,1,license-plate,license_plate,1007.69,1084.1,1233.0,1141.6,1536,1536,SYNTHETIC,TRAIN_ONLY,https://www.kaggle.com/datasets/tielemarvin/european-license-plate-dataset-elpd,CC BY 4.0,https://creativecommons.org/licenses/by/4.0/,AI/PlateDetector/datasets/provenance/elpd/elpd_provenance.csv
elpd,filename_prefix_01173_.png,1,license-plate,license_plate,50.52,1138.59,384.81,1227.58,1536,1536,SYNTHETIC,TRAIN_ONLY,https://www.kaggle.com/datasets/tielemarvin/european-license-plate-dataset-elpd,CC BY 4.0,https://creativecommons.org/licenses/by/4.0/,AI/PlateDetector/datasets/provenance/elpd/elpd_provenance.csv
elpd,filename_prefix_01174_.png,1,license-plate,license_plate,621.86,765.69,729.27,795.66,1536,1536,SYNTHETIC,TRAIN_ONLY,https://www.kaggle.com/datasets/tielemarvin/european-license-plate-dataset-elpd,CC BY 4.0,https://creativecommons.org/licenses/by/4.0/,AI/PlateDetector/datasets/provenance/elpd/elpd_provenance.csv
elpd,filename_prefix_01175_.png,1,license-plate,license_plate,401.82,844.82,543.44,883.61,1536,1536,SYNTHETIC,TRAIN_ONLY,https://www.kaggle.com/datasets/tielemarvin/european-license-plate-dataset-elpd,CC BY 4.0,https://creativecommons.org/licenses/by/4.0/,AI/PlateDetector/datasets/provenance/elpd/elpd_provenance.csv
elpd,filename_prefix_01176_.png,1,license-plate,license_plate,627.5,1020.98,848.32,1078.48,1536,1536,SYNTHETIC,TRAIN_ONLY,https://www.kaggle.com/datasets/tielemarvin/european-license-plate-dataset-elpd,CC BY 4.0,https://creativecommons.org/licenses/by/4.0/,AI/PlateDetector/datasets/provenance/elpd/elpd_provenance.csv
elpd,filename_prefix_01177_.png,1,license-plate,license_plate,402.83,735.54,594.43,792.9,1024,1024,SYNTHETIC,TRAIN_ONLY,https://www.kaggle.com/datasets/tielemarvin/european-license-plate-dataset-elpd,CC BY 4.0,https://creativecommons.org/licenses/by/4.0/,AI/PlateDetector/datasets/provenance/elpd/elpd_provenance.csv
elpd,filename_prefix_01178_.png,1,license-plate,license_plate,463.85,859.37,608.81,901.68,1024,1024,SYNTHETIC,TRAIN_ONLY,https://www.kaggle.com/datasets/tielemarvin/european-license-plate-dataset-elpd,CC BY 4.0,https://creativecommons.org/licenses/by/4.0/,AI/PlateDetector/datasets/provenance/elpd/elpd_provenance.csv
elpd,filename_prefix_01179_.png,1,license-plate,license_plate,261.8,727.5,453.3,810.9,1024,1024,SYNTHETIC,TRAIN_ONLY,https://www.kaggle.com/datasets/tielemarvin/european-license-plate-dataset-elpd,CC BY 4.0,https://creativecommons.org/licenses/by/4.0/,AI/PlateDetector/datasets/provenance/elpd/elpd_provenance.csv
elpd,filename_prefix_01180_.png,1,license-plate,license_plate,0.0,703.78,157.34,767.84,1024,1024,SYNTHETIC,TRAIN_ONLY,https://www.kaggle.com/datasets/tielemarvin/european-license-plate-dataset-elpd,CC BY 4.0,https://creativecommons.org/licenses/by/4.0/,AI/PlateDetector/datasets/provenance/elpd/elpd_provenance.csv
elpd,filename_prefix_01181_.png,1,license-plate,license_plate,72.9,751.53,213.59,787.02,1536,1536,SYNTHETIC,TRAIN_ONLY,https://www.kaggle.com/datasets/tielemarvin/european-license-plate-dataset-elpd,CC BY 4.0,https://creativecommons.org/licenses/by/4.0/,AI/PlateDetector/datasets/provenance/elpd/elpd_provenance.csv
elpd,filename_prefix_01182_.png,1,license-plate,license_plate,186.62,765.19,364.3,903.5,1024,1024,SYNTHETIC,TRAIN_ONLY,https://www.kaggle.com/datasets/tielemarvin/european-license-plate-dataset-elpd,CC BY 4.0,https://creativecommons.org/licenses/by/4.0/,AI/PlateDetector/datasets/provenance/elpd/elpd_provenance.csv
elpd,filename_prefix_01183_.png,1,license-plate,license_plate,662.12,1170.5,817.99,1209.47,1536,1536,SYNTHETIC,TRAIN_ONLY,https://www.kaggle.com/datasets/tielemarvin/european-license-plate-dataset-elpd,CC BY 4.0,https://creativecommons.org/licenses/by/4.0/,AI/PlateDetector/datasets/provenance/elpd/elpd_provenance.csv
elpd,filename_prefix_01183_.png,2,license-plate,license_plate,1308.91,1257.99,1536.0,1327.64,1536,1536,SYNTHETIC,TRAIN_ONLY,https://www.kaggle.com/datasets/tielemarvin/european-license-plate-dataset-elpd,CC BY 4.0,https://creativecommons.org/licenses/by/4.0/,AI/PlateDetector/datasets/provenance/elpd/elpd_provenance.csv
elpd,filename_prefix_01184_.png,1,license-plate,license_plate,719.63,526.1,803.2,546.34,1024,1024,SYNTHETIC,TRAIN_ONLY,https://www.kaggle.com/datasets/tielemarvin/european-license-plate-dataset-elpd,CC BY 4.0,https://creativecommons.org/licenses/by/4.0/,AI/PlateDetector/datasets/provenance/elpd/elpd_provenance.csv
elpd,filename_prefix_01184_.png,2,license-plate,license_plate,159.16,604.53,319.09,645.4,1024,1024,SYNTHETIC,TRAIN_ONLY,https://www.kaggle.com/datasets/tielemarvin/european-license-plate-dataset-elpd,CC BY 4.0,https://creativecommons.org/licenses/by/4.0/,AI/PlateDetector/datasets/provenance/elpd/elpd_provenance.csv
elpd,filename_prefix_01185_.png,1,license-plate,license_plate,2.02,649.59,308.06,730.37,1024,1024,SYNTHETIC,TRAIN_ONLY,https://www.kaggle.com/datasets/tielemarvin/european-license-plate-dataset-elpd,CC BY 4.0,https://creativecommons.org/licenses/by/4.0/,AI/PlateDetector/datasets/provenance/elpd/elpd_provenance.csv
elpd,filename_prefix_01186_.png,1,license-plate,license_plate,226.27,684.99,409.12,736.65,1024,1024,SYNTHETIC,TRAIN_ONLY,https://www.kaggle.com/datasets/tielemarvin/european-license-plate-dataset-elpd,CC BY 4.0,https://creativecommons.org/licenses/by/4.0/,AI/PlateDetector/datasets/provenance/elpd/elpd_provenance.csv
elpd,filename_prefix_01187_.png,1,license-plate,license_plate,751.51,1063.2,1057.7,1148.23,1536,1536,SYNTHETIC,TRAIN_ONLY,https://www.kaggle.com/datasets/tielemarvin/european-license-plate-dataset-elpd,CC BY 4.0,https://creativecommons.org/licenses/by/4.0/,AI/PlateDetector/datasets/provenance/elpd/elpd_provenance.csv
elpd,filename_prefix_01188_.png,1,license-plate,license_plate,561.41,983.95,794.94,1045.86,1536,1536,SYNTHETIC,TRAIN_ONLY,https://www.kaggle.com/datasets/tielemarvin/european-license-plate-dataset-elpd,CC BY 4.0,https://creativecommons.org/licenses/by/4.0/,AI/PlateDetector/datasets/provenance/elpd/elpd_provenance.csv
elpd,filename_prefix_01189_.png,1,license-plate,license_plate,384.3,1033.45,711.13,1130.2,1536,1536,SYNTHETIC,TRAIN_ONLY,https://www.kaggle.com/datasets/tielemarvin/european-license-plate-dataset-elpd,CC BY 4.0,https://creativecommons.org/licenses/by/4.0/,AI/PlateDetector/datasets/provenance/elpd/elpd_provenance.csv
elpd,filename_prefix_01190_.png,1,license-plate,license_plate,784.63,1022.52,1052.34,1091.56,1536,1536,SYNTHETIC,TRAIN_ONLY,https://www.kaggle.com/datasets/tielemarvin/european-license-plate-dataset-elpd,CC BY 4.0,https://creativecommons.org/licenses/by/4.0/,AI/PlateDetector/datasets/provenance/elpd/elpd_provenance.csv
elpd,filename_prefix_01191_.png,1,license-plate,license_plate,625.05,1128.47,1037.38,1259.24,1536,1536,SYNTHETIC,TRAIN_ONLY,https://www.kaggle.com/datasets/tielemarvin/european-license-plate-dataset-elpd,CC BY 4.0,https://creativecommons.org/licenses/by/4.0/,AI/PlateDetector/datasets/provenance/elpd/elpd_provenance.csv
elpd,filename_prefix_01191_.png,2,license-plate,license_plate,1277.5,593.9,1485.57,651.8,1536,1536,SYNTHETIC,TRAIN_ONLY,https://www.kaggle.com/datasets/tielemarvin/european-license-plate-dataset-elpd,CC BY 4.0,https://creativecommons.org/licenses/by/4.0/,AI/PlateDetector/datasets/provenance/elpd/elpd_provenance.csv
elpd,filename_prefix_01193_.png,1,license-plate,license_plate,1.05,633.32,166.0,685.9,1024,1024,SYNTHETIC,TRAIN_ONLY,https://www.kaggle.com/datasets/tielemarvin/european-license-plate-dataset-elpd,CC BY 4.0,https://creativecommons.org/licenses/by/4.0/,AI/PlateDetector/datasets/provenance/elpd/elpd_provenance.csv
elpd,filename_prefix_01194_.png,1,license-plate,license_plate,390.61,834.22,619.45,897.86,1024,1024,SYNTHETIC,TRAIN_ONLY,https://www.kaggle.com/datasets/tielemarvin/european-license-plate-dataset-elpd,CC BY 4.0,https://creativecommons.org/licenses/by/4.0/,AI/PlateDetector/datasets/provenance/elpd/elpd_provenance.csv
elpd,filename_prefix_01195_.png,1,license-plate,license_plate,379.28,663.6,552.63,706.02,1024,1024,SYNTHETIC,TRAIN_ONLY,https://www.kaggle.com/datasets/tielemarvin/european-license-plate-dataset-elpd,CC BY 4.0,https://creativecommons.org/licenses/by/4.0/,AI/PlateDetector/datasets/provenance/elpd/elpd_provenance.csv
elpd,filename_prefix_01196_.png,1,license-plate,license_plate,620.73,627.14,865.7,760.86,1024,1024,SYNTHETIC,TRAIN_ONLY,https://www.kaggle.com/datasets/tielemarvin/european-license-plate-dataset-elpd,CC BY 4.0,https://creativecommons.org/licenses/by/4.0/,AI/PlateDetector/datasets/provenance/elpd/elpd_provenance.csv
elpd,filename_prefix_01197_.png,1,license-plate,license_plate,89.49,914.64,319.59,971.13,1536,1536,SYNTHETIC,TRAIN_ONLY,https://www.kaggle.com/datasets/tielemarvin/european-license-plate-dataset-elpd,CC BY 4.0,https://creativecommons.org/licenses/by/4.0/,AI/PlateDetector/datasets/provenance/elpd/elpd_provenance.csv
elpd,filename_prefix_01198_.png,1,license-plate,license_plate,293.66,669.73,441.2,707.4,1024,1024,SYNTHETIC,TRAIN_ONLY,https://www.kaggle.com/datasets/tielemarvin/european-license-plate-dataset-elpd,CC BY 4.0,https://creativecommons.org/licenses/by/4.0/,AI/PlateDetector/datasets/provenance/elpd/elpd_provenance.csv
elpd,filename_prefix_01199_.png,1,license-plate,license_plate,585.46,1004.67,850.31,1067.53,1536,1536,SYNTHETIC,TRAIN_ONLY,https://www.kaggle.com/datasets/tielemarvin/european-license-plate-dataset-elpd,CC BY 4.0,https://creativecommons.org/licenses/by/4.0/,AI/PlateDetector/datasets/provenance/elpd/elpd_provenance.csv
elpd,filename_prefix_01200_.png,1,license-plate,license_plate,950.0,538.29,1023.92,562.48,1024,1024,SYNTHETIC,TRAIN_ONLY,https://www.kaggle.com/datasets/tielemarvin/european-license-plate-dataset-elpd,CC BY 4.0,https://creativecommons.org/licenses/by/4.0/,AI/PlateDetector/datasets/provenance/elpd/elpd_provenance.csv
elpd,filename_prefix_01200_.png,2,license-plate,license_plate,220.78,724.04,474.24,790.41,1024,1024,SYNTHETIC,TRAIN_ONLY,https://www.kaggle.com/datasets/tielemarvin/european-license-plate-dataset-elpd,CC BY 4.0,https://creativecommons.org/licenses/by/4.0/,AI/PlateDetector/datasets/provenance/elpd/elpd_provenance.csv
elpd,filename_prefix_01201_.png,1,license-plate,license_plate,239.49,650.85,367.94,696.82,1024,1024,SYNTHETIC,TRAIN_ONLY,https://www.kaggle.com/datasets/tielemarvin/european-license-plate-dataset-elpd,CC BY 4.0,https://creativecommons.org/licenses/by/4.0/,AI/PlateDetector/datasets/provenance/elpd/elpd_provenance.csv
elpd,filename_prefix_01202_.png,1,license-plate,license_plate,387.81,664.16,479.7,712.4,1024,1024,SYNTHETIC,TRAIN_ONLY,https://www.kaggle.com/datasets/tielemarvin/european-license-plate-dataset-elpd,CC BY 4.0,https://creativecommons.org/licenses/by/4.0/,AI/PlateDetector/datasets/provenance/elpd/elpd_provenance.csv
elpd,filename_prefix_01203_.png,1,license-plate,license_plate,801.42,1028.48,990.02,1074.69,1536,1536,SYNTHETIC,TRAIN_ONLY,https://www.kaggle.com/datasets/tielemarvin/european-license-plate-dataset-elpd,CC BY 4.0,https://creativecommons.org/licenses/by/4.0/,AI/PlateDetector/datasets/provenance/elpd/elpd_provenance.csv
elpd,filename_prefix_01204_.png,1,license-plate,license_plate,1122.38,1084.32,1182.57,1155.21,1536,1536,SYNTHETIC,TRAIN_ONLY,https://www.kaggle.com/datasets/tielemarvin/european-license-plate-dataset-elpd,CC BY 4.0,https://creativecommons.org/licenses/by/4.0/,AI/PlateDetector/datasets/provenance/elpd/elpd_provenance.csv
elpd,filename_prefix_01205_.png,1,license-plate,license_plate,731.45,1014.91,932.01,1067.74,1536,1536,SYNTHETIC,TRAIN_ONLY,https://www.kaggle.com/datasets/tielemarvin/european-license-plate-dataset-elpd,CC BY 4.0,https://creativecommons.org/licenses/by/4.0/,AI/PlateDetector/datasets/provenance/elpd/elpd_provenance.csv
elpd,filename_prefix_01206_.png,1,license-plate,license_plate,390.6,910.5,723.55,1008.81,1536,1536,SYNTHETIC,TRAIN_ONLY,https://www.kaggle.com/datasets/tielemarvin/european-license-plate-dataset-elpd,CC BY 4.0,https://creativecommons.org/licenses/by/4.0/,AI/PlateDetector/datasets/provenance/elpd/elpd_provenance.csv
elpd,filename_prefix_01207_.png,1,license-plate,license_plate,1261.06,980.05,1356.4,1002.63,1536,1536,SYNTHETIC,TRAIN_ONLY,https://www.kaggle.com/datasets/tielemarvin/european-license-plate-dataset-elpd,CC BY 4.0,https://creativecommons.org/licenses/by/4.0/,AI/PlateDetector/datasets/provenance/elpd/elpd_provenance.csv
elpd,filename_prefix_01207_.png,2,license-plate,license_plate,442.27,1061.11,687.05,1123.31,1536,1536,SYNTHETIC,TRAIN_ONLY,https://www.kaggle.com/datasets/tielemarvin/european-license-plate-dataset-elpd,CC BY 4.0,https://creativecommons.org/licenses/by/4.0/,AI/PlateDetector/datasets/provenance/elpd/elpd_provenance.csv
elpd,filename_prefix_01208_.png,1,license-plate,license_plate,0.03,633.71,96.58,677.15,1024,1024,SYNTHETIC,TRAIN_ONLY,https://www.kaggle.com/datasets/tielemarvin/european-license-plate-dataset-elpd,CC BY 4.0,https://creativecommons.org/licenses/by/4.0/,AI/PlateDetector/datasets/provenance/elpd/elpd_provenance.csv
elpd,filename_prefix_01209_.png,1,license-plate,license_plate,852.28,1133.38,1187.54,1240.37,1536,1536,SYNTHETIC,TRAIN_ONLY,https://www.kaggle.com/datasets/tielemarvin/european-license-plate-dataset-elpd,CC BY 4.0,https://creativecommons.org/licenses/by/4.0/,AI/PlateDetector/datasets/provenance/elpd/elpd_provenance.csv
elpd,filename_prefix_01210_.png,1,license-plate,license_plate,207.63,621.98,334.7,661.7,1024,1024,SYNTHETIC,TRAIN_ONLY,https://www.kaggle.com/datasets/tielemarvin/european-license-plate-dataset-elpd,CC BY 4.0,https://creativecommons.org/licenses/by/4.0/,AI/PlateDetector/datasets/provenance/elpd/elpd_provenance.csv
elpd,filename_prefix_01211_.png,1,license-plate,license_plate,698.0,481.37,769.73,500.16,1024,1024,SYNTHETIC,TRAIN_ONLY,https://www.kaggle.com/datasets/tielemarvin/european-license-plate-dataset-elpd,CC BY 4.0,https://creativecommons.org/licenses/by/4.0/,AI/PlateDetector/datasets/provenance/elpd/elpd_provenance.csv
elpd,filename_prefix_01211_.png,2,license-plate,license_plate,91.91,620.79,312.22,674.7,1024,1024,SYNTHETIC,TRAIN_ONLY,https://www.kaggle.com/datasets/tielemarvin/european-license-plate-dataset-elpd,CC BY 4.0,https://creativecommons.org/licenses/by/4.0/,AI/PlateDetector/datasets/provenance/elpd/elpd_provenance.csv
elpd,filename_prefix_01212_.png,1,license-plate,license_plate,336.55,646.39,455.45,678.06,1024,1024,SYNTHETIC,TRAIN_ONLY,https://www.kaggle.com/datasets/tielemarvin/european-license-plate-dataset-elpd,CC BY 4.0,https://creativecommons.org/licenses/by/4.0/,AI/PlateDetector/datasets/provenance/elpd/elpd_provenance.csv
elpd,filename_prefix_01213_.png,1,license-plate,license_plate,607.83,1110.02,876.61,1185.8,1536,1536,SYNTHETIC,TRAIN_ONLY,https://www.kaggle.com/datasets/tielemarvin/european-license-plate-dataset-elpd,CC BY 4.0,https://creativecommons.org/licenses/by/4.0/,AI/PlateDetector/datasets/provenance/elpd/elpd_provenance.csv
elpd,filename_prefix_01214_.png,1,license-plate,license_plate,563.61,627.96,624.9,647.4,1024,1024,SYNTHETIC,TRAIN_ONLY,https://www.kaggle.com/datasets/tielemarvin/european-license-plate-dataset-elpd,CC BY 4.0,https://creativecommons.org/licenses/by/4.0/,AI/PlateDetector/datasets/provenance/elpd/elpd_provenance.csv
elpd,filename_prefix_01214_.png,2,license-plate,license_plate,0.0,699.89,78.67,733.24,1024,1024,SYNTHETIC,TRAIN_ONLY,https://www.kaggle.com/datasets/tielemarvin/european-license-plate-dataset-elpd,CC BY 4.0,https://creativecommons.org/licenses/by/4.0/,AI/PlateDetector/datasets/provenance/elpd/elpd_provenance.csv
elpd,filename_prefix_01215_.png,1,license-plate,license_plate,242.77,834.19,329.04,874.99,1536,1536,SYNTHETIC,TRAIN_ONLY,https://www.kaggle.com/datasets/tielemarvin/european-license-plate-dataset-elpd,CC BY 4.0,https://creativecommons.org/licenses/by/4.0/,AI/PlateDetector/datasets/provenance/elpd/elpd_provenance.csv
elpd,filename_prefix_01216_.png,1,license-plate,license_plate,722.05,706.5,882.6,769.74,1024,1024,SYNTHETIC,TRAIN_ONLY,https://www.kaggle.com/datasets/tielemarvin/european-license-plate-dataset-elpd,CC BY 4.0,https://creativecommons.org/licenses/by/4.0/,AI/PlateDetector/datasets/provenance/elpd/elpd_provenance.csv
elpd,filename_prefix_01216_.png,2,license-plate,license_plate,27.51,446.63,103.35,468.38,1024,1024,SYNTHETIC,TRAIN_ONLY,https://www.kaggle.com/datasets/tielemarvin/european-license-plate-dataset-elpd,CC BY 4.0,https://creativecommons.org/licenses/by/4.0/,AI/PlateDetector/datasets/provenance/elpd/elpd_provenance.csv
elpd,filename_prefix_01217_.png,1,license-plate,license_plate,224.03,618.17,348.12,649.77,1024,1024,SYNTHETIC,TRAIN_ONLY,https://www.kaggle.com/datasets/tielemarvin/european-license-plate-dataset-elpd,CC BY 4.0,https://creativecommons.org/licenses/by/4.0/,AI/PlateDetector/datasets/provenance/elpd/elpd_provenance.csv
elpd,filename_prefix_01218_.png,1,license-plate,license_plate,769.09,506.97,857.31,531.22,1024,1024,SYNTHETIC,TRAIN_ONLY,https://www.kaggle.com/datasets/tielemarvin/european-license-plate-dataset-elpd,CC BY 4.0,https://creativecommons.org/licenses/by/4.0/,AI/PlateDetector/datasets/provenance/elpd/elpd_provenance.csv
elpd,filename_prefix_01218_.png,2,license-plate,license_plate,0.56,713.16,119.08,780.73,1024,1024,SYNTHETIC,TRAIN_ONLY,https://www.kaggle.com/datasets/tielemarvin/european-license-plate-dataset-elpd,CC BY 4.0,https://creativecommons.org/licenses/by/4.0/,AI/PlateDetector/datasets/provenance/elpd/elpd_provenance.csv
elpd,filename_prefix_01219_.png,1,license-plate,license_plate,1213.61,787.77,1293.05,812.8,1536,1536,SYNTHETIC,TRAIN_ONLY,https://www.kaggle.com/datasets/tielemarvin/european-license-plate-dataset-elpd,CC BY 4.0,https://creativecommons.org/licenses/by/4.0/,AI/PlateDetector/datasets/provenance/elpd/elpd_provenance.csv
elpd,filename_prefix_01220_.png,1,license-plate,license_plate,684.99,942.11,875.31,993.61,1536,1536,SYNTHETIC,TRAIN_ONLY,https://www.kaggle.com/datasets/tielemarvin/european-license-plate-dataset-elpd,CC BY 4.0,https://creativecommons.org/licenses/by/4.0/,AI/PlateDetector/datasets/provenance/elpd/elpd_provenance.csv
elpd,filename_prefix_01221_.png,1,license-plate,license_plate,262.7,993.2,528.66,1125.85,1536,1536,SYNTHETIC,TRAIN_ONLY,https://www.kaggle.com/datasets/tielemarvin/european-license-plate-dataset-elpd,CC BY 4.0,https://creativecommons.org/licenses/by/4.0/,AI/PlateDetector/datasets/provenance/elpd/elpd_provenance.csv
elpd,filename_prefix_01221_.png,2,license-plate,license_plate,433.5,512.51,521.6,534.9,1536,1536,SYNTHETIC,TRAIN_ONLY,https://www.kaggle.com/datasets/tielemarvin/european-license-plate-dataset-elpd,CC BY 4.0,https://creativecommons.org/licenses/by/4.0/,AI/PlateDetector/datasets/provenance/elpd/elpd_provenance.csv
elpd,filename_prefix_01222_.png,1,license-plate,license_plate,1053.29,984.67,1275.3,1047.5,1536,1536,SYNTHETIC,TRAIN_ONLY,https://www.kaggle.com/datasets/tielemarvin/european-license-plate-dataset-elpd,CC BY 4.0,https://creativecommons.org/licenses/by/4.0/,AI/PlateDetector/datasets/provenance/elpd/elpd_provenance.csv
elpd,filename_prefix_01223_.png,1,license-plate,license_plate,22.78,1197.87,218.8,1272.61,1536,1536,SYNTHETIC,TRAIN_ONLY,https://www.kaggle.com/datasets/tielemarvin/european-license-plate-dataset-elpd,CC BY 4.0,https://creativecommons.org/licenses/by/4.0/,AI/PlateDetector/datasets/provenance/elpd/elpd_provenance.csv
elpd,filename_prefix_01223_.png,2,license-plate,license_plate,1226.45,1234.22,1515.74,1328.39,1536,1536,SYNTHETIC,TRAIN_ONLY,https://www.kaggle.com/datasets/tielemarvin/european-license-plate-dataset-elpd,CC BY 4.0,https://creativecommons.org/licenses/by/4.0/,AI/PlateDetector/datasets/provenance/elpd/elpd_provenance.csv
elpd,filename_prefix_01224_.png,1,license-plate,license_plate,599.31,535.27,720.47,585.05,1024,1024,SYNTHETIC,TRAIN_ONLY,https://www.kaggle.com/datasets/tielemarvin/european-license-plate-dataset-elpd,CC BY 4.0,https://creativecommons.org/licenses/by/4.0/,AI/PlateDetector/datasets/provenance/elpd/elpd_provenance.csv
elpd,filename_prefix_01225_.png,1,license-plate,license_plate,676.4,1087.8,986.4,1162.3,1536,1536,SYNTHETIC,TRAIN_ONLY,https://www.kaggle.com/datasets/tielemarvin/european-license-plate-dataset-elpd,CC BY 4.0,https://creativecommons.org/licenses/by/4.0/,AI/PlateDetector/datasets/provenance/elpd/elpd_provenance.csv
elpd,filename_prefix_01225_.png,2,license-plate,license_plate,1210.37,750.6,1287.8,766.59,1536,1536,SYNTHETIC,TRAIN_ONLY,https://www.kaggle.com/datasets/tielemarvin/european-license-plate-dataset-elpd,CC BY 4.0,https://creativecommons.org/licenses/by/4.0/,AI/PlateDetector/datasets/provenance/elpd/elpd_provenance.csv
elpd,filename_prefix_01226_.png,1,license-plate,license_plate,549.62,745.19,723.8,788.77,1024,1024,SYNTHETIC,TRAIN_ONLY,https://www.kaggle.com/datasets/tielemarvin/european-license-plate-dataset-elpd,CC BY 4.0,https://creativecommons.org/licenses/by/4.0/,AI/PlateDetector/datasets/provenance/elpd/elpd_provenance.csv
elpd,filename_prefix_01227_.png,1,license-plate,license_plate,234.4,740.72,386.61,790.47,1024,1024,SYNTHETIC,TRAIN_ONLY,https://www.kaggle.com/datasets/tielemarvin/european-license-plate-dataset-elpd,CC BY 4.0,https://creativecommons.org/licenses/by/4.0/,AI/PlateDetector/datasets/provenance/elpd/elpd_provenance.csv
elpd,filename_prefix_01227_.png,2,license-plate,license_plate,919.47,656.37,1024.0,685.78,1024,1024,SYNTHETIC,TRAIN_ONLY,https://www.kaggle.com/datasets/tielemarvin/european-license-plate-dataset-elpd,CC BY 4.0,https://creativecommons.org/licenses/by/4.0/,AI/PlateDetector/datasets/provenance/elpd/elpd_provenance.csv
elpd,filename_prefix_01228_.png,1,license-plate,license_plate,76.83,729.11,231.08,779.2,1024,1024,SYNTHETIC,TRAIN_ONLY,https://www.kaggle.com/datasets/tielemarvin/european-license-plate-dataset-elpd,CC BY 4.0,https://creativecommons.org/licenses/by/4.0/,AI/PlateDetector/datasets/provenance/elpd/elpd_provenance.csv
elpd,filename_prefix_01229_.png,1,license-plate,license_plate,981.28,1028.61,1213.6,1094.2,1536,1536,SYNTHETIC,TRAIN_ONLY,https://www.kaggle.com/datasets/tielemarvin/european-license-plate-dataset-elpd,CC BY 4.0,https://creativecommons.org/licenses/by/4.0/,AI/PlateDetector/datasets/provenance/elpd/elpd_provenance.csv
elpd,filename_prefix_01229_.png,2,license-plate,license_plate,449.1,861.66,532.44,884.52,1536,1536,SYNTHETIC,TRAIN_ONLY,https://www.kaggle.com/datasets/tielemarvin/european-license-plate-dataset-elpd,CC BY 4.0,https://creativecommons.org/licenses/by/4.0/,AI/PlateDetector/datasets/provenance/elpd/elpd_provenance.csv
elpd,filename_prefix_01230_.png,1,license-plate,license_plate,393.08,690.98,670.36,758.1,1024,1024,SYNTHETIC,TRAIN_ONLY,https://www.kaggle.com/datasets/tielemarvin/european-license-plate-dataset-elpd,CC BY 4.0,https://creativecommons.org/licenses/by/4.0/,AI/PlateDetector/datasets/provenance/elpd/elpd_provenance.csv
elpd,filename_prefix_01231_.png,1,license-plate,license_plate,199.45,756.61,439.33,832.34,1536,1536,SYNTHETIC,TRAIN_ONLY,https://www.kaggle.com/datasets/tielemarvin/european-license-plate-dataset-elpd,CC BY 4.0,https://creativecommons.org/licenses/by/4.0/,AI/PlateDetector/datasets/provenance/elpd/elpd_provenance.csv
elpd,filename_prefix_01231_.png,2,license-plate,license_plate,1209.12,844.25,1536.0,951.17,1536,1536,SYNTHETIC,TRAIN_ONLY,https://www.kaggle.com/datasets/tielemarvin/european-license-plate-dataset-elpd,CC BY 4.0,https://creativecommons.org/licenses/by/4.0/,AI/PlateDetector/datasets/provenance/elpd/elpd_provenance.csv
elpd,filename_prefix_01232_.png,1,license-plate,license_plate,378.13,577.57,558.26,626.61,1024,1024,SYNTHETIC,TRAIN_ONLY,https://www.kaggle.com/datasets/tielemarvin/european-license-plate-dataset-elpd,CC BY 4.0,https://creativecommons.org/licenses/by/4.0/,AI/PlateDetector/datasets/provenance/elpd/elpd_provenance.csv
elpd,filename_prefix_01233_.png,1,license-plate,license_plate,466.04,602.19,589.94,638.83,1024,1024,SYNTHETIC,TRAIN_ONLY,https://www.kaggle.com/datasets/tielemarvin/european-license-plate-dataset-elpd,CC BY 4.0,https://creativecommons.org/licenses/by/4.0/,AI/PlateDetector/datasets/provenance/elpd/elpd_provenance.csv
elpd,filename_prefix_01234_.png,1,license-plate,license_plate,282.2,595.7,384.81,628.0,1024,1024,SYNTHETIC,TRAIN_ONLY,https://www.kaggle.com/datasets/tielemarvin/european-license-plate-dataset-elpd,CC BY 4.0,https://creativecommons.org/licenses/by/4.0/,AI/PlateDetector/datasets/provenance/elpd/elpd_provenance.csv
elpd,filename_prefix_01235_.png,1,license-plate,license_plate,587.09,787.12,823.88,900.18,1536,1536,SYNTHETIC,TRAIN_ONLY,https://www.kaggle.com/datasets/tielemarvin/european-license-plate-dataset-elpd,CC BY 4.0,https://creativecommons.org/licenses/by/4.0/,AI/PlateDetector/datasets/provenance/elpd/elpd_provenance.csv
elpd,filename_prefix_01236_.png,1,license-plate,license_plate,1143.64,1116.96,1411.17,1179.16,1536,1536,SYNTHETIC,TRAIN_ONLY,https://www.kaggle.com/datasets/tielemarvin/european-license-plate-dataset-elpd,CC BY 4.0,https://creativecommons.org/licenses/by/4.0/,AI/PlateDetector/datasets/provenance/elpd/elpd_provenance.csv
elpd,filename_prefix_01237_.png,1,license-plate,license_plate,942.16,1024.3,1147.94,1110.49,1536,1536,SYNTHETIC,TRAIN_ONLY,https://www.kaggle.com/datasets/tielemarvin/european-license-plate-dataset-elpd,CC BY 4.0,https://creativecommons.org/licenses/by/4.0/,AI/PlateDetector/datasets/provenance/elpd/elpd_provenance.csv
elpd,filename_prefix_01238_.png,1,license-plate,license_plate,584.46,943.28,893.21,1024.61,1536,1536,SYNTHETIC,TRAIN_ONLY,https://www.kaggle.com/datasets/tielemarvin/european-license-plate-dataset-elpd,CC BY 4.0,https://creativecommons.org/licenses/by/4.0/,AI/PlateDetector/datasets/provenance/elpd/elpd_provenance.csv
elpd,filename_prefix_01238_.png,2,license-plate,license_plate,1453.69,700.5,1536.0,721.22,1536,1536,SYNTHETIC,TRAIN_ONLY,https://www.kaggle.com/datasets/tielemarvin/european-license-plate-dataset-elpd,CC BY 4.0,https://creativecommons.org/licenses/by/4.0/,AI/PlateDetector/datasets/provenance/elpd/elpd_provenance.csv
elpd,filename_prefix_01239_.png,1,license-plate,license_plate,431.96,794.57,688.03,894.94,1536,1536,SYNTHETIC,TRAIN_ONLY,https://www.kaggle.com/datasets/tielemarvin/european-license-plate-dataset-elpd,CC BY 4.0,https://creativecommons.org/licenses/by/4.0/,AI/PlateDetector/datasets/provenance/elpd/elpd_provenance.csv
elpd,filename_prefix_01240_.png,1,license-plate,license_plate,386.2,701.51,628.67,762.9,1024,1024,SYNTHETIC,TRAIN_ONLY,https://www.kaggle.com/datasets/tielemarvin/european-license-plate-dataset-elpd,CC BY 4.0,https://creativecommons.org/licenses/by/4.0/,AI/PlateDetector/datasets/provenance/elpd/elpd_provenance.csv
elpd,filename_prefix_01241_.png,1,license-plate,license_plate,759.35,882.75,1024.46,966.09,1536,1536,SYNTHETIC,TRAIN_ONLY,https://www.kaggle.com/datasets/tielemarvin/european-license-plate-dataset-elpd,CC BY 4.0,https://creativecommons.org/licenses/by/4.0/,AI/PlateDetector/datasets/provenance/elpd/elpd_provenance.csv
elpd,filename_prefix_01241_.png,2,license-plate,license_plate,1404.43,762.56,1508.5,791.55,1536,1536,SYNTHETIC,TRAIN_ONLY,https://www.kaggle.com/datasets/tielemarvin/european-license-plate-dataset-elpd,CC BY 4.0,https://creativecommons.org/licenses/by/4.0/,AI/PlateDetector/datasets/provenance/elpd/elpd_provenance.csv
elpd,filename_prefix_01241_.png,3,license-plate,license_plate,1400.4,836.64,1509.46,869.77,1536,1536,SYNTHETIC,TRAIN_ONLY,https://www.kaggle.com/datasets/tielemarvin/european-license-plate-dataset-elpd,CC BY 4.0,https://creativecommons.org/licenses/by/4.0/,AI/PlateDetector/datasets/provenance/elpd/elpd_provenance.csv
elpd,filename_prefix_01242_.png,1,license-plate,license_plate,580.73,668.44,799.66,763.45,1024,1024,SYNTHETIC,TRAIN_ONLY,https://www.kaggle.com/datasets/tielemarvin/european-license-plate-dataset-elpd,CC BY 4.0,https://creativecommons.org/licenses/by/4.0/,AI/PlateDetector/datasets/provenance/elpd/elpd_provenance.csv
elpd,filename_prefix_01243_.png,1,license-plate,license_plate,287.14,761.6,417.37,796.4,1024,1024,SYNTHETIC,TRAIN_ONLY,https://www.kaggle.com/datasets/tielemarvin/european-license-plate-dataset-elpd,CC BY 4.0,https://creativecommons.org/licenses/by/4.0/,AI/PlateDetector/datasets/provenance/elpd/elpd_provenance.csv
elpd,filename_prefix_01244_.png,1,license-plate,license_plate,493.01,657.21,675.28,707.31,1024,1024,SYNTHETIC,TRAIN_ONLY,https://www.kaggle.com/datasets/tielemarvin/european-license-plate-dataset-elpd,CC BY 4.0,https://creativecommons.org/licenses/by/4.0/,AI/PlateDetector/datasets/provenance/elpd/elpd_provenance.csv
elpd,filename_prefix_01245_.png,1,license-plate,license_plate,736.51,1005.14,881.39,1043.61,1536,1536,SYNTHETIC,TRAIN_ONLY,https://www.kaggle.com/datasets/tielemarvin/european-license-plate-dataset-elpd,CC BY 4.0,https://creativecommons.org/licenses/by/4.0/,AI/PlateDetector/datasets/provenance/elpd/elpd_provenance.csv
elpd,filename_prefix_01246_.png,1,license-plate,license_plate,901.21,457.41,968.82,474.43,1024,1024,SYNTHETIC,TRAIN_ONLY,https://www.kaggle.com/datasets/tielemarvin/european-license-plate-dataset-elpd,CC BY 4.0,https://creativecommons.org/licenses/by/4.0/,AI/PlateDetector/datasets/provenance/elpd/elpd_provenance.csv
elpd,filename_prefix_01246_.png,2,license-plate,license_plate,444.08,567.14,632.23,617.12,1024,1024,SYNTHETIC,TRAIN_ONLY,https://www.kaggle.com/datasets/tielemarvin/european-license-plate-dataset-elpd,CC BY 4.0,https://creativecommons.org/licenses/by/4.0/,AI/PlateDetector/datasets/provenance/elpd/elpd_provenance.csv
elpd,filename_prefix_01247_.png,1,license-plate,license_plate,1437.37,794.15,1536.0,833.87,1536,1536,SYNTHETIC,TRAIN_ONLY,https://www.kaggle.com/datasets/tielemarvin/european-license-plate-dataset-elpd,CC BY 4.0,https://creativecommons.org/licenses/by/4.0/,AI/PlateDetector/datasets/provenance/elpd/elpd_provenance.csv
elpd,filename_prefix_01247_.png,2,license-plate,license_plate,596.3,982.23,901.74,1068.32,1536,1536,SYNTHETIC,TRAIN_ONLY,https://www.kaggle.com/datasets/tielemarvin/european-license-plate-dataset-elpd,CC BY 4.0,https://creativecommons.org/licenses/by/4.0/,AI/PlateDetector/datasets/provenance/elpd/elpd_provenance.csv
elpd,filename_prefix_01248_.png,1,license-plate,license_plate,456.13,611.66,562.49,639.02,1024,1024,SYNTHETIC,TRAIN_ONLY,https://www.kaggle.com/datasets/tielemarvin/european-license-plate-dataset-elpd,CC BY 4.0,https://creativecommons.org/licenses/by/4.0/,AI/PlateDetector/datasets/provenance/elpd/elpd_provenance.csv
elpd,filename_prefix_01249_.png,1,license-plate,license_plate,365.33,699.18,567.68,754.43,1024,1024,SYNTHETIC,TRAIN_ONLY,https://www.kaggle.com/datasets/tielemarvin/european-license-plate-dataset-elpd,CC BY 4.0,https://creativecommons.org/licenses/by/4.0/,AI/PlateDetector/datasets/provenance/elpd/elpd_provenance.csv
elpd,filename_prefix_01250_.png,1,license-plate,license_plate,793.48,561.04,853.69,577.82,1024,1024,SYNTHETIC,TRAIN_ONLY,https://www.kaggle.com/datasets/tielemarvin/european-license-plate-dataset-elpd,CC BY 4.0,https://creativecommons.org/licenses/by/4.0/,AI/PlateDetector/datasets/provenance/elpd/elpd_provenance.csv
elpd,filename_prefix_01250_.png,2,license-plate,license_plate,415.22,693.06,591.67,735.37,1024,1024,SYNTHETIC,TRAIN_ONLY,https://www.kaggle.com/datasets/tielemarvin/european-license-plate-dataset-elpd,CC BY 4.0,https://creativecommons.org/licenses/by/4.0/,AI/PlateDetector/datasets/provenance/elpd/elpd_provenance.csv
elpd,filename_prefix_01251_.png,1,license-plate,license_plate,576.45,1040.76,995.4,1152.67,1536,1536,SYNTHETIC,TRAIN_ONLY,https://www.kaggle.com/datasets/tielemarvin/european-license-plate-dataset-elpd,CC BY 4.0,https://creativecommons.org/licenses/by/4.0/,AI/PlateDetector/datasets/provenance/elpd/elpd_provenance.csv
elpd,filename_prefix_01252_.png,1,license-plate,license_plate,608.79,1070.25,965.13,1156.29,1536,1536,SYNTHETIC,TRAIN_ONLY,https://www.kaggle.com/datasets/tielemarvin/european-license-plate-dataset-elpd,CC BY 4.0,https://creativecommons.org/licenses/by/4.0/,AI/PlateDetector/datasets/provenance/elpd/elpd_provenance.csv
elpd,filename_prefix_01253_.png,1,license-plate,license_plate,1417.02,1189.98,1536.0,1238.03,1536,1536,SYNTHETIC,TRAIN_ONLY,https://www.kaggle.com/datasets/tielemarvin/european-license-plate-dataset-elpd,CC BY 4.0,https://creativecommons.org/licenses/by/4.0/,AI/PlateDetector/datasets/provenance/elpd/elpd_provenance.csv
elpd,filename_prefix_01254_.png,1,license-plate,license_plate,203.98,1019.4,418.53,1103.3,1536,1536,SYNTHETIC,TRAIN_ONLY,https://www.kaggle.com/datasets/tielemarvin/european-license-plate-dataset-elpd,CC BY 4.0,https://creativecommons.org/licenses/by/4.0/,AI/PlateDetector/datasets/provenance/elpd/elpd_provenance.csv
elpd,filename_prefix_01254_.png,2,license-plate,license_plate,1302.98,877.17,1394.05,905.87,1536,1536,SYNTHETIC,TRAIN_ONLY,https://www.kaggle.com/datasets/tielemarvin/european-license-plate-dataset-elpd,CC BY 4.0,https://creativecommons.org/licenses/by/4.0/,AI/PlateDetector/datasets/provenance/elpd/elpd_provenance.csv
elpd,filename_prefix_01255_.png,1,license-plate,license_plate,1340.83,802.65,1490.16,840.07,1536,1536,SYNTHETIC,TRAIN_ONLY,https://www.kaggle.com/datasets/tielemarvin/european-license-plate-dataset-elpd,CC BY 4.0,https://creativecommons.org/licenses/by/4.0/,AI/PlateDetector/datasets/provenance/elpd/elpd_provenance.csv
elpd,filename_prefix_01255_.png,2,license-plate,license_plate,77.55,1251.78,604.84,1407.28,1536,1536,SYNTHETIC,TRAIN_ONLY,https://www.kaggle.com/datasets/tielemarvin/european-license-plate-dataset-elpd,CC BY 4.0,https://creativecommons.org/licenses/by/4.0/,AI/PlateDetector/datasets/provenance/elpd/elpd_provenance.csv
elpd,filename_prefix_01256_.png,1,license-plate,license_plate,172.86,686.5,306.96,725.03,1024,1024,SYNTHETIC,TRAIN_ONLY,https://www.kaggle.com/datasets/tielemarvin/european-license-plate-dataset-elpd,CC BY 4.0,https://creativecommons.org/licenses/by/4.0/,AI/PlateDetector/datasets/provenance/elpd/elpd_provenance.csv
elpd,filename_prefix_01257_.png,1,license-plate,license_plate,359.3,1243.16,608.4,1307.1,1536,1536,SYNTHETIC,TRAIN_ONLY,https://www.kaggle.com/datasets/tielemarvin/european-license-plate-dataset-elpd,CC BY 4.0,https://creativecommons.org/licenses/by/4.0/,AI/PlateDetector/datasets/provenance/elpd/elpd_provenance.csv
elpd,filename_prefix_01259_.png,1,license-plate,license_plate,269.7,700.64,392.5,732.6,1024,1024,SYNTHETIC,TRAIN_ONLY,https://www.kaggle.com/datasets/tielemarvin/european-license-plate-dataset-elpd,CC BY 4.0,https://creativecommons.org/licenses/by/4.0/,AI/PlateDetector/datasets/provenance/elpd/elpd_provenance.csv
elpd,filename_prefix_01259_.png,2,license-plate,license_plate,853.62,745.27,914.07,789.34,1024,1024,SYNTHETIC,TRAIN_ONLY,https://www.kaggle.com/datasets/tielemarvin/european-license-plate-dataset-elpd,CC BY 4.0,https://creativecommons.org/licenses/by/4.0/,AI/PlateDetector/datasets/provenance/elpd/elpd_provenance.csv
elpd,filename_prefix_01260_.png,1,license-plate,license_plate,459.61,816.81,658.78,865.11,1024,1024,SYNTHETIC,TRAIN_ONLY,https://www.kaggle.com/datasets/tielemarvin/european-license-plate-dataset-elpd,CC BY 4.0,https://creativecommons.org/licenses/by/4.0/,AI/PlateDetector/datasets/provenance/elpd/elpd_provenance.csv
elpd,filename_prefix_01261_.png,1,license-plate,license_plate,441.3,1140.84,748.51,1216.67,1536,1536,SYNTHETIC,TRAIN_ONLY,https://www.kaggle.com/datasets/tielemarvin/european-license-plate-dataset-elpd,CC BY 4.0,https://creativecommons.org/licenses/by/4.0/,AI/PlateDetector/datasets/provenance/elpd/elpd_provenance.csv
elpd,filename_prefix_01262_.png,1,license-plate,license_plate,359.97,684.56,618.43,755.59,1024,1024,SYNTHETIC,TRAIN_ONLY,https://www.kaggle.com/datasets/tielemarvin/european-license-plate-dataset-elpd,CC BY 4.0,https://creativecommons.org/licenses/by/4.0/,AI/PlateDetector/datasets/provenance/elpd/elpd_provenance.csv
elpd,filename_prefix_01263_.png,1,license-plate,license_plate,719.3,981.66,1093.87,1075.4,1536,1536,SYNTHETIC,TRAIN_ONLY,https://www.kaggle.com/datasets/tielemarvin/european-license-plate-dataset-elpd,CC BY 4.0,https://creativecommons.org/licenses/by/4.0/,AI/PlateDetector/datasets/provenance/elpd/elpd_provenance.csv
elpd,filename_prefix_01263_.png,2,license-plate,license_plate,1334.35,703.56,1414.71,729.94,1536,1536,SYNTHETIC,TRAIN_ONLY,https://www.kaggle.com/datasets/tielemarvin/european-license-plate-dataset-elpd,CC BY 4.0,https://creativecommons.org/licenses/by/4.0/,AI/PlateDetector/datasets/provenance/elpd/elpd_provenance.csv
elpd,filename_prefix_01264_.png,1,license-plate,license_plate,430.53,501.68,640.04,573.36,1024,1024,SYNTHETIC,TRAIN_ONLY,https://www.kaggle.com/datasets/tielemarvin/european-license-plate-dataset-elpd,CC BY 4.0,https://creativecommons.org/licenses/by/4.0/,AI/PlateDetector/datasets/provenance/elpd/elpd_provenance.csv
elpd,filename_prefix_01265_.png,1,license-plate,license_plate,535.3,633.75,677.98,676.6,1024,1024,SYNTHETIC,TRAIN_ONLY,https://www.kaggle.com/datasets/tielemarvin/european-license-plate-dataset-elpd,CC BY 4.0,https://creativecommons.org/licenses/by/4.0/,AI/PlateDetector/datasets/provenance/elpd/elpd_provenance.csv
elpd,filename_prefix_01266_.png,1,license-plate,license_plate,179.59,1016.0,482.1,1099.0,1536,1536,SYNTHETIC,TRAIN_ONLY,https://www.kaggle.com/datasets/tielemarvin/european-license-plate-dataset-elpd,CC BY 4.0,https://creativecommons.org/licenses/by/4.0/,AI/PlateDetector/datasets/provenance/elpd/elpd_provenance.csv
elpd,filename_prefix_01267_.png,1,license-plate,license_plate,893.2,410.3,997.12,433.93,1024,1024,SYNTHETIC,TRAIN_ONLY,https://www.kaggle.com/datasets/tielemarvin/european-license-plate-dataset-elpd,CC BY 4.0,https://creativecommons.org/licenses/by/4.0/,AI/PlateDetector/datasets/provenance/elpd/elpd_provenance.csv
elpd,filename_prefix_01268_.png,1,license-plate,license_plate,640.29,1077.38,821.14,1190.83,1536,1536,SYNTHETIC,TRAIN_ONLY,https://www.kaggle.com/datasets/tielemarvin/european-license-plate-dataset-elpd,CC BY 4.0,https://creativecommons.org/licenses/by/4.0/,AI/PlateDetector/datasets/provenance/elpd/elpd_provenance.csv
elpd,filename_prefix_01268_.png,2,license-plate,license_plate,8.2,790.37,135.92,822.2,1536,1536,SYNTHETIC,TRAIN_ONLY,https://www.kaggle.com/datasets/tielemarvin/european-license-plate-dataset-elpd,CC BY 4.0,https://creativecommons.org/licenses/by/4.0/,AI/PlateDetector/datasets/provenance/elpd/elpd_provenance.csv
elpd,filename_prefix_01268_.png,3,license-plate,license_plate,351.33,820.84,508.2,862.81,1536,1536,SYNTHETIC,TRAIN_ONLY,https://www.kaggle.com/datasets/tielemarvin/european-license-plate-dataset-elpd,CC BY 4.0,https://creativecommons.org/licenses/by/4.0/,AI/PlateDetector/datasets/provenance/elpd/elpd_provenance.csv
elpd,filename_prefix_01269_.png,1,license-plate,license_plate,620.01,1007.67,827.27,1065.57,1536,1536,SYNTHETIC,TRAIN_ONLY,https://www.kaggle.com/datasets/tielemarvin/european-license-plate-dataset-elpd,CC BY 4.0,https://creativecommons.org/licenses/by/4.0/,AI/PlateDetector/datasets/provenance/elpd/elpd_provenance.csv
elpd,filename_prefix_01270_.png,1,license-plate,license_plate,946.79,1068.64,1243.32,1218.4,1536,1536,SYNTHETIC,TRAIN_ONLY,https://www.kaggle.com/datasets/tielemarvin/european-license-plate-dataset-elpd,CC BY 4.0,https://creativecommons.org/licenses/by/4.0/,AI/PlateDetector/datasets/provenance/elpd/elpd_provenance.csv
elpd,filename_prefix_01271_.png,1,license-plate,license_plate,1445.37,370.17,1536.0,408.14,1536,1536,SYNTHETIC,TRAIN_ONLY,https://www.kaggle.com/datasets/tielemarvin/european-license-plate-dataset-elpd,CC BY 4.0,https://creativecommons.org/licenses/by/4.0/,AI/PlateDetector/datasets/provenance/elpd/elpd_provenance.csv
elpd,filename_prefix_01271_.png,2,license-plate,license_plate,562.12,847.3,841.68,912.17,1536,1536,SYNTHETIC,TRAIN_ONLY,https://www.kaggle.com/datasets/tielemarvin/european-license-plate-dataset-elpd,CC BY 4.0,https://creativecommons.org/licenses/by/4.0/,AI/PlateDetector/datasets/provenance/elpd/elpd_provenance.csv
elpd,filename_prefix_01272_.png,1,license-plate,license_plate,644.77,731.12,821.71,820.94,1024,1024,SYNTHETIC,TRAIN_ONLY,https://www.kaggle.com/datasets/tielemarvin/european-license-plate-dataset-elpd,CC BY 4.0,https://creativecommons.org/licenses/by/4.0/,AI/PlateDetector/datasets/provenance/elpd/elpd_provenance.csv
elpd,filename_prefix_01273_.png,1,license-plate,license_plate,668.86,696.08,950.43,755.67,1536,1536,SYNTHETIC,TRAIN_ONLY,https://www.kaggle.com/datasets/tielemarvin/european-license-plate-dataset-elpd,CC BY 4.0,https://creativecommons.org/licenses/by/4.0/,AI/PlateDetector/datasets/provenance/elpd/elpd_provenance.csv
elpd,filename_prefix_01274_.png,1,license-plate,license_plate,386.51,507.21,570.69,558.16,1024,1024,SYNTHETIC,TRAIN_ONLY,https://www.kaggle.com/datasets/tielemarvin/european-license-plate-dataset-elpd,CC BY 4.0,https://creativecommons.org/licenses/by/4.0/,AI/PlateDetector/datasets/provenance/elpd/elpd_provenance.csv
elpd,filename_prefix_01275_.png,1,license-plate,license_plate,198.23,640.36,322.13,675.7,1024,1024,SYNTHETIC,TRAIN_ONLY,https://www.kaggle.com/datasets/tielemarvin/european-license-plate-dataset-elpd,CC BY 4.0,https://creativecommons.org/licenses/by/4.0/,AI/PlateDetector/datasets/provenance/elpd/elpd_provenance.csv
elpd,filename_prefix_01275_.png,2,license-plate,license_plate,970.91,625.01,1024.0,652.4,1024,1024,SYNTHETIC,TRAIN_ONLY,https://www.kaggle.com/datasets/tielemarvin/european-license-plate-dataset-elpd,CC BY 4.0,https://creativecommons.org/licenses/by/4.0/,AI/PlateDetector/datasets/provenance/elpd/elpd_provenance.csv
elpd,filename_prefix_01276_.png,1,license-plate,license_plate,0.1,575.67,170.2,636.2,1024,1024,SYNTHETIC,TRAIN_ONLY,https://www.kaggle.com/datasets/tielemarvin/european-license-plate-dataset-elpd,CC BY 4.0,https://creativecommons.org/licenses/by/4.0/,AI/PlateDetector/datasets/provenance/elpd/elpd_provenance.csv
elpd,filename_prefix_01276_.png,2,license-plate,license_plate,931.85,509.6,1024.0,549.33,1024,1024,SYNTHETIC,TRAIN_ONLY,https://www.kaggle.com/datasets/tielemarvin/european-license-plate-dataset-elpd,CC BY 4.0,https://creativecommons.org/licenses/by/4.0/,AI/PlateDetector/datasets/provenance/elpd/elpd_provenance.csv
elpd,filename_prefix_01277_.png,1,license-plate,license_plate,594.39,1110.15,752.43,1150.18,1536,1536,SYNTHETIC,TRAIN_ONLY,https://www.kaggle.com/datasets/tielemarvin/european-license-plate-dataset-elpd,CC BY 4.0,https://creativecommons.org/licenses/by/4.0/,AI/PlateDetector/datasets/provenance/elpd/elpd_provenance.csv
elpd,filename_prefix_01278_.png,1,license-plate,license_plate,69.19,293.95,416.82,432.63,1024,1024,SYNTHETIC,TRAIN_ONLY,https://www.kaggle.com/datasets/tielemarvin/european-license-plate-dataset-elpd,CC BY 4.0,https://creativecommons.org/licenses/by/4.0/,AI/PlateDetector/datasets/provenance/elpd/elpd_provenance.csv
elpd,filename_prefix_01279_.png,1,license-plate,license_plate,1165.47,1295.43,1536.0,1427.24,1536,1536,SYNTHETIC,TRAIN_ONLY,https://www.kaggle.com/datasets/tielemarvin/european-license-plate-dataset-elpd,CC BY 4.0,https://creativecommons.org/licenses/by/4.0/,AI/PlateDetector/datasets/provenance/elpd/elpd_provenance.csv
elpd,filename_prefix_01280_.png,1,license-plate,license_plate,41.64,627.06,213.74,696.17,1024,1024,SYNTHETIC,TRAIN_ONLY,https://www.kaggle.com/datasets/tielemarvin/european-license-plate-dataset-elpd,CC BY 4.0,https://creativecommons.org/licenses/by/4.0/,AI/PlateDetector/datasets/provenance/elpd/elpd_provenance.csv
elpd,filename_prefix_01281_.png,1,license-plate,license_plate,276.29,602.99,499.02,669.27,1024,1024,SYNTHETIC,TRAIN_ONLY,https://www.kaggle.com/datasets/tielemarvin/european-license-plate-dataset-elpd,CC BY 4.0,https://creativecommons.org/licenses/by/4.0/,AI/PlateDetector/datasets/provenance/elpd/elpd_provenance.csv
elpd,filename_prefix_01281_.png,2,license-plate,license_plate,894.18,396.86,983.99,424.49,1024,1024,SYNTHETIC,TRAIN_ONLY,https://www.kaggle.com/datasets/tielemarvin/european-license-plate-dataset-elpd,CC BY 4.0,https://creativecommons.org/licenses/by/4.0/,AI/PlateDetector/datasets/provenance/elpd/elpd_provenance.csv
elpd,filename_prefix_01282_.png,1,license-plate,license_plate,764.27,940.07,1110.3,1050.0,1536,1536,SYNTHETIC,TRAIN_ONLY,https://www.kaggle.com/datasets/tielemarvin/european-license-plate-dataset-elpd,CC BY 4.0,https://creativecommons.org/licenses/by/4.0/,AI/PlateDetector/datasets/provenance/elpd/elpd_provenance.csv
elpd,filename_prefix_01283_.png,1,license-plate,license_plate,383.55,687.55,576.9,734.8,1024,1024,SYNTHETIC,TRAIN_ONLY,https://www.kaggle.com/datasets/tielemarvin/european-license-plate-dataset-elpd,CC BY 4.0,https://creativecommons.org/licenses/by/4.0/,AI/PlateDetector/datasets/provenance/elpd/elpd_provenance.csv
elpd,filename_prefix_01284_.png,1,license-plate,license_plate,1190.2,587.98,1297.7,615.2,1536,1536,SYNTHETIC,TRAIN_ONLY,https://www.kaggle.com/datasets/tielemarvin/european-license-plate-dataset-elpd,CC BY 4.0,https://creativecommons.org/licenses/by/4.0/,AI/PlateDetector/datasets/provenance/elpd/elpd_provenance.csv
elpd,filename_prefix_01284_.png,2,license-plate,license_plate,549.12,806.1,787.92,877.1,1536,1536,SYNTHETIC,TRAIN_ONLY,https://www.kaggle.com/datasets/tielemarvin/european-license-plate-dataset-elpd,CC BY 4.0,https://creativecommons.org/licenses/by/4.0/,AI/PlateDetector/datasets/provenance/elpd/elpd_provenance.csv
elpd,filename_prefix_01285_.png,1,license-plate,license_plate,772.09,900.21,848.47,921.15,1536,1536,SYNTHETIC,TRAIN_ONLY,https://www.kaggle.com/datasets/tielemarvin/european-license-plate-dataset-elpd,CC BY 4.0,https://creativecommons.org/licenses/by/4.0/,AI/PlateDetector/datasets/provenance/elpd/elpd_provenance.csv
elpd,filename_prefix_01286_.png,1,license-plate,license_plate,1168.52,799.27,1296.74,833.28,1536,1536,SYNTHETIC,TRAIN_ONLY,https://www.kaggle.com/datasets/tielemarvin/european-license-plate-dataset-elpd,CC BY 4.0,https://creativecommons.org/licenses/by/4.0/,AI/PlateDetector/datasets/provenance/elpd/elpd_provenance.csv
elpd,filename_prefix_01286_.png,2,license-plate,license_plate,179.73,930.68,462.98,1015.35,1536,1536,SYNTHETIC,TRAIN_ONLY,https://www.kaggle.com/datasets/tielemarvin/european-license-plate-dataset-elpd,CC BY 4.0,https://creativecommons.org/licenses/by/4.0/,AI/PlateDetector/datasets/provenance/elpd/elpd_provenance.csv
elpd,filename_prefix_01287_.png,1,license-plate,license_plate,421.57,373.22,770.76,528.21,1536,1536,SYNTHETIC,TRAIN_ONLY,https://www.kaggle.com/datasets/tielemarvin/european-license-plate-dataset-elpd,CC BY 4.0,https://creativecommons.org/licenses/by/4.0/,AI/PlateDetector/datasets/provenance/elpd/elpd_provenance.csv
elpd,filename_prefix_01288_.png,1,license-plate,license_plate,939.38,408.17,1024.0,440.26,1024,1024,SYNTHETIC,TRAIN_ONLY,https://www.kaggle.com/datasets/tielemarvin/european-license-plate-dataset-elpd,CC BY 4.0,https://creativecommons.org/licenses/by/4.0/,AI/PlateDetector/datasets/provenance/elpd/elpd_provenance.csv
elpd,filename_prefix_01288_.png,2,license-plate,license_plate,685.76,618.97,867.81,706.77,1024,1024,SYNTHETIC,TRAIN_ONLY,https://www.kaggle.com/datasets/tielemarvin/european-license-plate-dataset-elpd,CC BY 4.0,https://creativecommons.org/licenses/by/4.0/,AI/PlateDetector/datasets/provenance/elpd/elpd_provenance.csv
elpd,filename_prefix_01289_.png,1,license-plate,license_plate,0.0,1086.4,594.2,1275.75,1536,1536,SYNTHETIC,TRAIN_ONLY,https://www.kaggle.com/datasets/tielemarvin/european-license-plate-dataset-elpd,CC BY 4.0,https://creativecommons.org/licenses/by/4.0/,AI/PlateDetector/datasets/provenance/elpd/elpd_provenance.csv
elpd,filename_prefix_01289_.png,2,license-plate,license_plate,1444.33,804.9,1536.0,865.39,1536,1536,SYNTHETIC,TRAIN_ONLY,https://www.kaggle.com/datasets/tielemarvin/european-license-plate-dataset-elpd,CC BY 4.0,https://creativecommons.org/licenses/by/4.0/,AI/PlateDetector/datasets/provenance/elpd/elpd_provenance.csv
elpd,filename_prefix_01290_.png,1,license-plate,license_plate,256.08,598.9,365.2,642.73,1024,1024,SYNTHETIC,TRAIN_ONLY,https://www.kaggle.com/datasets/tielemarvin/european-license-plate-dataset-elpd,CC BY 4.0,https://creativecommons.org/licenses/by/4.0/,AI/PlateDetector/datasets/provenance/elpd/elpd_provenance.csv
elpd,filename_prefix_01290_.png,2,license-plate,license_plate,879.95,645.32,1024.0,705.19,1024,1024,SYNTHETIC,TRAIN_ONLY,https://www.kaggle.com/datasets/tielemarvin/european-license-plate-dataset-elpd,CC BY 4.0,https://creativecommons.org/licenses/by/4.0/,AI/PlateDetector/datasets/provenance/elpd/elpd_provenance.csv
elpd,filename_prefix_01291_.png,1,license-plate,license_plate,396.98,706.15,659.27,780.44,1024,1024,SYNTHETIC,TRAIN_ONLY,https://www.kaggle.com/datasets/tielemarvin/european-license-plate-dataset-elpd,CC BY 4.0,https://creativecommons.org/licenses/by/4.0/,AI/PlateDetector/datasets/provenance/elpd/elpd_provenance.csv
elpd,filename_prefix_01292_.png,1,license-plate,license_plate,450.02,805.05,616.81,846.5,1024,1024,SYNTHETIC,TRAIN_ONLY,https://www.kaggle.com/datasets/tielemarvin/european-license-plate-dataset-elpd,CC BY 4.0,https://creativecommons.org/licenses/by/4.0/,AI/PlateDetector/datasets/provenance/elpd/elpd_provenance.csv
elpd,filename_prefix_01293_.png,1,license-plate,license_plate,481.9,805.94,815.98,890.27,1536,1536,SYNTHETIC,TRAIN_ONLY,https://www.kaggle.com/datasets/tielemarvin/european-license-plate-dataset-elpd,CC BY 4.0,https://creativecommons.org/licenses/by/4.0/,AI/PlateDetector/datasets/provenance/elpd/elpd_provenance.csv
elpd,filename_prefix_01293_.png,2,license-plate,license_plate,1089.08,551.12,1281.17,600.37,1536,1536,SYNTHETIC,TRAIN_ONLY,https://www.kaggle.com/datasets/tielemarvin/european-license-plate-dataset-elpd,CC BY 4.0,https://creativecommons.org/licenses/by/4.0/,AI/PlateDetector/datasets/provenance/elpd/elpd_provenance.csv
elpd,filename_prefix_01294_.png,1,license-plate,license_plate,80.01,527.78,171.63,549.71,1024,1024,SYNTHETIC,TRAIN_ONLY,https://www.kaggle.com/datasets/tielemarvin/european-license-plate-dataset-elpd,CC BY 4.0,https://creativecommons.org/licenses/by/4.0/,AI/PlateDetector/datasets/provenance/elpd/elpd_provenance.csv
elpd,filename_prefix_01294_.png,2,license-plate,license_plate,391.79,524.7,519.52,556.48,1024,1024,SYNTHETIC,TRAIN_ONLY,https://www.kaggle.com/datasets/tielemarvin/european-license-plate-dataset-elpd,CC BY 4.0,https://creativecommons.org/licenses/by/4.0/,AI/PlateDetector/datasets/provenance/elpd/elpd_provenance.csv
elpd,filename_prefix_01295_.png,1,license-plate,license_plate,478.98,868.35,641.69,949.7,1536,1536,SYNTHETIC,TRAIN_ONLY,https://www.kaggle.com/datasets/tielemarvin/european-license-plate-dataset-elpd,CC BY 4.0,https://creativecommons.org/licenses/by/4.0/,AI/PlateDetector/datasets/provenance/elpd/elpd_provenance.csv
elpd,filename_prefix_01296_.png,1,license-plate,license_plate,347.02,698.39,541.9,746.3,1024,1024,SYNTHETIC,TRAIN_ONLY,https://www.kaggle.com/datasets/tielemarvin/european-license-plate-dataset-elpd,CC BY 4.0,https://creativecommons.org/licenses/by/4.0/,AI/PlateDetector/datasets/provenance/elpd/elpd_provenance.csv
elpd,filename_prefix_01297_.png,1,license-plate,license_plate,276.42,747.39,486.08,819.78,1024,1024,SYNTHETIC,TRAIN_ONLY,https://www.kaggle.com/datasets/tielemarvin/european-license-plate-dataset-elpd,CC BY 4.0,https://creativecommons.org/licenses/by/4.0/,AI/PlateDetector/datasets/provenance/elpd/elpd_provenance.csv
elpd,filename_prefix_01298_.png,1,license-plate,license_plate,654.89,937.85,1012.88,1027.2,1536,1536,SYNTHETIC,TRAIN_ONLY,https://www.kaggle.com/datasets/tielemarvin/european-license-plate-dataset-elpd,CC BY 4.0,https://creativecommons.org/licenses/by/4.0/,AI/PlateDetector/datasets/provenance/elpd/elpd_provenance.csv
elpd,filename_prefix_01298_.png,2,license-plate,license_plate,1243.99,682.26,1365.18,714.76,1536,1536,SYNTHETIC,TRAIN_ONLY,https://www.kaggle.com/datasets/tielemarvin/european-license-plate-dataset-elpd,CC BY 4.0,https://creativecommons.org/licenses/by/4.0/,AI/PlateDetector/datasets/provenance/elpd/elpd_provenance.csv
elpd,filename_prefix_01299_.png,1,license-plate,license_plate,509.37,572.08,667.6,615.6,1024,1024,SYNTHETIC,TRAIN_ONLY,https://www.kaggle.com/datasets/tielemarvin/european-license-plate-dataset-elpd,CC BY 4.0,https://creativecommons.org/licenses/by/4.0/,AI/PlateDetector/datasets/provenance/elpd/elpd_provenance.csv
elpd,filename_prefix_01300_.png,1,license-plate,license_plate,399.54,843.74,596.47,938.72,1536,1536,SYNTHETIC,TRAIN_ONLY,https://www.kaggle.com/datasets/tielemarvin/european-license-plate-dataset-elpd,CC BY 4.0,https://creativecommons.org/licenses/by/4.0/,AI/PlateDetector/datasets/provenance/elpd/elpd_provenance.csv
elpd,filename_prefix_01301_.png,1,license-plate,license_plate,499.77,1062.2,882.21,1163.83,1536,1536,SYNTHETIC,TRAIN_ONLY,https://www.kaggle.com/datasets/tielemarvin/european-license-plate-dataset-elpd,CC BY 4.0,https://creativecommons.org/licenses/by/4.0/,AI/PlateDetector/datasets/provenance/elpd/elpd_provenance.csv
elpd,filename_prefix_01302_.png,1,license-plate,license_plate,677.68,1066.74,887.4,1119.88,1536,1536,SYNTHETIC,TRAIN_ONLY,https://www.kaggle.com/datasets/tielemarvin/european-license-plate-dataset-elpd,CC BY 4.0,https://creativecommons.org/licenses/by/4.0/,AI/PlateDetector/datasets/provenance/elpd/elpd_provenance.csv
elpd,filename_prefix_01303_.png,1,license-plate,license_plate,576.23,986.74,756.91,1029.36,1536,1536,SYNTHETIC,TRAIN_ONLY,https://www.kaggle.com/datasets/tielemarvin/european-license-plate-dataset-elpd,CC BY 4.0,https://creativecommons.org/licenses/by/4.0/,AI/PlateDetector/datasets/provenance/elpd/elpd_provenance.csv
elpd,filename_prefix_01303_.png,2,license-plate,license_plate,1268.74,845.32,1368.07,870.9,1536,1536,SYNTHETIC,TRAIN_ONLY,https://www.kaggle.com/datasets/tielemarvin/european-license-plate-dataset-elpd,CC BY 4.0,https://creativecommons.org/licenses/by/4.0/,AI/PlateDetector/datasets/provenance/elpd/elpd_provenance.csv
elpd,filename_prefix_01304_.png,1,license-plate,license_plate,385.09,641.32,574.2,689.87,1024,1024,SYNTHETIC,TRAIN_ONLY,https://www.kaggle.com/datasets/tielemarvin/european-license-plate-dataset-elpd,CC BY 4.0,https://creativecommons.org/licenses/by/4.0/,AI/PlateDetector/datasets/provenance/elpd/elpd_provenance.csv
elpd,filename_prefix_01305_.png,1,license-plate,license_plate,1208.75,1153.47,1535.69,1249.32,1536,1536,SYNTHETIC,TRAIN_ONLY,https://www.kaggle.com/datasets/tielemarvin/european-license-plate-dataset-elpd,CC BY 4.0,https://creativecommons.org/licenses/by/4.0/,AI/PlateDetector/datasets/provenance/elpd/elpd_provenance.csv
elpd,filename_prefix_01306_.png,1,license-plate,license_plate,516.06,679.68,672.36,726.62,1024,1024,SYNTHETIC,TRAIN_ONLY,https://www.kaggle.com/datasets/tielemarvin/european-license-plate-dataset-elpd,CC BY 4.0,https://creativecommons.org/licenses/by/4.0/,AI/PlateDetector/datasets/provenance/elpd/elpd_provenance.csv
elpd,filename_prefix_01307_.png,1,license-plate,license_plate,521.7,561.2,658.68,598.6,1024,1024,SYNTHETIC,TRAIN_ONLY,https://www.kaggle.com/datasets/tielemarvin/european-license-plate-dataset-elpd,CC BY 4.0,https://creativecommons.org/licenses/by/4.0/,AI/PlateDetector/datasets/provenance/elpd/elpd_provenance.csv
elpd,filename_prefix_01308_.png,1,license-plate,license_plate,171.49,548.7,307.67,616.79,1024,1024,SYNTHETIC,TRAIN_ONLY,https://www.kaggle.com/datasets/tielemarvin/european-license-plate-dataset-elpd,CC BY 4.0,https://creativecommons.org/licenses/by/4.0/,AI/PlateDetector/datasets/provenance/elpd/elpd_provenance.csv
elpd,filename_prefix_01309_.png,1,license-plate,license_plate,492.55,901.41,777.31,971.89,1536,1536,SYNTHETIC,TRAIN_ONLY,https://www.kaggle.com/datasets/tielemarvin/european-license-plate-dataset-elpd,CC BY 4.0,https://creativecommons.org/licenses/by/4.0/,AI/PlateDetector/datasets/provenance/elpd/elpd_provenance.csv
elpd,filename_prefix_01310_.png,1,license-plate,license_plate,381.86,681.8,522.81,723.14,1024,1024,SYNTHETIC,TRAIN_ONLY,https://www.kaggle.com/datasets/tielemarvin/european-license-plate-dataset-elpd,CC BY 4.0,https://creativecommons.org/licenses/by/4.0/,AI/PlateDetector/datasets/provenance/elpd/elpd_provenance.csv
elpd,filename_prefix_01311_.png,1,license-plate,license_plate,912.47,974.43,1183.9,1069.2,1536,1536,SYNTHETIC,TRAIN_ONLY,https://www.kaggle.com/datasets/tielemarvin/european-license-plate-dataset-elpd,CC BY 4.0,https://creativecommons.org/licenses/by/4.0/,AI/PlateDetector/datasets/provenance/elpd/elpd_provenance.csv
elpd,filename_prefix_01311_.png,2,license-plate,license_plate,521.76,652.99,605.69,678.35,1536,1536,SYNTHETIC,TRAIN_ONLY,https://www.kaggle.com/datasets/tielemarvin/european-license-plate-dataset-elpd,CC BY 4.0,https://creativecommons.org/licenses/by/4.0/,AI/PlateDetector/datasets/provenance/elpd/elpd_provenance.csv
elpd,filename_prefix_01312_.png,1,license-plate,license_plate,329.09,698.9,505.9,743.9,1024,1024,SYNTHETIC,TRAIN_ONLY,https://www.kaggle.com/datasets/tielemarvin/european-license-plate-dataset-elpd,CC BY 4.0,https://creativecommons.org/licenses/by/4.0/,AI/PlateDetector/datasets/provenance/elpd/elpd_provenance.csv
elpd,filename_prefix_01313_.png,1,license-plate,license_plate,161.86,666.78,345.71,730.05,1024,1024,SYNTHETIC,TRAIN_ONLY,https://www.kaggle.com/datasets/tielemarvin/european-license-plate-dataset-elpd,CC BY 4.0,https://creativecommons.org/licenses/by/4.0/,AI/PlateDetector/datasets/provenance/elpd/elpd_provenance.csv
elpd,filename_prefix_01314_.png,1,license-plate,license_plate,899.26,1092.82,1204.24,1176.3,1536,1536,SYNTHETIC,TRAIN_ONLY,https://www.kaggle.com/datasets/tielemarvin/european-license-plate-dataset-elpd,CC BY 4.0,https://creativecommons.org/licenses/by/4.0/,AI/PlateDetector/datasets/provenance/elpd/elpd_provenance.csv
elpd,filename_prefix_01315_.png,1,license-plate,license_plate,572.13,506.15,742.37,555.16,1024,1024,SYNTHETIC,TRAIN_ONLY,https://www.kaggle.com/datasets/tielemarvin/european-license-plate-dataset-elpd,CC BY 4.0,https://creativecommons.org/licenses/by/4.0/,AI/PlateDetector/datasets/provenance/elpd/elpd_provenance.csv
elpd,filename_prefix_01316_.png,1,license-plate,license_plate,426.72,1112.7,582.59,1165.21,1536,1536,SYNTHETIC,TRAIN_ONLY,https://www.kaggle.com/datasets/tielemarvin/european-license-plate-dataset-elpd,CC BY 4.0,https://creativecommons.org/licenses/by/4.0/,AI/PlateDetector/datasets/provenance/elpd/elpd_provenance.csv
elpd,filename_prefix_01317_.png,1,license-plate,license_plate,708.09,954.65,886.1,1008.3,1536,1536,SYNTHETIC,TRAIN_ONLY,https://www.kaggle.com/datasets/tielemarvin/european-license-plate-dataset-elpd,CC BY 4.0,https://creativecommons.org/licenses/by/4.0/,AI/PlateDetector/datasets/provenance/elpd/elpd_provenance.csv
elpd,filename_prefix_01317_.png,2,license-plate,license_plate,22.66,738.41,89.39,754.27,1536,1536,SYNTHETIC,TRAIN_ONLY,https://www.kaggle.com/datasets/tielemarvin/european-license-plate-dataset-elpd,CC BY 4.0,https://creativecommons.org/licenses/by/4.0/,AI/PlateDetector/datasets/provenance/elpd/elpd_provenance.csv
elpd,filename_prefix_01318_.png,1,license-plate,license_plate,693.1,923.7,973.84,1023.98,1536,1536,SYNTHETIC,TRAIN_ONLY,https://www.kaggle.com/datasets/tielemarvin/european-license-plate-dataset-elpd,CC BY 4.0,https://creativecommons.org/licenses/by/4.0/,AI/PlateDetector/datasets/provenance/elpd/elpd_provenance.csv
elpd,filename_prefix_01318_.png,2,license-plate,license_plate,1274.86,927.3,1517.16,1051.75,1536,1536,SYNTHETIC,TRAIN_ONLY,https://www.kaggle.com/datasets/tielemarvin/european-license-plate-dataset-elpd,CC BY 4.0,https://creativecommons.org/licenses/by/4.0/,AI/PlateDetector/datasets/provenance/elpd/elpd_provenance.csv
elpd,filename_prefix_01319_.png,1,license-plate,license_plate,1312.68,871.5,1404.1,893.9,1536,1536,SYNTHETIC,TRAIN_ONLY,https://www.kaggle.com/datasets/tielemarvin/european-license-plate-dataset-elpd,CC BY 4.0,https://creativecommons.org/licenses/by/4.0/,AI/PlateDetector/datasets/provenance/elpd/elpd_provenance.csv
elpd,filename_prefix_01319_.png,2,license-plate,license_plate,575.89,1201.71,811.21,1264.32,1536,1536,SYNTHETIC,TRAIN_ONLY,https://www.kaggle.com/datasets/tielemarvin/european-license-plate-dataset-elpd,CC BY 4.0,https://creativecommons.org/licenses/by/4.0/,AI/PlateDetector/datasets/provenance/elpd/elpd_provenance.csv
elpd,filename_prefix_01320_.png,1,license-plate,license_plate,103.26,651.82,273.2,716.94,1024,1024,SYNTHETIC,TRAIN_ONLY,https://www.kaggle.com/datasets/tielemarvin/european-license-plate-dataset-elpd,CC BY 4.0,https://creativecommons.org/licenses/by/4.0/,AI/PlateDetector/datasets/provenance/elpd/elpd_provenance.csv
elpd,filename_prefix_01321_.png,1,license-plate,license_plate,275.98,987.31,573.09,1082.16,1536,1536,SYNTHETIC,TRAIN_ONLY,https://www.kaggle.com/datasets/tielemarvin/european-license-plate-dataset-elpd,CC BY 4.0,https://creativecommons.org/licenses/by/4.0/,AI/PlateDetector/datasets/provenance/elpd/elpd_provenance.csv
elpd,filename_prefix_01322_.png,1,license-plate,license_plate,93.57,117.72,168.1,144.2,1024,1024,SYNTHETIC,TRAIN_ONLY,https://www.kaggle.com/datasets/tielemarvin/european-license-plate-dataset-elpd,CC BY 4.0,https://creativecommons.org/licenses/by/4.0/,AI/PlateDetector/datasets/provenance/elpd/elpd_provenance.csv
elpd,filename_prefix_01323_.png,1,license-plate,license_plate,705.62,640.39,838.94,677.39,1024,1024,SYNTHETIC,TRAIN_ONLY,https://www.kaggle.com/datasets/tielemarvin/european-license-plate-dataset-elpd,CC BY 4.0,https://creativecommons.org/licenses/by/4.0/,AI/PlateDetector/datasets/provenance/elpd/elpd_provenance.csv
elpd,filename_prefix_01324_.png,1,license-plate,license_plate,110.62,671.41,263.93,714.65,1024,1024,SYNTHETIC,TRAIN_ONLY,https://www.kaggle.com/datasets/tielemarvin/european-license-plate-dataset-elpd,CC BY 4.0,https://creativecommons.org/licenses/by/4.0/,AI/PlateDetector/datasets/provenance/elpd/elpd_provenance.csv
elpd,filename_prefix_01325_.png,1,license-plate,license_plate,1107.64,611.82,1194.13,634.71,1536,1536,SYNTHETIC,TRAIN_ONLY,https://www.kaggle.com/datasets/tielemarvin/european-license-plate-dataset-elpd,CC BY 4.0,https://creativecommons.org/licenses/by/4.0/,AI/PlateDetector/datasets/provenance/elpd/elpd_provenance.csv
elpd,filename_prefix_01325_.png,2,license-plate,license_plate,513.7,863.28,885.55,961.6,1536,1536,SYNTHETIC,TRAIN_ONLY,https://www.kaggle.com/datasets/tielemarvin/european-license-plate-dataset-elpd,CC BY 4.0,https://creativecommons.org/licenses/by/4.0/,AI/PlateDetector/datasets/provenance/elpd/elpd_provenance.csv
elpd,filename_prefix_01326_.png,1,license-plate,license_plate,552.9,672.83,708.22,709.5,1024,1024,SYNTHETIC,TRAIN_ONLY,https://www.kaggle.com/datasets/tielemarvin/european-license-plate-dataset-elpd,CC BY 4.0,https://creativecommons.org/licenses/by/4.0/,AI/PlateDetector/datasets/provenance/elpd/elpd_provenance.csv
elpd,filename_prefix_01327_.png,1,license-plate,license_plate,678.39,729.4,807.51,765.22,1536,1536,SYNTHETIC,TRAIN_ONLY,https://www.kaggle.com/datasets/tielemarvin/european-license-plate-dataset-elpd,CC BY 4.0,https://creativecommons.org/licenses/by/4.0/,AI/PlateDetector/datasets/provenance/elpd/elpd_provenance.csv
elpd,filename_prefix_01328_.png,1,license-plate,license_plate,0.13,669.6,79.94,701.34,1024,1024,SYNTHETIC,TRAIN_ONLY,https://www.kaggle.com/datasets/tielemarvin/european-license-plate-dataset-elpd,CC BY 4.0,https://creativecommons.org/licenses/by/4.0/,AI/PlateDetector/datasets/provenance/elpd/elpd_provenance.csv
elpd,filename_prefix_01328_.png,2,license-plate,license_plate,853.21,604.09,1000.93,637.2,1024,1024,SYNTHETIC,TRAIN_ONLY,https://www.kaggle.com/datasets/tielemarvin/european-license-plate-dataset-elpd,CC BY 4.0,https://creativecommons.org/licenses/by/4.0/,AI/PlateDetector/datasets/provenance/elpd/elpd_provenance.csv
elpd,filename_prefix_01329_.png,1,license-plate,license_plate,320.1,591.81,462.76,630.66,1024,1024,SYNTHETIC,TRAIN_ONLY,https://www.kaggle.com/datasets/tielemarvin/european-license-plate-dataset-elpd,CC BY 4.0,https://creativecommons.org/licenses/by/4.0/,AI/PlateDetector/datasets/provenance/elpd/elpd_provenance.csv
elpd,filename_prefix_01330_.png,1,license-plate,license_plate,804.03,971.49,999.99,1090.61,1536,1536,SYNTHETIC,TRAIN_ONLY,https://www.kaggle.com/datasets/tielemarvin/european-license-plate-dataset-elpd,CC BY 4.0,https://creativecommons.org/licenses/by/4.0/,AI/PlateDetector/datasets/provenance/elpd/elpd_provenance.csv
elpd,filename_prefix_01331_.png,1,license-plate,license_plate,589.44,756.71,769.0,799.6,1024,1024,SYNTHETIC,TRAIN_ONLY,https://www.kaggle.com/datasets/tielemarvin/european-license-plate-dataset-elpd,CC BY 4.0,https://creativecommons.org/licenses/by/4.0/,AI/PlateDetector/datasets/provenance/elpd/elpd_provenance.csv
elpd,filename_prefix_01332_.png,1,license-plate,license_plate,751.87,897.62,958.03,1199.79,1536,1536,SYNTHETIC,TRAIN_ONLY,https://www.kaggle.com/datasets/tielemarvin/european-license-plate-dataset-elpd,CC BY 4.0,https://creativecommons.org/licenses/by/4.0/,AI/PlateDetector/datasets/provenance/elpd/elpd_provenance.csv
elpd,filename_prefix_01332_.png,2,license-plate,license_plate,1044.1,372.72,1212.0,435.3,1536,1536,SYNTHETIC,TRAIN_ONLY,https://www.kaggle.com/datasets/tielemarvin/european-license-plate-dataset-elpd,CC BY 4.0,https://creativecommons.org/licenses/by/4.0/,AI/PlateDetector/datasets/provenance/elpd/elpd_provenance.csv
elpd,filename_prefix_01333_.png,1,license-plate,license_plate,726.47,824.27,825.49,853.44,1536,1536,SYNTHETIC,TRAIN_ONLY,https://www.kaggle.com/datasets/tielemarvin/european-license-plate-dataset-elpd,CC BY 4.0,https://creativecommons.org/licenses/by/4.0/,AI/PlateDetector/datasets/provenance/elpd/elpd_provenance.csv
elpd,filename_prefix_01334_.png,1,license-plate,license_plate,785.03,895.79,964.3,937.92,1536,1536,SYNTHETIC,TRAIN_ONLY,https://www.kaggle.com/datasets/tielemarvin/european-license-plate-dataset-elpd,CC BY 4.0,https://creativecommons.org/licenses/by/4.0/,AI/PlateDetector/datasets/provenance/elpd/elpd_provenance.csv
elpd,filename_prefix_01335_.png,1,license-plate,license_plate,714.53,904.52,850.42,942.99,1536,1536,SYNTHETIC,TRAIN_ONLY,https://www.kaggle.com/datasets/tielemarvin/european-license-plate-dataset-elpd,CC BY 4.0,https://creativecommons.org/licenses/by/4.0/,AI/PlateDetector/datasets/provenance/elpd/elpd_provenance.csv
elpd,filename_prefix_01336_.png,1,license-plate,license_plate,372.6,669.86,521.97,709.59,1024,1024,SYNTHETIC,TRAIN_ONLY,https://www.kaggle.com/datasets/tielemarvin/european-license-plate-dataset-elpd,CC BY 4.0,https://creativecommons.org/licenses/by/4.0/,AI/PlateDetector/datasets/provenance/elpd/elpd_provenance.csv
elpd,filename_prefix_01337_.png,1,license-plate,license_plate,332.85,817.05,464.24,857.51,1536,1536,SYNTHETIC,TRAIN_ONLY,https://www.kaggle.com/datasets/tielemarvin/european-license-plate-dataset-elpd,CC BY 4.0,https://creativecommons.org/licenses/by/4.0/,AI/PlateDetector/datasets/provenance/elpd/elpd_provenance.csv
elpd,filename_prefix_01338_.png,1,license-plate,license_plate,201.57,635.04,337.56,713.07,1024,1024,SYNTHETIC,TRAIN_ONLY,https://www.kaggle.com/datasets/tielemarvin/european-license-plate-dataset-elpd,CC BY 4.0,https://creativecommons.org/licenses/by/4.0/,AI/PlateDetector/datasets/provenance/elpd/elpd_provenance.csv
elpd,filename_prefix_01339_.png,1,license-plate,license_plate,428.66,586.57,629.86,640.79,1024,1024,SYNTHETIC,TRAIN_ONLY,https://www.kaggle.com/datasets/tielemarvin/european-license-plate-dataset-elpd,CC BY 4.0,https://creativecommons.org/licenses/by/4.0/,AI/PlateDetector/datasets/provenance/elpd/elpd_provenance.csv
elpd,filename_prefix_01340_.png,1,license-plate,license_plate,221.49,697.79,347.89,728.62,1024,1024,SYNTHETIC,TRAIN_ONLY,https://www.kaggle.com/datasets/tielemarvin/european-license-plate-dataset-elpd,CC BY 4.0,https://creativecommons.org/licenses/by/4.0/,AI/PlateDetector/datasets/provenance/elpd/elpd_provenance.csv
elpd,filename_prefix_01341_.png,1,license-plate,license_plate,888.35,906.44,1086.04,989.16,1536,1536,SYNTHETIC,TRAIN_ONLY,https://www.kaggle.com/datasets/tielemarvin/european-license-plate-dataset-elpd,CC BY 4.0,https://creativecommons.org/licenses/by/4.0/,AI/PlateDetector/datasets/provenance/elpd/elpd_provenance.csv
elpd,filename_prefix_01342_.png,1,license-plate,license_plate,885.8,644.81,982.55,669.37,1024,1024,SYNTHETIC,TRAIN_ONLY,https://www.kaggle.com/datasets/tielemarvin/european-license-plate-dataset-elpd,CC BY 4.0,https://creativecommons.org/licenses/by/4.0/,AI/PlateDetector/datasets/provenance/elpd/elpd_provenance.csv
elpd,filename_prefix_01342_.png,2,license-plate,license_plate,394.8,711.7,501.66,741.8,1024,1024,SYNTHETIC,TRAIN_ONLY,https://www.kaggle.com/datasets/tielemarvin/european-license-plate-dataset-elpd,CC BY 4.0,https://creativecommons.org/licenses/by/4.0/,AI/PlateDetector/datasets/provenance/elpd/elpd_provenance.csv
elpd,filename_prefix_01343_.png,1,license-plate,license_plate,423.9,1119.85,711.18,1214.13,1536,1536,SYNTHETIC,TRAIN_ONLY,https://www.kaggle.com/datasets/tielemarvin/european-license-plate-dataset-elpd,CC BY 4.0,https://creativecommons.org/licenses/by/4.0/,AI/PlateDetector/datasets/provenance/elpd/elpd_provenance.csv
elpd,filename_prefix_01344_.png,1,license-plate,license_plate,352.28,633.59,498.33,669.85,1024,1024,SYNTHETIC,TRAIN_ONLY,https://www.kaggle.com/datasets/tielemarvin/european-license-plate-dataset-elpd,CC BY 4.0,https://creativecommons.org/licenses/by/4.0/,AI/PlateDetector/datasets/provenance/elpd/elpd_provenance.csv
elpd,filename_prefix_01345_.png,1,license-plate,license_plate,679.2,560.82,778.71,589.21,1024,1024,SYNTHETIC,TRAIN_ONLY,https://www.kaggle.com/datasets/tielemarvin/european-license-plate-dataset-elpd,CC BY 4.0,https://creativecommons.org/licenses/by/4.0/,AI/PlateDetector/datasets/provenance/elpd/elpd_provenance.csv
elpd,filename_prefix_01346_.png,1,license-plate,license_plate,789.77,950.23,996.65,1007.19,1536,1536,SYNTHETIC,TRAIN_ONLY,https://www.kaggle.com/datasets/tielemarvin/european-license-plate-dataset-elpd,CC BY 4.0,https://creativecommons.org/licenses/by/4.0/,AI/PlateDetector/datasets/provenance/elpd/elpd_provenance.csv
elpd,filename_prefix_01347_.png,1,license-plate,license_plate,148.26,491.95,268.83,541.55,1024,1024,SYNTHETIC,TRAIN_ONLY,https://www.kaggle.com/datasets/tielemarvin/european-license-plate-dataset-elpd,CC BY 4.0,https://creativecommons.org/licenses/by/4.0/,AI/PlateDetector/datasets/provenance/elpd/elpd_provenance.csv
elpd,filename_prefix_01348_.png,1,license-plate,license_plate,779.93,913.91,992.25,982.91,1536,1536,SYNTHETIC,TRAIN_ONLY,https://www.kaggle.com/datasets/tielemarvin/european-license-plate-dataset-elpd,CC BY 4.0,https://creativecommons.org/licenses/by/4.0/,AI/PlateDetector/datasets/provenance/elpd/elpd_provenance.csv
elpd,filename_prefix_01348_.png,2,license-plate,license_plate,1381.93,335.14,1461.1,356.6,1536,1536,SYNTHETIC,TRAIN_ONLY,https://www.kaggle.com/datasets/tielemarvin/european-license-plate-dataset-elpd,CC BY 4.0,https://creativecommons.org/licenses/by/4.0/,AI/PlateDetector/datasets/provenance/elpd/elpd_provenance.csv
elpd,filename_prefix_01349_.png,1,license-plate,license_plate,815.88,999.34,1100.6,1070.96,1536,1536,SYNTHETIC,TRAIN_ONLY,https://www.kaggle.com/datasets/tielemarvin/european-license-plate-dataset-elpd,CC BY 4.0,https://creativecommons.org/licenses/by/4.0/,AI/PlateDetector/datasets/provenance/elpd/elpd_provenance.csv
elpd,filename_prefix_01350_.png,1,license-plate,license_plate,433.96,651.71,541.04,684.09,1536,1536,SYNTHETIC,TRAIN_ONLY,https://www.kaggle.com/datasets/tielemarvin/european-license-plate-dataset-elpd,CC BY 4.0,https://creativecommons.org/licenses/by/4.0/,AI/PlateDetector/datasets/provenance/elpd/elpd_provenance.csv
elpd,filename_prefix_01350_.png,2,license-plate,license_plate,924.56,764.69,1095.41,816.15,1536,1536,SYNTHETIC,TRAIN_ONLY,https://www.kaggle.com/datasets/tielemarvin/european-license-plate-dataset-elpd,CC BY 4.0,https://creativecommons.org/licenses/by/4.0/,AI/PlateDetector/datasets/provenance/elpd/elpd_provenance.csv
elpd,filename_prefix_01350_.png,3,license-plate,license_plate,1284.55,584.74,1365.02,608.13,1536,1536,SYNTHETIC,TRAIN_ONLY,https://www.kaggle.com/datasets/tielemarvin/european-license-plate-dataset-elpd,CC BY 4.0,https://creativecommons.org/licenses/by/4.0/,AI/PlateDetector/datasets/provenance/elpd/elpd_provenance.csv
elpd,filename_prefix_01351_.png,1,license-plate,license_plate,688.41,1019.39,972.22,1099.21,1536,1536,SYNTHETIC,TRAIN_ONLY,https://www.kaggle.com/datasets/tielemarvin/european-license-plate-dataset-elpd,CC BY 4.0,https://creativecommons.org/licenses/by/4.0/,AI/PlateDetector/datasets/provenance/elpd/elpd_provenance.csv
elpd,filename_prefix_01351_.png,2,license-plate,license_plate,1263.77,743.3,1369.42,769.22,1536,1536,SYNTHETIC,TRAIN_ONLY,https://www.kaggle.com/datasets/tielemarvin/european-license-plate-dataset-elpd,CC BY 4.0,https://creativecommons.org/licenses/by/4.0/,AI/PlateDetector/datasets/provenance/elpd/elpd_provenance.csv
elpd,filename_prefix_01352_.png,1,license-plate,license_plate,777.44,725.3,851.0,744.6,1024,1024,SYNTHETIC,TRAIN_ONLY,https://www.kaggle.com/datasets/tielemarvin/european-license-plate-dataset-elpd,CC BY 4.0,https://creativecommons.org/licenses/by/4.0/,AI/PlateDetector/datasets/provenance/elpd/elpd_provenance.csv
elpd,filename_prefix_01352_.png,2,license-plate,license_plate,116.76,729.34,224.66,760.15,1024,1024,SYNTHETIC,TRAIN_ONLY,https://www.kaggle.com/datasets/tielemarvin/european-license-plate-dataset-elpd,CC BY 4.0,https://creativecommons.org/licenses/by/4.0/,AI/PlateDetector/datasets/provenance/elpd/elpd_provenance.csv
elpd,filename_prefix_01353_.png,1,license-plate,license_plate,405.2,922.62,819.93,1033.28,1536,1536,SYNTHETIC,TRAIN_ONLY,https://www.kaggle.com/datasets/tielemarvin/european-license-plate-dataset-elpd,CC BY 4.0,https://creativecommons.org/licenses/by/4.0/,AI/PlateDetector/datasets/provenance/elpd/elpd_provenance.csv
elpd,filename_prefix_01354_.png,1,license-plate,license_plate,113.25,596.29,462.44,711.43,1024,1024,SYNTHETIC,TRAIN_ONLY,https://www.kaggle.com/datasets/tielemarvin/european-license-plate-dataset-elpd,CC BY 4.0,https://creativecommons.org/licenses/by/4.0/,AI/PlateDetector/datasets/provenance/elpd/elpd_provenance.csv
elpd,filename_prefix_01355_.png,1,license-plate,license_plate,553.17,522.49,667.74,569.82,1024,1024,SYNTHETIC,TRAIN_ONLY,https://www.kaggle.com/datasets/tielemarvin/european-license-plate-dataset-elpd,CC BY 4.0,https://creativecommons.org/licenses/by/4.0/,AI/PlateDetector/datasets/provenance/elpd/elpd_provenance.csv
elpd,filename_prefix_01356_.png,1,license-plate,license_plate,946.19,588.8,1012.87,604.98,1024,1024,SYNTHETIC,TRAIN_ONLY,https://www.kaggle.com/datasets/tielemarvin/european-license-plate-dataset-elpd,CC BY 4.0,https://creativecommons.org/licenses/by/4.0/,AI/PlateDetector/datasets/provenance/elpd/elpd_provenance.csv
elpd,filename_prefix_01356_.png,2,license-plate,license_plate,390.43,733.05,601.6,781.26,1024,1024,SYNTHETIC,TRAIN_ONLY,https://www.kaggle.com/datasets/tielemarvin/european-license-plate-dataset-elpd,CC BY 4.0,https://creativecommons.org/licenses/by/4.0/,AI/PlateDetector/datasets/provenance/elpd/elpd_provenance.csv
elpd,filename_prefix_01357_.png,1,license-plate,license_plate,341.17,971.87,491.43,1006.9,1536,1536,SYNTHETIC,TRAIN_ONLY,https://www.kaggle.com/datasets/tielemarvin/european-license-plate-dataset-elpd,CC BY 4.0,https://creativecommons.org/licenses/by/4.0/,AI/PlateDetector/datasets/provenance/elpd/elpd_provenance.csv
elpd,filename_prefix_01358_.png,1,license-plate,license_plate,535.38,667.7,734.55,717.9,1024,1024,SYNTHETIC,TRAIN_ONLY,https://www.kaggle.com/datasets/tielemarvin/european-license-plate-dataset-elpd,CC BY 4.0,https://creativecommons.org/licenses/by/4.0/,AI/PlateDetector/datasets/provenance/elpd/elpd_provenance.csv
elpd,filename_prefix_01359_.png,1,license-plate,license_plate,1197.87,783.62,1425.41,863.49,1536,1536,SYNTHETIC,TRAIN_ONLY,https://www.kaggle.com/datasets/tielemarvin/european-license-plate-dataset-elpd,CC BY 4.0,https://creativecommons.org/licenses/by/4.0/,AI/PlateDetector/datasets/provenance/elpd/elpd_provenance.csv
elpd,filename_prefix_01359_.png,2,license-plate,license_plate,288.04,583.2,374.6,606.0,1536,1536,SYNTHETIC,TRAIN_ONLY,https://www.kaggle.com/datasets/tielemarvin/european-license-plate-dataset-elpd,CC BY 4.0,https://creativecommons.org/licenses/by/4.0/,AI/PlateDetector/datasets/provenance/elpd/elpd_provenance.csv
elpd,filename_prefix_01360_.png,1,license-plate,license_plate,681.81,555.4,773.4,581.1,1024,1024,SYNTHETIC,TRAIN_ONLY,https://www.kaggle.com/datasets/tielemarvin/european-license-plate-dataset-elpd,CC BY 4.0,https://creativecommons.org/licenses/by/4.0/,AI/PlateDetector/datasets/provenance/elpd/elpd_provenance.csv
elpd,filename_prefix_01362_.png,1,license-plate,license_plate,1348.45,1130.23,1532.8,1185.19,1536,1536,SYNTHETIC,TRAIN_ONLY,https://www.kaggle.com/datasets/tielemarvin/european-license-plate-dataset-elpd,CC BY 4.0,https://creativecommons.org/licenses/by/4.0/,AI/PlateDetector/datasets/provenance/elpd/elpd_provenance.csv
elpd,filename_prefix_01362_.png,2,license-plate,license_plate,0.0,1268.87,162.79,1327.87,1536,1536,SYNTHETIC,TRAIN_ONLY,https://www.kaggle.com/datasets/tielemarvin/european-license-plate-dataset-elpd,CC BY 4.0,https://creativecommons.org/licenses/by/4.0/,AI/PlateDetector/datasets/provenance/elpd/elpd_provenance.csv
elpd,filename_prefix_01363_.png,1,license-plate,license_plate,125.16,680.69,301.67,726.07,1024,1024,SYNTHETIC,TRAIN_ONLY,https://www.kaggle.com/datasets/tielemarvin/european-license-plate-dataset-elpd,CC BY 4.0,https://creativecommons.org/licenses/by/4.0/,AI/PlateDetector/datasets/provenance/elpd/elpd_provenance.csv
elpd,filename_prefix_01363_.png,2,license-plate,license_plate,736.97,575.65,853.78,610.3,1024,1024,SYNTHETIC,TRAIN_ONLY,https://www.kaggle.com/datasets/tielemarvin/european-license-plate-dataset-elpd,CC BY 4.0,https://creativecommons.org/licenses/by/4.0/,AI/PlateDetector/datasets/provenance/elpd/elpd_provenance.csv
elpd,filename_prefix_01364_.png,1,license-plate,license_plate,441.61,936.08,770.48,1010.37,1536,1536,SYNTHETIC,TRAIN_ONLY,https://www.kaggle.com/datasets/tielemarvin/european-license-plate-dataset-elpd,CC BY 4.0,https://creativecommons.org/licenses/by/4.0/,AI/PlateDetector/datasets/provenance/elpd/elpd_provenance.csv
elpd,filename_prefix_01365_.png,1,license-plate,license_plate,874.42,739.32,1065.15,801.96,1536,1536,SYNTHETIC,TRAIN_ONLY,https://www.kaggle.com/datasets/tielemarvin/european-license-plate-dataset-elpd,CC BY 4.0,https://creativecommons.org/licenses/by/4.0/,AI/PlateDetector/datasets/provenance/elpd/elpd_provenance.csv
elpd,filename_prefix_01366_.png,1,license-plate,license_plate,1402.17,787.36,1522.48,819.62,1536,1536,SYNTHETIC,TRAIN_ONLY,https://www.kaggle.com/datasets/tielemarvin/european-license-plate-dataset-elpd,CC BY 4.0,https://creativecommons.org/licenses/by/4.0/,AI/PlateDetector/datasets/provenance/elpd/elpd_provenance.csv
elpd,filename_prefix_01366_.png,2,license-plate,license_plate,547.82,881.59,841.58,957.53,1536,1536,SYNTHETIC,TRAIN_ONLY,https://www.kaggle.com/datasets/tielemarvin/european-license-plate-dataset-elpd,CC BY 4.0,https://creativecommons.org/licenses/by/4.0/,AI/PlateDetector/datasets/provenance/elpd/elpd_provenance.csv
elpd,filename_prefix_01367_.png,1,license-plate,license_plate,626.33,825.92,896.27,903.95,1536,1536,SYNTHETIC,TRAIN_ONLY,https://www.kaggle.com/datasets/tielemarvin/european-license-plate-dataset-elpd,CC BY 4.0,https://creativecommons.org/licenses/by/4.0/,AI/PlateDetector/datasets/provenance/elpd/elpd_provenance.csv
elpd,filename_prefix_01368_.png,1,license-plate,license_plate,597.06,547.58,765.38,588.82,1024,1024,SYNTHETIC,TRAIN_ONLY,https://www.kaggle.com/datasets/tielemarvin/european-license-plate-dataset-elpd,CC BY 4.0,https://creativecommons.org/licenses/by/4.0/,AI/PlateDetector/datasets/provenance/elpd/elpd_provenance.csv
elpd,filename_prefix_01369_.png,1,license-plate,license_plate,534.21,846.26,667.41,907.25,1536,1536,SYNTHETIC,TRAIN_ONLY,https://www.kaggle.com/datasets/tielemarvin/european-license-plate-dataset-elpd,CC BY 4.0,https://creativecommons.org/licenses/by/4.0/,AI/PlateDetector/datasets/provenance/elpd/elpd_provenance.csv
elpd,filename_prefix_01370_.png,1,license-plate,license_plate,603.06,732.92,726.96,767.92,1024,1024,SYNTHETIC,TRAIN_ONLY,https://www.kaggle.com/datasets/tielemarvin/european-license-plate-dataset-elpd,CC BY 4.0,https://creativecommons.org/licenses/by/4.0/,AI/PlateDetector/datasets/provenance/elpd/elpd_provenance.csv
elpd,filename_prefix_01371_.png,1,license-plate,license_plate,487.68,617.83,668.7,667.37,1024,1024,SYNTHETIC,TRAIN_ONLY,https://www.kaggle.com/datasets/tielemarvin/european-license-plate-dataset-elpd,CC BY 4.0,https://creativecommons.org/licenses/by/4.0/,AI/PlateDetector/datasets/provenance/elpd/elpd_provenance.csv
elpd,filename_prefix_01372_.png,1,license-plate,license_plate,504.8,1065.06,881.34,1190.86,1536,1536,SYNTHETIC,TRAIN_ONLY,https://www.kaggle.com/datasets/tielemarvin/european-license-plate-dataset-elpd,CC BY 4.0,https://creativecommons.org/licenses/by/4.0/,AI/PlateDetector/datasets/provenance/elpd/elpd_provenance.csv
elpd,filename_prefix_01373_.png,1,license-plate,license_plate,188.24,865.29,569.9,969.18,1024,1024,SYNTHETIC,TRAIN_ONLY,https://www.kaggle.com/datasets/tielemarvin/european-license-plate-dataset-elpd,CC BY 4.0,https://creativecommons.org/licenses/by/4.0/,AI/PlateDetector/datasets/provenance/elpd/elpd_provenance.csv
elpd,filename_prefix_01374_.png,1,license-plate,license_plate,807.61,479.31,1024.0,651.64,1024,1024,SYNTHETIC,TRAIN_ONLY,https://www.kaggle.com/datasets/tielemarvin/european-license-plate-dataset-elpd,CC BY 4.0,https://creativecommons.org/licenses/by/4.0/,AI/PlateDetector/datasets/provenance/elpd/elpd_provenance.csv
elpd,filename_prefix_01375_.png,1,license-plate,license_plate,1130.94,996.31,1349.64,1062.59,1536,1536,SYNTHETIC,TRAIN_ONLY,https://www.kaggle.com/datasets/tielemarvin/european-license-plate-dataset-elpd,CC BY 4.0,https://creativecommons.org/licenses/by/4.0/,AI/PlateDetector/datasets/provenance/elpd/elpd_provenance.csv
elpd,filename_prefix_01376_.png,1,license-plate,license_plate,304.71,771.12,376.96,790.15,1024,1024,SYNTHETIC,TRAIN_ONLY,https://www.kaggle.com/datasets/tielemarvin/european-license-plate-dataset-elpd,CC BY 4.0,https://creativecommons.org/licenses/by/4.0/,AI/PlateDetector/datasets/provenance/elpd/elpd_provenance.csv
elpd,filename_prefix_01376_.png,2,license-plate,license_plate,788.39,717.53,867.75,734.23,1024,1024,SYNTHETIC,TRAIN_ONLY,https://www.kaggle.com/datasets/tielemarvin/european-license-plate-dataset-elpd,CC BY 4.0,https://creativecommons.org/licenses/by/4.0/,AI/PlateDetector/datasets/provenance/elpd/elpd_provenance.csv
elpd,filename_prefix_01377_.png,1,license-plate,license_plate,914.84,671.2,996.61,701.88,1024,1024,SYNTHETIC,TRAIN_ONLY,https://www.kaggle.com/datasets/tielemarvin/european-license-plate-dataset-elpd,CC BY 4.0,https://creativecommons.org/licenses/by/4.0/,AI/PlateDetector/datasets/provenance/elpd/elpd_provenance.csv
elpd,filename_prefix_01377_.png,2,license-plate,license_plate,584.49,582.88,725.15,626.42,1024,1024,SYNTHETIC,TRAIN_ONLY,https://www.kaggle.com/datasets/tielemarvin/european-license-plate-dataset-elpd,CC BY 4.0,https://creativecommons.org/licenses/by/4.0/,AI/PlateDetector/datasets/provenance/elpd/elpd_provenance.csv
elpd,filename_prefix_01378_.png,1,license-plate,license_plate,859.6,1195.2,1102.41,1258.23,1536,1536,SYNTHETIC,TRAIN_ONLY,https://www.kaggle.com/datasets/tielemarvin/european-license-plate-dataset-elpd,CC BY 4.0,https://creativecommons.org/licenses/by/4.0/,AI/PlateDetector/datasets/provenance/elpd/elpd_provenance.csv
elpd,filename_prefix_01379_.png,1,license-plate,license_plate,413.24,735.48,545.8,772.47,1024,1024,SYNTHETIC,TRAIN_ONLY,https://www.kaggle.com/datasets/tielemarvin/european-license-plate-dataset-elpd,CC BY 4.0,https://creativecommons.org/licenses/by/4.0/,AI/PlateDetector/datasets/provenance/elpd/elpd_provenance.csv
elpd,filename_prefix_01380_.png,1,license-plate,license_plate,1180.4,1216.18,1328.33,1252.32,1536,1536,SYNTHETIC,TRAIN_ONLY,https://www.kaggle.com/datasets/tielemarvin/european-license-plate-dataset-elpd,CC BY 4.0,https://creativecommons.org/licenses/by/4.0/,AI/PlateDetector/datasets/provenance/elpd/elpd_provenance.csv
elpd,filename_prefix_01381_.png,1,license-plate,license_plate,1127.17,858.82,1322.72,912.56,1536,1536,SYNTHETIC,TRAIN_ONLY,https://www.kaggle.com/datasets/tielemarvin/european-license-plate-dataset-elpd,CC BY 4.0,https://creativecommons.org/licenses/by/4.0/,AI/PlateDetector/datasets/provenance/elpd/elpd_provenance.csv
elpd,filename_prefix_01382_.png,1,license-plate,license_plate,1215.4,817.98,1357.45,895.32,1536,1536,SYNTHETIC,TRAIN_ONLY,https://www.kaggle.com/datasets/tielemarvin/european-license-plate-dataset-elpd,CC BY 4.0,https://creativecommons.org/licenses/by/4.0/,AI/PlateDetector/datasets/provenance/elpd/elpd_provenance.csv
elpd,filename_prefix_01382_.png,2,license-plate,license_plate,98.9,865.48,378.24,1055.4,1536,1536,SYNTHETIC,TRAIN_ONLY,https://www.kaggle.com/datasets/tielemarvin/european-license-plate-dataset-elpd,CC BY 4.0,https://creativecommons.org/licenses/by/4.0/,AI/PlateDetector/datasets/provenance/elpd/elpd_provenance.csv
elpd,filename_prefix_01383_.png,1,license-plate,license_plate,634.84,1326.76,1144.29,1461.06,1536,1536,SYNTHETIC,TRAIN_ONLY,https://www.kaggle.com/datasets/tielemarvin/european-license-plate-dataset-elpd,CC BY 4.0,https://creativecommons.org/licenses/by/4.0/,AI/PlateDetector/datasets/provenance/elpd/elpd_provenance.csv
elpd,filename_prefix_01384_.png,1,license-plate,license_plate,364.33,659.16,544.89,708.17,1024,1024,SYNTHETIC,TRAIN_ONLY,https://www.kaggle.com/datasets/tielemarvin/european-license-plate-dataset-elpd,CC BY 4.0,https://creativecommons.org/licenses/by/4.0/,AI/PlateDetector/datasets/provenance/elpd/elpd_provenance.csv
elpd,filename_prefix_01385_.png,1,license-plate,license_plate,333.78,990.49,543.61,1043.09,1536,1536,SYNTHETIC,TRAIN_ONLY,https://www.kaggle.com/datasets/tielemarvin/european-license-plate-dataset-elpd,CC BY 4.0,https://creativecommons.org/licenses/by/4.0/,AI/PlateDetector/datasets/provenance/elpd/elpd_provenance.csv
elpd,filename_prefix_01385_.png,2,license-plate,license_plate,1073.82,901.6,1169.71,928.92,1536,1536,SYNTHETIC,TRAIN_ONLY,https://www.kaggle.com/datasets/tielemarvin/european-license-plate-dataset-elpd,CC BY 4.0,https://creativecommons.org/licenses/by/4.0/,AI/PlateDetector/datasets/provenance/elpd/elpd_provenance.csv
elpd,filename_prefix_01386_.png,1,license-plate,license_plate,601.06,589.34,777.58,640.66,1024,1024,SYNTHETIC,TRAIN_ONLY,https://www.kaggle.com/datasets/tielemarvin/european-license-plate-dataset-elpd,CC BY 4.0,https://creativecommons.org/licenses/by/4.0/,AI/PlateDetector/datasets/provenance/elpd/elpd_provenance.csv
elpd,filename_prefix_01387_.png,1,license-plate,license_plate,360.28,709.87,501.59,745.94,1024,1024,SYNTHETIC,TRAIN_ONLY,https://www.kaggle.com/datasets/tielemarvin/european-license-plate-dataset-elpd,CC BY 4.0,https://creativecommons.org/licenses/by/4.0/,AI/PlateDetector/datasets/provenance/elpd/elpd_provenance.csv
elpd,filename_prefix_01388_.png,1,license-plate,license_plate,620.81,661.71,725.01,716.43,1024,1024,SYNTHETIC,TRAIN_ONLY,https://www.kaggle.com/datasets/tielemarvin/european-license-plate-dataset-elpd,CC BY 4.0,https://creativecommons.org/licenses/by/4.0/,AI/PlateDetector/datasets/provenance/elpd/elpd_provenance.csv
elpd,filename_prefix_01389_.png,1,license-plate,license_plate,241.9,1122.61,419.37,1224.94,1536,1536,SYNTHETIC,TRAIN_ONLY,https://www.kaggle.com/datasets/tielemarvin/european-license-plate-dataset-elpd,CC BY 4.0,https://creativecommons.org/licenses/by/4.0/,AI/PlateDetector/datasets/provenance/elpd/elpd_provenance.csv
elpd,filename_prefix_01390_.png,1,license-plate,license_plate,478.68,660.1,662.37,705.13,1024,1024,SYNTHETIC,TRAIN_ONLY,https://www.kaggle.com/datasets/tielemarvin/european-license-plate-dataset-elpd,CC BY 4.0,https://creativecommons.org/licenses/by/4.0/,AI/PlateDetector/datasets/provenance/elpd/elpd_provenance.csv
elpd,filename_prefix_01391_.png,1,license-plate,license_plate,447.22,1100.97,653.17,1150.2,1536,1536,SYNTHETIC,TRAIN_ONLY,https://www.kaggle.com/datasets/tielemarvin/european-license-plate-dataset-elpd,CC BY 4.0,https://creativecommons.org/licenses/by/4.0/,AI/PlateDetector/datasets/provenance/elpd/elpd_provenance.csv
elpd,filename_prefix_01392_.png,1,license-plate,license_plate,193.19,735.85,305.54,768.85,1024,1024,SYNTHETIC,TRAIN_ONLY,https://www.kaggle.com/datasets/tielemarvin/european-license-plate-dataset-elpd,CC BY 4.0,https://creativecommons.org/licenses/by/4.0/,AI/PlateDetector/datasets/provenance/elpd/elpd_provenance.csv
elpd,filename_prefix_01393_.png,1,license-plate,license_plate,583.84,701.57,757.25,748.23,1024,1024,SYNTHETIC,TRAIN_ONLY,https://www.kaggle.com/datasets/tielemarvin/european-license-plate-dataset-elpd,CC BY 4.0,https://creativecommons.org/licenses/by/4.0/,AI/PlateDetector/datasets/provenance/elpd/elpd_provenance.csv
elpd,filename_prefix_01393_.png,2,license-plate,license_plate,135.43,580.72,193.57,595.52,1024,1024,SYNTHETIC,TRAIN_ONLY,https://www.kaggle.com/datasets/tielemarvin/european-license-plate-dataset-elpd,CC BY 4.0,https://creativecommons.org/licenses/by/4.0/,AI/PlateDetector/datasets/provenance/elpd/elpd_provenance.csv
elpd,filename_prefix_01394_.png,1,license-plate,license_plate,66.51,1356.76,320.8,1428.9,1536,1536,SYNTHETIC,TRAIN_ONLY,https://www.kaggle.com/datasets/tielemarvin/european-license-plate-dataset-elpd,CC BY 4.0,https://creativecommons.org/licenses/by/4.0/,AI/PlateDetector/datasets/provenance/elpd/elpd_provenance.csv
elpd,filename_prefix_01394_.png,2,license-plate,license_plate,82.4,1175.11,339.04,1245.11,1536,1536,SYNTHETIC,TRAIN_ONLY,https://www.kaggle.com/datasets/tielemarvin/european-license-plate-dataset-elpd,CC BY 4.0,https://creativecommons.org/licenses/by/4.0/,AI/PlateDetector/datasets/provenance/elpd/elpd_provenance.csv
elpd,filename_prefix_01395_.png,1,license-plate,license_plate,599.82,765.83,743.75,817.64,1024,1024,SYNTHETIC,TRAIN_ONLY,https://www.kaggle.com/datasets/tielemarvin/european-license-plate-dataset-elpd,CC BY 4.0,https://creativecommons.org/licenses/by/4.0/,AI/PlateDetector/datasets/provenance/elpd/elpd_provenance.csv
elpd,filename_prefix_01396_.png,1,license-plate,license_plate,283.2,642.5,457.05,737.41,1536,1536,SYNTHETIC,TRAIN_ONLY,https://www.kaggle.com/datasets/tielemarvin/european-license-plate-dataset-elpd,CC BY 4.0,https://creativecommons.org/licenses/by/4.0/,AI/PlateDetector/datasets/provenance/elpd/elpd_provenance.csv
elpd,filename_prefix_01396_.png,2,license-plate,license_plate,390.74,348.91,466.87,370.92,1536,1536,SYNTHETIC,TRAIN_ONLY,https://www.kaggle.com/datasets/tielemarvin/european-license-plate-dataset-elpd,CC BY 4.0,https://creativecommons.org/licenses/by/4.0/,AI/PlateDetector/datasets/provenance/elpd/elpd_provenance.csv
elpd,filename_prefix_01397_.png,1,license-plate,license_plate,504.61,903.77,711.93,962.77,1536,1536,SYNTHETIC,TRAIN_ONLY,https://www.kaggle.com/datasets/tielemarvin/european-license-plate-dataset-elpd,CC BY 4.0,https://creativecommons.org/licenses/by/4.0/,AI/PlateDetector/datasets/provenance/elpd/elpd_provenance.csv
elpd,filename_prefix_01398_.png,1,license-plate,license_plate,967.41,1008.2,1142.81,1116.83,1536,1536,SYNTHETIC,TRAIN_ONLY,https://www.kaggle.com/datasets/tielemarvin/european-license-plate-dataset-elpd,CC BY 4.0,https://creativecommons.org/licenses/by/4.0/,AI/PlateDetector/datasets/provenance/elpd/elpd_provenance.csv
elpd,filename_prefix_01398_.png,2,license-plate,license_plate,28.71,646.58,107.25,666.84,1536,1536,SYNTHETIC,TRAIN_ONLY,https://www.kaggle.com/datasets/tielemarvin/european-license-plate-dataset-elpd,CC BY 4.0,https://creativecommons.org/licenses/by/4.0/,AI/PlateDetector/datasets/provenance/elpd/elpd_provenance.csv
elpd,filename_prefix_01399_.png,1,license-plate,license_plate,671.03,882.29,846.43,930.84,1536,1536,SYNTHETIC,TRAIN_ONLY,https://www.kaggle.com/datasets/tielemarvin/european-license-plate-dataset-elpd,CC BY 4.0,https://creativecommons.org/licenses/by/4.0/,AI/PlateDetector/datasets/provenance/elpd/elpd_provenance.csv
elpd,filename_prefix_01400_.png,1,license-plate,license_plate,0.0,651.43,310.82,752.09,1024,1024,SYNTHETIC,TRAIN_ONLY,https://www.kaggle.com/datasets/tielemarvin/european-license-plate-dataset-elpd,CC BY 4.0,https://creativecommons.org/licenses/by/4.0/,AI/PlateDetector/datasets/provenance/elpd/elpd_provenance.csv
elpd,filename_prefix_01400_.png,2,license-plate,license_plate,796.18,432.6,890.58,457.24,1024,1024,SYNTHETIC,TRAIN_ONLY,https://www.kaggle.com/datasets/tielemarvin/european-license-plate-dataset-elpd,CC BY 4.0,https://creativecommons.org/licenses/by/4.0/,AI/PlateDetector/datasets/provenance/elpd/elpd_provenance.csv
elpd,filename_prefix_01401_.png,1,license-plate,license_plate,954.91,1207.9,1175.8,1266.17,1536,1536,SYNTHETIC,TRAIN_ONLY,https://www.kaggle.com/datasets/tielemarvin/european-license-plate-dataset-elpd,CC BY 4.0,https://creativecommons.org/licenses/by/4.0/,AI/PlateDetector/datasets/provenance/elpd/elpd_provenance.csv
elpd,filename_prefix_01402_.png,1,license-plate,license_plate,495.89,351.05,561.32,366.5,1024,1024,SYNTHETIC,TRAIN_ONLY,https://www.kaggle.com/datasets/tielemarvin/european-license-plate-dataset-elpd,CC BY 4.0,https://creativecommons.org/licenses/by/4.0/,AI/PlateDetector/datasets/provenance/elpd/elpd_provenance.csv
elpd,filename_prefix_01402_.png,2,license-plate,license_plate,719.41,430.16,835.49,469.93,1024,1024,SYNTHETIC,TRAIN_ONLY,https://www.kaggle.com/datasets/tielemarvin/european-license-plate-dataset-elpd,CC BY 4.0,https://creativecommons.org/licenses/by/4.0/,AI/PlateDetector/datasets/provenance/elpd/elpd_provenance.csv
elpd,filename_prefix_01403_.png,1,license-plate,license_plate,0.0,526.65,136.03,573.02,1024,1024,SYNTHETIC,TRAIN_ONLY,https://www.kaggle.com/datasets/tielemarvin/european-license-plate-dataset-elpd,CC BY 4.0,https://creativecommons.org/licenses/by/4.0/,AI/PlateDetector/datasets/provenance/elpd/elpd_provenance.csv
elpd,filename_prefix_01404_.png,1,license-plate,license_plate,0.3,609.94,187.57,667.9,1024,1024,SYNTHETIC,TRAIN_ONLY,https://www.kaggle.com/datasets/tielemarvin/european-license-plate-dataset-elpd,CC BY 4.0,https://creativecommons.org/licenses/by/4.0/,AI/PlateDetector/datasets/provenance/elpd/elpd_provenance.csv
elpd,filename_prefix_01405_.png,1,license-plate,license_plate,724.22,955.28,881.59,994.3,1536,1536,SYNTHETIC,TRAIN_ONLY,https://www.kaggle.com/datasets/tielemarvin/european-license-plate-dataset-elpd,CC BY 4.0,https://creativecommons.org/licenses/by/4.0/,AI/PlateDetector/datasets/provenance/elpd/elpd_provenance.csv
elpd,filename_prefix_01405_.png,2,license-plate,license_plate,0.0,1018.0,106.62,1069.45,1536,1536,SYNTHETIC,TRAIN_ONLY,https://www.kaggle.com/datasets/tielemarvin/european-license-plate-dataset-elpd,CC BY 4.0,https://creativecommons.org/licenses/by/4.0/,AI/PlateDetector/datasets/provenance/elpd/elpd_provenance.csv
elpd,filename_prefix_01406_.png,1,license-plate,license_plate,406.69,616.44,631.09,675.25,1024,1024,SYNTHETIC,TRAIN_ONLY,https://www.kaggle.com/datasets/tielemarvin/european-license-plate-dataset-elpd,CC BY 4.0,https://creativecommons.org/licenses/by/4.0/,AI/PlateDetector/datasets/provenance/elpd/elpd_provenance.csv
elpd,filename_prefix_01407_.png,1,license-plate,license_plate,83.15,719.26,171.85,741.13,1536,1536,SYNTHETIC,TRAIN_ONLY,https://www.kaggle.com/datasets/tielemarvin/european-license-plate-dataset-elpd,CC BY 4.0,https://creativecommons.org/licenses/by/4.0/,AI/PlateDetector/datasets/provenance/elpd/elpd_provenance.csv
elpd,filename_prefix_01407_.png,2,license-plate,license_plate,741.85,906.83,958.6,959.76,1536,1536,SYNTHETIC,TRAIN_ONLY,https://www.kaggle.com/datasets/tielemarvin/european-license-plate-dataset-elpd,CC BY 4.0,https://creativecommons.org/licenses/by/4.0/,AI/PlateDetector/datasets/provenance/elpd/elpd_provenance.csv
elpd,filename_prefix_01408_.png,1,license-plate,license_plate,230.91,691.53,391.0,733.04,1024,1024,SYNTHETIC,TRAIN_ONLY,https://www.kaggle.com/datasets/tielemarvin/european-license-plate-dataset-elpd,CC BY 4.0,https://creativecommons.org/licenses/by/4.0/,AI/PlateDetector/datasets/provenance/elpd/elpd_provenance.csv
elpd,filename_prefix_01409_.png,1,license-plate,license_plate,333.09,485.34,408.72,511.94,1024,1024,SYNTHETIC,TRAIN_ONLY,https://www.kaggle.com/datasets/tielemarvin/european-license-plate-dataset-elpd,CC BY 4.0,https://creativecommons.org/licenses/by/4.0/,AI/PlateDetector/datasets/provenance/elpd/elpd_provenance.csv
elpd,filename_prefix_01410_.png,1,license-plate,license_plate,705.66,970.77,1066.49,1059.5,1536,1536,SYNTHETIC,TRAIN_ONLY,https://www.kaggle.com/datasets/tielemarvin/european-license-plate-dataset-elpd,CC BY 4.0,https://creativecommons.org/licenses/by/4.0/,AI/PlateDetector/datasets/provenance/elpd/elpd_provenance.csv
elpd,filename_prefix_01410_.png,2,license-plate,license_plate,1309.35,679.77,1481.2,726.45,1536,1536,SYNTHETIC,TRAIN_ONLY,https://www.kaggle.com/datasets/tielemarvin/european-license-plate-dataset-elpd,CC BY 4.0,https://creativecommons.org/licenses/by/4.0/,AI/PlateDetector/datasets/provenance/elpd/elpd_provenance.csv
elpd,filename_prefix_01411_.png,1,license-plate,license_plate,474.4,684.66,657.58,743.31,1024,1024,SYNTHETIC,TRAIN_ONLY,https://www.kaggle.com/datasets/tielemarvin/european-license-plate-dataset-elpd,CC BY 4.0,https://creativecommons.org/licenses/by/4.0/,AI/PlateDetector/datasets/provenance/elpd/elpd_provenance.csv
elpd,filename_prefix_01412_.png,1,license-plate,license_plate,1257.62,530.51,1343.12,590.13,1536,1536,SYNTHETIC,TRAIN_ONLY,https://www.kaggle.com/datasets/tielemarvin/european-license-plate-dataset-elpd,CC BY 4.0,https://creativecommons.org/licenses/by/4.0/,AI/PlateDetector/datasets/provenance/elpd/elpd_provenance.csv
elpd,filename_prefix_01412_.png,2,license-plate,license_plate,653.17,875.8,907.76,951.71,1536,1536,SYNTHETIC,TRAIN_ONLY,https://www.kaggle.com/datasets/tielemarvin/european-license-plate-dataset-elpd,CC BY 4.0,https://creativecommons.org/licenses/by/4.0/,AI/PlateDetector/datasets/provenance/elpd/elpd_provenance.csv
elpd,filename_prefix_01413_.png,1,license-plate,license_plate,516.66,1017.6,728.85,1092.81,1536,1536,SYNTHETIC,TRAIN_ONLY,https://www.kaggle.com/datasets/tielemarvin/european-license-plate-dataset-elpd,CC BY 4.0,https://creativecommons.org/licenses/by/4.0/,AI/PlateDetector/datasets/provenance/elpd/elpd_provenance.csv
elpd,filename_prefix_01414_.png,1,license-plate,license_plate,805.7,761.42,1120.04,850.44,1536,1536,SYNTHETIC,TRAIN_ONLY,https://www.kaggle.com/datasets/tielemarvin/european-license-plate-dataset-elpd,CC BY 4.0,https://creativecommons.org/licenses/by/4.0/,AI/PlateDetector/datasets/provenance/elpd/elpd_provenance.csv
elpd,filename_prefix_01415_.png,1,license-plate,license_plate,738.68,880.67,943.34,938.92,1536,1536,SYNTHETIC,TRAIN_ONLY,https://www.kaggle.com/datasets/tielemarvin/european-license-plate-dataset-elpd,CC BY 4.0,https://creativecommons.org/licenses/by/4.0/,AI/PlateDetector/datasets/provenance/elpd/elpd_provenance.csv
elpd,filename_prefix_01416_.png,1,license-plate,license_plate,24.55,719.31,206.47,771.7,1024,1024,SYNTHETIC,TRAIN_ONLY,https://www.kaggle.com/datasets/tielemarvin/european-license-plate-dataset-elpd,CC BY 4.0,https://creativecommons.org/licenses/by/4.0/,AI/PlateDetector/datasets/provenance/elpd/elpd_provenance.csv
elpd,filename_prefix_01416_.png,2,license-plate,license_plate,695.34,618.53,783.43,639.92,1024,1024,SYNTHETIC,TRAIN_ONLY,https://www.kaggle.com/datasets/tielemarvin/european-license-plate-dataset-elpd,CC BY 4.0,https://creativecommons.org/licenses/by/4.0/,AI/PlateDetector/datasets/provenance/elpd/elpd_provenance.csv
elpd,filename_prefix_01417_.png,1,license-plate,license_plate,825.04,884.16,951.15,926.41,1536,1536,SYNTHETIC,TRAIN_ONLY,https://www.kaggle.com/datasets/tielemarvin/european-license-plate-dataset-elpd,CC BY 4.0,https://creativecommons.org/licenses/by/4.0/,AI/PlateDetector/datasets/provenance/elpd/elpd_provenance.csv
elpd,filename_prefix_01418_.png,1,license-plate,license_plate,437.39,505.5,660.03,559.81,1024,1024,SYNTHETIC,TRAIN_ONLY,https://www.kaggle.com/datasets/tielemarvin/european-license-plate-dataset-elpd,CC BY 4.0,https://creativecommons.org/licenses/by/4.0/,AI/PlateDetector/datasets/provenance/elpd/elpd_provenance.csv
elpd,filename_prefix_01419_.png,1,license-plate,license_plate,499.91,798.33,716.09,855.75,1024,1024,SYNTHETIC,TRAIN_ONLY,https://www.kaggle.com/datasets/tielemarvin/european-license-plate-dataset-elpd,CC BY 4.0,https://creativecommons.org/licenses/by/4.0/,AI/PlateDetector/datasets/provenance/elpd/elpd_provenance.csv
elpd,filename_prefix_01420_.png,1,license-plate,license_plate,844.47,596.02,952.99,623.68,1024,1024,SYNTHETIC,TRAIN_ONLY,https://www.kaggle.com/datasets/tielemarvin/european-license-plate-dataset-elpd,CC BY 4.0,https://creativecommons.org/licenses/by/4.0/,AI/PlateDetector/datasets/provenance/elpd/elpd_provenance.csv
elpd,filename_prefix_01420_.png,2,license-plate,license_plate,0.0,695.53,135.95,747.12,1024,1024,SYNTHETIC,TRAIN_ONLY,https://www.kaggle.com/datasets/tielemarvin/european-license-plate-dataset-elpd,CC BY 4.0,https://creativecommons.org/licenses/by/4.0/,AI/PlateDetector/datasets/provenance/elpd/elpd_provenance.csv
elpd,filename_prefix_01421_.png,1,license-plate,license_plate,1114.85,789.35,1214.09,814.99,1536,1536,SYNTHETIC,TRAIN_ONLY,https://www.kaggle.com/datasets/tielemarvin/european-license-plate-dataset-elpd,CC BY 4.0,https://creativecommons.org/licenses/by/4.0/,AI/PlateDetector/datasets/provenance/elpd/elpd_provenance.csv
elpd,filename_prefix_01421_.png,2,license-plate,license_plate,464.94,903.08,739.2,978.7,1536,1536,SYNTHETIC,TRAIN_ONLY,https://www.kaggle.com/datasets/tielemarvin/european-license-plate-dataset-elpd,CC BY 4.0,https://creativecommons.org/licenses/by/4.0/,AI/PlateDetector/datasets/provenance/elpd/elpd_provenance.csv
elpd,filename_prefix_01422_.png,1,license-plate,license_plate,247.73,647.15,355.25,700.76,1024,1024,SYNTHETIC,TRAIN_ONLY,https://www.kaggle.com/datasets/tielemarvin/european-license-plate-dataset-elpd,CC BY 4.0,https://creativecommons.org/licenses/by/4.0/,AI/PlateDetector/datasets/provenance/elpd/elpd_provenance.csv
elpd,filename_prefix_01423_.png,1,license-plate,license_plate,634.6,885.24,912.4,957.21,1536,1536,SYNTHETIC,TRAIN_ONLY,https://www.kaggle.com/datasets/tielemarvin/european-license-plate-dataset-elpd,CC BY 4.0,https://creativecommons.org/licenses/by/4.0/,AI/PlateDetector/datasets/provenance/elpd/elpd_provenance.csv
elpd,filename_prefix_01424_.png,1,license-plate,license_plate,899.67,629.04,969.33,681.31,1024,1024,SYNTHETIC,TRAIN_ONLY,https://www.kaggle.com/datasets/tielemarvin/european-license-plate-dataset-elpd,CC BY 4.0,https://creativecommons.org/licenses/by/4.0/,AI/PlateDetector/datasets/provenance/elpd/elpd_provenance.csv
elpd,filename_prefix_01424_.png,2,license-plate,license_plate,296.98,824.67,489.15,879.51,1024,1024,SYNTHETIC,TRAIN_ONLY,https://www.kaggle.com/datasets/tielemarvin/european-license-plate-dataset-elpd,CC BY 4.0,https://creativecommons.org/licenses/by/4.0/,AI/PlateDetector/datasets/provenance/elpd/elpd_provenance.csv
elpd,filename_prefix_01425_.png,1,license-plate,license_plate,307.92,533.78,422.76,560.37,1024,1024,SYNTHETIC,TRAIN_ONLY,https://www.kaggle.com/datasets/tielemarvin/european-license-plate-dataset-elpd,CC BY 4.0,https://creativecommons.org/licenses/by/4.0/,AI/PlateDetector/datasets/provenance/elpd/elpd_provenance.csv
elpd,filename_prefix_01426_.png,1,license-plate,license_plate,47.45,1201.21,312.78,1281.07,1536,1536,SYNTHETIC,TRAIN_ONLY,https://www.kaggle.com/datasets/tielemarvin/european-license-plate-dataset-elpd,CC BY 4.0,https://creativecommons.org/licenses/by/4.0/,AI/PlateDetector/datasets/provenance/elpd/elpd_provenance.csv
elpd,filename_prefix_01426_.png,2,license-plate,license_plate,1195.4,1055.63,1359.56,1105.98,1536,1536,SYNTHETIC,TRAIN_ONLY,https://www.kaggle.com/datasets/tielemarvin/european-license-plate-dataset-elpd,CC BY 4.0,https://creativecommons.org/licenses/by/4.0/,AI/PlateDetector/datasets/provenance/elpd/elpd_provenance.csv
elpd,filename_prefix_01427_.png,1,license-plate,license_plate,339.32,733.6,497.5,778.34,1024,1024,SYNTHETIC,TRAIN_ONLY,https://www.kaggle.com/datasets/tielemarvin/european-license-plate-dataset-elpd,CC BY 4.0,https://creativecommons.org/licenses/by/4.0/,AI/PlateDetector/datasets/provenance/elpd/elpd_provenance.csv
elpd,filename_prefix_01428_.png,1,license-plate,license_plate,566.95,989.14,738.36,1060.43,1536,1536,SYNTHETIC,TRAIN_ONLY,https://www.kaggle.com/datasets/tielemarvin/european-license-plate-dataset-elpd,CC BY 4.0,https://creativecommons.org/licenses/by/4.0/,AI/PlateDetector/datasets/provenance/elpd/elpd_provenance.csv
elpd,filename_prefix_01429_.png,1,license-plate,license_plate,0.0,1148.59,218.78,1222.1,1536,1536,SYNTHETIC,TRAIN_ONLY,https://www.kaggle.com/datasets/tielemarvin/european-license-plate-dataset-elpd,CC BY 4.0,https://creativecommons.org/licenses/by/4.0/,AI/PlateDetector/datasets/provenance/elpd/elpd_provenance.csv
elpd,filename_prefix_01430_.png,1,license-plate,license_plate,193.89,1019.93,533.2,1119.4,1536,1536,SYNTHETIC,TRAIN_ONLY,https://www.kaggle.com/datasets/tielemarvin/european-license-plate-dataset-elpd,CC BY 4.0,https://creativecommons.org/licenses/by/4.0/,AI/PlateDetector/datasets/provenance/elpd/elpd_provenance.csv
elpd,filename_prefix_01431_.png,1,license-plate,license_plate,568.2,468.59,676.61,517.55,1536,1536,SYNTHETIC,TRAIN_ONLY,https://www.kaggle.com/datasets/tielemarvin/european-license-plate-dataset-elpd,CC BY 4.0,https://creativecommons.org/licenses/by/4.0/,AI/PlateDetector/datasets/provenance/elpd/elpd_provenance.csv
elpd,filename_prefix_01432_.png,1,license-plate,license_plate,399.9,452.3,459.32,472.4,1024,1024,SYNTHETIC,TRAIN_ONLY,https://www.kaggle.com/datasets/tielemarvin/european-license-plate-dataset-elpd,CC BY 4.0,https://creativecommons.org/licenses/by/4.0/,AI/PlateDetector/datasets/provenance/elpd/elpd_provenance.csv
elpd,filename_prefix_01432_.png,2,license-plate,license_plate,703.97,579.84,881.83,642.16,1024,1024,SYNTHETIC,TRAIN_ONLY,https://www.kaggle.com/datasets/tielemarvin/european-license-plate-dataset-elpd,CC BY 4.0,https://creativecommons.org/licenses/by/4.0/,AI/PlateDetector/datasets/provenance/elpd/elpd_provenance.csv
elpd,filename_prefix_01433_.png,1,license-plate,license_plate,838.0,990.49,1011.6,1048.6,1536,1536,SYNTHETIC,TRAIN_ONLY,https://www.kaggle.com/datasets/tielemarvin/european-license-plate-dataset-elpd,CC BY 4.0,https://creativecommons.org/licenses/by/4.0/,AI/PlateDetector/datasets/provenance/elpd/elpd_provenance.csv
elpd,filename_prefix_01433_.png,2,license-plate,license_plate,1349.0,857.81,1422.26,878.52,1536,1536,SYNTHETIC,TRAIN_ONLY,https://www.kaggle.com/datasets/tielemarvin/european-license-plate-dataset-elpd,CC BY 4.0,https://creativecommons.org/licenses/by/4.0/,AI/PlateDetector/datasets/provenance/elpd/elpd_provenance.csv
elpd,filename_prefix_01434_.png,1,license-plate,license_plate,23.71,836.46,219.55,888.45,1024,1024,SYNTHETIC,TRAIN_ONLY,https://www.kaggle.com/datasets/tielemarvin/european-license-plate-dataset-elpd,CC BY 4.0,https://creativecommons.org/licenses/by/4.0/,AI/PlateDetector/datasets/provenance/elpd/elpd_provenance.csv
elpd,filename_prefix_01435_.png,1,license-plate,license_plate,237.2,654.74,357.86,687.6,1024,1024,SYNTHETIC,TRAIN_ONLY,https://www.kaggle.com/datasets/tielemarvin/european-license-plate-dataset-elpd,CC BY 4.0,https://creativecommons.org/licenses/by/4.0/,AI/PlateDetector/datasets/provenance/elpd/elpd_provenance.csv
elpd,filename_prefix_01436_.png,1,license-plate,license_plate,674.1,519.35,753.57,559.1,1024,1024,SYNTHETIC,TRAIN_ONLY,https://www.kaggle.com/datasets/tielemarvin/european-license-plate-dataset-elpd,CC BY 4.0,https://creativecommons.org/licenses/by/4.0/,AI/PlateDetector/datasets/provenance/elpd/elpd_provenance.csv
elpd,filename_prefix_01437_.png,1,license-plate,license_plate,860.99,781.89,1035.43,850.15,1536,1536,SYNTHETIC,TRAIN_ONLY,https://www.kaggle.com/datasets/tielemarvin/european-license-plate-dataset-elpd,CC BY 4.0,https://creativecommons.org/licenses/by/4.0/,AI/PlateDetector/datasets/provenance/elpd/elpd_provenance.csv
elpd,filename_prefix_01438_.png,1,license-plate,license_plate,610.3,663.95,694.64,684.13,1024,1024,SYNTHETIC,TRAIN_ONLY,https://www.kaggle.com/datasets/tielemarvin/european-license-plate-dataset-elpd,CC BY 4.0,https://creativecommons.org/licenses/by/4.0/,AI/PlateDetector/datasets/provenance/elpd/elpd_provenance.csv
elpd,filename_prefix_01438_.png,2,license-plate,license_plate,0.0,727.29,131.75,772.32,1024,1024,SYNTHETIC,TRAIN_ONLY,https://www.kaggle.com/datasets/tielemarvin/european-license-plate-dataset-elpd,CC BY 4.0,https://creativecommons.org/licenses/by/4.0/,AI/PlateDetector/datasets/provenance/elpd/elpd_provenance.csv
elpd,filename_prefix_01439_.png,1,license-plate,license_plate,501.83,1000.89,812.27,1082.52,1536,1536,SYNTHETIC,TRAIN_ONLY,https://www.kaggle.com/datasets/tielemarvin/european-license-plate-dataset-elpd,CC BY 4.0,https://creativecommons.org/licenses/by/4.0/,AI/PlateDetector/datasets/provenance/elpd/elpd_provenance.csv
elpd,filename_prefix_01439_.png,2,license-plate,license_plate,1100.5,753.5,1171.58,771.09,1536,1536,SYNTHETIC,TRAIN_ONLY,https://www.kaggle.com/datasets/tielemarvin/european-license-plate-dataset-elpd,CC BY 4.0,https://creativecommons.org/licenses/by/4.0/,AI/PlateDetector/datasets/provenance/elpd/elpd_provenance.csv
elpd,filename_prefix_01440_.png,1,license-plate,license_plate,337.81,685.37,443.57,713.22,1024,1024,SYNTHETIC,TRAIN_ONLY,https://www.kaggle.com/datasets/tielemarvin/european-license-plate-dataset-elpd,CC BY 4.0,https://creativecommons.org/licenses/by/4.0/,AI/PlateDetector/datasets/provenance/elpd/elpd_provenance.csv
elpd,filename_prefix_01441_.png,1,license-plate,license_plate,356.11,808.8,526.43,853.87,1024,1024,SYNTHETIC,TRAIN_ONLY,https://www.kaggle.com/datasets/tielemarvin/european-license-plate-dataset-elpd,CC BY 4.0,https://creativecommons.org/licenses/by/4.0/,AI/PlateDetector/datasets/provenance/elpd/elpd_provenance.csv
elpd,filename_prefix_01442_.png,1,license-plate,license_plate,622.63,712.34,774.65,760.31,1536,1536,SYNTHETIC,TRAIN_ONLY,https://www.kaggle.com/datasets/tielemarvin/european-license-plate-dataset-elpd,CC BY 4.0,https://creativecommons.org/licenses/by/4.0/,AI/PlateDetector/datasets/provenance/elpd/elpd_provenance.csv
elpd,filename_prefix_01443_.png,1,license-plate,license_plate,396.7,703.8,655.0,769.1,1024,1024,SYNTHETIC,TRAIN_ONLY,https://www.kaggle.com/datasets/tielemarvin/european-license-plate-dataset-elpd,CC BY 4.0,https://creativecommons.org/licenses/by/4.0/,AI/PlateDetector/datasets/provenance/elpd/elpd_provenance.csv
elpd,filename_prefix_01444_.png,1,license-plate,license_plate,1269.23,844.5,1417.3,880.25,1536,1536,SYNTHETIC,TRAIN_ONLY,https://www.kaggle.com/datasets/tielemarvin/european-license-plate-dataset-elpd,CC BY 4.0,https://creativecommons.org/licenses/by/4.0/,AI/PlateDetector/datasets/provenance/elpd/elpd_provenance.csv
elpd,filename_prefix_01444_.png,2,license-plate,license_plate,446.62,875.92,639.23,928.09,1536,1536,SYNTHETIC,TRAIN_ONLY,https://www.kaggle.com/datasets/tielemarvin/european-license-plate-dataset-elpd,CC BY 4.0,https://creativecommons.org/licenses/by/4.0/,AI/PlateDetector/datasets/provenance/elpd/elpd_provenance.csv
elpd,filename_prefix_01445_.png,1,license-plate,license_plate,704.84,1076.73,914.16,1132.68,1536,1536,SYNTHETIC,TRAIN_ONLY,https://www.kaggle.com/datasets/tielemarvin/european-license-plate-dataset-elpd,CC BY 4.0,https://creativecommons.org/licenses/by/4.0/,AI/PlateDetector/datasets/provenance/elpd/elpd_provenance.csv
elpd,filename_prefix_01446_.png,1,license-plate,license_plate,924.41,830.88,1208.9,919.9,1536,1536,SYNTHETIC,TRAIN_ONLY,https://www.kaggle.com/datasets/tielemarvin/european-license-plate-dataset-elpd,CC BY 4.0,https://creativecommons.org/licenses/by/4.0/,AI/PlateDetector/datasets/provenance/elpd/elpd_provenance.csv
elpd,filename_prefix_01446_.png,2,license-plate,license_plate,1337.72,507.66,1418.33,528.59,1536,1536,SYNTHETIC,TRAIN_ONLY,https://www.kaggle.com/datasets/tielemarvin/european-license-plate-dataset-elpd,CC BY 4.0,https://creativecommons.org/licenses/by/4.0/,AI/PlateDetector/datasets/provenance/elpd/elpd_provenance.csv
elpd,filename_prefix_01447_.png,1,license-plate,license_plate,1360.59,1241.84,1535.9,1298.8,1536,1536,SYNTHETIC,TRAIN_ONLY,https://www.kaggle.com/datasets/tielemarvin/european-license-plate-dataset-elpd,CC BY 4.0,https://creativecommons.org/licenses/by/4.0/,AI/PlateDetector/datasets/provenance/elpd/elpd_provenance.csv
elpd,filename_prefix_01447_.png,2,license-plate,license_plate,196.73,1208.23,408.87,1264.88,1536,1536,SYNTHETIC,TRAIN_ONLY,https://www.kaggle.com/datasets/tielemarvin/european-license-plate-dataset-elpd,CC BY 4.0,https://creativecommons.org/licenses/by/4.0/,AI/PlateDetector/datasets/provenance/elpd/elpd_provenance.csv
elpd,filename_prefix_01448_.png,1,license-plate,license_plate,305.77,672.14,470.74,717.22,1024,1024,SYNTHETIC,TRAIN_ONLY,https://www.kaggle.com/datasets/tielemarvin/european-license-plate-dataset-elpd,CC BY 4.0,https://creativecommons.org/licenses/by/4.0/,AI/PlateDetector/datasets/provenance/elpd/elpd_provenance.csv
elpd,filename_prefix_01449_.png,1,license-plate,license_plate,681.87,1107.19,952.97,1175.46,1536,1536,SYNTHETIC,TRAIN_ONLY,https://www.kaggle.com/datasets/tielemarvin/european-license-plate-dataset-elpd,CC BY 4.0,https://creativecommons.org/licenses/by/4.0/,AI/PlateDetector/datasets/provenance/elpd/elpd_provenance.csv
elpd,filename_prefix_01450_.png,1,license-plate,license_plate,45.64,718.24,327.4,792.8,1024,1024,SYNTHETIC,TRAIN_ONLY,https://www.kaggle.com/datasets/tielemarvin/european-license-plate-dataset-elpd,CC BY 4.0,https://creativecommons.org/licenses/by/4.0/,AI/PlateDetector/datasets/provenance/elpd/elpd_provenance.csv
elpd,filename_prefix_01451_.png,1,license-plate,license_plate,310.47,624.29,414.39,647.63,1024,1024,SYNTHETIC,TRAIN_ONLY,https://www.kaggle.com/datasets/tielemarvin/european-license-plate-dataset-elpd,CC BY 4.0,https://creativecommons.org/licenses/by/4.0/,AI/PlateDetector/datasets/provenance/elpd/elpd_provenance.csv
elpd,filename_prefix_01452_.png,1,license-plate,license_plate,458.29,666.77,598.17,705.3,1024,1024,SYNTHETIC,TRAIN_ONLY,https://www.kaggle.com/datasets/tielemarvin/european-license-plate-dataset-elpd,CC BY 4.0,https://creativecommons.org/licenses/by/4.0/,AI/PlateDetector/datasets/provenance/elpd/elpd_provenance.csv
elpd,filename_prefix_01453_.png,1,license-plate,license_plate,100.84,1006.55,199.62,1032.59,1536,1536,SYNTHETIC,TRAIN_ONLY,https://www.kaggle.com/datasets/tielemarvin/european-license-plate-dataset-elpd,CC BY 4.0,https://creativecommons.org/licenses/by/4.0/,AI/PlateDetector/datasets/provenance/elpd/elpd_provenance.csv
elpd,filename_prefix_01454_.png,1,license-plate,license_plate,632.13,548.1,728.05,580.44,1024,1024,SYNTHETIC,TRAIN_ONLY,https://www.kaggle.com/datasets/tielemarvin/european-license-plate-dataset-elpd,CC BY 4.0,https://creativecommons.org/licenses/by/4.0/,AI/PlateDetector/datasets/provenance/elpd/elpd_provenance.csv
elpd,filename_prefix_01454_.png,2,license-plate,license_plate,894.0,577.77,944.75,595.45,1024,1024,SYNTHETIC,TRAIN_ONLY,https://www.kaggle.com/datasets/tielemarvin/european-license-plate-dataset-elpd,CC BY 4.0,https://creativecommons.org/licenses/by/4.0/,AI/PlateDetector/datasets/provenance/elpd/elpd_provenance.csv
elpd,filename_prefix_01454_.png,3,license-plate,license_plate,24.83,609.74,173.91999999999996,652.56,1024,1024,SYNTHETIC,TRAIN_ONLY,https://www.kaggle.com/datasets/tielemarvin/european-license-plate-dataset-elpd,CC BY 4.0,https://creativecommons.org/licenses/by/4.0/,AI/PlateDetector/datasets/provenance/elpd/elpd_provenance.csv
elpd,filename_prefix_01455_.png,1,license-plate,license_plate,605.4,1181.5,1048.14,1297.9,1536,1536,SYNTHETIC,TRAIN_ONLY,https://www.kaggle.com/datasets/tielemarvin/european-license-plate-dataset-elpd,CC BY 4.0,https://creativecommons.org/licenses/by/4.0/,AI/PlateDetector/datasets/provenance/elpd/elpd_provenance.csv
elpd,filename_prefix_01456_.png,1,license-plate,license_plate,660.71,576.77,832.5,646.98,1024,1024,SYNTHETIC,TRAIN_ONLY,https://www.kaggle.com/datasets/tielemarvin/european-license-plate-dataset-elpd,CC BY 4.0,https://creativecommons.org/licenses/by/4.0/,AI/PlateDetector/datasets/provenance/elpd/elpd_provenance.csv
elpd,filename_prefix_01457_.png,1,license-plate,license_plate,278.36,765.46,369.95,796.8,1024,1024,SYNTHETIC,TRAIN_ONLY,https://www.kaggle.com/datasets/tielemarvin/european-license-plate-dataset-elpd,CC BY 4.0,https://creativecommons.org/licenses/by/4.0/,AI/PlateDetector/datasets/provenance/elpd/elpd_provenance.csv
elpd,filename_prefix_01458_.png,1,license-plate,license_plate,807.16,990.9,1009.91,1046.2,1536,1536,SYNTHETIC,TRAIN_ONLY,https://www.kaggle.com/datasets/tielemarvin/european-license-plate-dataset-elpd,CC BY 4.0,https://creativecommons.org/licenses/by/4.0/,AI/PlateDetector/datasets/provenance/elpd/elpd_provenance.csv
elpd,filename_prefix_01459_.png,1,license-plate,license_plate,272.93,641.3,413.59,670.58,1024,1024,SYNTHETIC,TRAIN_ONLY,https://www.kaggle.com/datasets/tielemarvin/european-license-plate-dataset-elpd,CC BY 4.0,https://creativecommons.org/licenses/by/4.0/,AI/PlateDetector/datasets/provenance/elpd/elpd_provenance.csv
elpd,filename_prefix_01460_.png,1,license-plate,license_plate,1124.5,1067.25,1358.2,1123.8,1536,1536,SYNTHETIC,TRAIN_ONLY,https://www.kaggle.com/datasets/tielemarvin/european-license-plate-dataset-elpd,CC BY 4.0,https://creativecommons.org/licenses/by/4.0/,AI/PlateDetector/datasets/provenance/elpd/elpd_provenance.csv
elpd,filename_prefix_01460_.png,2,license-plate,license_plate,262.21,1154.66,474.03,1382.47,1536,1536,SYNTHETIC,TRAIN_ONLY,https://www.kaggle.com/datasets/tielemarvin/european-license-plate-dataset-elpd,CC BY 4.0,https://creativecommons.org/licenses/by/4.0/,AI/PlateDetector/datasets/provenance/elpd/elpd_provenance.csv
elpd,filename_prefix_01461_.png,1,license-plate,license_plate,6.8,1027.01,239.72,1087.44,1536,1536,SYNTHETIC,TRAIN_ONLY,https://www.kaggle.com/datasets/tielemarvin/european-license-plate-dataset-elpd,CC BY 4.0,https://creativecommons.org/licenses/by/4.0/,AI/PlateDetector/datasets/provenance/elpd/elpd_provenance.csv
elpd,filename_prefix_01462_.png,1,license-plate,license_plate,390.2,933.0,525.3,973.95,1536,1536,SYNTHETIC,TRAIN_ONLY,https://www.kaggle.com/datasets/tielemarvin/european-license-plate-dataset-elpd,CC BY 4.0,https://creativecommons.org/licenses/by/4.0/,AI/PlateDetector/datasets/provenance/elpd/elpd_provenance.csv
elpd,filename_prefix_01463_.png,1,license-plate,license_plate,705.33,1019.04,994.74,1104.16,1536,1536,SYNTHETIC,TRAIN_ONLY,https://www.kaggle.com/datasets/tielemarvin/european-license-plate-dataset-elpd,CC BY 4.0,https://creativecommons.org/licenses/by/4.0/,AI/PlateDetector/datasets/provenance/elpd/elpd_provenance.csv
elpd,filename_prefix_01464_.png,1,license-plate,license_plate,398.7,567.03,486.78,595.53,1024,1024,SYNTHETIC,TRAIN_ONLY,https://www.kaggle.com/datasets/tielemarvin/european-license-plate-dataset-elpd,CC BY 4.0,https://creativecommons.org/licenses/by/4.0/,AI/PlateDetector/datasets/provenance/elpd/elpd_provenance.csv
elpd,filename_prefix_01465_.png,1,license-plate,license_plate,222.55,640.52,307.05,664.38,1536,1536,SYNTHETIC,TRAIN_ONLY,https://www.kaggle.com/datasets/tielemarvin/european-license-plate-dataset-elpd,CC BY 4.0,https://creativecommons.org/licenses/by/4.0/,AI/PlateDetector/datasets/provenance/elpd/elpd_provenance.csv
elpd,filename_prefix_01465_.png,2,license-plate,license_plate,1135.9,835.6,1415.7,921.96,1536,1536,SYNTHETIC,TRAIN_ONLY,https://www.kaggle.com/datasets/tielemarvin/european-license-plate-dataset-elpd,CC BY 4.0,https://creativecommons.org/licenses/by/4.0/,AI/PlateDetector/datasets/provenance/elpd/elpd_provenance.csv
elpd,filename_prefix_01466_.png,1,license-plate,license_plate,811.05,497.88,862.7,517.6,1024,1024,SYNTHETIC,TRAIN_ONLY,https://www.kaggle.com/datasets/tielemarvin/european-license-plate-dataset-elpd,CC BY 4.0,https://creativecommons.org/licenses/by/4.0/,AI/PlateDetector/datasets/provenance/elpd/elpd_provenance.csv
elpd,filename_prefix_01467_.png,1,license-plate,license_plate,180.49,515.21,301.5,554.2,1024,1024,SYNTHETIC,TRAIN_ONLY,https://www.kaggle.com/datasets/tielemarvin/european-license-plate-dataset-elpd,CC BY 4.0,https://creativecommons.org/licenses/by/4.0/,AI/PlateDetector/datasets/provenance/elpd/elpd_provenance.csv
elpd,filename_prefix_01468_.png,1,license-plate,license_plate,322.03,699.21,459.6,760.52,1024,1024,SYNTHETIC,TRAIN_ONLY,https://www.kaggle.com/datasets/tielemarvin/european-license-plate-dataset-elpd,CC BY 4.0,https://creativecommons.org/licenses/by/4.0/,AI/PlateDetector/datasets/provenance/elpd/elpd_provenance.csv
elpd,filename_prefix_01469_.png,1,license-plate,license_plate,284.1,1040.43,542.89,1107.7,1536,1536,SYNTHETIC,TRAIN_ONLY,https://www.kaggle.com/datasets/tielemarvin/european-license-plate-dataset-elpd,CC BY 4.0,https://creativecommons.org/licenses/by/4.0/,AI/PlateDetector/datasets/provenance/elpd/elpd_provenance.csv
elpd,filename_prefix_01470_.png,1,license-plate,license_plate,922.1,517.29,983.62,541.63,1024,1024,SYNTHETIC,TRAIN_ONLY,https://www.kaggle.com/datasets/tielemarvin/european-license-plate-dataset-elpd,CC BY 4.0,https://creativecommons.org/licenses/by/4.0/,AI/PlateDetector/datasets/provenance/elpd/elpd_provenance.csv
elpd,filename_prefix_01470_.png,2,license-plate,license_plate,191.2,586.61,279.1,612.0,1024,1024,SYNTHETIC,TRAIN_ONLY,https://www.kaggle.com/datasets/tielemarvin/european-license-plate-dataset-elpd,CC BY 4.0,https://creativecommons.org/licenses/by/4.0/,AI/PlateDetector/datasets/provenance/elpd/elpd_provenance.csv
elpd,filename_prefix_01470_.png,3,license-plate,license_plate,563.62,543.24,643.23,567.22,1024,1024,SYNTHETIC,TRAIN_ONLY,https://www.kaggle.com/datasets/tielemarvin/european-license-plate-dataset-elpd,CC BY 4.0,https://creativecommons.org/licenses/by/4.0/,AI/PlateDetector/datasets/provenance/elpd/elpd_provenance.csv
elpd,filename_prefix_01471_.png,1,license-plate,license_plate,1418.62,860.83,1526.85,888.45,1536,1536,SYNTHETIC,TRAIN_ONLY,https://www.kaggle.com/datasets/tielemarvin/european-license-plate-dataset-elpd,CC BY 4.0,https://creativecommons.org/licenses/by/4.0/,AI/PlateDetector/datasets/provenance/elpd/elpd_provenance.csv
elpd,filename_prefix_01471_.png,2,license-plate,license_plate,239.01,1165.33,524.63,1244.12,1536,1536,SYNTHETIC,TRAIN_ONLY,https://www.kaggle.com/datasets/tielemarvin/european-license-plate-dataset-elpd,CC BY 4.0,https://creativecommons.org/licenses/by/4.0/,AI/PlateDetector/datasets/provenance/elpd/elpd_provenance.csv
elpd,filename_prefix_01472_.png,1,license-plate,license_plate,88.57,672.69,330.91,735.42,1024,1024,SYNTHETIC,TRAIN_ONLY,https://www.kaggle.com/datasets/tielemarvin/european-license-plate-dataset-elpd,CC BY 4.0,https://creativecommons.org/licenses/by/4.0/,AI/PlateDetector/datasets/provenance/elpd/elpd_provenance.csv
elpd,filename_prefix_01472_.png,2,license-plate,license_plate,727.75,606.92,831.7,635.9,1024,1024,SYNTHETIC,TRAIN_ONLY,https://www.kaggle.com/datasets/tielemarvin/european-license-plate-dataset-elpd,CC BY 4.0,https://creativecommons.org/licenses/by/4.0/,AI/PlateDetector/datasets/provenance/elpd/elpd_provenance.csv
elpd,filename_prefix_01473_.png,1,license-plate,license_plate,696.94,538.83,893.47,591.66,1024,1024,SYNTHETIC,TRAIN_ONLY,https://www.kaggle.com/datasets/tielemarvin/european-license-plate-dataset-elpd,CC BY 4.0,https://creativecommons.org/licenses/by/4.0/,AI/PlateDetector/datasets/provenance/elpd/elpd_provenance.csv
elpd,filename_prefix_01474_.png,1,license-plate,license_plate,1166.1,573.7,1239.04,593.68,1536,1536,SYNTHETIC,TRAIN_ONLY,https://www.kaggle.com/datasets/tielemarvin/european-license-plate-dataset-elpd,CC BY 4.0,https://creativecommons.org/licenses/by/4.0/,AI/PlateDetector/datasets/provenance/elpd/elpd_provenance.csv
elpd,filename_prefix_01474_.png,2,license-plate,license_plate,883.27,897.35,1032.2,939.3,1536,1536,SYNTHETIC,TRAIN_ONLY,https://www.kaggle.com/datasets/tielemarvin/european-license-plate-dataset-elpd,CC BY 4.0,https://creativecommons.org/licenses/by/4.0/,AI/PlateDetector/datasets/provenance/elpd/elpd_provenance.csv
elpd,filename_prefix_01474_.png,3,license-plate,license_plate,27.81,728.52,132.9,753.9,1536,1536,SYNTHETIC,TRAIN_ONLY,https://www.kaggle.com/datasets/tielemarvin/european-license-plate-dataset-elpd,CC BY 4.0,https://creativecommons.org/licenses/by/4.0/,AI/PlateDetector/datasets/provenance/elpd/elpd_provenance.csv
elpd,filename_prefix_01475_.png,1,license-plate,license_plate,640.7,190.78,766.88,222.44,1024,1024,SYNTHETIC,TRAIN_ONLY,https://www.kaggle.com/datasets/tielemarvin/european-license-plate-dataset-elpd,CC BY 4.0,https://creativecommons.org/licenses/by/4.0/,AI/PlateDetector/datasets/provenance/elpd/elpd_provenance.csv
elpd,filename_prefix_01475_.png,2,license-plate,license_plate,411.07,570.5,701.16,650.54,1024,1024,SYNTHETIC,TRAIN_ONLY,https://www.kaggle.com/datasets/tielemarvin/european-license-plate-dataset-elpd,CC BY 4.0,https://creativecommons.org/licenses/by/4.0/,AI/PlateDetector/datasets/provenance/elpd/elpd_provenance.csv
elpd,filename_prefix_01476_.png,1,license-plate,license_plate,525.27,1348.57,779.41,1440.26,1536,1536,SYNTHETIC,TRAIN_ONLY,https://www.kaggle.com/datasets/tielemarvin/european-license-plate-dataset-elpd,CC BY 4.0,https://creativecommons.org/licenses/by/4.0/,AI/PlateDetector/datasets/provenance/elpd/elpd_provenance.csv
elpd,filename_prefix_01477_.png,1,license-plate,license_plate,566.69,994.04,644.4,1015.36,1536,1536,SYNTHETIC,TRAIN_ONLY,https://www.kaggle.com/datasets/tielemarvin/european-license-plate-dataset-elpd,CC BY 4.0,https://creativecommons.org/licenses/by/4.0/,AI/PlateDetector/datasets/provenance/elpd/elpd_provenance.csv
elpd,filename_prefix_01478_.png,1,license-plate,license_plate,959.19,837.13,1244.77,914.11,1536,1536,SYNTHETIC,TRAIN_ONLY,https://www.kaggle.com/datasets/tielemarvin/european-license-plate-dataset-elpd,CC BY 4.0,https://creativecommons.org/licenses/by/4.0/,AI/PlateDetector/datasets/provenance/elpd/elpd_provenance.csv
elpd,filename_prefix_01479_.png,1,license-plate,license_plate,1155.41,1018.73,1245.34,1054.7,1536,1536,SYNTHETIC,TRAIN_ONLY,https://www.kaggle.com/datasets/tielemarvin/european-license-plate-dataset-elpd,CC BY 4.0,https://creativecommons.org/licenses/by/4.0/,AI/PlateDetector/datasets/provenance/elpd/elpd_provenance.csv
elpd,filename_prefix_01479_.png,2,license-plate,license_plate,87.93,1361.68,302.96,1476.15,1536,1536,SYNTHETIC,TRAIN_ONLY,https://www.kaggle.com/datasets/tielemarvin/european-license-plate-dataset-elpd,CC BY 4.0,https://creativecommons.org/licenses/by/4.0/,AI/PlateDetector/datasets/provenance/elpd/elpd_provenance.csv
elpd,filename_prefix_01480_.png,1,license-plate,license_plate,394.74,669.88,660.85,741.67,1024,1024,SYNTHETIC,TRAIN_ONLY,https://www.kaggle.com/datasets/tielemarvin/european-license-plate-dataset-elpd,CC BY 4.0,https://creativecommons.org/licenses/by/4.0/,AI/PlateDetector/datasets/provenance/elpd/elpd_provenance.csv
elpd,filename_prefix_01481_.png,1,license-plate,license_plate,1460.95,732.54,1535.65,771.44,1536,1536,SYNTHETIC,TRAIN_ONLY,https://www.kaggle.com/datasets/tielemarvin/european-license-plate-dataset-elpd,CC BY 4.0,https://creativecommons.org/licenses/by/4.0/,AI/PlateDetector/datasets/provenance/elpd/elpd_provenance.csv
elpd,filename_prefix_01481_.png,2,license-plate,license_plate,816.27,837.41,1125.0,925.5,1536,1536,SYNTHETIC,TRAIN_ONLY,https://www.kaggle.com/datasets/tielemarvin/european-license-plate-dataset-elpd,CC BY 4.0,https://creativecommons.org/licenses/by/4.0/,AI/PlateDetector/datasets/provenance/elpd/elpd_provenance.csv
elpd,filename_prefix_01482_.png,1,license-plate,license_plate,923.7,672.7,1024.0,700.17,1024,1024,SYNTHETIC,TRAIN_ONLY,https://www.kaggle.com/datasets/tielemarvin/european-license-plate-dataset-elpd,CC BY 4.0,https://creativecommons.org/licenses/by/4.0/,AI/PlateDetector/datasets/provenance/elpd/elpd_provenance.csv
elpd,filename_prefix_01482_.png,2,license-plate,license_plate,301.35,706.25,461.87,753.95,1024,1024,SYNTHETIC,TRAIN_ONLY,https://www.kaggle.com/datasets/tielemarvin/european-license-plate-dataset-elpd,CC BY 4.0,https://creativecommons.org/licenses/by/4.0/,AI/PlateDetector/datasets/provenance/elpd/elpd_provenance.csv
elpd,filename_prefix_01483_.png,1,license-plate,license_plate,458.02,601.49,625.55,646.14,1024,1024,SYNTHETIC,TRAIN_ONLY,https://www.kaggle.com/datasets/tielemarvin/european-license-plate-dataset-elpd,CC BY 4.0,https://creativecommons.org/licenses/by/4.0/,AI/PlateDetector/datasets/provenance/elpd/elpd_provenance.csv
elpd,filename_prefix_01483_.png,2,license-plate,license_plate,47.22,559.9,155.55,590.39,1024,1024,SYNTHETIC,TRAIN_ONLY,https://www.kaggle.com/datasets/tielemarvin/european-license-plate-dataset-elpd,CC BY 4.0,https://creativecommons.org/licenses/by/4.0/,AI/PlateDetector/datasets/provenance/elpd/elpd_provenance.csv
elpd,filename_prefix_01484_.png,1,license-plate,license_plate,380.59,623.49,520.79,663.54,1024,1024,SYNTHETIC,TRAIN_ONLY,https://www.kaggle.com/datasets/tielemarvin/european-license-plate-dataset-elpd,CC BY 4.0,https://creativecommons.org/licenses/by/4.0/,AI/PlateDetector/datasets/provenance/elpd/elpd_provenance.csv
elpd,filename_prefix_01485_.png,1,license-plate,license_plate,437.19,654.82,668.98,717.25,1536,1536,SYNTHETIC,TRAIN_ONLY,https://www.kaggle.com/datasets/tielemarvin/european-license-plate-dataset-elpd,CC BY 4.0,https://creativecommons.org/licenses/by/4.0/,AI/PlateDetector/datasets/provenance/elpd/elpd_provenance.csv
elpd,filename_prefix_01486_.png,1,license-plate,license_plate,299.56,604.96,377.4,629.66,1024,1024,SYNTHETIC,TRAIN_ONLY,https://www.kaggle.com/datasets/tielemarvin/european-license-plate-dataset-elpd,CC BY 4.0,https://creativecommons.org/licenses/by/4.0/,AI/PlateDetector/datasets/provenance/elpd/elpd_provenance.csv
elpd,filename_prefix_01486_.png,2,license-plate,license_plate,841.8,643.92,896.54,664.57,1024,1024,SYNTHETIC,TRAIN_ONLY,https://www.kaggle.com/datasets/tielemarvin/european-license-plate-dataset-elpd,CC BY 4.0,https://creativecommons.org/licenses/by/4.0/,AI/PlateDetector/datasets/provenance/elpd/elpd_provenance.csv
elpd,filename_prefix_01487_.png,1,license-plate,license_plate,388.89,853.04,767.62,955.2,1536,1536,SYNTHETIC,TRAIN_ONLY,https://www.kaggle.com/datasets/tielemarvin/european-license-plate-dataset-elpd,CC BY 4.0,https://creativecommons.org/licenses/by/4.0/,AI/PlateDetector/datasets/provenance/elpd/elpd_provenance.csv
elpd,filename_prefix_01487_.png,2,license-plate,license_plate,1230.51,438.85,1415.85,492.66,1536,1536,SYNTHETIC,TRAIN_ONLY,https://www.kaggle.com/datasets/tielemarvin/european-license-plate-dataset-elpd,CC BY 4.0,https://creativecommons.org/licenses/by/4.0/,AI/PlateDetector/datasets/provenance/elpd/elpd_provenance.csv
elpd,filename_prefix_01487_.png,3,license-plate,license_plate,594.23,196.31,693.5,223.18,1536,1536,SYNTHETIC,TRAIN_ONLY,https://www.kaggle.com/datasets/tielemarvin/european-license-plate-dataset-elpd,CC BY 4.0,https://creativecommons.org/licenses/by/4.0/,AI/PlateDetector/datasets/provenance/elpd/elpd_provenance.csv
elpd,filename_prefix_01488_.png,1,license-plate,license_plate,525.65,848.64,675.8,889.9,1024,1024,SYNTHETIC,TRAIN_ONLY,https://www.kaggle.com/datasets/tielemarvin/european-license-plate-dataset-elpd,CC BY 4.0,https://creativecommons.org/licenses/by/4.0/,AI/PlateDetector/datasets/provenance/elpd/elpd_provenance.csv
elpd,filename_prefix_01489_.png,1,license-plate,license_plate,962.0,714.36,1024.0,740.2,1024,1024,SYNTHETIC,TRAIN_ONLY,https://www.kaggle.com/datasets/tielemarvin/european-license-plate-dataset-elpd,CC BY 4.0,https://creativecommons.org/licenses/by/4.0/,AI/PlateDetector/datasets/provenance/elpd/elpd_provenance.csv
elpd,filename_prefix_01489_.png,2,license-plate,license_plate,0.8,637.8,185.84,697.87,1024,1024,SYNTHETIC,TRAIN_ONLY,https://www.kaggle.com/datasets/tielemarvin/european-license-plate-dataset-elpd,CC BY 4.0,https://creativecommons.org/licenses/by/4.0/,AI/PlateDetector/datasets/provenance/elpd/elpd_provenance.csv
elpd,filename_prefix_01490_.png,1,license-plate,license_plate,611.56,1050.01,948.21,1140.53,1536,1536,SYNTHETIC,TRAIN_ONLY,https://www.kaggle.com/datasets/tielemarvin/european-license-plate-dataset-elpd,CC BY 4.0,https://creativecommons.org/licenses/by/4.0/,AI/PlateDetector/datasets/provenance/elpd/elpd_provenance.csv
elpd,filename_prefix_01491_.png,1,license-plate,license_plate,502.64,688.51,589.82,722.04,1024,1024,SYNTHETIC,TRAIN_ONLY,https://www.kaggle.com/datasets/tielemarvin/european-license-plate-dataset-elpd,CC BY 4.0,https://creativecommons.org/licenses/by/4.0/,AI/PlateDetector/datasets/provenance/elpd/elpd_provenance.csv
elpd,filename_prefix_01492_.png,1,license-plate,license_plate,1158.34,903.83,1227.19,922.23,1536,1536,SYNTHETIC,TRAIN_ONLY,https://www.kaggle.com/datasets/tielemarvin/european-license-plate-dataset-elpd,CC BY 4.0,https://creativecommons.org/licenses/by/4.0/,AI/PlateDetector/datasets/provenance/elpd/elpd_provenance.csv
elpd,filename_prefix_01492_.png,2,license-plate,license_plate,524.24,1023.99,690.48,1072.39,1536,1536,SYNTHETIC,TRAIN_ONLY,https://www.kaggle.com/datasets/tielemarvin/european-license-plate-dataset-elpd,CC BY 4.0,https://creativecommons.org/licenses/by/4.0/,AI/PlateDetector/datasets/provenance/elpd/elpd_provenance.csv
elpd,filename_prefix_01493_.png,1,license-plate,license_plate,301.36,932.63,551.6,1002.0,1536,1536,SYNTHETIC,TRAIN_ONLY,https://www.kaggle.com/datasets/tielemarvin/european-license-plate-dataset-elpd,CC BY 4.0,https://creativecommons.org/licenses/by/4.0/,AI/PlateDetector/datasets/provenance/elpd/elpd_provenance.csv
elpd,filename_prefix_01493_.png,2,license-plate,license_plate,1073.34,804.95,1173.9,830.0,1536,1536,SYNTHETIC,TRAIN_ONLY,https://www.kaggle.com/datasets/tielemarvin/european-license-plate-dataset-elpd,CC BY 4.0,https://creativecommons.org/licenses/by/4.0/,AI/PlateDetector/datasets/provenance/elpd/elpd_provenance.csv
elpd,filename_prefix_01494_.png,1,license-plate,license_plate,642.16,860.83,823.67,918.12,1536,1536,SYNTHETIC,TRAIN_ONLY,https://www.kaggle.com/datasets/tielemarvin/european-license-plate-dataset-elpd,CC BY 4.0,https://creativecommons.org/licenses/by/4.0/,AI/PlateDetector/datasets/provenance/elpd/elpd_provenance.csv
elpd,filename_prefix_01494_.png,2,license-plate,license_plate,920.3,762.59,990.89,780.68,1536,1536,SYNTHETIC,TRAIN_ONLY,https://www.kaggle.com/datasets/tielemarvin/european-license-plate-dataset-elpd,CC BY 4.0,https://creativecommons.org/licenses/by/4.0/,AI/PlateDetector/datasets/provenance/elpd/elpd_provenance.csv
elpd,filename_prefix_01494_.png,3,license-plate,license_plate,1458.58,822.28,1536.0,857.73,1536,1536,SYNTHETIC,TRAIN_ONLY,https://www.kaggle.com/datasets/tielemarvin/european-license-plate-dataset-elpd,CC BY 4.0,https://creativecommons.org/licenses/by/4.0/,AI/PlateDetector/datasets/provenance/elpd/elpd_provenance.csv
elpd,filename_prefix_01495_.png,1,license-plate,license_plate,735.86,1042.86,924.71,1120.34,1536,1536,SYNTHETIC,TRAIN_ONLY,https://www.kaggle.com/datasets/tielemarvin/european-license-plate-dataset-elpd,CC BY 4.0,https://creativecommons.org/licenses/by/4.0/,AI/PlateDetector/datasets/provenance/elpd/elpd_provenance.csv
elpd,filename_prefix_01495_.png,2,license-plate,license_plate,236.9,956.84,366.38,1026.27,1536,1536,SYNTHETIC,TRAIN_ONLY,https://www.kaggle.com/datasets/tielemarvin/european-license-plate-dataset-elpd,CC BY 4.0,https://creativecommons.org/licenses/by/4.0/,AI/PlateDetector/datasets/provenance/elpd/elpd_provenance.csv
elpd,filename_prefix_01496_.png,1,license-plate,license_plate,421.21,668.24,518.5,700.8,1024,1024,SYNTHETIC,TRAIN_ONLY,https://www.kaggle.com/datasets/tielemarvin/european-license-plate-dataset-elpd,CC BY 4.0,https://creativecommons.org/licenses/by/4.0/,AI/PlateDetector/datasets/provenance/elpd/elpd_provenance.csv
elpd,filename_prefix_01497_.png,1,license-plate,license_plate,723.72,991.2,841.13,1022.17,1536,1536,SYNTHETIC,TRAIN_ONLY,https://www.kaggle.com/datasets/tielemarvin/european-license-plate-dataset-elpd,CC BY 4.0,https://creativecommons.org/licenses/by/4.0/,AI/PlateDetector/datasets/provenance/elpd/elpd_provenance.csv
elpd,filename_prefix_01498_.png,1,license-plate,license_plate,334.67,565.17,430.62,587.92,1024,1024,SYNTHETIC,TRAIN_ONLY,https://www.kaggle.com/datasets/tielemarvin/european-license-plate-dataset-elpd,CC BY 4.0,https://creativecommons.org/licenses/by/4.0/,AI/PlateDetector/datasets/provenance/elpd/elpd_provenance.csv
elpd,filename_prefix_01498_.png,2,license-plate,license_plate,884.63,612.54,952.36,650.6,1024,1024,SYNTHETIC,TRAIN_ONLY,https://www.kaggle.com/datasets/tielemarvin/european-license-plate-dataset-elpd,CC BY 4.0,https://creativecommons.org/licenses/by/4.0/,AI/PlateDetector/datasets/provenance/elpd/elpd_provenance.csv
elpd,filename_prefix_01499_.png,1,license-plate,license_plate,629.95,605.71,813.79,660.09,1024,1024,SYNTHETIC,TRAIN_ONLY,https://www.kaggle.com/datasets/tielemarvin/european-license-plate-dataset-elpd,CC BY 4.0,https://creativecommons.org/licenses/by/4.0/,AI/PlateDetector/datasets/provenance/elpd/elpd_provenance.csv
elpd,filename_prefix_01500_.png,1,license-plate,license_plate,405.51,718.29,530.35,750.43,1024,1024,SYNTHETIC,TRAIN_ONLY,https://www.kaggle.com/datasets/tielemarvin/european-license-plate-dataset-elpd,CC BY 4.0,https://creativecommons.org/licenses/by/4.0/,AI/PlateDetector/datasets/provenance/elpd/elpd_provenance.csv
elpd,filename_prefix_01501_.png,1,license-plate,license_plate,117.98,968.97,218.89,1043.91,1536,1536,SYNTHETIC,TRAIN_ONLY,https://www.kaggle.com/datasets/tielemarvin/european-license-plate-dataset-elpd,CC BY 4.0,https://creativecommons.org/licenses/by/4.0/,AI/PlateDetector/datasets/provenance/elpd/elpd_provenance.csv
elpd,filename_prefix_01501_.png,2,license-plate,license_plate,1111.5,800.93,1172.3,822.38,1536,1536,SYNTHETIC,TRAIN_ONLY,https://www.kaggle.com/datasets/tielemarvin/european-license-plate-dataset-elpd,CC BY 4.0,https://creativecommons.org/licenses/by/4.0/,AI/PlateDetector/datasets/provenance/elpd/elpd_provenance.csv
elpd,filename_prefix_01502_.png,1,license-plate,license_plate,827.3,538.51,894.47,555.18,1024,1024,SYNTHETIC,TRAIN_ONLY,https://www.kaggle.com/datasets/tielemarvin/european-license-plate-dataset-elpd,CC BY 4.0,https://creativecommons.org/licenses/by/4.0/,AI/PlateDetector/datasets/provenance/elpd/elpd_provenance.csv
elpd,filename_prefix_01502_.png,2,license-plate,license_plate,314.95,859.58,518.71,922.45,1024,1024,SYNTHETIC,TRAIN_ONLY,https://www.kaggle.com/datasets/tielemarvin/european-license-plate-dataset-elpd,CC BY 4.0,https://creativecommons.org/licenses/by/4.0/,AI/PlateDetector/datasets/provenance/elpd/elpd_provenance.csv
elpd,filename_prefix_01503_.png,1,license-plate,license_plate,593.55,1032.51,769.85,1077.6,1536,1536,SYNTHETIC,TRAIN_ONLY,https://www.kaggle.com/datasets/tielemarvin/european-license-plate-dataset-elpd,CC BY 4.0,https://creativecommons.org/licenses/by/4.0/,AI/PlateDetector/datasets/provenance/elpd/elpd_provenance.csv
elpd,filename_prefix_01504_.png,1,license-plate,license_plate,384.51,563.3,564.19,611.05,1024,1024,SYNTHETIC,TRAIN_ONLY,https://www.kaggle.com/datasets/tielemarvin/european-license-plate-dataset-elpd,CC BY 4.0,https://creativecommons.org/licenses/by/4.0/,AI/PlateDetector/datasets/provenance/elpd/elpd_provenance.csv
elpd,filename_prefix_01505_.png,1,license-plate,license_plate,942.8,831.99,1199.4,901.4,1536,1536,SYNTHETIC,TRAIN_ONLY,https://www.kaggle.com/datasets/tielemarvin/european-license-plate-dataset-elpd,CC BY 4.0,https://creativecommons.org/licenses/by/4.0/,AI/PlateDetector/datasets/provenance/elpd/elpd_provenance.csv
elpd,filename_prefix_01506_.png,1,license-plate,license_plate,437.93,851.04,706.53,909.0,1024,1024,SYNTHETIC,TRAIN_ONLY,https://www.kaggle.com/datasets/tielemarvin/european-license-plate-dataset-elpd,CC BY 4.0,https://creativecommons.org/licenses/by/4.0/,AI/PlateDetector/datasets/provenance/elpd/elpd_provenance.csv
elpd,filename_prefix_01507_.png,1,license-plate,license_plate,559.87,653.9,719.5,701.1,1024,1024,SYNTHETIC,TRAIN_ONLY,https://www.kaggle.com/datasets/tielemarvin/european-license-plate-dataset-elpd,CC BY 4.0,https://creativecommons.org/licenses/by/4.0/,AI/PlateDetector/datasets/provenance/elpd/elpd_provenance.csv
elpd,filename_prefix_01508_.png,1,license-plate,license_plate,259.35,946.35,456.63,1002.92,1536,1536,SYNTHETIC,TRAIN_ONLY,https://www.kaggle.com/datasets/tielemarvin/european-license-plate-dataset-elpd,CC BY 4.0,https://creativecommons.org/licenses/by/4.0/,AI/PlateDetector/datasets/provenance/elpd/elpd_provenance.csv
elpd,filename_prefix_01508_.png,2,license-plate,license_plate,1420.66,1040.51,1536.0,1102.04,1536,1536,SYNTHETIC,TRAIN_ONLY,https://www.kaggle.com/datasets/tielemarvin/european-license-plate-dataset-elpd,CC BY 4.0,https://creativecommons.org/licenses/by/4.0/,AI/PlateDetector/datasets/provenance/elpd/elpd_provenance.csv
elpd,filename_prefix_01509_.png,1,license-plate,license_plate,806.85,906.09,1025.34,969.74,1536,1536,SYNTHETIC,TRAIN_ONLY,https://www.kaggle.com/datasets/tielemarvin/european-license-plate-dataset-elpd,CC BY 4.0,https://creativecommons.org/licenses/by/4.0/,AI/PlateDetector/datasets/provenance/elpd/elpd_provenance.csv
elpd,filename_prefix_01510_.png,1,license-plate,license_plate,649.3,1296.75,862.16,1375.2,1536,1536,SYNTHETIC,TRAIN_ONLY,https://www.kaggle.com/datasets/tielemarvin/european-license-plate-dataset-elpd,CC BY 4.0,https://creativecommons.org/licenses/by/4.0/,AI/PlateDetector/datasets/provenance/elpd/elpd_provenance.csv
elpd,filename_prefix_01511_.png,1,license-plate,license_plate,1193.2,1091.87,1501.0,1167.0,1536,1536,SYNTHETIC,TRAIN_ONLY,https://www.kaggle.com/datasets/tielemarvin/european-license-plate-dataset-elpd,CC BY 4.0,https://creativecommons.org/licenses/by/4.0/,AI/PlateDetector/datasets/provenance/elpd/elpd_provenance.csv
elpd,filename_prefix_01512_.png,1,license-plate,license_plate,176.69,617.25,348.79,704.64,1024,1024,SYNTHETIC,TRAIN_ONLY,https://www.kaggle.com/datasets/tielemarvin/european-license-plate-dataset-elpd,CC BY 4.0,https://creativecommons.org/licenses/by/4.0/,AI/PlateDetector/datasets/provenance/elpd/elpd_provenance.csv
elpd,filename_prefix_01513_.png,1,license-plate,license_plate,685.28,882.8,935.0,946.69,1536,1536,SYNTHETIC,TRAIN_ONLY,https://www.kaggle.com/datasets/tielemarvin/european-license-plate-dataset-elpd,CC BY 4.0,https://creativecommons.org/licenses/by/4.0/,AI/PlateDetector/datasets/provenance/elpd/elpd_provenance.csv
elpd,filename_prefix_01514_.png,1,license-plate,license_plate,60.05,674.95,150.12,730.23,1024,1024,SYNTHETIC,TRAIN_ONLY,https://www.kaggle.com/datasets/tielemarvin/european-license-plate-dataset-elpd,CC BY 4.0,https://creativecommons.org/licenses/by/4.0/,AI/PlateDetector/datasets/provenance/elpd/elpd_provenance.csv
elpd,filename_prefix_01514_.png,2,license-plate,license_plate,849.51,697.85,1024.0,775.36,1024,1024,SYNTHETIC,TRAIN_ONLY,https://www.kaggle.com/datasets/tielemarvin/european-license-plate-dataset-elpd,CC BY 4.0,https://creativecommons.org/licenses/by/4.0/,AI/PlateDetector/datasets/provenance/elpd/elpd_provenance.csv
elpd,filename_prefix_01515_.png,1,license-plate,license_plate,772.14,663.85,890.27,736.08,1024,1024,SYNTHETIC,TRAIN_ONLY,https://www.kaggle.com/datasets/tielemarvin/european-license-plate-dataset-elpd,CC BY 4.0,https://creativecommons.org/licenses/by/4.0/,AI/PlateDetector/datasets/provenance/elpd/elpd_provenance.csv
elpd,filename_prefix_01516_.png,1,license-plate,license_plate,0.0,497.39,179.35,575.48,1024,1024,SYNTHETIC,TRAIN_ONLY,https://www.kaggle.com/datasets/tielemarvin/european-license-plate-dataset-elpd,CC BY 4.0,https://creativecommons.org/licenses/by/4.0/,AI/PlateDetector/datasets/provenance/elpd/elpd_provenance.csv
elpd,filename_prefix_01517_.png,1,license-plate,license_plate,434.84,1320.01,805.21,1420.81,1536,1536,SYNTHETIC,TRAIN_ONLY,https://www.kaggle.com/datasets/tielemarvin/european-license-plate-dataset-elpd,CC BY 4.0,https://creativecommons.org/licenses/by/4.0/,AI/PlateDetector/datasets/provenance/elpd/elpd_provenance.csv
elpd,filename_prefix_01519_.png,1,license-plate,license_plate,672.92,891.12,884.48,944.88,1536,1536,SYNTHETIC,TRAIN_ONLY,https://www.kaggle.com/datasets/tielemarvin/european-license-plate-dataset-elpd,CC BY 4.0,https://creativecommons.org/licenses/by/4.0/,AI/PlateDetector/datasets/provenance/elpd/elpd_provenance.csv
elpd,filename_prefix_01520_.png,1,license-plate,license_plate,482.15,759.44,659.61,811.2,1024,1024,SYNTHETIC,TRAIN_ONLY,https://www.kaggle.com/datasets/tielemarvin/european-license-plate-dataset-elpd,CC BY 4.0,https://creativecommons.org/licenses/by/4.0/,AI/PlateDetector/datasets/provenance/elpd/elpd_provenance.csv
elpd,filename_prefix_01521_.png,1,license-plate,license_plate,363.3,954.35,650.39,1022.52,1536,1536,SYNTHETIC,TRAIN_ONLY,https://www.kaggle.com/datasets/tielemarvin/european-license-plate-dataset-elpd,CC BY 4.0,https://creativecommons.org/licenses/by/4.0/,AI/PlateDetector/datasets/provenance/elpd/elpd_provenance.csv
elpd,filename_prefix_01522_.png,1,license-plate,license_plate,716.78,524.0,857.54,563.46,1024,1024,SYNTHETIC,TRAIN_ONLY,https://www.kaggle.com/datasets/tielemarvin/european-license-plate-dataset-elpd,CC BY 4.0,https://creativecommons.org/licenses/by/4.0/,AI/PlateDetector/datasets/provenance/elpd/elpd_provenance.csv
elpd,filename_prefix_01522_.png,2,license-plate,license_plate,169.99,494.39,245.0,511.91,1024,1024,SYNTHETIC,TRAIN_ONLY,https://www.kaggle.com/datasets/tielemarvin/european-license-plate-dataset-elpd,CC BY 4.0,https://creativecommons.org/licenses/by/4.0/,AI/PlateDetector/datasets/provenance/elpd/elpd_provenance.csv
elpd,filename_prefix_01523_.png,1,license-plate,license_plate,592.34,583.87,662.86,611.8,1024,1024,SYNTHETIC,TRAIN_ONLY,https://www.kaggle.com/datasets/tielemarvin/european-license-plate-dataset-elpd,CC BY 4.0,https://creativecommons.org/licenses/by/4.0/,AI/PlateDetector/datasets/provenance/elpd/elpd_provenance.csv
elpd,filename_prefix_01524_.png,1,license-plate,license_plate,1330.51,872.01,1536.0,976.7,1536,1536,SYNTHETIC,TRAIN_ONLY,https://www.kaggle.com/datasets/tielemarvin/european-license-plate-dataset-elpd,CC BY 4.0,https://creativecommons.org/licenses/by/4.0/,AI/PlateDetector/datasets/provenance/elpd/elpd_provenance.csv
elpd,filename_prefix_01524_.png,2,license-plate,license_plate,397.39,737.95,650.2,808.91,1536,1536,SYNTHETIC,TRAIN_ONLY,https://www.kaggle.com/datasets/tielemarvin/european-license-plate-dataset-elpd,CC BY 4.0,https://creativecommons.org/licenses/by/4.0/,AI/PlateDetector/datasets/provenance/elpd/elpd_provenance.csv
elpd,filename_prefix_01525_.png,1,license-plate,license_plate,631.65,750.19,961.26,830.62,1536,1536,SYNTHETIC,TRAIN_ONLY,https://www.kaggle.com/datasets/tielemarvin/european-license-plate-dataset-elpd,CC BY 4.0,https://creativecommons.org/licenses/by/4.0/,AI/PlateDetector/datasets/provenance/elpd/elpd_provenance.csv
elpd,filename_prefix_01526_.png,1,license-plate,license_plate,246.85,1038.87,528.35,1134.24,1536,1536,SYNTHETIC,TRAIN_ONLY,https://www.kaggle.com/datasets/tielemarvin/european-license-plate-dataset-elpd,CC BY 4.0,https://creativecommons.org/licenses/by/4.0/,AI/PlateDetector/datasets/provenance/elpd/elpd_provenance.csv
elpd,filename_prefix_01527_.png,1,license-plate,license_plate,667.02,1046.4,812.4,1087.42,1536,1536,SYNTHETIC,TRAIN_ONLY,https://www.kaggle.com/datasets/tielemarvin/european-license-plate-dataset-elpd,CC BY 4.0,https://creativecommons.org/licenses/by/4.0/,AI/PlateDetector/datasets/provenance/elpd/elpd_provenance.csv
elpd,filename_prefix_01528_.png,1,license-plate,license_plate,234.7,589.9,414.4,652.4,1024,1024,SYNTHETIC,TRAIN_ONLY,https://www.kaggle.com/datasets/tielemarvin/european-license-plate-dataset-elpd,CC BY 4.0,https://creativecommons.org/licenses/by/4.0/,AI/PlateDetector/datasets/provenance/elpd/elpd_provenance.csv
elpd,filename_prefix_01529_.png,1,license-plate,license_plate,617.36,974.71,826.19,1024.22,1536,1536,SYNTHETIC,TRAIN_ONLY,https://www.kaggle.com/datasets/tielemarvin/european-license-plate-dataset-elpd,CC BY 4.0,https://creativecommons.org/licenses/by/4.0/,AI/PlateDetector/datasets/provenance/elpd/elpd_provenance.csv
elpd,filename_prefix_01530_.png,1,license-plate,license_plate,662.26,562.31,788.62,595.7,1024,1024,SYNTHETIC,TRAIN_ONLY,https://www.kaggle.com/datasets/tielemarvin/european-license-plate-dataset-elpd,CC BY 4.0,https://creativecommons.org/licenses/by/4.0/,AI/PlateDetector/datasets/provenance/elpd/elpd_provenance.csv
elpd,filename_prefix_01531_.png,1,license-plate,license_plate,715.96,837.1,983.92,935.86,1024,1024,SYNTHETIC,TRAIN_ONLY,https://www.kaggle.com/datasets/tielemarvin/european-license-plate-dataset-elpd,CC BY 4.0,https://creativecommons.org/licenses/by/4.0/,AI/PlateDetector/datasets/provenance/elpd/elpd_provenance.csv
elpd,filename_prefix_01532_.png,1,license-plate,license_plate,314.59,691.2,478.77,751.75,1024,1024,SYNTHETIC,TRAIN_ONLY,https://www.kaggle.com/datasets/tielemarvin/european-license-plate-dataset-elpd,CC BY 4.0,https://creativecommons.org/licenses/by/4.0/,AI/PlateDetector/datasets/provenance/elpd/elpd_provenance.csv
elpd,filename_prefix_01533_.png,1,license-plate,license_plate,110.34,668.43,182.72,686.08,1536,1536,SYNTHETIC,TRAIN_ONLY,https://www.kaggle.com/datasets/tielemarvin/european-license-plate-dataset-elpd,CC BY 4.0,https://creativecommons.org/licenses/by/4.0/,AI/PlateDetector/datasets/provenance/elpd/elpd_provenance.csv
elpd,filename_prefix_01533_.png,2,license-plate,license_plate,859.91,880.09,1116.18,944.01,1536,1536,SYNTHETIC,TRAIN_ONLY,https://www.kaggle.com/datasets/tielemarvin/european-license-plate-dataset-elpd,CC BY 4.0,https://creativecommons.org/licenses/by/4.0/,AI/PlateDetector/datasets/provenance/elpd/elpd_provenance.csv
elpd,filename_prefix_01534_.png,1,license-plate,license_plate,562.9,561.4,681.28,598.76,1024,1024,SYNTHETIC,TRAIN_ONLY,https://www.kaggle.com/datasets/tielemarvin/european-license-plate-dataset-elpd,CC BY 4.0,https://creativecommons.org/licenses/by/4.0/,AI/PlateDetector/datasets/provenance/elpd/elpd_provenance.csv
elpd,filename_prefix_01535_.png,1,license-plate,license_plate,754.44,986.36,875.31,1051.59,1536,1536,SYNTHETIC,TRAIN_ONLY,https://www.kaggle.com/datasets/tielemarvin/european-license-plate-dataset-elpd,CC BY 4.0,https://creativecommons.org/licenses/by/4.0/,AI/PlateDetector/datasets/provenance/elpd/elpd_provenance.csv
elpd,filename_prefix_01536_.png,1,license-plate,license_plate,414.89,736.56,575.1,786.06,1024,1024,SYNTHETIC,TRAIN_ONLY,https://www.kaggle.com/datasets/tielemarvin/european-license-plate-dataset-elpd,CC BY 4.0,https://creativecommons.org/licenses/by/4.0/,AI/PlateDetector/datasets/provenance/elpd/elpd_provenance.csv
elpd,filename_prefix_01537_.png,1,license-plate,license_plate,772.46,993.24,992.02,1095.55,1536,1536,SYNTHETIC,TRAIN_ONLY,https://www.kaggle.com/datasets/tielemarvin/european-license-plate-dataset-elpd,CC BY 4.0,https://creativecommons.org/licenses/by/4.0/,AI/PlateDetector/datasets/provenance/elpd/elpd_provenance.csv
elpd,filename_prefix_01539_.png,1,license-plate,license_plate,397.79,490.3,690.52,568.49,1024,1024,SYNTHETIC,TRAIN_ONLY,https://www.kaggle.com/datasets/tielemarvin/european-license-plate-dataset-elpd,CC BY 4.0,https://creativecommons.org/licenses/by/4.0/,AI/PlateDetector/datasets/provenance/elpd/elpd_provenance.csv
elpd,filename_prefix_01539_.png,2,license-plate,license_plate,917.42,326.9,1019.15,351.45,1024,1024,SYNTHETIC,TRAIN_ONLY,https://www.kaggle.com/datasets/tielemarvin/european-license-plate-dataset-elpd,CC BY 4.0,https://creativecommons.org/licenses/by/4.0/,AI/PlateDetector/datasets/provenance/elpd/elpd_provenance.csv
elpd,filename_prefix_01540_.png,1,license-plate,license_plate,1289.57,708.02,1360.31,723.96,1536,1536,SYNTHETIC,TRAIN_ONLY,https://www.kaggle.com/datasets/tielemarvin/european-license-plate-dataset-elpd,CC BY 4.0,https://creativecommons.org/licenses/by/4.0/,AI/PlateDetector/datasets/provenance/elpd/elpd_provenance.csv
elpd,filename_prefix_01540_.png,2,license-plate,license_plate,534.78,948.28,846.89,1022.82,1536,1536,SYNTHETIC,TRAIN_ONLY,https://www.kaggle.com/datasets/tielemarvin/european-license-plate-dataset-elpd,CC BY 4.0,https://creativecommons.org/licenses/by/4.0/,AI/PlateDetector/datasets/provenance/elpd/elpd_provenance.csv
elpd,filename_prefix_01541_.png,1,license-plate,license_plate,275.88,833.68,607.38,935.49,1536,1536,SYNTHETIC,TRAIN_ONLY,https://www.kaggle.com/datasets/tielemarvin/european-license-plate-dataset-elpd,CC BY 4.0,https://creativecommons.org/licenses/by/4.0/,AI/PlateDetector/datasets/provenance/elpd/elpd_provenance.csv
elpd,filename_prefix_01541_.png,2,license-plate,license_plate,1043.9,911.07,1183.9,953.68,1536,1536,SYNTHETIC,TRAIN_ONLY,https://www.kaggle.com/datasets/tielemarvin/european-license-plate-dataset-elpd,CC BY 4.0,https://creativecommons.org/licenses/by/4.0/,AI/PlateDetector/datasets/provenance/elpd/elpd_provenance.csv
elpd,filename_prefix_01542_.png,1,license-plate,license_plate,772.32,996.21,1091.49,1075.06,1536,1536,SYNTHETIC,TRAIN_ONLY,https://www.kaggle.com/datasets/tielemarvin/european-license-plate-dataset-elpd,CC BY 4.0,https://creativecommons.org/licenses/by/4.0/,AI/PlateDetector/datasets/provenance/elpd/elpd_provenance.csv
elpd,filename_prefix_01542_.png,2,license-plate,license_plate,1348.17,676.81,1439.94,698.17,1536,1536,SYNTHETIC,TRAIN_ONLY,https://www.kaggle.com/datasets/tielemarvin/european-license-plate-dataset-elpd,CC BY 4.0,https://creativecommons.org/licenses/by/4.0/,AI/PlateDetector/datasets/provenance/elpd/elpd_provenance.csv
elpd,filename_prefix_01543_.png,1,license-plate,license_plate,392.46,590.48,662.19,661.12,1024,1024,SYNTHETIC,TRAIN_ONLY,https://www.kaggle.com/datasets/tielemarvin/european-license-plate-dataset-elpd,CC BY 4.0,https://creativecommons.org/licenses/by/4.0/,AI/PlateDetector/datasets/provenance/elpd/elpd_provenance.csv
elpd,filename_prefix_01544_.png,1,license-plate,license_plate,456.45,1036.98,785.55,1119.53,1536,1536,SYNTHETIC,TRAIN_ONLY,https://www.kaggle.com/datasets/tielemarvin/european-license-plate-dataset-elpd,CC BY 4.0,https://creativecommons.org/licenses/by/4.0/,AI/PlateDetector/datasets/provenance/elpd/elpd_provenance.csv
elpd,filename_prefix_01545_.png,1,license-plate,license_plate,958.36,474.38,1024.0,491.31,1024,1024,SYNTHETIC,TRAIN_ONLY,https://www.kaggle.com/datasets/tielemarvin/european-license-plate-dataset-elpd,CC BY 4.0,https://creativecommons.org/licenses/by/4.0/,AI/PlateDetector/datasets/provenance/elpd/elpd_provenance.csv
elpd,filename_prefix_01545_.png,2,license-plate,license_plate,113.59,671.57,322.85,740.36,1024,1024,SYNTHETIC,TRAIN_ONLY,https://www.kaggle.com/datasets/tielemarvin/european-license-plate-dataset-elpd,CC BY 4.0,https://creativecommons.org/licenses/by/4.0/,AI/PlateDetector/datasets/provenance/elpd/elpd_provenance.csv
elpd,filename_prefix_01546_.png,1,license-plate,license_plate,709.08,754.83,892.45,865.66,1024,1024,SYNTHETIC,TRAIN_ONLY,https://www.kaggle.com/datasets/tielemarvin/european-license-plate-dataset-elpd,CC BY 4.0,https://creativecommons.org/licenses/by/4.0/,AI/PlateDetector/datasets/provenance/elpd/elpd_provenance.csv
elpd,filename_prefix_01547_.png,1,license-plate,license_plate,524.3,563.5,648.35,599.14,1024,1024,SYNTHETIC,TRAIN_ONLY,https://www.kaggle.com/datasets/tielemarvin/european-license-plate-dataset-elpd,CC BY 4.0,https://creativecommons.org/licenses/by/4.0/,AI/PlateDetector/datasets/provenance/elpd/elpd_provenance.csv
elpd,filename_prefix_01548_.png,1,license-plate,license_plate,276.28,795.57,470.61,848.52,1536,1536,SYNTHETIC,TRAIN_ONLY,https://www.kaggle.com/datasets/tielemarvin/european-license-plate-dataset-elpd,CC BY 4.0,https://creativecommons.org/licenses/by/4.0/,AI/PlateDetector/datasets/provenance/elpd/elpd_provenance.csv
elpd,filename_prefix_01549_.png,1,license-plate,license_plate,457.86,684.49,615.6,725.21,1024,1024,SYNTHETIC,TRAIN_ONLY,https://www.kaggle.com/datasets/tielemarvin/european-license-plate-dataset-elpd,CC BY 4.0,https://creativecommons.org/licenses/by/4.0/,AI/PlateDetector/datasets/provenance/elpd/elpd_provenance.csv
elpd,filename_prefix_01550_.png,1,license-plate,license_plate,514.19,839.85,767.32,948.57,1536,1536,SYNTHETIC,TRAIN_ONLY,https://www.kaggle.com/datasets/tielemarvin/european-license-plate-dataset-elpd,CC BY 4.0,https://creativecommons.org/licenses/by/4.0/,AI/PlateDetector/datasets/provenance/elpd/elpd_provenance.csv
elpd,filename_prefix_01551_.png,1,license-plate,license_plate,351.31,706.49,529.08,759.06,1024,1024,SYNTHETIC,TRAIN_ONLY,https://www.kaggle.com/datasets/tielemarvin/european-license-plate-dataset-elpd,CC BY 4.0,https://creativecommons.org/licenses/by/4.0/,AI/PlateDetector/datasets/provenance/elpd/elpd_provenance.csv
elpd,filename_prefix_01552_.png,1,license-plate,license_plate,687.32,892.49,906.8,951.39,1536,1536,SYNTHETIC,TRAIN_ONLY,https://www.kaggle.com/datasets/tielemarvin/european-license-plate-dataset-elpd,CC BY 4.0,https://creativecommons.org/licenses/by/4.0/,AI/PlateDetector/datasets/provenance/elpd/elpd_provenance.csv
elpd,filename_prefix_01553_.png,1,license-plate,license_plate,192.13,750.74,319.42,784.65,1024,1024,SYNTHETIC,TRAIN_ONLY,https://www.kaggle.com/datasets/tielemarvin/european-license-plate-dataset-elpd,CC BY 4.0,https://creativecommons.org/licenses/by/4.0/,AI/PlateDetector/datasets/provenance/elpd/elpd_provenance.csv
elpd,filename_prefix_01554_.png,1,license-plate,license_plate,469.51,697.85,584.8,731.38,1024,1024,SYNTHETIC,TRAIN_ONLY,https://www.kaggle.com/datasets/tielemarvin/european-license-plate-dataset-elpd,CC BY 4.0,https://creativecommons.org/licenses/by/4.0/,AI/PlateDetector/datasets/provenance/elpd/elpd_provenance.csv
elpd,filename_prefix_01555_.png,1,license-plate,license_plate,929.24,884.25,1277.08,981.25,1536,1536,SYNTHETIC,TRAIN_ONLY,https://www.kaggle.com/datasets/tielemarvin/european-license-plate-dataset-elpd,CC BY 4.0,https://creativecommons.org/licenses/by/4.0/,AI/PlateDetector/datasets/provenance/elpd/elpd_provenance.csv
elpd,filename_prefix_01555_.png,2,license-plate,license_plate,275.95,825.81,447.97,869.72,1536,1536,SYNTHETIC,TRAIN_ONLY,https://www.kaggle.com/datasets/tielemarvin/european-license-plate-dataset-elpd,CC BY 4.0,https://creativecommons.org/licenses/by/4.0/,AI/PlateDetector/datasets/provenance/elpd/elpd_provenance.csv
elpd,filename_prefix_01556_.png,1,license-plate,license_plate,0.0,1001.32,450.94,1166.04,1536,1536,SYNTHETIC,TRAIN_ONLY,https://www.kaggle.com/datasets/tielemarvin/european-license-plate-dataset-elpd,CC BY 4.0,https://creativecommons.org/licenses/by/4.0/,AI/PlateDetector/datasets/provenance/elpd/elpd_provenance.csv
elpd,filename_prefix_01557_.png,1,license-plate,license_plate,630.2,693.7,782.92,728.91,1536,1536,SYNTHETIC,TRAIN_ONLY,https://www.kaggle.com/datasets/tielemarvin/european-license-plate-dataset-elpd,CC BY 4.0,https://creativecommons.org/licenses/by/4.0/,AI/PlateDetector/datasets/provenance/elpd/elpd_provenance.csv
elpd,filename_prefix_01557_.png,2,license-plate,license_plate,1328.91,684.69,1407.94,706.74,1536,1536,SYNTHETIC,TRAIN_ONLY,https://www.kaggle.com/datasets/tielemarvin/european-license-plate-dataset-elpd,CC BY 4.0,https://creativecommons.org/licenses/by/4.0/,AI/PlateDetector/datasets/provenance/elpd/elpd_provenance.csv
elpd,filename_prefix_01558_.png,1,license-plate,license_plate,42.8,1039.77,361.83,1123.11,1536,1536,SYNTHETIC,TRAIN_ONLY,https://www.kaggle.com/datasets/tielemarvin/european-license-plate-dataset-elpd,CC BY 4.0,https://creativecommons.org/licenses/by/4.0/,AI/PlateDetector/datasets/provenance/elpd/elpd_provenance.csv
elpd,filename_prefix_01558_.png,2,license-plate,license_plate,1179.95,896.77,1311.5,933.5,1536,1536,SYNTHETIC,TRAIN_ONLY,https://www.kaggle.com/datasets/tielemarvin/european-license-plate-dataset-elpd,CC BY 4.0,https://creativecommons.org/licenses/by/4.0/,AI/PlateDetector/datasets/provenance/elpd/elpd_provenance.csv
elpd,filename_prefix_01559_.png,1,license-plate,license_plate,232.67,608.5,404.1,661.7,1024,1024,SYNTHETIC,TRAIN_ONLY,https://www.kaggle.com/datasets/tielemarvin/european-license-plate-dataset-elpd,CC BY 4.0,https://creativecommons.org/licenses/by/4.0/,AI/PlateDetector/datasets/provenance/elpd/elpd_provenance.csv
elpd,filename_prefix_01560_.png,1,license-plate,license_plate,1037.38,1139.29,1240.89,1199.65,1536,1536,SYNTHETIC,TRAIN_ONLY,https://www.kaggle.com/datasets/tielemarvin/european-license-plate-dataset-elpd,CC BY 4.0,https://creativecommons.org/licenses/by/4.0/,AI/PlateDetector/datasets/provenance/elpd/elpd_provenance.csv
elpd,filename_prefix_01561_.png,1,license-plate,license_plate,469.67,659.67,628.05,699.91,1024,1024,SYNTHETIC,TRAIN_ONLY,https://www.kaggle.com/datasets/tielemarvin/european-license-plate-dataset-elpd,CC BY 4.0,https://creativecommons.org/licenses/by/4.0/,AI/PlateDetector/datasets/provenance/elpd/elpd_provenance.csv
elpd,filename_prefix_01562_.png,1,license-plate,license_plate,242.88,708.04,329.97,745.03,1024,1024,SYNTHETIC,TRAIN_ONLY,https://www.kaggle.com/datasets/tielemarvin/european-license-plate-dataset-elpd,CC BY 4.0,https://creativecommons.org/licenses/by/4.0/,AI/PlateDetector/datasets/provenance/elpd/elpd_provenance.csv
elpd,filename_prefix_01562_.png,2,license-plate,license_plate,815.08,782.91,1006.9,848.6,1024,1024,SYNTHETIC,TRAIN_ONLY,https://www.kaggle.com/datasets/tielemarvin/european-license-plate-dataset-elpd,CC BY 4.0,https://creativecommons.org/licenses/by/4.0/,AI/PlateDetector/datasets/provenance/elpd/elpd_provenance.csv
elpd,filename_prefix_01563_.png,1,license-plate,license_plate,214.28,592.74,329.53,623.49,1024,1024,SYNTHETIC,TRAIN_ONLY,https://www.kaggle.com/datasets/tielemarvin/european-license-plate-dataset-elpd,CC BY 4.0,https://creativecommons.org/licenses/by/4.0/,AI/PlateDetector/datasets/provenance/elpd/elpd_provenance.csv
elpd,filename_prefix_01564_.png,1,license-plate,license_plate,1124.97,1004.95,1331.59,1058.42,1536,1536,SYNTHETIC,TRAIN_ONLY,https://www.kaggle.com/datasets/tielemarvin/european-license-plate-dataset-elpd,CC BY 4.0,https://creativecommons.org/licenses/by/4.0/,AI/PlateDetector/datasets/provenance/elpd/elpd_provenance.csv
elpd,filename_prefix_01565_.png,1,license-plate,license_plate,150.43,636.59,339.91,722.14,1024,1024,SYNTHETIC,TRAIN_ONLY,https://www.kaggle.com/datasets/tielemarvin/european-license-plate-dataset-elpd,CC BY 4.0,https://creativecommons.org/licenses/by/4.0/,AI/PlateDetector/datasets/provenance/elpd/elpd_provenance.csv
elpd,filename_prefix_01566_.png,1,license-plate,license_plate,281.63,957.41,488.45,1015.74,1536,1536,SYNTHETIC,TRAIN_ONLY,https://www.kaggle.com/datasets/tielemarvin/european-license-plate-dataset-elpd,CC BY 4.0,https://creativecommons.org/licenses/by/4.0/,AI/PlateDetector/datasets/provenance/elpd/elpd_provenance.csv
elpd,filename_prefix_01567_.png,1,license-plate,license_plate,0.0,729.48,155.15,778.12,1024,1024,SYNTHETIC,TRAIN_ONLY,https://www.kaggle.com/datasets/tielemarvin/european-license-plate-dataset-elpd,CC BY 4.0,https://creativecommons.org/licenses/by/4.0/,AI/PlateDetector/datasets/provenance/elpd/elpd_provenance.csv
elpd,filename_prefix_01567_.png,2,license-plate,license_plate,766.62,625.52,888.37,664.21,1024,1024,SYNTHETIC,TRAIN_ONLY,https://www.kaggle.com/datasets/tielemarvin/european-license-plate-dataset-elpd,CC BY 4.0,https://creativecommons.org/licenses/by/4.0/,AI/PlateDetector/datasets/provenance/elpd/elpd_provenance.csv
elpd,filename_prefix_01568_.png,1,license-plate,license_plate,681.7,1139.56,963.94,1213.8,1536,1536,SYNTHETIC,TRAIN_ONLY,https://www.kaggle.com/datasets/tielemarvin/european-license-plate-dataset-elpd,CC BY 4.0,https://creativecommons.org/licenses/by/4.0/,AI/PlateDetector/datasets/provenance/elpd/elpd_provenance.csv
elpd,filename_prefix_01569_.png,1,license-plate,license_plate,158.46,614.13,335.74,666.12,1024,1024,SYNTHETIC,TRAIN_ONLY,https://www.kaggle.com/datasets/tielemarvin/european-license-plate-dataset-elpd,CC BY 4.0,https://creativecommons.org/licenses/by/4.0/,AI/PlateDetector/datasets/provenance/elpd/elpd_provenance.csv
elpd,filename_prefix_01570_.png,1,license-plate,license_plate,518.7,757.86,636.6,787.87,1024,1024,SYNTHETIC,TRAIN_ONLY,https://www.kaggle.com/datasets/tielemarvin/european-license-plate-dataset-elpd,CC BY 4.0,https://creativecommons.org/licenses/by/4.0/,AI/PlateDetector/datasets/provenance/elpd/elpd_provenance.csv
elpd,filename_prefix_01571_.png,1,license-plate,license_plate,200.27,1169.7,549.1,1259.72,1536,1536,SYNTHETIC,TRAIN_ONLY,https://www.kaggle.com/datasets/tielemarvin/european-license-plate-dataset-elpd,CC BY 4.0,https://creativecommons.org/licenses/by/4.0/,AI/PlateDetector/datasets/provenance/elpd/elpd_provenance.csv
elpd,filename_prefix_01571_.png,2,license-plate,license_plate,1325.25,819.62,1464.5,853.61,1536,1536,SYNTHETIC,TRAIN_ONLY,https://www.kaggle.com/datasets/tielemarvin/european-license-plate-dataset-elpd,CC BY 4.0,https://creativecommons.org/licenses/by/4.0/,AI/PlateDetector/datasets/provenance/elpd/elpd_provenance.csv
elpd,filename_prefix_01572_.png,1,license-plate,license_plate,908.41,1223.03,1143.09,1324.19,1536,1536,SYNTHETIC,TRAIN_ONLY,https://www.kaggle.com/datasets/tielemarvin/european-license-plate-dataset-elpd,CC BY 4.0,https://creativecommons.org/licenses/by/4.0/,AI/PlateDetector/datasets/provenance/elpd/elpd_provenance.csv
elpd,filename_prefix_01573_.png,1,license-plate,license_plate,610.21,1034.43,795.47,1087.26,1536,1536,SYNTHETIC,TRAIN_ONLY,https://www.kaggle.com/datasets/tielemarvin/european-license-plate-dataset-elpd,CC BY 4.0,https://creativecommons.org/licenses/by/4.0/,AI/PlateDetector/datasets/provenance/elpd/elpd_provenance.csv
elpd,filename_prefix_01573_.png,2,license-plate,license_plate,1421.4,940.3,1531.0,969.5,1536,1536,SYNTHETIC,TRAIN_ONLY,https://www.kaggle.com/datasets/tielemarvin/european-license-plate-dataset-elpd,CC BY 4.0,https://creativecommons.org/licenses/by/4.0/,AI/PlateDetector/datasets/provenance/elpd/elpd_provenance.csv
elpd,filename_prefix_01574_.png,1,license-plate,license_plate,569.68,961.54,875.34,1058.35,1536,1536,SYNTHETIC,TRAIN_ONLY,https://www.kaggle.com/datasets/tielemarvin/european-license-plate-dataset-elpd,CC BY 4.0,https://creativecommons.org/licenses/by/4.0/,AI/PlateDetector/datasets/provenance/elpd/elpd_provenance.csv
elpd,filename_prefix_01575_.png,1,license-plate,license_plate,193.38,565.42,390.95,626.37,1024,1024,SYNTHETIC,TRAIN_ONLY,https://www.kaggle.com/datasets/tielemarvin/european-license-plate-dataset-elpd,CC BY 4.0,https://creativecommons.org/licenses/by/4.0/,AI/PlateDetector/datasets/provenance/elpd/elpd_provenance.csv
elpd,filename_prefix_01576_.png,1,license-plate,license_plate,1010.76,1264.8,1327.25,1346.83,1536,1536,SYNTHETIC,TRAIN_ONLY,https://www.kaggle.com/datasets/tielemarvin/european-license-plate-dataset-elpd,CC BY 4.0,https://creativecommons.org/licenses/by/4.0/,AI/PlateDetector/datasets/provenance/elpd/elpd_provenance.csv
elpd,filename_prefix_01576_.png,2,license-plate,license_plate,77.61,469.91,219.04,507.76,1536,1536,SYNTHETIC,TRAIN_ONLY,https://www.kaggle.com/datasets/tielemarvin/european-license-plate-dataset-elpd,CC BY 4.0,https://creativecommons.org/licenses/by/4.0/,AI/PlateDetector/datasets/provenance/elpd/elpd_provenance.csv
elpd,filename_prefix_01578_.png,1,license-plate,license_plate,216.55,677.25,320.55,703.88,1024,1024,SYNTHETIC,TRAIN_ONLY,https://www.kaggle.com/datasets/tielemarvin/european-license-plate-dataset-elpd,CC BY 4.0,https://creativecommons.org/licenses/by/4.0/,AI/PlateDetector/datasets/provenance/elpd/elpd_provenance.csv
elpd,filename_prefix_01579_.png,1,license-plate,license_plate,398.71,638.75,539.75,674.2,1024,1024,SYNTHETIC,TRAIN_ONLY,https://www.kaggle.com/datasets/tielemarvin/european-license-plate-dataset-elpd,CC BY 4.0,https://creativecommons.org/licenses/by/4.0/,AI/PlateDetector/datasets/provenance/elpd/elpd_provenance.csv
elpd,filename_prefix_01580_.png,1,license-plate,license_plate,293.34,1221.39,633.83,1303.5,1536,1536,SYNTHETIC,TRAIN_ONLY,https://www.kaggle.com/datasets/tielemarvin/european-license-plate-dataset-elpd,CC BY 4.0,https://creativecommons.org/licenses/by/4.0/,AI/PlateDetector/datasets/provenance/elpd/elpd_provenance.csv
elpd,filename_prefix_01581_.png,1,license-plate,license_plate,243.99,825.42,391.2,860.9,1024,1024,SYNTHETIC,TRAIN_ONLY,https://www.kaggle.com/datasets/tielemarvin/european-license-plate-dataset-elpd,CC BY 4.0,https://creativecommons.org/licenses/by/4.0/,AI/PlateDetector/datasets/provenance/elpd/elpd_provenance.csv
elpd,filename_prefix_01582_.png,1,license-plate,license_plate,4.94,1192.53,238.35,1288.91,1536,1536,SYNTHETIC,TRAIN_ONLY,https://www.kaggle.com/datasets/tielemarvin/european-license-plate-dataset-elpd,CC BY 4.0,https://creativecommons.org/licenses/by/4.0/,AI/PlateDetector/datasets/provenance/elpd/elpd_provenance.csv
elpd,filename_prefix_01583_.png,1,license-plate,license_plate,368.59,873.58,538.02,916.87,1024,1024,SYNTHETIC,TRAIN_ONLY,https://www.kaggle.com/datasets/tielemarvin/european-license-plate-dataset-elpd,CC BY 4.0,https://creativecommons.org/licenses/by/4.0/,AI/PlateDetector/datasets/provenance/elpd/elpd_provenance.csv
elpd,filename_prefix_01584_.png,1,license-plate,license_plate,557.45,1067.09,805.07,1184.71,1536,1536,SYNTHETIC,TRAIN_ONLY,https://www.kaggle.com/datasets/tielemarvin/european-license-plate-dataset-elpd,CC BY 4.0,https://creativecommons.org/licenses/by/4.0/,AI/PlateDetector/datasets/provenance/elpd/elpd_provenance.csv
elpd,filename_prefix_01585_.png,1,license-plate,license_plate,421.95,586.31,597.67,628.69,1024,1024,SYNTHETIC,TRAIN_ONLY,https://www.kaggle.com/datasets/tielemarvin/european-license-plate-dataset-elpd,CC BY 4.0,https://creativecommons.org/licenses/by/4.0/,AI/PlateDetector/datasets/provenance/elpd/elpd_provenance.csv
elpd,filename_prefix_01586_.png,1,license-plate,license_plate,103.86,622.59,275.14,670.93,1024,1024,SYNTHETIC,TRAIN_ONLY,https://www.kaggle.com/datasets/tielemarvin/european-license-plate-dataset-elpd,CC BY 4.0,https://creativecommons.org/licenses/by/4.0/,AI/PlateDetector/datasets/provenance/elpd/elpd_provenance.csv
elpd,filename_prefix_01587_.png,1,license-plate,license_plate,661.6,812.1,780.78,847.1,1536,1536,SYNTHETIC,TRAIN_ONLY,https://www.kaggle.com/datasets/tielemarvin/european-license-plate-dataset-elpd,CC BY 4.0,https://creativecommons.org/licenses/by/4.0/,AI/PlateDetector/datasets/provenance/elpd/elpd_provenance.csv
elpd,filename_prefix_01589_.png,1,license-plate,license_plate,520.12,910.43,728.12,969.29,1536,1536,SYNTHETIC,TRAIN_ONLY,https://www.kaggle.com/datasets/tielemarvin/european-license-plate-dataset-elpd,CC BY 4.0,https://creativecommons.org/licenses/by/4.0/,AI/PlateDetector/datasets/provenance/elpd/elpd_provenance.csv
elpd,filename_prefix_01590_.png,1,license-plate,license_plate,471.7,896.5,720.83,956.04,1536,1536,SYNTHETIC,TRAIN_ONLY,https://www.kaggle.com/datasets/tielemarvin/european-license-plate-dataset-elpd,CC BY 4.0,https://creativecommons.org/licenses/by/4.0/,AI/PlateDetector/datasets/provenance/elpd/elpd_provenance.csv
elpd,filename_prefix_01591_.png,1,license-plate,license_plate,607.45,758.22,755.48,798.27,1024,1024,SYNTHETIC,TRAIN_ONLY,https://www.kaggle.com/datasets/tielemarvin/european-license-plate-dataset-elpd,CC BY 4.0,https://creativecommons.org/licenses/by/4.0/,AI/PlateDetector/datasets/provenance/elpd/elpd_provenance.csv
elpd,filename_prefix_01592_.png,1,license-plate,license_plate,197.56,1330.04,391.51,1383.54,1536,1536,SYNTHETIC,TRAIN_ONLY,https://www.kaggle.com/datasets/tielemarvin/european-license-plate-dataset-elpd,CC BY 4.0,https://creativecommons.org/licenses/by/4.0/,AI/PlateDetector/datasets/provenance/elpd/elpd_provenance.csv
elpd,filename_prefix_01593_.png,1,license-plate,license_plate,317.41,682.83,494.01,744.44,1024,1024,SYNTHETIC,TRAIN_ONLY,https://www.kaggle.com/datasets/tielemarvin/european-license-plate-dataset-elpd,CC BY 4.0,https://creativecommons.org/licenses/by/4.0/,AI/PlateDetector/datasets/provenance/elpd/elpd_provenance.csv
elpd,filename_prefix_01594_.png,1,license-plate,license_plate,416.34,812.1,540.74,844.24,1024,1024,SYNTHETIC,TRAIN_ONLY,https://www.kaggle.com/datasets/tielemarvin/european-license-plate-dataset-elpd,CC BY 4.0,https://creativecommons.org/licenses/by/4.0/,AI/PlateDetector/datasets/provenance/elpd/elpd_provenance.csv
elpd,filename_prefix_01594_.png,2,license-plate,license_plate,836.33,724.4,908.6,745.04,1024,1024,SYNTHETIC,TRAIN_ONLY,https://www.kaggle.com/datasets/tielemarvin/european-license-plate-dataset-elpd,CC BY 4.0,https://creativecommons.org/licenses/by/4.0/,AI/PlateDetector/datasets/provenance/elpd/elpd_provenance.csv
elpd,filename_prefix_01595_.png,1,license-plate,license_plate,478.54,684.53,599.37,716.68,1024,1024,SYNTHETIC,TRAIN_ONLY,https://www.kaggle.com/datasets/tielemarvin/european-license-plate-dataset-elpd,CC BY 4.0,https://creativecommons.org/licenses/by/4.0/,AI/PlateDetector/datasets/provenance/elpd/elpd_provenance.csv
elpd,filename_prefix_01596_.png,1,license-plate,license_plate,1088.99,1026.9,1263.1,1104.93,1536,1536,SYNTHETIC,TRAIN_ONLY,https://www.kaggle.com/datasets/tielemarvin/european-license-plate-dataset-elpd,CC BY 4.0,https://creativecommons.org/licenses/by/4.0/,AI/PlateDetector/datasets/provenance/elpd/elpd_provenance.csv
elpd,filename_prefix_01598_.png,1,license-plate,license_plate,339.08,837.19,552.65,887.56,1536,1536,SYNTHETIC,TRAIN_ONLY,https://www.kaggle.com/datasets/tielemarvin/european-license-plate-dataset-elpd,CC BY 4.0,https://creativecommons.org/licenses/by/4.0/,AI/PlateDetector/datasets/provenance/elpd/elpd_provenance.csv
elpd,filename_prefix_01598_.png,2,license-plate,license_plate,1172.21,699.3,1262.15,721.56,1536,1536,SYNTHETIC,TRAIN_ONLY,https://www.kaggle.com/datasets/tielemarvin/european-license-plate-dataset-elpd,CC BY 4.0,https://creativecommons.org/licenses/by/4.0/,AI/PlateDetector/datasets/provenance/elpd/elpd_provenance.csv
elpd,filename_prefix_01599_.png,1,license-plate,license_plate,734.31,676.97,888.02,721.61,1024,1024,SYNTHETIC,TRAIN_ONLY,https://www.kaggle.com/datasets/tielemarvin/european-license-plate-dataset-elpd,CC BY 4.0,https://creativecommons.org/licenses/by/4.0/,AI/PlateDetector/datasets/provenance/elpd/elpd_provenance.csv
elpd,filename_prefix_01600_.png,1,license-plate,license_plate,100.32,954.0,269.15,1004.13,1536,1536,SYNTHETIC,TRAIN_ONLY,https://www.kaggle.com/datasets/tielemarvin/european-license-plate-dataset-elpd,CC BY 4.0,https://creativecommons.org/licenses/by/4.0/,AI/PlateDetector/datasets/provenance/elpd/elpd_provenance.csv
elpd,filename_prefix_01601_.png,1,license-plate,license_plate,471.22,613.24,611.03,667.46,1024,1024,SYNTHETIC,TRAIN_ONLY,https://www.kaggle.com/datasets/tielemarvin/european-license-plate-dataset-elpd,CC BY 4.0,https://creativecommons.org/licenses/by/4.0/,AI/PlateDetector/datasets/provenance/elpd/elpd_provenance.csv
elpd,filename_prefix_01603_.png,1,license-plate,license_plate,715.31,1003.87,1112.28,1109.88,1536,1536,SYNTHETIC,TRAIN_ONLY,https://www.kaggle.com/datasets/tielemarvin/european-license-plate-dataset-elpd,CC BY 4.0,https://creativecommons.org/licenses/by/4.0/,AI/PlateDetector/datasets/provenance/elpd/elpd_provenance.csv
elpd,filename_prefix_01604_.png,1,license-plate,license_plate,268.4,1277.16,578.11,1362.2,1536,1536,SYNTHETIC,TRAIN_ONLY,https://www.kaggle.com/datasets/tielemarvin/european-license-plate-dataset-elpd,CC BY 4.0,https://creativecommons.org/licenses/by/4.0/,AI/PlateDetector/datasets/provenance/elpd/elpd_provenance.csv
elpd,filename_prefix_01605_.png,1,license-plate,license_plate,882.74,1003.04,1123.04,1068.49,1536,1536,SYNTHETIC,TRAIN_ONLY,https://www.kaggle.com/datasets/tielemarvin/european-license-plate-dataset-elpd,CC BY 4.0,https://creativecommons.org/licenses/by/4.0/,AI/PlateDetector/datasets/provenance/elpd/elpd_provenance.csv
elpd,filename_prefix_01606_.png,1,license-plate,license_plate,1140.18,473.28,1247.59,502.26,1536,1536,SYNTHETIC,TRAIN_ONLY,https://www.kaggle.com/datasets/tielemarvin/european-license-plate-dataset-elpd,CC BY 4.0,https://creativecommons.org/licenses/by/4.0/,AI/PlateDetector/datasets/provenance/elpd/elpd_provenance.csv
elpd,filename_prefix_01606_.png,2,license-plate,license_plate,118.44,781.62,518.4,894.6,1536,1536,SYNTHETIC,TRAIN_ONLY,https://www.kaggle.com/datasets/tielemarvin/european-license-plate-dataset-elpd,CC BY 4.0,https://creativecommons.org/licenses/by/4.0/,AI/PlateDetector/datasets/provenance/elpd/elpd_provenance.csv
elpd,filename_prefix_01607_.png,1,license-plate,license_plate,337.4,580.4,627.1,644.2,1024,1024,SYNTHETIC,TRAIN_ONLY,https://www.kaggle.com/datasets/tielemarvin/european-license-plate-dataset-elpd,CC BY 4.0,https://creativecommons.org/licenses/by/4.0/,AI/PlateDetector/datasets/provenance/elpd/elpd_provenance.csv
elpd,filename_prefix_01608_.png,1,license-plate,license_plate,498.94,833.57,745.92,898.34,1536,1536,SYNTHETIC,TRAIN_ONLY,https://www.kaggle.com/datasets/tielemarvin/european-license-plate-dataset-elpd,CC BY 4.0,https://creativecommons.org/licenses/by/4.0/,AI/PlateDetector/datasets/provenance/elpd/elpd_provenance.csv
elpd,filename_prefix_01609_.png,1,license-plate,license_plate,677.48,706.64,742.91,756.39,1024,1024,SYNTHETIC,TRAIN_ONLY,https://www.kaggle.com/datasets/tielemarvin/european-license-plate-dataset-elpd,CC BY 4.0,https://creativecommons.org/licenses/by/4.0/,AI/PlateDetector/datasets/provenance/elpd/elpd_provenance.csv
elpd,filename_prefix_01609_.png,2,license-plate,license_plate,893.05,595.3,1012.22,635.63,1024,1024,SYNTHETIC,TRAIN_ONLY,https://www.kaggle.com/datasets/tielemarvin/european-license-plate-dataset-elpd,CC BY 4.0,https://creativecommons.org/licenses/by/4.0/,AI/PlateDetector/datasets/provenance/elpd/elpd_provenance.csv
elpd,filename_prefix_01610_.png,1,license-plate,license_plate,872.69,670.98,1024.0,714.2,1024,1024,SYNTHETIC,TRAIN_ONLY,https://www.kaggle.com/datasets/tielemarvin/european-license-plate-dataset-elpd,CC BY 4.0,https://creativecommons.org/licenses/by/4.0/,AI/PlateDetector/datasets/provenance/elpd/elpd_provenance.csv
elpd,filename_prefix_01610_.png,2,license-plate,license_plate,51.53,644.98,158.99,676.2,1024,1024,SYNTHETIC,TRAIN_ONLY,https://www.kaggle.com/datasets/tielemarvin/european-license-plate-dataset-elpd,CC BY 4.0,https://creativecommons.org/licenses/by/4.0/,AI/PlateDetector/datasets/provenance/elpd/elpd_provenance.csv
elpd,filename_prefix_01611_.png,1,license-plate,license_plate,465.97,757.57,718.33,828.06,1024,1024,SYNTHETIC,TRAIN_ONLY,https://www.kaggle.com/datasets/tielemarvin/european-license-plate-dataset-elpd,CC BY 4.0,https://creativecommons.org/licenses/by/4.0/,AI/PlateDetector/datasets/provenance/elpd/elpd_provenance.csv
elpd,filename_prefix_01612_.png,1,license-plate,license_plate,651.24,736.44,915.9,807.7,1536,1536,SYNTHETIC,TRAIN_ONLY,https://www.kaggle.com/datasets/tielemarvin/european-license-plate-dataset-elpd,CC BY 4.0,https://creativecommons.org/licenses/by/4.0/,AI/PlateDetector/datasets/provenance/elpd/elpd_provenance.csv
elpd,filename_prefix_01613_.png,1,license-plate,license_plate,764.92,710.04,883.52,789.45,1024,1024,SYNTHETIC,TRAIN_ONLY,https://www.kaggle.com/datasets/tielemarvin/european-license-plate-dataset-elpd,CC BY 4.0,https://creativecommons.org/licenses/by/4.0/,AI/PlateDetector/datasets/provenance/elpd/elpd_provenance.csv
elpd,filename_prefix_01614_.png,1,license-plate,license_plate,387.3,973.19,516.36,1011.66,1536,1536,SYNTHETIC,TRAIN_ONLY,https://www.kaggle.com/datasets/tielemarvin/european-license-plate-dataset-elpd,CC BY 4.0,https://creativecommons.org/licenses/by/4.0/,AI/PlateDetector/datasets/provenance/elpd/elpd_provenance.csv
elpd,filename_prefix_01614_.png,2,license-plate,license_plate,1060.87,864.09,1131.18,885.09,1536,1536,SYNTHETIC,TRAIN_ONLY,https://www.kaggle.com/datasets/tielemarvin/european-license-plate-dataset-elpd,CC BY 4.0,https://creativecommons.org/licenses/by/4.0/,AI/PlateDetector/datasets/provenance/elpd/elpd_provenance.csv
elpd,filename_prefix_01615_.png,1,license-plate,license_plate,940.09,620.1,1024.0,647.62,1024,1024,SYNTHETIC,TRAIN_ONLY,https://www.kaggle.com/datasets/tielemarvin/european-license-plate-dataset-elpd,CC BY 4.0,https://creativecommons.org/licenses/by/4.0/,AI/PlateDetector/datasets/provenance/elpd/elpd_provenance.csv
elpd,filename_prefix_01615_.png,2,license-plate,license_plate,270.02,625.77,474.16,672.98,1024,1024,SYNTHETIC,TRAIN_ONLY,https://www.kaggle.com/datasets/tielemarvin/european-license-plate-dataset-elpd,CC BY 4.0,https://creativecommons.org/licenses/by/4.0/,AI/PlateDetector/datasets/provenance/elpd/elpd_provenance.csv
elpd,filename_prefix_01616_.png,1,license-plate,license_plate,334.81,1096.66,718.92,1222.99,1536,1536,SYNTHETIC,TRAIN_ONLY,https://www.kaggle.com/datasets/tielemarvin/european-license-plate-dataset-elpd,CC BY 4.0,https://creativecommons.org/licenses/by/4.0/,AI/PlateDetector/datasets/provenance/elpd/elpd_provenance.csv
elpd,filename_prefix_01617_.png,1,license-plate,license_plate,159.75,841.52,393.8,905.53,1024,1024,SYNTHETIC,TRAIN_ONLY,https://www.kaggle.com/datasets/tielemarvin/european-license-plate-dataset-elpd,CC BY 4.0,https://creativecommons.org/licenses/by/4.0/,AI/PlateDetector/datasets/provenance/elpd/elpd_provenance.csv
elpd,filename_prefix_01617_.png,2,license-plate,license_plate,156.6,707.3,403.4,767.3,1024,1024,SYNTHETIC,TRAIN_ONLY,https://www.kaggle.com/datasets/tielemarvin/european-license-plate-dataset-elpd,CC BY 4.0,https://creativecommons.org/licenses/by/4.0/,AI/PlateDetector/datasets/provenance/elpd/elpd_provenance.csv
elpd,filename_prefix_01618_.png,1,license-plate,license_plate,235.3,503.05,460.91,563.4,1024,1024,SYNTHETIC,TRAIN_ONLY,https://www.kaggle.com/datasets/tielemarvin/european-license-plate-dataset-elpd,CC BY 4.0,https://creativecommons.org/licenses/by/4.0/,AI/PlateDetector/datasets/provenance/elpd/elpd_provenance.csv
elpd,filename_prefix_01618_.png,2,license-plate,license_plate,921.64,460.08,1024.0,490.0,1024,1024,SYNTHETIC,TRAIN_ONLY,https://www.kaggle.com/datasets/tielemarvin/european-license-plate-dataset-elpd,CC BY 4.0,https://creativecommons.org/licenses/by/4.0/,AI/PlateDetector/datasets/provenance/elpd/elpd_provenance.csv
elpd,filename_prefix_01619_.png,1,license-plate,license_plate,864.42,835.57,966.67,865.83,1536,1536,SYNTHETIC,TRAIN_ONLY,https://www.kaggle.com/datasets/tielemarvin/european-license-plate-dataset-elpd,CC BY 4.0,https://creativecommons.org/licenses/by/4.0/,AI/PlateDetector/datasets/provenance/elpd/elpd_provenance.csv
elpd,filename_prefix_01619_.png,2,license-plate,license_plate,1384.01,773.11,1455.28,791.12,1536,1536,SYNTHETIC,TRAIN_ONLY,https://www.kaggle.com/datasets/tielemarvin/european-license-plate-dataset-elpd,CC BY 4.0,https://creativecommons.org/licenses/by/4.0/,AI/PlateDetector/datasets/provenance/elpd/elpd_provenance.csv
elpd,filename_prefix_01620_.png,1,license-plate,license_plate,1260.0,946.9,1384.7,989.47,1536,1536,SYNTHETIC,TRAIN_ONLY,https://www.kaggle.com/datasets/tielemarvin/european-license-plate-dataset-elpd,CC BY 4.0,https://creativecommons.org/licenses/by/4.0/,AI/PlateDetector/datasets/provenance/elpd/elpd_provenance.csv
elpd,filename_prefix_01620_.png,2,license-plate,license_plate,783.67,1054.3,958.53,1121.79,1536,1536,SYNTHETIC,TRAIN_ONLY,https://www.kaggle.com/datasets/tielemarvin/european-license-plate-dataset-elpd,CC BY 4.0,https://creativecommons.org/licenses/by/4.0/,AI/PlateDetector/datasets/provenance/elpd/elpd_provenance.csv
elpd,filename_prefix_01621_.png,1,license-plate,license_plate,679.08,965.44,919.58,1038.88,1536,1536,SYNTHETIC,TRAIN_ONLY,https://www.kaggle.com/datasets/tielemarvin/european-license-plate-dataset-elpd,CC BY 4.0,https://creativecommons.org/licenses/by/4.0/,AI/PlateDetector/datasets/provenance/elpd/elpd_provenance.csv
elpd,filename_prefix_01622_.png,1,license-plate,license_plate,523.42,595.34,628.07,629.72,1024,1024,SYNTHETIC,TRAIN_ONLY,https://www.kaggle.com/datasets/tielemarvin/european-license-plate-dataset-elpd,CC BY 4.0,https://creativecommons.org/licenses/by/4.0/,AI/PlateDetector/datasets/provenance/elpd/elpd_provenance.csv
elpd,filename_prefix_01623_.png,1,license-plate,license_plate,575.54,871.92,891.62,952.52,1536,1536,SYNTHETIC,TRAIN_ONLY,https://www.kaggle.com/datasets/tielemarvin/european-license-plate-dataset-elpd,CC BY 4.0,https://creativecommons.org/licenses/by/4.0/,AI/PlateDetector/datasets/provenance/elpd/elpd_provenance.csv
elpd,filename_prefix_01624_.png,1,license-plate,license_plate,411.7,886.4,634.4,942.4,1536,1536,SYNTHETIC,TRAIN_ONLY,https://www.kaggle.com/datasets/tielemarvin/european-license-plate-dataset-elpd,CC BY 4.0,https://creativecommons.org/licenses/by/4.0/,AI/PlateDetector/datasets/provenance/elpd/elpd_provenance.csv
elpd,filename_prefix_01624_.png,2,license-plate,license_plate,1468.03,705.25,1536.0,733.99,1536,1536,SYNTHETIC,TRAIN_ONLY,https://www.kaggle.com/datasets/tielemarvin/european-license-plate-dataset-elpd,CC BY 4.0,https://creativecommons.org/licenses/by/4.0/,AI/PlateDetector/datasets/provenance/elpd/elpd_provenance.csv
elpd,filename_prefix_01625_.png,1,license-plate,license_plate,376.85,528.99,507.74,568.65,1024,1024,SYNTHETIC,TRAIN_ONLY,https://www.kaggle.com/datasets/tielemarvin/european-license-plate-dataset-elpd,CC BY 4.0,https://creativecommons.org/licenses/by/4.0/,AI/PlateDetector/datasets/provenance/elpd/elpd_provenance.csv
elpd,filename_prefix_01626_.png,1,license-plate,license_plate,0.06,706.11,139.61,786.41,1024,1024,SYNTHETIC,TRAIN_ONLY,https://www.kaggle.com/datasets/tielemarvin/european-license-plate-dataset-elpd,CC BY 4.0,https://creativecommons.org/licenses/by/4.0/,AI/PlateDetector/datasets/provenance/elpd/elpd_provenance.csv
elpd,filename_prefix_01627_.png,1,license-plate,license_plate,909.82,656.58,1005.4,680.7,1024,1024,SYNTHETIC,TRAIN_ONLY,https://www.kaggle.com/datasets/tielemarvin/european-license-plate-dataset-elpd,CC BY 4.0,https://creativecommons.org/licenses/by/4.0/,AI/PlateDetector/datasets/provenance/elpd/elpd_provenance.csv
elpd,filename_prefix_01627_.png,2,license-plate,license_plate,274.42,693.36,455.89,744.23,1024,1024,SYNTHETIC,TRAIN_ONLY,https://www.kaggle.com/datasets/tielemarvin/european-license-plate-dataset-elpd,CC BY 4.0,https://creativecommons.org/licenses/by/4.0/,AI/PlateDetector/datasets/provenance/elpd/elpd_provenance.csv
elpd,filename_prefix_01628_.png,1,license-plate,license_plate,379.24,931.36,567.28,1012.69,1536,1536,SYNTHETIC,TRAIN_ONLY,https://www.kaggle.com/datasets/tielemarvin/european-license-plate-dataset-elpd,CC BY 4.0,https://creativecommons.org/licenses/by/4.0/,AI/PlateDetector/datasets/provenance/elpd/elpd_provenance.csv
elpd,filename_prefix_01629_.png,1,license-plate,license_plate,21.38,673.89,179.41,714.19,1024,1024,SYNTHETIC,TRAIN_ONLY,https://www.kaggle.com/datasets/tielemarvin/european-license-plate-dataset-elpd,CC BY 4.0,https://creativecommons.org/licenses/by/4.0/,AI/PlateDetector/datasets/provenance/elpd/elpd_provenance.csv
elpd,filename_prefix_01630_.png,1,license-plate,license_plate,348.36,1103.38,609.14,1183.94,1536,1536,SYNTHETIC,TRAIN_ONLY,https://www.kaggle.com/datasets/tielemarvin/european-license-plate-dataset-elpd,CC BY 4.0,https://creativecommons.org/licenses/by/4.0/,AI/PlateDetector/datasets/provenance/elpd/elpd_provenance.csv
elpd,filename_prefix_01631_.png,1,license-plate,license_plate,471.83,573.56,560.15,593.46,1024,1024,SYNTHETIC,TRAIN_ONLY,https://www.kaggle.com/datasets/tielemarvin/european-license-plate-dataset-elpd,CC BY 4.0,https://creativecommons.org/licenses/by/4.0/,AI/PlateDetector/datasets/provenance/elpd/elpd_provenance.csv
elpd,filename_prefix_01632_.png,1,license-plate,license_plate,946.44,898.15,1172.21,951.08,1536,1536,SYNTHETIC,TRAIN_ONLY,https://www.kaggle.com/datasets/tielemarvin/european-license-plate-dataset-elpd,CC BY 4.0,https://creativecommons.org/licenses/by/4.0/,AI/PlateDetector/datasets/provenance/elpd/elpd_provenance.csv
elpd,filename_prefix_01633_.png,1,license-plate,license_plate,182.08,804.59,331.29,852.88,1024,1024,SYNTHETIC,TRAIN_ONLY,https://www.kaggle.com/datasets/tielemarvin/european-license-plate-dataset-elpd,CC BY 4.0,https://creativecommons.org/licenses/by/4.0/,AI/PlateDetector/datasets/provenance/elpd/elpd_provenance.csv
elpd,filename_prefix_01635_.png,1,license-plate,license_plate,735.92,703.38,957.31,761.76,1536,1536,SYNTHETIC,TRAIN_ONLY,https://www.kaggle.com/datasets/tielemarvin/european-license-plate-dataset-elpd,CC BY 4.0,https://creativecommons.org/licenses/by/4.0/,AI/PlateDetector/datasets/provenance/elpd/elpd_provenance.csv
elpd,filename_prefix_01636_.png,1,license-plate,license_plate,1330.43,890.13,1407.52,912.78,1536,1536,SYNTHETIC,TRAIN_ONLY,https://www.kaggle.com/datasets/tielemarvin/european-license-plate-dataset-elpd,CC BY 4.0,https://creativecommons.org/licenses/by/4.0/,AI/PlateDetector/datasets/provenance/elpd/elpd_provenance.csv
elpd,filename_prefix_01636_.png,2,license-plate,license_plate,851.87,991.87,1145.52,1072.22,1536,1536,SYNTHETIC,TRAIN_ONLY,https://www.kaggle.com/datasets/tielemarvin/european-license-plate-dataset-elpd,CC BY 4.0,https://creativecommons.org/licenses/by/4.0/,AI/PlateDetector/datasets/provenance/elpd/elpd_provenance.csv
elpd,filename_prefix_01636_.png,3,license-plate,license_plate,257.88,922.86,366.26,953.56,1536,1536,SYNTHETIC,TRAIN_ONLY,https://www.kaggle.com/datasets/tielemarvin/european-license-plate-dataset-elpd,CC BY 4.0,https://creativecommons.org/licenses/by/4.0/,AI/PlateDetector/datasets/provenance/elpd/elpd_provenance.csv
elpd,filename_prefix_01637_.png,1,license-plate,license_plate,383.01,689.4,614.01,752.07,1024,1024,SYNTHETIC,TRAIN_ONLY,https://www.kaggle.com/datasets/tielemarvin/european-license-plate-dataset-elpd,CC BY 4.0,https://creativecommons.org/licenses/by/4.0/,AI/PlateDetector/datasets/provenance/elpd/elpd_provenance.csv
elpd,filename_prefix_01638_.png,1,license-plate,license_plate,654.18,1072.78,907.47,1132.23,1536,1536,SYNTHETIC,TRAIN_ONLY,https://www.kaggle.com/datasets/tielemarvin/european-license-plate-dataset-elpd,CC BY 4.0,https://creativecommons.org/licenses/by/4.0/,AI/PlateDetector/datasets/provenance/elpd/elpd_provenance.csv
elpd,filename_prefix_01639_.png,1,license-plate,license_plate,643.5,812.12,915.89,874.8,1536,1536,SYNTHETIC,TRAIN_ONLY,https://www.kaggle.com/datasets/tielemarvin/european-license-plate-dataset-elpd,CC BY 4.0,https://creativecommons.org/licenses/by/4.0/,AI/PlateDetector/datasets/provenance/elpd/elpd_provenance.csv
elpd,filename_prefix_01640_.png,1,license-plate,license_plate,766.89,751.07,969.6,798.4,1024,1024,SYNTHETIC,TRAIN_ONLY,https://www.kaggle.com/datasets/tielemarvin/european-license-plate-dataset-elpd,CC BY 4.0,https://creativecommons.org/licenses/by/4.0/,AI/PlateDetector/datasets/provenance/elpd/elpd_provenance.csv
elpd,filename_prefix_01641_.png,1,license-plate,license_plate,539.73,590.03,754.34,649.41,1024,1024,SYNTHETIC,TRAIN_ONLY,https://www.kaggle.com/datasets/tielemarvin/european-license-plate-dataset-elpd,CC BY 4.0,https://creativecommons.org/licenses/by/4.0/,AI/PlateDetector/datasets/provenance/elpd/elpd_provenance.csv
elpd,filename_prefix_01641_.png,2,license-plate,license_plate,27.94,438.57,117.88,460.52,1024,1024,SYNTHETIC,TRAIN_ONLY,https://www.kaggle.com/datasets/tielemarvin/european-license-plate-dataset-elpd,CC BY 4.0,https://creativecommons.org/licenses/by/4.0/,AI/PlateDetector/datasets/provenance/elpd/elpd_provenance.csv
elpd,filename_prefix_01642_.png,1,license-plate,license_plate,547.64,785.98,695.67,830.21,1024,1024,SYNTHETIC,TRAIN_ONLY,https://www.kaggle.com/datasets/tielemarvin/european-license-plate-dataset-elpd,CC BY 4.0,https://creativecommons.org/licenses/by/4.0/,AI/PlateDetector/datasets/provenance/elpd/elpd_provenance.csv
elpd,filename_prefix_01643_.png,1,license-plate,license_plate,1240.41,847.89,1306.75,864.08,1536,1536,SYNTHETIC,TRAIN_ONLY,https://www.kaggle.com/datasets/tielemarvin/european-license-plate-dataset-elpd,CC BY 4.0,https://creativecommons.org/licenses/by/4.0/,AI/PlateDetector/datasets/provenance/elpd/elpd_provenance.csv
elpd,filename_prefix_01643_.png,2,license-plate,license_plate,876.1,947.89,1047.95,994.35,1536,1536,SYNTHETIC,TRAIN_ONLY,https://www.kaggle.com/datasets/tielemarvin/european-license-plate-dataset-elpd,CC BY 4.0,https://creativecommons.org/licenses/by/4.0/,AI/PlateDetector/datasets/provenance/elpd/elpd_provenance.csv
elpd,filename_prefix_01644_.png,1,license-plate,license_plate,484.12,655.95,682.33,707.74,1024,1024,SYNTHETIC,TRAIN_ONLY,https://www.kaggle.com/datasets/tielemarvin/european-license-plate-dataset-elpd,CC BY 4.0,https://creativecommons.org/licenses/by/4.0/,AI/PlateDetector/datasets/provenance/elpd/elpd_provenance.csv
elpd,filename_prefix_01645_.png,1,license-plate,license_plate,554.13,1012.86,721.18,1053.9,1536,1536,SYNTHETIC,TRAIN_ONLY,https://www.kaggle.com/datasets/tielemarvin/european-license-plate-dataset-elpd,CC BY 4.0,https://creativecommons.org/licenses/by/4.0/,AI/PlateDetector/datasets/provenance/elpd/elpd_provenance.csv
elpd,filename_prefix_01646_.png,1,license-plate,license_plate,436.64,777.11,560.13,808.77,1024,1024,SYNTHETIC,TRAIN_ONLY,https://www.kaggle.com/datasets/tielemarvin/european-license-plate-dataset-elpd,CC BY 4.0,https://creativecommons.org/licenses/by/4.0/,AI/PlateDetector/datasets/provenance/elpd/elpd_provenance.csv
elpd,filename_prefix_01647_.png,1,license-plate,license_plate,1061.39,1142.41,1410.6,1241.5,1536,1536,SYNTHETIC,TRAIN_ONLY,https://www.kaggle.com/datasets/tielemarvin/european-license-plate-dataset-elpd,CC BY 4.0,https://creativecommons.org/licenses/by/4.0/,AI/PlateDetector/datasets/provenance/elpd/elpd_provenance.csv
elpd,filename_prefix_01648_.png,1,license-plate,license_plate,300.04,681.2,420.3,712.8,1024,1024,SYNTHETIC,TRAIN_ONLY,https://www.kaggle.com/datasets/tielemarvin/european-license-plate-dataset-elpd,CC BY 4.0,https://creativecommons.org/licenses/by/4.0/,AI/PlateDetector/datasets/provenance/elpd/elpd_provenance.csv
elpd,filename_prefix_01650_.png,1,license-plate,license_plate,42.07,825.19,237.25,881.3,1024,1024,SYNTHETIC,TRAIN_ONLY,https://www.kaggle.com/datasets/tielemarvin/european-license-plate-dataset-elpd,CC BY 4.0,https://creativecommons.org/licenses/by/4.0/,AI/PlateDetector/datasets/provenance/elpd/elpd_provenance.csv
elpd,filename_prefix_01651_.png,1,license-plate,license_plate,363.1,1003.1,622.13,1074.01,1536,1536,SYNTHETIC,TRAIN_ONLY,https://www.kaggle.com/datasets/tielemarvin/european-license-plate-dataset-elpd,CC BY 4.0,https://creativecommons.org/licenses/by/4.0/,AI/PlateDetector/datasets/provenance/elpd/elpd_provenance.csv
elpd,filename_prefix_01652_.png,1,license-plate,license_plate,780.63,1111.85,1016.4,1174.3,1536,1536,SYNTHETIC,TRAIN_ONLY,https://www.kaggle.com/datasets/tielemarvin/european-license-plate-dataset-elpd,CC BY 4.0,https://creativecommons.org/licenses/by/4.0/,AI/PlateDetector/datasets/provenance/elpd/elpd_provenance.csv
elpd,filename_prefix_01653_.png,1,license-plate,license_plate,884.57,681.4,998.0,710.8,1024,1024,SYNTHETIC,TRAIN_ONLY,https://www.kaggle.com/datasets/tielemarvin/european-license-plate-dataset-elpd,CC BY 4.0,https://creativecommons.org/licenses/by/4.0/,AI/PlateDetector/datasets/provenance/elpd/elpd_provenance.csv
elpd,filename_prefix_01654_.png,1,license-plate,license_plate,661.84,1058.77,841.75,1106.93,1536,1536,SYNTHETIC,TRAIN_ONLY,https://www.kaggle.com/datasets/tielemarvin/european-license-plate-dataset-elpd,CC BY 4.0,https://creativecommons.org/licenses/by/4.0/,AI/PlateDetector/datasets/provenance/elpd/elpd_provenance.csv
elpd,filename_prefix_01655_.png,1,license-plate,license_plate,330.3,1078.0,582.09,1140.87,1536,1536,SYNTHETIC,TRAIN_ONLY,https://www.kaggle.com/datasets/tielemarvin/european-license-plate-dataset-elpd,CC BY 4.0,https://creativecommons.org/licenses/by/4.0/,AI/PlateDetector/datasets/provenance/elpd/elpd_provenance.csv
elpd,filename_prefix_01656_.png,1,license-plate,license_plate,161.92,392.94,243.52,412.12,1024,1024,SYNTHETIC,TRAIN_ONLY,https://www.kaggle.com/datasets/tielemarvin/european-license-plate-dataset-elpd,CC BY 4.0,https://creativecommons.org/licenses/by/4.0/,AI/PlateDetector/datasets/provenance/elpd/elpd_provenance.csv
elpd,filename_prefix_01656_.png,2,license-plate,license_plate,582.2,509.75,764.01,555.38,1024,1024,SYNTHETIC,TRAIN_ONLY,https://www.kaggle.com/datasets/tielemarvin/european-license-plate-dataset-elpd,CC BY 4.0,https://creativecommons.org/licenses/by/4.0/,AI/PlateDetector/datasets/provenance/elpd/elpd_provenance.csv
elpd,filename_prefix_01657_.png,1,license-plate,license_plate,288.29,700.22,480.2,756.45,1024,1024,SYNTHETIC,TRAIN_ONLY,https://www.kaggle.com/datasets/tielemarvin/european-license-plate-dataset-elpd,CC BY 4.0,https://creativecommons.org/licenses/by/4.0/,AI/PlateDetector/datasets/provenance/elpd/elpd_provenance.csv
elpd,filename_prefix_01658_.png,1,license-plate,license_plate,442.52,686.3,667.55,750.76,1024,1024,SYNTHETIC,TRAIN_ONLY,https://www.kaggle.com/datasets/tielemarvin/european-license-plate-dataset-elpd,CC BY 4.0,https://creativecommons.org/licenses/by/4.0/,AI/PlateDetector/datasets/provenance/elpd/elpd_provenance.csv
elpd,filename_prefix_01659_.png,1,license-plate,license_plate,391.42,905.72,471.89,928.15,1536,1536,SYNTHETIC,TRAIN_ONLY,https://www.kaggle.com/datasets/tielemarvin/european-license-plate-dataset-elpd,CC BY 4.0,https://creativecommons.org/licenses/by/4.0/,AI/PlateDetector/datasets/provenance/elpd/elpd_provenance.csv
elpd,filename_prefix_01659_.png,2,license-plate,license_plate,888.04,1033.2,1041.79,1079.11,1536,1536,SYNTHETIC,TRAIN_ONLY,https://www.kaggle.com/datasets/tielemarvin/european-license-plate-dataset-elpd,CC BY 4.0,https://creativecommons.org/licenses/by/4.0/,AI/PlateDetector/datasets/provenance/elpd/elpd_provenance.csv
elpd,filename_prefix_01660_.png,1,license-plate,license_plate,0.0,689.46,209.86,769.37,1024,1024,SYNTHETIC,TRAIN_ONLY,https://www.kaggle.com/datasets/tielemarvin/european-license-plate-dataset-elpd,CC BY 4.0,https://creativecommons.org/licenses/by/4.0/,AI/PlateDetector/datasets/provenance/elpd/elpd_provenance.csv
elpd,filename_prefix_01661_.png,1,license-plate,license_plate,1170.9,1044.32,1303.6,1079.3,1536,1536,SYNTHETIC,TRAIN_ONLY,https://www.kaggle.com/datasets/tielemarvin/european-license-plate-dataset-elpd,CC BY 4.0,https://creativecommons.org/licenses/by/4.0/,AI/PlateDetector/datasets/provenance/elpd/elpd_provenance.csv
elpd,filename_prefix_01661_.png,2,license-plate,license_plate,335.73,1095.64,489.86,1134.49,1536,1536,SYNTHETIC,TRAIN_ONLY,https://www.kaggle.com/datasets/tielemarvin/european-license-plate-dataset-elpd,CC BY 4.0,https://creativecommons.org/licenses/by/4.0/,AI/PlateDetector/datasets/provenance/elpd/elpd_provenance.csv
elpd,filename_prefix_01662_.png,1,license-plate,license_plate,918.7,360.34,994.05,380.9,1024,1024,SYNTHETIC,TRAIN_ONLY,https://www.kaggle.com/datasets/tielemarvin/european-license-plate-dataset-elpd,CC BY 4.0,https://creativecommons.org/licenses/by/4.0/,AI/PlateDetector/datasets/provenance/elpd/elpd_provenance.csv
elpd,filename_prefix_01662_.png,2,license-plate,license_plate,0.0,403.55,218.73,494.73,1024,1024,SYNTHETIC,TRAIN_ONLY,https://www.kaggle.com/datasets/tielemarvin/european-license-plate-dataset-elpd,CC BY 4.0,https://creativecommons.org/licenses/by/4.0/,AI/PlateDetector/datasets/provenance/elpd/elpd_provenance.csv
elpd,filename_prefix_01663_.png,1,license-plate,license_plate,562.71,887.29,704.59,936.3,1536,1536,SYNTHETIC,TRAIN_ONLY,https://www.kaggle.com/datasets/tielemarvin/european-license-plate-dataset-elpd,CC BY 4.0,https://creativecommons.org/licenses/by/4.0/,AI/PlateDetector/datasets/provenance/elpd/elpd_provenance.csv
elpd,filename_prefix_01664_.png,1,license-plate,license_plate,630.47,586.04,749.16,620.72,1024,1024,SYNTHETIC,TRAIN_ONLY,https://www.kaggle.com/datasets/tielemarvin/european-license-plate-dataset-elpd,CC BY 4.0,https://creativecommons.org/licenses/by/4.0/,AI/PlateDetector/datasets/provenance/elpd/elpd_provenance.csv
elpd,filename_prefix_01665_.png,1,license-plate,license_plate,530.98,882.47,861.4,963.4,1536,1536,SYNTHETIC,TRAIN_ONLY,https://www.kaggle.com/datasets/tielemarvin/european-license-plate-dataset-elpd,CC BY 4.0,https://creativecommons.org/licenses/by/4.0/,AI/PlateDetector/datasets/provenance/elpd/elpd_provenance.csv
elpd,filename_prefix_01666_.png,1,license-plate,license_plate,780.8,674.0,932.2,759.21,1024,1024,SYNTHETIC,TRAIN_ONLY,https://www.kaggle.com/datasets/tielemarvin/european-license-plate-dataset-elpd,CC BY 4.0,https://creativecommons.org/licenses/by/4.0/,AI/PlateDetector/datasets/provenance/elpd/elpd_provenance.csv
elpd,filename_prefix_01666_.png,2,license-plate,license_plate,164.59,532.69,271.67,581.05,1024,1024,SYNTHETIC,TRAIN_ONLY,https://www.kaggle.com/datasets/tielemarvin/european-license-plate-dataset-elpd,CC BY 4.0,https://creativecommons.org/licenses/by/4.0/,AI/PlateDetector/datasets/provenance/elpd/elpd_provenance.csv
elpd,filename_prefix_01667_.png,1,license-plate,license_plate,1080.12,779.8,1160.6,800.7,1536,1536,SYNTHETIC,TRAIN_ONLY,https://www.kaggle.com/datasets/tielemarvin/european-license-plate-dataset-elpd,CC BY 4.0,https://creativecommons.org/licenses/by/4.0/,AI/PlateDetector/datasets/provenance/elpd/elpd_provenance.csv
elpd,filename_prefix_01667_.png,2,license-plate,license_plate,404.16,971.6,593.74,1029.33,1536,1536,SYNTHETIC,TRAIN_ONLY,https://www.kaggle.com/datasets/tielemarvin/european-license-plate-dataset-elpd,CC BY 4.0,https://creativecommons.org/licenses/by/4.0/,AI/PlateDetector/datasets/provenance/elpd/elpd_provenance.csv
elpd,filename_prefix_01668_.png,1,license-plate,license_plate,526.84,1077.18,773.81,1154.51,1536,1536,SYNTHETIC,TRAIN_ONLY,https://www.kaggle.com/datasets/tielemarvin/european-license-plate-dataset-elpd,CC BY 4.0,https://creativecommons.org/licenses/by/4.0/,AI/PlateDetector/datasets/provenance/elpd/elpd_provenance.csv
elpd,filename_prefix_01668_.png,2,license-plate,license_plate,1127.66,863.27,1208.65,884.17,1536,1536,SYNTHETIC,TRAIN_ONLY,https://www.kaggle.com/datasets/tielemarvin/european-license-plate-dataset-elpd,CC BY 4.0,https://creativecommons.org/licenses/by/4.0/,AI/PlateDetector/datasets/provenance/elpd/elpd_provenance.csv
elpd,filename_prefix_01669_.png,1,license-plate,license_plate,855.38,625.1,945.64,654.49,1024,1024,SYNTHETIC,TRAIN_ONLY,https://www.kaggle.com/datasets/tielemarvin/european-license-plate-dataset-elpd,CC BY 4.0,https://creativecommons.org/licenses/by/4.0/,AI/PlateDetector/datasets/provenance/elpd/elpd_provenance.csv
elpd,filename_prefix_01669_.png,2,license-plate,license_plate,208.57,604.57,333.79,642.57,1024,1024,SYNTHETIC,TRAIN_ONLY,https://www.kaggle.com/datasets/tielemarvin/european-license-plate-dataset-elpd,CC BY 4.0,https://creativecommons.org/licenses/by/4.0/,AI/PlateDetector/datasets/provenance/elpd/elpd_provenance.csv
elpd,filename_prefix_01670_.png,1,license-plate,license_plate,1130.21,714.81,1213.01,734.63,1536,1536,SYNTHETIC,TRAIN_ONLY,https://www.kaggle.com/datasets/tielemarvin/european-license-plate-dataset-elpd,CC BY 4.0,https://creativecommons.org/licenses/by/4.0/,AI/PlateDetector/datasets/provenance/elpd/elpd_provenance.csv
elpd,filename_prefix_01671_.png,1,license-plate,license_plate,0.0,1028.95,143.12,1113.9,1536,1536,SYNTHETIC,TRAIN_ONLY,https://www.kaggle.com/datasets/tielemarvin/european-license-plate-dataset-elpd,CC BY 4.0,https://creativecommons.org/licenses/by/4.0/,AI/PlateDetector/datasets/provenance/elpd/elpd_provenance.csv
elpd,filename_prefix_01672_.png,1,license-plate,license_plate,717.7,198.13,829.8,231.3,1024,1024,SYNTHETIC,TRAIN_ONLY,https://www.kaggle.com/datasets/tielemarvin/european-license-plate-dataset-elpd,CC BY 4.0,https://creativecommons.org/licenses/by/4.0/,AI/PlateDetector/datasets/provenance/elpd/elpd_provenance.csv
elpd,filename_prefix_01672_.png,2,license-plate,license_plate,421.75,530.86,606.19,594.73,1024,1024,SYNTHETIC,TRAIN_ONLY,https://www.kaggle.com/datasets/tielemarvin/european-license-plate-dataset-elpd,CC BY 4.0,https://creativecommons.org/licenses/by/4.0/,AI/PlateDetector/datasets/provenance/elpd/elpd_provenance.csv
elpd,filename_prefix_01673_.png,1,license-plate,license_plate,313.51,484.07,372.43,503.22,1024,1024,SYNTHETIC,TRAIN_ONLY,https://www.kaggle.com/datasets/tielemarvin/european-license-plate-dataset-elpd,CC BY 4.0,https://creativecommons.org/licenses/by/4.0/,AI/PlateDetector/datasets/provenance/elpd/elpd_provenance.csv
elpd,filename_prefix_01674_.png,1,license-plate,license_plate,290.47,859.68,553.6,920.46,1024,1024,SYNTHETIC,TRAIN_ONLY,https://www.kaggle.com/datasets/tielemarvin/european-license-plate-dataset-elpd,CC BY 4.0,https://creativecommons.org/licenses/by/4.0/,AI/PlateDetector/datasets/provenance/elpd/elpd_provenance.csv
elpd,filename_prefix_01675_.png,1,license-plate,license_plate,718.42,1044.54,925.67,1093.76,1536,1536,SYNTHETIC,TRAIN_ONLY,https://www.kaggle.com/datasets/tielemarvin/european-license-plate-dataset-elpd,CC BY 4.0,https://creativecommons.org/licenses/by/4.0/,AI/PlateDetector/datasets/provenance/elpd/elpd_provenance.csv
elpd,filename_prefix_01676_.png,1,license-plate,license_plate,134.45,491.24,315.01,542.88,1024,1024,SYNTHETIC,TRAIN_ONLY,https://www.kaggle.com/datasets/tielemarvin/european-license-plate-dataset-elpd,CC BY 4.0,https://creativecommons.org/licenses/by/4.0/,AI/PlateDetector/datasets/provenance/elpd/elpd_provenance.csv
elpd,filename_prefix_01677_.png,1,license-plate,license_plate,972.94,861.6,1091.41,915.12,1536,1536,SYNTHETIC,TRAIN_ONLY,https://www.kaggle.com/datasets/tielemarvin/european-license-plate-dataset-elpd,CC BY 4.0,https://creativecommons.org/licenses/by/4.0/,AI/PlateDetector/datasets/provenance/elpd/elpd_provenance.csv
elpd,filename_prefix_01678_.png,1,license-plate,license_plate,313.08,593.26,457.88,637.05,1024,1024,SYNTHETIC,TRAIN_ONLY,https://www.kaggle.com/datasets/tielemarvin/european-license-plate-dataset-elpd,CC BY 4.0,https://creativecommons.org/licenses/by/4.0/,AI/PlateDetector/datasets/provenance/elpd/elpd_provenance.csv
elpd,filename_prefix_01679_.png,1,license-plate,license_plate,958.87,895.98,1114.9,964.24,1536,1536,SYNTHETIC,TRAIN_ONLY,https://www.kaggle.com/datasets/tielemarvin/european-license-plate-dataset-elpd,CC BY 4.0,https://creativecommons.org/licenses/by/4.0/,AI/PlateDetector/datasets/provenance/elpd/elpd_provenance.csv
elpd,filename_prefix_01679_.png,2,license-plate,license_plate,1307.98,744.04,1417.8,781.54,1536,1536,SYNTHETIC,TRAIN_ONLY,https://www.kaggle.com/datasets/tielemarvin/european-license-plate-dataset-elpd,CC BY 4.0,https://creativecommons.org/licenses/by/4.0/,AI/PlateDetector/datasets/provenance/elpd/elpd_provenance.csv
elpd,filename_prefix_01680_.png,1,license-plate,license_plate,609.27,654.66,842.91,735.36,1024,1024,SYNTHETIC,TRAIN_ONLY,https://www.kaggle.com/datasets/tielemarvin/european-license-plate-dataset-elpd,CC BY 4.0,https://creativecommons.org/licenses/by/4.0/,AI/PlateDetector/datasets/provenance/elpd/elpd_provenance.csv
elpd,filename_prefix_01681_.png,1,license-plate,license_plate,257.06,757.84,494.54,824.38,1536,1536,SYNTHETIC,TRAIN_ONLY,https://www.kaggle.com/datasets/tielemarvin/european-license-plate-dataset-elpd,CC BY 4.0,https://creativecommons.org/licenses/by/4.0/,AI/PlateDetector/datasets/provenance/elpd/elpd_provenance.csv
elpd,filename_prefix_01681_.png,2,license-plate,license_plate,1175.85,754.9,1318.73,796.41,1536,1536,SYNTHETIC,TRAIN_ONLY,https://www.kaggle.com/datasets/tielemarvin/european-license-plate-dataset-elpd,CC BY 4.0,https://creativecommons.org/licenses/by/4.0/,AI/PlateDetector/datasets/provenance/elpd/elpd_provenance.csv
elpd,filename_prefix_01682_.png,1,license-plate,license_plate,395.95,1119.17,587.86,1228.36,1536,1536,SYNTHETIC,TRAIN_ONLY,https://www.kaggle.com/datasets/tielemarvin/european-license-plate-dataset-elpd,CC BY 4.0,https://creativecommons.org/licenses/by/4.0/,AI/PlateDetector/datasets/provenance/elpd/elpd_provenance.csv
elpd,filename_prefix_01683_.png,1,license-plate,license_plate,673.6,767.96,862.9,834.0,1024,1024,SYNTHETIC,TRAIN_ONLY,https://www.kaggle.com/datasets/tielemarvin/european-license-plate-dataset-elpd,CC BY 4.0,https://creativecommons.org/licenses/by/4.0/,AI/PlateDetector/datasets/provenance/elpd/elpd_provenance.csv
elpd,filename_prefix_01684_.png,1,license-plate,license_plate,808.56,1267.0,1147.8,1352.0,1536,1536,SYNTHETIC,TRAIN_ONLY,https://www.kaggle.com/datasets/tielemarvin/european-license-plate-dataset-elpd,CC BY 4.0,https://creativecommons.org/licenses/by/4.0/,AI/PlateDetector/datasets/provenance/elpd/elpd_provenance.csv
elpd,filename_prefix_01685_.png,1,license-plate,license_plate,451.08,713.16,593.8,751.1,1024,1024,SYNTHETIC,TRAIN_ONLY,https://www.kaggle.com/datasets/tielemarvin/european-license-plate-dataset-elpd,CC BY 4.0,https://creativecommons.org/licenses/by/4.0/,AI/PlateDetector/datasets/provenance/elpd/elpd_provenance.csv
elpd,filename_prefix_01686_.png,1,license-plate,license_plate,434.64,1048.4,682.7,1115.6,1536,1536,SYNTHETIC,TRAIN_ONLY,https://www.kaggle.com/datasets/tielemarvin/european-license-plate-dataset-elpd,CC BY 4.0,https://creativecommons.org/licenses/by/4.0/,AI/PlateDetector/datasets/provenance/elpd/elpd_provenance.csv
elpd,filename_prefix_01687_.png,1,license-plate,license_plate,761.16,1028.21,948.4,1077.7,1536,1536,SYNTHETIC,TRAIN_ONLY,https://www.kaggle.com/datasets/tielemarvin/european-license-plate-dataset-elpd,CC BY 4.0,https://creativecommons.org/licenses/by/4.0/,AI/PlateDetector/datasets/provenance/elpd/elpd_provenance.csv
elpd,filename_prefix_01688_.png,1,license-plate,license_plate,751.3,692.6,901.29,735.92,1024,1024,SYNTHETIC,TRAIN_ONLY,https://www.kaggle.com/datasets/tielemarvin/european-license-plate-dataset-elpd,CC BY 4.0,https://creativecommons.org/licenses/by/4.0/,AI/PlateDetector/datasets/provenance/elpd/elpd_provenance.csv
elpd,filename_prefix_01688_.png,2,license-plate,license_plate,93.36,590.63,228.01,626.75,1024,1024,SYNTHETIC,TRAIN_ONLY,https://www.kaggle.com/datasets/tielemarvin/european-license-plate-dataset-elpd,CC BY 4.0,https://creativecommons.org/licenses/by/4.0/,AI/PlateDetector/datasets/provenance/elpd/elpd_provenance.csv
elpd,filename_prefix_01689_.png,1,license-plate,license_plate,794.2,689.9,962.71,743.39,1024,1024,SYNTHETIC,TRAIN_ONLY,https://www.kaggle.com/datasets/tielemarvin/european-license-plate-dataset-elpd,CC BY 4.0,https://creativecommons.org/licenses/by/4.0/,AI/PlateDetector/datasets/provenance/elpd/elpd_provenance.csv
elpd,filename_prefix_01689_.png,2,license-plate,license_plate,39.9,577.0,155.56,609.94,1024,1024,SYNTHETIC,TRAIN_ONLY,https://www.kaggle.com/datasets/tielemarvin/european-license-plate-dataset-elpd,CC BY 4.0,https://creativecommons.org/licenses/by/4.0/,AI/PlateDetector/datasets/provenance/elpd/elpd_provenance.csv
elpd,filename_prefix_01690_.png,1,license-plate,license_plate,456.9,596.6,557.1,618.8,1024,1024,SYNTHETIC,TRAIN_ONLY,https://www.kaggle.com/datasets/tielemarvin/european-license-plate-dataset-elpd,CC BY 4.0,https://creativecommons.org/licenses/by/4.0/,AI/PlateDetector/datasets/provenance/elpd/elpd_provenance.csv
elpd,filename_prefix_01691_.png,1,license-plate,license_plate,277.27,1101.15,546.7,1176.75,1536,1536,SYNTHETIC,TRAIN_ONLY,https://www.kaggle.com/datasets/tielemarvin/european-license-plate-dataset-elpd,CC BY 4.0,https://creativecommons.org/licenses/by/4.0/,AI/PlateDetector/datasets/provenance/elpd/elpd_provenance.csv
elpd,filename_prefix_01693_.png,1,license-plate,license_plate,1334.59,646.26,1486.8,685.1,1536,1536,SYNTHETIC,TRAIN_ONLY,https://www.kaggle.com/datasets/tielemarvin/european-license-plate-dataset-elpd,CC BY 4.0,https://creativecommons.org/licenses/by/4.0/,AI/PlateDetector/datasets/provenance/elpd/elpd_provenance.csv
elpd,filename_prefix_01693_.png,2,license-plate,license_plate,461.99,761.99,773.55,843.49,1536,1536,SYNTHETIC,TRAIN_ONLY,https://www.kaggle.com/datasets/tielemarvin/european-license-plate-dataset-elpd,CC BY 4.0,https://creativecommons.org/licenses/by/4.0/,AI/PlateDetector/datasets/provenance/elpd/elpd_provenance.csv
elpd,filename_prefix_01694_.png,1,license-plate,license_plate,389.16,548.21,613.2,605.3,1024,1024,SYNTHETIC,TRAIN_ONLY,https://www.kaggle.com/datasets/tielemarvin/european-license-plate-dataset-elpd,CC BY 4.0,https://creativecommons.org/licenses/by/4.0/,AI/PlateDetector/datasets/provenance/elpd/elpd_provenance.csv
elpd,filename_prefix_01695_.png,1,license-plate,license_plate,208.61,911.55,400.76,957.8,1536,1536,SYNTHETIC,TRAIN_ONLY,https://www.kaggle.com/datasets/tielemarvin/european-license-plate-dataset-elpd,CC BY 4.0,https://creativecommons.org/licenses/by/4.0/,AI/PlateDetector/datasets/provenance/elpd/elpd_provenance.csv
elpd,filename_prefix_01695_.png,2,license-plate,license_plate,1290.7,812.85,1427.57,846.57,1536,1536,SYNTHETIC,TRAIN_ONLY,https://www.kaggle.com/datasets/tielemarvin/european-license-plate-dataset-elpd,CC BY 4.0,https://creativecommons.org/licenses/by/4.0/,AI/PlateDetector/datasets/provenance/elpd/elpd_provenance.csv
elpd,filename_prefix_01696_.png,1,license-plate,license_plate,585.0,691.66,751.85,732.51,1024,1024,SYNTHETIC,TRAIN_ONLY,https://www.kaggle.com/datasets/tielemarvin/european-license-plate-dataset-elpd,CC BY 4.0,https://creativecommons.org/licenses/by/4.0/,AI/PlateDetector/datasets/provenance/elpd/elpd_provenance.csv
elpd,filename_prefix_01697_.png,1,license-plate,license_plate,893.06,869.46,1027.7,909.77,1536,1536,SYNTHETIC,TRAIN_ONLY,https://www.kaggle.com/datasets/tielemarvin/european-license-plate-dataset-elpd,CC BY 4.0,https://creativecommons.org/licenses/by/4.0/,AI/PlateDetector/datasets/provenance/elpd/elpd_provenance.csv
elpd,filename_prefix_01698_.png,1,license-plate,license_plate,38.99,695.85,116.4,715.4,1536,1536,SYNTHETIC,TRAIN_ONLY,https://www.kaggle.com/datasets/tielemarvin/european-license-plate-dataset-elpd,CC BY 4.0,https://creativecommons.org/licenses/by/4.0/,AI/PlateDetector/datasets/provenance/elpd/elpd_provenance.csv
elpd,filename_prefix_01698_.png,2,license-plate,license_plate,946.24,903.62,1270.35,972.57,1536,1536,SYNTHETIC,TRAIN_ONLY,https://www.kaggle.com/datasets/tielemarvin/european-license-plate-dataset-elpd,CC BY 4.0,https://creativecommons.org/licenses/by/4.0/,AI/PlateDetector/datasets/provenance/elpd/elpd_provenance.csv
elpd,filename_prefix_01700_.png,1,license-plate,license_plate,624.22,700.14,756.13,786.16,1024,1024,SYNTHETIC,TRAIN_ONLY,https://www.kaggle.com/datasets/tielemarvin/european-license-plate-dataset-elpd,CC BY 4.0,https://creativecommons.org/licenses/by/4.0/,AI/PlateDetector/datasets/provenance/elpd/elpd_provenance.csv
elpd,filename_prefix_01701_.png,1,license-plate,license_plate,0.0,1032.68,379.94,1131.1,1536,1536,SYNTHETIC,TRAIN_ONLY,https://www.kaggle.com/datasets/tielemarvin/european-license-plate-dataset-elpd,CC BY 4.0,https://creativecommons.org/licenses/by/4.0/,AI/PlateDetector/datasets/provenance/elpd/elpd_provenance.csv
elpd,filename_prefix_01702_.png,1,license-plate,license_plate,582.91,972.21,977.76,1074.37,1536,1536,SYNTHETIC,TRAIN_ONLY,https://www.kaggle.com/datasets/tielemarvin/european-license-plate-dataset-elpd,CC BY 4.0,https://creativecommons.org/licenses/by/4.0/,AI/PlateDetector/datasets/provenance/elpd/elpd_provenance.csv
elpd,filename_prefix_01703_.png,1,license-plate,license_plate,497.27,557.79,637.59,600.14,1024,1024,SYNTHETIC,TRAIN_ONLY,https://www.kaggle.com/datasets/tielemarvin/european-license-plate-dataset-elpd,CC BY 4.0,https://creativecommons.org/licenses/by/4.0/,AI/PlateDetector/datasets/provenance/elpd/elpd_provenance.csv
elpd,filename_prefix_01704_.png,1,license-plate,license_plate,595.54,526.38,691.0,552.7,1024,1024,SYNTHETIC,TRAIN_ONLY,https://www.kaggle.com/datasets/tielemarvin/european-license-plate-dataset-elpd,CC BY 4.0,https://creativecommons.org/licenses/by/4.0/,AI/PlateDetector/datasets/provenance/elpd/elpd_provenance.csv
elpd,filename_prefix_01705_.png,1,license-plate,license_plate,105.15,638.06,325.43,751.55,1024,1024,SYNTHETIC,TRAIN_ONLY,https://www.kaggle.com/datasets/tielemarvin/european-license-plate-dataset-elpd,CC BY 4.0,https://creativecommons.org/licenses/by/4.0/,AI/PlateDetector/datasets/provenance/elpd/elpd_provenance.csv
elpd,filename_prefix_01706_.png,1,license-plate,license_plate,1115.28,1010.37,1411.24,1087.89,1536,1536,SYNTHETIC,TRAIN_ONLY,https://www.kaggle.com/datasets/tielemarvin/european-license-plate-dataset-elpd,CC BY 4.0,https://creativecommons.org/licenses/by/4.0/,AI/PlateDetector/datasets/provenance/elpd/elpd_provenance.csv
elpd,filename_prefix_01706_.png,2,license-plate,license_plate,172.93,938.89,342.79,983.4,1536,1536,SYNTHETIC,TRAIN_ONLY,https://www.kaggle.com/datasets/tielemarvin/european-license-plate-dataset-elpd,CC BY 4.0,https://creativecommons.org/licenses/by/4.0/,AI/PlateDetector/datasets/provenance/elpd/elpd_provenance.csv
elpd,filename_prefix_01707_.png,1,license-plate,license_plate,787.41,672.62,1024.0,750.52,1024,1024,SYNTHETIC,TRAIN_ONLY,https://www.kaggle.com/datasets/tielemarvin/european-license-plate-dataset-elpd,CC BY 4.0,https://creativecommons.org/licenses/by/4.0/,AI/PlateDetector/datasets/provenance/elpd/elpd_provenance.csv
elpd,filename_prefix_01707_.png,2,license-plate,license_plate,325.65,470.93,405.42,494.44,1024,1024,SYNTHETIC,TRAIN_ONLY,https://www.kaggle.com/datasets/tielemarvin/european-license-plate-dataset-elpd,CC BY 4.0,https://creativecommons.org/licenses/by/4.0/,AI/PlateDetector/datasets/provenance/elpd/elpd_provenance.csv
elpd,filename_prefix_01708_.png,1,license-plate,license_plate,806.85,965.6,1047.5,1024.45,1536,1536,SYNTHETIC,TRAIN_ONLY,https://www.kaggle.com/datasets/tielemarvin/european-license-plate-dataset-elpd,CC BY 4.0,https://creativecommons.org/licenses/by/4.0/,AI/PlateDetector/datasets/provenance/elpd/elpd_provenance.csv
elpd,filename_prefix_01709_.png,1,license-plate,license_plate,489.82,592.59,660.59,633.6,1024,1024,SYNTHETIC,TRAIN_ONLY,https://www.kaggle.com/datasets/tielemarvin/european-license-plate-dataset-elpd,CC BY 4.0,https://creativecommons.org/licenses/by/4.0/,AI/PlateDetector/datasets/provenance/elpd/elpd_provenance.csv
elpd,filename_prefix_01710_.png,1,license-plate,license_plate,897.78,895.08,1074.13,988.05,1536,1536,SYNTHETIC,TRAIN_ONLY,https://www.kaggle.com/datasets/tielemarvin/european-license-plate-dataset-elpd,CC BY 4.0,https://creativecommons.org/licenses/by/4.0/,AI/PlateDetector/datasets/provenance/elpd/elpd_provenance.csv
elpd,filename_prefix_01711_.png,1,license-plate,license_plate,471.78,842.61,619.8,881.5,1024,1024,SYNTHETIC,TRAIN_ONLY,https://www.kaggle.com/datasets/tielemarvin/european-license-plate-dataset-elpd,CC BY 4.0,https://creativecommons.org/licenses/by/4.0/,AI/PlateDetector/datasets/provenance/elpd/elpd_provenance.csv
elpd,filename_prefix_01712_.png,1,license-plate,license_plate,610.43,798.34,715.78,823.81,1536,1536,SYNTHETIC,TRAIN_ONLY,https://www.kaggle.com/datasets/tielemarvin/european-license-plate-dataset-elpd,CC BY 4.0,https://creativecommons.org/licenses/by/4.0/,AI/PlateDetector/datasets/provenance/elpd/elpd_provenance.csv
elpd,filename_prefix_01713_.png,1,license-plate,license_plate,603.9,1107.13,798.12,1162.62,1536,1536,SYNTHETIC,TRAIN_ONLY,https://www.kaggle.com/datasets/tielemarvin/european-license-plate-dataset-elpd,CC BY 4.0,https://creativecommons.org/licenses/by/4.0/,AI/PlateDetector/datasets/provenance/elpd/elpd_provenance.csv
elpd,filename_prefix_01714_.png,1,license-plate,license_plate,125.52,694.24,241.7,733.55,1536,1536,SYNTHETIC,TRAIN_ONLY,https://www.kaggle.com/datasets/tielemarvin/european-license-plate-dataset-elpd,CC BY 4.0,https://creativecommons.org/licenses/by/4.0/,AI/PlateDetector/datasets/provenance/elpd/elpd_provenance.csv
elpd,filename_prefix_01714_.png,2,license-plate,license_plate,51.3,1156.6,431.78,1292.74,1536,1536,SYNTHETIC,TRAIN_ONLY,https://www.kaggle.com/datasets/tielemarvin/european-license-plate-dataset-elpd,CC BY 4.0,https://creativecommons.org/licenses/by/4.0/,AI/PlateDetector/datasets/provenance/elpd/elpd_provenance.csv
elpd,filename_prefix_01715_.png,1,license-plate,license_plate,338.5,781.85,600.21,850.91,1024,1024,SYNTHETIC,TRAIN_ONLY,https://www.kaggle.com/datasets/tielemarvin/european-license-plate-dataset-elpd,CC BY 4.0,https://creativecommons.org/licenses/by/4.0/,AI/PlateDetector/datasets/provenance/elpd/elpd_provenance.csv
elpd,filename_prefix_01716_.png,1,license-plate,license_plate,231.0,647.03,412.34,719.7,1024,1024,SYNTHETIC,TRAIN_ONLY,https://www.kaggle.com/datasets/tielemarvin/european-license-plate-dataset-elpd,CC BY 4.0,https://creativecommons.org/licenses/by/4.0/,AI/PlateDetector/datasets/provenance/elpd/elpd_provenance.csv
elpd,filename_prefix_01716_.png,2,license-plate,license_plate,672.82,479.72,784.57,516.36,1024,1024,SYNTHETIC,TRAIN_ONLY,https://www.kaggle.com/datasets/tielemarvin/european-license-plate-dataset-elpd,CC BY 4.0,https://creativecommons.org/licenses/by/4.0/,AI/PlateDetector/datasets/provenance/elpd/elpd_provenance.csv
elpd,filename_prefix_01717_.png,1,license-plate,license_plate,542.53,794.93,838.89,940.96,1536,1536,SYNTHETIC,TRAIN_ONLY,https://www.kaggle.com/datasets/tielemarvin/european-license-plate-dataset-elpd,CC BY 4.0,https://creativecommons.org/licenses/by/4.0/,AI/PlateDetector/datasets/provenance/elpd/elpd_provenance.csv
elpd,filename_prefix_01717_.png,2,license-plate,license_plate,1027.07,743.76,1249.88,810.7,1536,1536,SYNTHETIC,TRAIN_ONLY,https://www.kaggle.com/datasets/tielemarvin/european-license-plate-dataset-elpd,CC BY 4.0,https://creativecommons.org/licenses/by/4.0/,AI/PlateDetector/datasets/provenance/elpd/elpd_provenance.csv
elpd,filename_prefix_01718_.png,1,license-plate,license_plate,1244.5,492.08,1446.96,549.5,1536,1536,SYNTHETIC,TRAIN_ONLY,https://www.kaggle.com/datasets/tielemarvin/european-license-plate-dataset-elpd,CC BY 4.0,https://creativecommons.org/licenses/by/4.0/,AI/PlateDetector/datasets/provenance/elpd/elpd_provenance.csv
elpd,filename_prefix_01718_.png,2,license-plate,license_plate,544.86,690.51,911.58,775.46,1536,1536,SYNTHETIC,TRAIN_ONLY,https://www.kaggle.com/datasets/tielemarvin/european-license-plate-dataset-elpd,CC BY 4.0,https://creativecommons.org/licenses/by/4.0/,AI/PlateDetector/datasets/provenance/elpd/elpd_provenance.csv
elpd,filename_prefix_01720_.png,1,license-plate,license_plate,479.62,702.21,598.79,734.33,1024,1024,SYNTHETIC,TRAIN_ONLY,https://www.kaggle.com/datasets/tielemarvin/european-license-plate-dataset-elpd,CC BY 4.0,https://creativecommons.org/licenses/by/4.0/,AI/PlateDetector/datasets/provenance/elpd/elpd_provenance.csv
elpd,filename_prefix_01721_.png,1,license-plate,license_plate,359.91,576.59,471.28,602.41,1024,1024,SYNTHETIC,TRAIN_ONLY,https://www.kaggle.com/datasets/tielemarvin/european-license-plate-dataset-elpd,CC BY 4.0,https://creativecommons.org/licenses/by/4.0/,AI/PlateDetector/datasets/provenance/elpd/elpd_provenance.csv
elpd,filename_prefix_01722_.png,1,license-plate,license_plate,726.57,930.85,945.39,992.35,1536,1536,SYNTHETIC,TRAIN_ONLY,https://www.kaggle.com/datasets/tielemarvin/european-license-plate-dataset-elpd,CC BY 4.0,https://creativecommons.org/licenses/by/4.0/,AI/PlateDetector/datasets/provenance/elpd/elpd_provenance.csv
elpd,filename_prefix_01723_.png,1,license-plate,license_plate,228.8,576.6,360.99,614.32,1024,1024,SYNTHETIC,TRAIN_ONLY,https://www.kaggle.com/datasets/tielemarvin/european-license-plate-dataset-elpd,CC BY 4.0,https://creativecommons.org/licenses/by/4.0/,AI/PlateDetector/datasets/provenance/elpd/elpd_provenance.csv
elpd,filename_prefix_01723_.png,2,license-plate,license_plate,932.12,722.97,1024.0,760.87,1024,1024,SYNTHETIC,TRAIN_ONLY,https://www.kaggle.com/datasets/tielemarvin/european-license-plate-dataset-elpd,CC BY 4.0,https://creativecommons.org/licenses/by/4.0/,AI/PlateDetector/datasets/provenance/elpd/elpd_provenance.csv
elpd,filename_prefix_01724_.png,1,license-plate,license_plate,195.46,971.83,453.14,1105.78,1536,1536,SYNTHETIC,TRAIN_ONLY,https://www.kaggle.com/datasets/tielemarvin/european-license-plate-dataset-elpd,CC BY 4.0,https://creativecommons.org/licenses/by/4.0/,AI/PlateDetector/datasets/provenance/elpd/elpd_provenance.csv
elpd,filename_prefix_01725_.png,1,license-plate,license_plate,511.9,676.5,689.76,729.27,1024,1024,SYNTHETIC,TRAIN_ONLY,https://www.kaggle.com/datasets/tielemarvin/european-license-plate-dataset-elpd,CC BY 4.0,https://creativecommons.org/licenses/by/4.0/,AI/PlateDetector/datasets/provenance/elpd/elpd_provenance.csv
elpd,filename_prefix_01726_.png,1,license-plate,license_plate,1463.23,667.19,1535.3,697.7,1536,1536,SYNTHETIC,TRAIN_ONLY,https://www.kaggle.com/datasets/tielemarvin/european-license-plate-dataset-elpd,CC BY 4.0,https://creativecommons.org/licenses/by/4.0/,AI/PlateDetector/datasets/provenance/elpd/elpd_provenance.csv
elpd,filename_prefix_01726_.png,2,license-plate,license_plate,1030.97,962.86,1185.09,1031.19,1536,1536,SYNTHETIC,TRAIN_ONLY,https://www.kaggle.com/datasets/tielemarvin/european-license-plate-dataset-elpd,CC BY 4.0,https://creativecommons.org/licenses/by/4.0/,AI/PlateDetector/datasets/provenance/elpd/elpd_provenance.csv
elpd,filename_prefix_01727_.png,1,license-plate,license_plate,474.3,570.4,576.2,603.99,1024,1024,SYNTHETIC,TRAIN_ONLY,https://www.kaggle.com/datasets/tielemarvin/european-license-plate-dataset-elpd,CC BY 4.0,https://creativecommons.org/licenses/by/4.0/,AI/PlateDetector/datasets/provenance/elpd/elpd_provenance.csv
elpd,filename_prefix_01728_.png,1,license-plate,license_plate,1430.6,779.97,1536.0,822.22,1536,1536,SYNTHETIC,TRAIN_ONLY,https://www.kaggle.com/datasets/tielemarvin/european-license-plate-dataset-elpd,CC BY 4.0,https://creativecommons.org/licenses/by/4.0/,AI/PlateDetector/datasets/provenance/elpd/elpd_provenance.csv
elpd,filename_prefix_01728_.png,2,license-plate,license_plate,430.9,883.35,737.21,960.93,1536,1536,SYNTHETIC,TRAIN_ONLY,https://www.kaggle.com/datasets/tielemarvin/european-license-plate-dataset-elpd,CC BY 4.0,https://creativecommons.org/licenses/by/4.0/,AI/PlateDetector/datasets/provenance/elpd/elpd_provenance.csv
elpd,filename_prefix_01729_.png,1,license-plate,license_plate,485.56,1301.86,691.6,1355.97,1536,1536,SYNTHETIC,TRAIN_ONLY,https://www.kaggle.com/datasets/tielemarvin/european-license-plate-dataset-elpd,CC BY 4.0,https://creativecommons.org/licenses/by/4.0/,AI/PlateDetector/datasets/provenance/elpd/elpd_provenance.csv
elpd,filename_prefix_01730_.png,1,license-plate,license_plate,1302.89,555.57,1526.93,619.17,1536,1536,SYNTHETIC,TRAIN_ONLY,https://www.kaggle.com/datasets/tielemarvin/european-license-plate-dataset-elpd,CC BY 4.0,https://creativecommons.org/licenses/by/4.0/,AI/PlateDetector/datasets/provenance/elpd/elpd_provenance.csv
elpd,filename_prefix_01731_.png,1,license-plate,license_plate,442.99,373.51,589.81,467.92,1024,1024,SYNTHETIC,TRAIN_ONLY,https://www.kaggle.com/datasets/tielemarvin/european-license-plate-dataset-elpd,CC BY 4.0,https://creativecommons.org/licenses/by/4.0/,AI/PlateDetector/datasets/provenance/elpd/elpd_provenance.csv
elpd,filename_prefix_01731_.png,2,license-plate,license_plate,642.23,255.5,742.1,293.55,1024,1024,SYNTHETIC,TRAIN_ONLY,https://www.kaggle.com/datasets/tielemarvin/european-license-plate-dataset-elpd,CC BY 4.0,https://creativecommons.org/licenses/by/4.0/,AI/PlateDetector/datasets/provenance/elpd/elpd_provenance.csv
elpd,filename_prefix_01732_.png,1,license-plate,license_plate,587.4,753.67,712.24,790.35,1024,1024,SYNTHETIC,TRAIN_ONLY,https://www.kaggle.com/datasets/tielemarvin/european-license-plate-dataset-elpd,CC BY 4.0,https://creativecommons.org/licenses/by/4.0/,AI/PlateDetector/datasets/provenance/elpd/elpd_provenance.csv
elpd,filename_prefix_01733_.png,1,license-plate,license_plate,1103.64,788.66,1305.09,853.22,1536,1536,SYNTHETIC,TRAIN_ONLY,https://www.kaggle.com/datasets/tielemarvin/european-license-plate-dataset-elpd,CC BY 4.0,https://creativecommons.org/licenses/by/4.0/,AI/PlateDetector/datasets/provenance/elpd/elpd_provenance.csv
elpd,filename_prefix_01734_.png,1,license-plate,license_plate,441.16,1003.59,647.49,1058.04,1536,1536,SYNTHETIC,TRAIN_ONLY,https://www.kaggle.com/datasets/tielemarvin/european-license-plate-dataset-elpd,CC BY 4.0,https://creativecommons.org/licenses/by/4.0/,AI/PlateDetector/datasets/provenance/elpd/elpd_provenance.csv
elpd,filename_prefix_01735_.png,1,license-plate,license_plate,472.01,777.1,747.8,848.83,1024,1024,SYNTHETIC,TRAIN_ONLY,https://www.kaggle.com/datasets/tielemarvin/european-license-plate-dataset-elpd,CC BY 4.0,https://creativecommons.org/licenses/by/4.0/,AI/PlateDetector/datasets/provenance/elpd/elpd_provenance.csv
elpd,filename_prefix_01736_.png,1,license-plate,license_plate,241.8,605.74,462.85,656.2,1024,1024,SYNTHETIC,TRAIN_ONLY,https://www.kaggle.com/datasets/tielemarvin/european-license-plate-dataset-elpd,CC BY 4.0,https://creativecommons.org/licenses/by/4.0/,AI/PlateDetector/datasets/provenance/elpd/elpd_provenance.csv
elpd,filename_prefix_01737_.png,1,license-plate,license_plate,442.7,642.25,591.93,680.4,1024,1024,SYNTHETIC,TRAIN_ONLY,https://www.kaggle.com/datasets/tielemarvin/european-license-plate-dataset-elpd,CC BY 4.0,https://creativecommons.org/licenses/by/4.0/,AI/PlateDetector/datasets/provenance/elpd/elpd_provenance.csv
elpd,filename_prefix_01738_.png,1,license-plate,license_plate,928.55,1047.7,1117.89,1100.71,1536,1536,SYNTHETIC,TRAIN_ONLY,https://www.kaggle.com/datasets/tielemarvin/european-license-plate-dataset-elpd,CC BY 4.0,https://creativecommons.org/licenses/by/4.0/,AI/PlateDetector/datasets/provenance/elpd/elpd_provenance.csv
elpd,filename_prefix_01738_.png,2,license-plate,license_plate,1460.01,870.63,1536.0,890.7,1536,1536,SYNTHETIC,TRAIN_ONLY,https://www.kaggle.com/datasets/tielemarvin/european-license-plate-dataset-elpd,CC BY 4.0,https://creativecommons.org/licenses/by/4.0/,AI/PlateDetector/datasets/provenance/elpd/elpd_provenance.csv
elpd,filename_prefix_01739_.png,1,license-plate,license_plate,433.25,609.22,553.45,640.17,1024,1024,SYNTHETIC,TRAIN_ONLY,https://www.kaggle.com/datasets/tielemarvin/european-license-plate-dataset-elpd,CC BY 4.0,https://creativecommons.org/licenses/by/4.0/,AI/PlateDetector/datasets/provenance/elpd/elpd_provenance.csv
elpd,filename_prefix_01740_.png,1,license-plate,license_plate,737.27,843.1,1130.32,963.16,1536,1536,SYNTHETIC,TRAIN_ONLY,https://www.kaggle.com/datasets/tielemarvin/european-license-plate-dataset-elpd,CC BY 4.0,https://creativecommons.org/licenses/by/4.0/,AI/PlateDetector/datasets/provenance/elpd/elpd_provenance.csv
elpd,filename_prefix_01741_.png,1,license-plate,license_plate,543.88,714.98,701.1,761.64,1024,1024,SYNTHETIC,TRAIN_ONLY,https://www.kaggle.com/datasets/tielemarvin/european-license-plate-dataset-elpd,CC BY 4.0,https://creativecommons.org/licenses/by/4.0/,AI/PlateDetector/datasets/provenance/elpd/elpd_provenance.csv
elpd,filename_prefix_01742_.png,1,license-plate,license_plate,1171.36,1009.02,1255.69,1031.79,1536,1536,SYNTHETIC,TRAIN_ONLY,https://www.kaggle.com/datasets/tielemarvin/european-license-plate-dataset-elpd,CC BY 4.0,https://creativecommons.org/licenses/by/4.0/,AI/PlateDetector/datasets/provenance/elpd/elpd_provenance.csv
elpd,filename_prefix_01742_.png,2,license-plate,license_plate,291.3,1045.23,483.01,1086.68,1536,1536,SYNTHETIC,TRAIN_ONLY,https://www.kaggle.com/datasets/tielemarvin/european-license-plate-dataset-elpd,CC BY 4.0,https://creativecommons.org/licenses/by/4.0/,AI/PlateDetector/datasets/provenance/elpd/elpd_provenance.csv
elpd,filename_prefix_01743_.png,1,license-plate,license_plate,317.0,553.79,604.7,626.6,1024,1024,SYNTHETIC,TRAIN_ONLY,https://www.kaggle.com/datasets/tielemarvin/european-license-plate-dataset-elpd,CC BY 4.0,https://creativecommons.org/licenses/by/4.0/,AI/PlateDetector/datasets/provenance/elpd/elpd_provenance.csv
elpd,filename_prefix_01743_.png,2,license-plate,license_plate,802.84,224.37,907.91,256.07,1024,1024,SYNTHETIC,TRAIN_ONLY,https://www.kaggle.com/datasets/tielemarvin/european-license-plate-dataset-elpd,CC BY 4.0,https://creativecommons.org/licenses/by/4.0/,AI/PlateDetector/datasets/provenance/elpd/elpd_provenance.csv
elpd,filename_prefix_01744_.png,1,license-plate,license_plate,367.2,1067.8,696.62,1204.65,1536,1536,SYNTHETIC,TRAIN_ONLY,https://www.kaggle.com/datasets/tielemarvin/european-license-plate-dataset-elpd,CC BY 4.0,https://creativecommons.org/licenses/by/4.0/,AI/PlateDetector/datasets/provenance/elpd/elpd_provenance.csv
elpd,filename_prefix_01745_.png,1,license-plate,license_plate,596.68,877.69,857.96,951.13,1536,1536,SYNTHETIC,TRAIN_ONLY,https://www.kaggle.com/datasets/tielemarvin/european-license-plate-dataset-elpd,CC BY 4.0,https://creativecommons.org/licenses/by/4.0/,AI/PlateDetector/datasets/provenance/elpd/elpd_provenance.csv
elpd,filename_prefix_01746_.png,1,license-plate,license_plate,720.66,1112.86,1078.05,1203.3,1536,1536,SYNTHETIC,TRAIN_ONLY,https://www.kaggle.com/datasets/tielemarvin/european-license-plate-dataset-elpd,CC BY 4.0,https://creativecommons.org/licenses/by/4.0/,AI/PlateDetector/datasets/provenance/elpd/elpd_provenance.csv
elpd,filename_prefix_01747_.png,1,license-plate,license_plate,283.21,656.33,467.44,700.68,1024,1024,SYNTHETIC,TRAIN_ONLY,https://www.kaggle.com/datasets/tielemarvin/european-license-plate-dataset-elpd,CC BY 4.0,https://creativecommons.org/licenses/by/4.0/,AI/PlateDetector/datasets/provenance/elpd/elpd_provenance.csv
elpd,filename_prefix_01747_.png,2,license-plate,license_plate,970.23,605.65,1024.0,624.92,1024,1024,SYNTHETIC,TRAIN_ONLY,https://www.kaggle.com/datasets/tielemarvin/european-license-plate-dataset-elpd,CC BY 4.0,https://creativecommons.org/licenses/by/4.0/,AI/PlateDetector/datasets/provenance/elpd/elpd_provenance.csv
elpd,filename_prefix_01748_.png,1,license-plate,license_plate,63.46,487.9,167.95,516.69,1024,1024,SYNTHETIC,TRAIN_ONLY,https://www.kaggle.com/datasets/tielemarvin/european-license-plate-dataset-elpd,CC BY 4.0,https://creativecommons.org/licenses/by/4.0/,AI/PlateDetector/datasets/provenance/elpd/elpd_provenance.csv
elpd,filename_prefix_01748_.png,2,license-plate,license_plate,910.05,710.5,1024.0,758.59,1024,1024,SYNTHETIC,TRAIN_ONLY,https://www.kaggle.com/datasets/tielemarvin/european-license-plate-dataset-elpd,CC BY 4.0,https://creativecommons.org/licenses/by/4.0/,AI/PlateDetector/datasets/provenance/elpd/elpd_provenance.csv
elpd,filename_prefix_01749_.png,1,license-plate,license_plate,550.67,1049.75,754.5,1102.71,1536,1536,SYNTHETIC,TRAIN_ONLY,https://www.kaggle.com/datasets/tielemarvin/european-license-plate-dataset-elpd,CC BY 4.0,https://creativecommons.org/licenses/by/4.0/,AI/PlateDetector/datasets/provenance/elpd/elpd_provenance.csv
elpd,filename_prefix_01750_.png,1,license-plate,license_plate,186.01,933.26,391.04,1146.35,1536,1536,SYNTHETIC,TRAIN_ONLY,https://www.kaggle.com/datasets/tielemarvin/european-license-plate-dataset-elpd,CC BY 4.0,https://creativecommons.org/licenses/by/4.0/,AI/PlateDetector/datasets/provenance/elpd/elpd_provenance.csv
elpd,filename_prefix_01751_.png,1,license-plate,license_plate,311.65,629.96,433.82,663.0,1024,1024,SYNTHETIC,TRAIN_ONLY,https://www.kaggle.com/datasets/tielemarvin/european-license-plate-dataset-elpd,CC BY 4.0,https://creativecommons.org/licenses/by/4.0/,AI/PlateDetector/datasets/provenance/elpd/elpd_provenance.csv
elpd,filename_prefix_01752_.png,1,license-plate,license_plate,384.9,672.32,612.75,730.3,1024,1024,SYNTHETIC,TRAIN_ONLY,https://www.kaggle.com/datasets/tielemarvin/european-license-plate-dataset-elpd,CC BY 4.0,https://creativecommons.org/licenses/by/4.0/,AI/PlateDetector/datasets/provenance/elpd/elpd_provenance.csv
elpd,filename_prefix_01753_.png,1,license-plate,license_plate,336.69,615.08,468.24,650.77,1024,1024,SYNTHETIC,TRAIN_ONLY,https://www.kaggle.com/datasets/tielemarvin/european-license-plate-dataset-elpd,CC BY 4.0,https://creativecommons.org/licenses/by/4.0/,AI/PlateDetector/datasets/provenance/elpd/elpd_provenance.csv
elpd,filename_prefix_01754_.png,1,license-plate,license_plate,338.92,1014.01,711.91,1110.74,1536,1536,SYNTHETIC,TRAIN_ONLY,https://www.kaggle.com/datasets/tielemarvin/european-license-plate-dataset-elpd,CC BY 4.0,https://creativecommons.org/licenses/by/4.0/,AI/PlateDetector/datasets/provenance/elpd/elpd_provenance.csv
elpd,filename_prefix_01754_.png,2,license-plate,license_plate,1359.13,619.71,1535.3,671.52,1536,1536,SYNTHETIC,TRAIN_ONLY,https://www.kaggle.com/datasets/tielemarvin/european-license-plate-dataset-elpd,CC BY 4.0,https://creativecommons.org/licenses/by/4.0/,AI/PlateDetector/datasets/provenance/elpd/elpd_provenance.csv
elpd,filename_prefix_01755_.png,1,license-plate,license_plate,321.3,804.53,704.08,896.4,1024,1024,SYNTHETIC,TRAIN_ONLY,https://www.kaggle.com/datasets/tielemarvin/european-license-plate-dataset-elpd,CC BY 4.0,https://creativecommons.org/licenses/by/4.0/,AI/PlateDetector/datasets/provenance/elpd/elpd_provenance.csv
elpd,filename_prefix_01756_.png,1,license-plate,license_plate,639.3,952.5,869.37,1015.37,1536,1536,SYNTHETIC,TRAIN_ONLY,https://www.kaggle.com/datasets/tielemarvin/european-license-plate-dataset-elpd,CC BY 4.0,https://creativecommons.org/licenses/by/4.0/,AI/PlateDetector/datasets/provenance/elpd/elpd_provenance.csv
elpd,filename_prefix_01757_.png,1,license-plate,license_plate,340.32,588.58,482.55,626.48,1024,1024,SYNTHETIC,TRAIN_ONLY,https://www.kaggle.com/datasets/tielemarvin/european-license-plate-dataset-elpd,CC BY 4.0,https://creativecommons.org/licenses/by/4.0/,AI/PlateDetector/datasets/provenance/elpd/elpd_provenance.csv
elpd,filename_prefix_01758_.png,1,license-plate,license_plate,593.07,788.02,722.6,828.17,1536,1536,SYNTHETIC,TRAIN_ONLY,https://www.kaggle.com/datasets/tielemarvin/european-license-plate-dataset-elpd,CC BY 4.0,https://creativecommons.org/licenses/by/4.0/,AI/PlateDetector/datasets/provenance/elpd/elpd_provenance.csv
elpd,filename_prefix_01758_.png,2,license-plate,license_plate,1383.66,763.09,1515.46,800.66,1536,1536,SYNTHETIC,TRAIN_ONLY,https://www.kaggle.com/datasets/tielemarvin/european-license-plate-dataset-elpd,CC BY 4.0,https://creativecommons.org/licenses/by/4.0/,AI/PlateDetector/datasets/provenance/elpd/elpd_provenance.csv
elpd,filename_prefix_01760_.png,1,license-plate,license_plate,767.44,926.08,952.7,979.59,1536,1536,SYNTHETIC,TRAIN_ONLY,https://www.kaggle.com/datasets/tielemarvin/european-license-plate-dataset-elpd,CC BY 4.0,https://creativecommons.org/licenses/by/4.0/,AI/PlateDetector/datasets/provenance/elpd/elpd_provenance.csv
elpd,filename_prefix_01761_.png,1,license-plate,license_plate,344.73,951.79,648.84,1033.04,1536,1536,SYNTHETIC,TRAIN_ONLY,https://www.kaggle.com/datasets/tielemarvin/european-license-plate-dataset-elpd,CC BY 4.0,https://creativecommons.org/licenses/by/4.0/,AI/PlateDetector/datasets/provenance/elpd/elpd_provenance.csv
elpd,filename_prefix_01762_.png,1,license-plate,license_plate,1038.15,950.55,1226.19,1043.41,1536,1536,SYNTHETIC,TRAIN_ONLY,https://www.kaggle.com/datasets/tielemarvin/european-license-plate-dataset-elpd,CC BY 4.0,https://creativecommons.org/licenses/by/4.0/,AI/PlateDetector/datasets/provenance/elpd/elpd_provenance.csv
elpd,filename_prefix_01762_.png,2,license-plate,license_plate,1284.42,614.23,1356.34,639.71,1536,1536,SYNTHETIC,TRAIN_ONLY,https://www.kaggle.com/datasets/tielemarvin/european-license-plate-dataset-elpd,CC BY 4.0,https://creativecommons.org/licenses/by/4.0/,AI/PlateDetector/datasets/provenance/elpd/elpd_provenance.csv
elpd,filename_prefix_01763_.png,1,license-plate,license_plate,435.52,720.69,553.22,746.6,1024,1024,SYNTHETIC,TRAIN_ONLY,https://www.kaggle.com/datasets/tielemarvin/european-license-plate-dataset-elpd,CC BY 4.0,https://creativecommons.org/licenses/by/4.0/,AI/PlateDetector/datasets/provenance/elpd/elpd_provenance.csv
elpd,filename_prefix_01764_.png,1,license-plate,license_plate,506.1,652.71,647.5,703.3,1024,1024,SYNTHETIC,TRAIN_ONLY,https://www.kaggle.com/datasets/tielemarvin/european-license-plate-dataset-elpd,CC BY 4.0,https://creativecommons.org/licenses/by/4.0/,AI/PlateDetector/datasets/provenance/elpd/elpd_provenance.csv
elpd,filename_prefix_01765_.png,1,license-plate,license_plate,356.45,1175.58,900.6100000000001,1327.8,1536,1536,SYNTHETIC,TRAIN_ONLY,https://www.kaggle.com/datasets/tielemarvin/european-license-plate-dataset-elpd,CC BY 4.0,https://creativecommons.org/licenses/by/4.0/,AI/PlateDetector/datasets/provenance/elpd/elpd_provenance.csv
elpd,filename_prefix_01766_.png,1,license-plate,license_plate,257.21,977.01,429.57,1036.46,1536,1536,SYNTHETIC,TRAIN_ONLY,https://www.kaggle.com/datasets/tielemarvin/european-license-plate-dataset-elpd,CC BY 4.0,https://creativecommons.org/licenses/by/4.0/,AI/PlateDetector/datasets/provenance/elpd/elpd_provenance.csv
elpd,filename_prefix_01767_.png,1,license-plate,license_plate,126.38,794.28,363.95,860.65,1024,1024,SYNTHETIC,TRAIN_ONLY,https://www.kaggle.com/datasets/tielemarvin/european-license-plate-dataset-elpd,CC BY 4.0,https://creativecommons.org/licenses/by/4.0/,AI/PlateDetector/datasets/provenance/elpd/elpd_provenance.csv
elpd,filename_prefix_01769_.png,1,license-plate,license_plate,271.2,634.5,443.12,679.6,1024,1024,SYNTHETIC,TRAIN_ONLY,https://www.kaggle.com/datasets/tielemarvin/european-license-plate-dataset-elpd,CC BY 4.0,https://creativecommons.org/licenses/by/4.0/,AI/PlateDetector/datasets/provenance/elpd/elpd_provenance.csv
elpd,filename_prefix_01770_.png,1,license-plate,license_plate,585.93,940.33,734.1,978.7,1536,1536,SYNTHETIC,TRAIN_ONLY,https://www.kaggle.com/datasets/tielemarvin/european-license-plate-dataset-elpd,CC BY 4.0,https://creativecommons.org/licenses/by/4.0/,AI/PlateDetector/datasets/provenance/elpd/elpd_provenance.csv
elpd,filename_prefix_01771_.png,1,license-plate,license_plate,572.27,600.88,702.93,669.67,1024,1024,SYNTHETIC,TRAIN_ONLY,https://www.kaggle.com/datasets/tielemarvin/european-license-plate-dataset-elpd,CC BY 4.0,https://creativecommons.org/licenses/by/4.0/,AI/PlateDetector/datasets/provenance/elpd/elpd_provenance.csv
elpd,filename_prefix_01772_.png,1,license-plate,license_plate,134.47,738.62,251.73,801.53,1024,1024,SYNTHETIC,TRAIN_ONLY,https://www.kaggle.com/datasets/tielemarvin/european-license-plate-dataset-elpd,CC BY 4.0,https://creativecommons.org/licenses/by/4.0/,AI/PlateDetector/datasets/provenance/elpd/elpd_provenance.csv
elpd,filename_prefix_01773_.png,1,license-plate,license_plate,778.55,1139.97,987.21,1199.49,1536,1536,SYNTHETIC,TRAIN_ONLY,https://www.kaggle.com/datasets/tielemarvin/european-license-plate-dataset-elpd,CC BY 4.0,https://creativecommons.org/licenses/by/4.0/,AI/PlateDetector/datasets/provenance/elpd/elpd_provenance.csv
elpd,filename_prefix_01774_.png,1,license-plate,license_plate,636.3,1200.14,892.39,1275.9,1536,1536,SYNTHETIC,TRAIN_ONLY,https://www.kaggle.com/datasets/tielemarvin/european-license-plate-dataset-elpd,CC BY 4.0,https://creativecommons.org/licenses/by/4.0/,AI/PlateDetector/datasets/provenance/elpd/elpd_provenance.csv
elpd,filename_prefix_01774_.png,2,license-plate,license_plate,1437.67,904.48,1516.0,924.28,1536,1536,SYNTHETIC,TRAIN_ONLY,https://www.kaggle.com/datasets/tielemarvin/european-license-plate-dataset-elpd,CC BY 4.0,https://creativecommons.org/licenses/by/4.0/,AI/PlateDetector/datasets/provenance/elpd/elpd_provenance.csv
elpd,filename_prefix_01775_.png,1,license-plate,license_plate,207.22,587.27,310.56,622.39,1024,1024,SYNTHETIC,TRAIN_ONLY,https://www.kaggle.com/datasets/tielemarvin/european-license-plate-dataset-elpd,CC BY 4.0,https://creativecommons.org/licenses/by/4.0/,AI/PlateDetector/datasets/provenance/elpd/elpd_provenance.csv
elpd,filename_prefix_01776_.png,1,license-plate,license_plate,596.09,993.29,792.12,1046.01,1536,1536,SYNTHETIC,TRAIN_ONLY,https://www.kaggle.com/datasets/tielemarvin/european-license-plate-dataset-elpd,CC BY 4.0,https://creativecommons.org/licenses/by/4.0/,AI/PlateDetector/datasets/provenance/elpd/elpd_provenance.csv
elpd,filename_prefix_01777_.png,1,license-plate,license_plate,1215.43,623.43,1302.17,645.84,1536,1536,SYNTHETIC,TRAIN_ONLY,https://www.kaggle.com/datasets/tielemarvin/european-license-plate-dataset-elpd,CC BY 4.0,https://creativecommons.org/licenses/by/4.0/,AI/PlateDetector/datasets/provenance/elpd/elpd_provenance.csv
elpd,filename_prefix_01777_.png,2,license-plate,license_plate,478.12,698.0,612.22,736.79,1536,1536,SYNTHETIC,TRAIN_ONLY,https://www.kaggle.com/datasets/tielemarvin/european-license-plate-dataset-elpd,CC BY 4.0,https://creativecommons.org/licenses/by/4.0/,AI/PlateDetector/datasets/provenance/elpd/elpd_provenance.csv
elpd,filename_prefix_01778_.png,1,license-plate,license_plate,1253.16,863.29,1338.39,887.71,1536,1536,SYNTHETIC,TRAIN_ONLY,https://www.kaggle.com/datasets/tielemarvin/european-license-plate-dataset-elpd,CC BY 4.0,https://creativecommons.org/licenses/by/4.0/,AI/PlateDetector/datasets/provenance/elpd/elpd_provenance.csv
elpd,filename_prefix_01778_.png,2,license-plate,license_plate,622.39,910.08,844.32,973.17,1536,1536,SYNTHETIC,TRAIN_ONLY,https://www.kaggle.com/datasets/tielemarvin/european-license-plate-dataset-elpd,CC BY 4.0,https://creativecommons.org/licenses/by/4.0/,AI/PlateDetector/datasets/provenance/elpd/elpd_provenance.csv
elpd,filename_prefix_01779_.png,1,license-plate,license_plate,64.15,538.02,164.47,567.05,1024,1024,SYNTHETIC,TRAIN_ONLY,https://www.kaggle.com/datasets/tielemarvin/european-license-plate-dataset-elpd,CC BY 4.0,https://creativecommons.org/licenses/by/4.0/,AI/PlateDetector/datasets/provenance/elpd/elpd_provenance.csv
elpd,filename_prefix_01779_.png,2,license-plate,license_plate,894.15,618.62,997.49,645.96,1024,1024,SYNTHETIC,TRAIN_ONLY,https://www.kaggle.com/datasets/tielemarvin/european-license-plate-dataset-elpd,CC BY 4.0,https://creativecommons.org/licenses/by/4.0/,AI/PlateDetector/datasets/provenance/elpd/elpd_provenance.csv
elpd,filename_prefix_01780_.png,1,license-plate,license_plate,690.73,745.0,893.1,866.8,1024,1024,SYNTHETIC,TRAIN_ONLY,https://www.kaggle.com/datasets/tielemarvin/european-license-plate-dataset-elpd,CC BY 4.0,https://creativecommons.org/licenses/by/4.0/,AI/PlateDetector/datasets/provenance/elpd/elpd_provenance.csv
elpd,filename_prefix_01781_.png,1,license-plate,license_plate,1414.97,799.83,1528.14,844.74,1536,1536,SYNTHETIC,TRAIN_ONLY,https://www.kaggle.com/datasets/tielemarvin/european-license-plate-dataset-elpd,CC BY 4.0,https://creativecommons.org/licenses/by/4.0/,AI/PlateDetector/datasets/provenance/elpd/elpd_provenance.csv
elpd,filename_prefix_01781_.png,2,license-plate,license_plate,1036.51,752.34,1102.38,780.61,1536,1536,SYNTHETIC,TRAIN_ONLY,https://www.kaggle.com/datasets/tielemarvin/european-license-plate-dataset-elpd,CC BY 4.0,https://creativecommons.org/licenses/by/4.0/,AI/PlateDetector/datasets/provenance/elpd/elpd_provenance.csv
elpd,filename_prefix_01781_.png,3,license-plate,license_plate,697.56,792.81,880.2,852.87,1536,1536,SYNTHETIC,TRAIN_ONLY,https://www.kaggle.com/datasets/tielemarvin/european-license-plate-dataset-elpd,CC BY 4.0,https://creativecommons.org/licenses/by/4.0/,AI/PlateDetector/datasets/provenance/elpd/elpd_provenance.csv
elpd,filename_prefix_01782_.png,1,license-plate,license_plate,384.55,602.8,566.47,651.09,1024,1024,SYNTHETIC,TRAIN_ONLY,https://www.kaggle.com/datasets/tielemarvin/european-license-plate-dataset-elpd,CC BY 4.0,https://creativecommons.org/licenses/by/4.0/,AI/PlateDetector/datasets/provenance/elpd/elpd_provenance.csv
elpd,filename_prefix_01783_.png,1,license-plate,license_plate,812.89,1003.33,1171.17,1097.04,1536,1536,SYNTHETIC,TRAIN_ONLY,https://www.kaggle.com/datasets/tielemarvin/european-license-plate-dataset-elpd,CC BY 4.0,https://creativecommons.org/licenses/by/4.0/,AI/PlateDetector/datasets/provenance/elpd/elpd_provenance.csv
elpd,filename_prefix_01784_.png,1,license-plate,license_plate,945.32,366.76,1024.0,396.73,1024,1024,SYNTHETIC,TRAIN_ONLY,https://www.kaggle.com/datasets/tielemarvin/european-license-plate-dataset-elpd,CC BY 4.0,https://creativecommons.org/licenses/by/4.0/,AI/PlateDetector/datasets/provenance/elpd/elpd_provenance.csv
elpd,filename_prefix_01784_.png,2,license-plate,license_plate,0.0,422.89,168.91,489.2,1024,1024,SYNTHETIC,TRAIN_ONLY,https://www.kaggle.com/datasets/tielemarvin/european-license-plate-dataset-elpd,CC BY 4.0,https://creativecommons.org/licenses/by/4.0/,AI/PlateDetector/datasets/provenance/elpd/elpd_provenance.csv
elpd,filename_prefix_01785_.png,1,license-plate,license_plate,805.8,761.57,902.53,790.51,1024,1024,SYNTHETIC,TRAIN_ONLY,https://www.kaggle.com/datasets/tielemarvin/european-license-plate-dataset-elpd,CC BY 4.0,https://creativecommons.org/licenses/by/4.0/,AI/PlateDetector/datasets/provenance/elpd/elpd_provenance.csv
elpd,filename_prefix_01785_.png,2,license-plate,license_plate,177.77,654.67,265.84,679.57,1024,1024,SYNTHETIC,TRAIN_ONLY,https://www.kaggle.com/datasets/tielemarvin/european-license-plate-dataset-elpd,CC BY 4.0,https://creativecommons.org/licenses/by/4.0/,AI/PlateDetector/datasets/provenance/elpd/elpd_provenance.csv
elpd,filename_prefix_01786_.png,1,license-plate,license_plate,602.22,798.06,844.04,857.81,1536,1536,SYNTHETIC,TRAIN_ONLY,https://www.kaggle.com/datasets/tielemarvin/european-license-plate-dataset-elpd,CC BY 4.0,https://creativecommons.org/licenses/by/4.0/,AI/PlateDetector/datasets/provenance/elpd/elpd_provenance.csv
elpd,filename_prefix_01786_.png,2,license-plate,license_plate,1131.2,584.14,1207.6,602.2,1536,1536,SYNTHETIC,TRAIN_ONLY,https://www.kaggle.com/datasets/tielemarvin/european-license-plate-dataset-elpd,CC BY 4.0,https://creativecommons.org/licenses/by/4.0/,AI/PlateDetector/datasets/provenance/elpd/elpd_provenance.csv
elpd,filename_prefix_01787_.png,1,license-plate,license_plate,480.1,665.41,633.04,704.24,1024,1024,SYNTHETIC,TRAIN_ONLY,https://www.kaggle.com/datasets/tielemarvin/european-license-plate-dataset-elpd,CC BY 4.0,https://creativecommons.org/licenses/by/4.0/,AI/PlateDetector/datasets/provenance/elpd/elpd_provenance.csv
elpd,filename_prefix_01788_.png,1,license-plate,license_plate,426.15,585.46,567.0,617.6,1024,1024,SYNTHETIC,TRAIN_ONLY,https://www.kaggle.com/datasets/tielemarvin/european-license-plate-dataset-elpd,CC BY 4.0,https://creativecommons.org/licenses/by/4.0/,AI/PlateDetector/datasets/provenance/elpd/elpd_provenance.csv
elpd,filename_prefix_01789_.png,1,license-plate,license_plate,108.18,1199.33,449.22,1288.93,1536,1536,SYNTHETIC,TRAIN_ONLY,https://www.kaggle.com/datasets/tielemarvin/european-license-plate-dataset-elpd,CC BY 4.0,https://creativecommons.org/licenses/by/4.0/,AI/PlateDetector/datasets/provenance/elpd/elpd_provenance.csv
elpd,filename_prefix_01790_.png,1,license-plate,license_plate,543.06,1004.87,1002.53,1114.62,1536,1536,SYNTHETIC,TRAIN_ONLY,https://www.kaggle.com/datasets/tielemarvin/european-license-plate-dataset-elpd,CC BY 4.0,https://creativecommons.org/licenses/by/4.0/,AI/PlateDetector/datasets/provenance/elpd/elpd_provenance.csv
elpd,filename_prefix_01791_.png,1,license-plate,license_plate,408.72,609.22,499.31,627.57,1024,1024,SYNTHETIC,TRAIN_ONLY,https://www.kaggle.com/datasets/tielemarvin/european-license-plate-dataset-elpd,CC BY 4.0,https://creativecommons.org/licenses/by/4.0/,AI/PlateDetector/datasets/provenance/elpd/elpd_provenance.csv
elpd,filename_prefix_01792_.png,1,license-plate,license_plate,589.81,722.14,1100.15,865.39,1536,1536,SYNTHETIC,TRAIN_ONLY,https://www.kaggle.com/datasets/tielemarvin/european-license-plate-dataset-elpd,CC BY 4.0,https://creativecommons.org/licenses/by/4.0/,AI/PlateDetector/datasets/provenance/elpd/elpd_provenance.csv
elpd,filename_prefix_01793_.png,1,license-plate,license_plate,1291.85,839.58,1536.0,941.99,1536,1536,SYNTHETIC,TRAIN_ONLY,https://www.kaggle.com/datasets/tielemarvin/european-license-plate-dataset-elpd,CC BY 4.0,https://creativecommons.org/licenses/by/4.0/,AI/PlateDetector/datasets/provenance/elpd/elpd_provenance.csv
elpd,filename_prefix_01793_.png,2,license-plate,license_plate,447.38,554.04,541.24,608.58,1536,1536,SYNTHETIC,TRAIN_ONLY,https://www.kaggle.com/datasets/tielemarvin/european-license-plate-dataset-elpd,CC BY 4.0,https://creativecommons.org/licenses/by/4.0/,AI/PlateDetector/datasets/provenance/elpd/elpd_provenance.csv
elpd,filename_prefix_01794_.png,1,license-plate,license_plate,1419.97,937.53,1536.0,991.59,1536,1536,SYNTHETIC,TRAIN_ONLY,https://www.kaggle.com/datasets/tielemarvin/european-license-plate-dataset-elpd,CC BY 4.0,https://creativecommons.org/licenses/by/4.0/,AI/PlateDetector/datasets/provenance/elpd/elpd_provenance.csv
elpd,filename_prefix_01794_.png,2,license-plate,license_plate,268.52,876.73,421.67,922.94,1536,1536,SYNTHETIC,TRAIN_ONLY,https://www.kaggle.com/datasets/tielemarvin/european-license-plate-dataset-elpd,CC BY 4.0,https://creativecommons.org/licenses/by/4.0/,AI/PlateDetector/datasets/provenance/elpd/elpd_provenance.csv
elpd,filename_prefix_01795_.png,1,license-plate,license_plate,533.67,583.26,643.88,612.2,1024,1024,SYNTHETIC,TRAIN_ONLY,https://www.kaggle.com/datasets/tielemarvin/european-license-plate-dataset-elpd,CC BY 4.0,https://creativecommons.org/licenses/by/4.0/,AI/PlateDetector/datasets/provenance/elpd/elpd_provenance.csv
elpd,filename_prefix_01796_.png,1,license-plate,license_plate,627.55,669.86,778.7,711.37,1024,1024,SYNTHETIC,TRAIN_ONLY,https://www.kaggle.com/datasets/tielemarvin/european-license-plate-dataset-elpd,CC BY 4.0,https://creativecommons.org/licenses/by/4.0/,AI/PlateDetector/datasets/provenance/elpd/elpd_provenance.csv
elpd,filename_prefix_01797_.png,1,license-plate,license_plate,696.83,964.0,997.25,1038.59,1536,1536,SYNTHETIC,TRAIN_ONLY,https://www.kaggle.com/datasets/tielemarvin/european-license-plate-dataset-elpd,CC BY 4.0,https://creativecommons.org/licenses/by/4.0/,AI/PlateDetector/datasets/provenance/elpd/elpd_provenance.csv
elpd,filename_prefix_01798_.png,1,license-plate,license_plate,312.37,689.21,385.0,733.8,1024,1024,SYNTHETIC,TRAIN_ONLY,https://www.kaggle.com/datasets/tielemarvin/european-license-plate-dataset-elpd,CC BY 4.0,https://creativecommons.org/licenses/by/4.0/,AI/PlateDetector/datasets/provenance/elpd/elpd_provenance.csv
elpd,filename_prefix_01798_.png,2,license-plate,license_plate,874.42,853.59,940.35,903.38,1024,1024,SYNTHETIC,TRAIN_ONLY,https://www.kaggle.com/datasets/tielemarvin/european-license-plate-dataset-elpd,CC BY 4.0,https://creativecommons.org/licenses/by/4.0/,AI/PlateDetector/datasets/provenance/elpd/elpd_provenance.csv
elpd,filename_prefix_01799_.png,1,license-plate,license_plate,866.38,998.71,1250.48,1105.25,1536,1536,SYNTHETIC,TRAIN_ONLY,https://www.kaggle.com/datasets/tielemarvin/european-license-plate-dataset-elpd,CC BY 4.0,https://creativecommons.org/licenses/by/4.0/,AI/PlateDetector/datasets/provenance/elpd/elpd_provenance.csv
elpd,filename_prefix_01800_.png,1,license-plate,license_plate,374.38,721.76,585.71,875.84,1024,1024,SYNTHETIC,TRAIN_ONLY,https://www.kaggle.com/datasets/tielemarvin/european-license-plate-dataset-elpd,CC BY 4.0,https://creativecommons.org/licenses/by/4.0/,AI/PlateDetector/datasets/provenance/elpd/elpd_provenance.csv
elpd,filename_prefix_01800_.png,2,license-plate,license_plate,854.32,476.98,931.9,503.78,1024,1024,SYNTHETIC,TRAIN_ONLY,https://www.kaggle.com/datasets/tielemarvin/european-license-plate-dataset-elpd,CC BY 4.0,https://creativecommons.org/licenses/by/4.0/,AI/PlateDetector/datasets/provenance/elpd/elpd_provenance.csv
elpd,filename_prefix_01801_.png,1,license-plate,license_plate,806.38,482.02,908.41,512.12,1024,1024,SYNTHETIC,TRAIN_ONLY,https://www.kaggle.com/datasets/tielemarvin/european-license-plate-dataset-elpd,CC BY 4.0,https://creativecommons.org/licenses/by/4.0/,AI/PlateDetector/datasets/provenance/elpd/elpd_provenance.csv
elpd,filename_prefix_01801_.png,2,license-plate,license_plate,94.3,748.5,315.1,809.8,1024,1024,SYNTHETIC,TRAIN_ONLY,https://www.kaggle.com/datasets/tielemarvin/european-license-plate-dataset-elpd,CC BY 4.0,https://creativecommons.org/licenses/by/4.0/,AI/PlateDetector/datasets/provenance/elpd/elpd_provenance.csv
elpd,filename_prefix_01802_.png,1,license-plate,license_plate,546.47,571.15,771.28,638.64,1536,1536,SYNTHETIC,TRAIN_ONLY,https://www.kaggle.com/datasets/tielemarvin/european-license-plate-dataset-elpd,CC BY 4.0,https://creativecommons.org/licenses/by/4.0/,AI/PlateDetector/datasets/provenance/elpd/elpd_provenance.csv
elpd,filename_prefix_01802_.png,2,license-plate,license_plate,1158.0,532.52,1237.54,558.35,1536,1536,SYNTHETIC,TRAIN_ONLY,https://www.kaggle.com/datasets/tielemarvin/european-license-plate-dataset-elpd,CC BY 4.0,https://creativecommons.org/licenses/by/4.0/,AI/PlateDetector/datasets/provenance/elpd/elpd_provenance.csv
elpd,filename_prefix_01803_.png,1,license-plate,license_plate,325.79,736.92,555.86,817.18,1024,1024,SYNTHETIC,TRAIN_ONLY,https://www.kaggle.com/datasets/tielemarvin/european-license-plate-dataset-elpd,CC BY 4.0,https://creativecommons.org/licenses/by/4.0/,AI/PlateDetector/datasets/provenance/elpd/elpd_provenance.csv
elpd,filename_prefix_01803_.png,2,license-plate,license_plate,787.93,573.31,855.29,589.46,1024,1024,SYNTHETIC,TRAIN_ONLY,https://www.kaggle.com/datasets/tielemarvin/european-license-plate-dataset-elpd,CC BY 4.0,https://creativecommons.org/licenses/by/4.0/,AI/PlateDetector/datasets/provenance/elpd/elpd_provenance.csv
elpd,filename_prefix_01804_.png,1,license-plate,license_plate,232.51,617.96,519.65,684.89,1024,1024,SYNTHETIC,TRAIN_ONLY,https://www.kaggle.com/datasets/tielemarvin/european-license-plate-dataset-elpd,CC BY 4.0,https://creativecommons.org/licenses/by/4.0/,AI/PlateDetector/datasets/provenance/elpd/elpd_provenance.csv
elpd,filename_prefix_01805_.png,1,license-plate,license_plate,675.54,1057.94,763.92,1079.9,1536,1536,SYNTHETIC,TRAIN_ONLY,https://www.kaggle.com/datasets/tielemarvin/european-license-plate-dataset-elpd,CC BY 4.0,https://creativecommons.org/licenses/by/4.0/,AI/PlateDetector/datasets/provenance/elpd/elpd_provenance.csv
elpd,filename_prefix_01806_.png,1,license-plate,license_plate,628.87,1035.43,871.64,1101.04,1536,1536,SYNTHETIC,TRAIN_ONLY,https://www.kaggle.com/datasets/tielemarvin/european-license-plate-dataset-elpd,CC BY 4.0,https://creativecommons.org/licenses/by/4.0/,AI/PlateDetector/datasets/provenance/elpd/elpd_provenance.csv
elpd,filename_prefix_01806_.png,2,license-plate,license_plate,67.9,1014.01,255.25,1064.57,1536,1536,SYNTHETIC,TRAIN_ONLY,https://www.kaggle.com/datasets/tielemarvin/european-license-plate-dataset-elpd,CC BY 4.0,https://creativecommons.org/licenses/by/4.0/,AI/PlateDetector/datasets/provenance/elpd/elpd_provenance.csv
elpd,filename_prefix_01807_.png,1,license-plate,license_plate,898.93,610.93,993.9,635.1,1024,1024,SYNTHETIC,TRAIN_ONLY,https://www.kaggle.com/datasets/tielemarvin/european-license-plate-dataset-elpd,CC BY 4.0,https://creativecommons.org/licenses/by/4.0/,AI/PlateDetector/datasets/provenance/elpd/elpd_provenance.csv
elpd,filename_prefix_01807_.png,2,license-plate,license_plate,68.16,640.0,242.1,686.8,1024,1024,SYNTHETIC,TRAIN_ONLY,https://www.kaggle.com/datasets/tielemarvin/european-license-plate-dataset-elpd,CC BY 4.0,https://creativecommons.org/licenses/by/4.0/,AI/PlateDetector/datasets/provenance/elpd/elpd_provenance.csv
elpd,filename_prefix_01808_.png,1,license-plate,license_plate,311.67,851.07,495.51,937.99,1536,1536,SYNTHETIC,TRAIN_ONLY,https://www.kaggle.com/datasets/tielemarvin/european-license-plate-dataset-elpd,CC BY 4.0,https://creativecommons.org/licenses/by/4.0/,AI/PlateDetector/datasets/provenance/elpd/elpd_provenance.csv
elpd,filename_prefix_01809_.png,1,license-plate,license_plate,449.69,818.47,743.3,928.89,1536,1536,SYNTHETIC,TRAIN_ONLY,https://www.kaggle.com/datasets/tielemarvin/european-license-plate-dataset-elpd,CC BY 4.0,https://creativecommons.org/licenses/by/4.0/,AI/PlateDetector/datasets/provenance/elpd/elpd_provenance.csv
elpd,filename_prefix_01809_.png,2,license-plate,license_plate,1119.67,605.42,1239.7,644.28,1536,1536,SYNTHETIC,TRAIN_ONLY,https://www.kaggle.com/datasets/tielemarvin/european-license-plate-dataset-elpd,CC BY 4.0,https://creativecommons.org/licenses/by/4.0/,AI/PlateDetector/datasets/provenance/elpd/elpd_provenance.csv
elpd,filename_prefix_01810_.png,1,license-plate,license_plate,302.45,1020.78,512.28,1085.57,1536,1536,SYNTHETIC,TRAIN_ONLY,https://www.kaggle.com/datasets/tielemarvin/european-license-plate-dataset-elpd,CC BY 4.0,https://creativecommons.org/licenses/by/4.0/,AI/PlateDetector/datasets/provenance/elpd/elpd_provenance.csv
elpd,filename_prefix_01810_.png,2,license-plate,license_plate,1344.06,823.61,1433.69,846.26,1536,1536,SYNTHETIC,TRAIN_ONLY,https://www.kaggle.com/datasets/tielemarvin/european-license-plate-dataset-elpd,CC BY 4.0,https://creativecommons.org/licenses/by/4.0/,AI/PlateDetector/datasets/provenance/elpd/elpd_provenance.csv
elpd,filename_prefix_01811_.png,1,license-plate,license_plate,474.13,830.9,634.33,871.87,1024,1024,SYNTHETIC,TRAIN_ONLY,https://www.kaggle.com/datasets/tielemarvin/european-license-plate-dataset-elpd,CC BY 4.0,https://creativecommons.org/licenses/by/4.0/,AI/PlateDetector/datasets/provenance/elpd/elpd_provenance.csv
elpd,filename_prefix_01812_.png,1,license-plate,license_plate,362.22,634.05,509.81,673.4,1024,1024,SYNTHETIC,TRAIN_ONLY,https://www.kaggle.com/datasets/tielemarvin/european-license-plate-dataset-elpd,CC BY 4.0,https://creativecommons.org/licenses/by/4.0/,AI/PlateDetector/datasets/provenance/elpd/elpd_provenance.csv
elpd,filename_prefix_01813_.png,1,license-plate,license_plate,503.36,931.52,782.71,1015.86,1536,1536,SYNTHETIC,TRAIN_ONLY,https://www.kaggle.com/datasets/tielemarvin/european-license-plate-dataset-elpd,CC BY 4.0,https://creativecommons.org/licenses/by/4.0/,AI/PlateDetector/datasets/provenance/elpd/elpd_provenance.csv
elpd,filename_prefix_01813_.png,2,license-plate,license_plate,1132.02,909.57,1238.38,940.21,1536,1536,SYNTHETIC,TRAIN_ONLY,https://www.kaggle.com/datasets/tielemarvin/european-license-plate-dataset-elpd,CC BY 4.0,https://creativecommons.org/licenses/by/4.0/,AI/PlateDetector/datasets/provenance/elpd/elpd_provenance.csv
elpd,filename_prefix_01814_.png,1,license-plate,license_plate,926.03,887.61,1024.0,930.81,1024,1024,SYNTHETIC,TRAIN_ONLY,https://www.kaggle.com/datasets/tielemarvin/european-license-plate-dataset-elpd,CC BY 4.0,https://creativecommons.org/licenses/by/4.0/,AI/PlateDetector/datasets/provenance/elpd/elpd_provenance.csv
elpd,filename_prefix_01814_.png,2,license-plate,license_plate,304.41,704.54,402.33,732.18,1024,1024,SYNTHETIC,TRAIN_ONLY,https://www.kaggle.com/datasets/tielemarvin/european-license-plate-dataset-elpd,CC BY 4.0,https://creativecommons.org/licenses/by/4.0/,AI/PlateDetector/datasets/provenance/elpd/elpd_provenance.csv
elpd,filename_prefix_01815_.png,1,license-plate,license_plate,574.83,695.95,947.35,836.4,1536,1536,SYNTHETIC,TRAIN_ONLY,https://www.kaggle.com/datasets/tielemarvin/european-license-plate-dataset-elpd,CC BY 4.0,https://creativecommons.org/licenses/by/4.0/,AI/PlateDetector/datasets/provenance/elpd/elpd_provenance.csv
elpd,filename_prefix_01816_.png,1,license-plate,license_plate,586.26,595.4,750.32,651.68,1024,1024,SYNTHETIC,TRAIN_ONLY,https://www.kaggle.com/datasets/tielemarvin/european-license-plate-dataset-elpd,CC BY 4.0,https://creativecommons.org/licenses/by/4.0/,AI/PlateDetector/datasets/provenance/elpd/elpd_provenance.csv
elpd,filename_prefix_01817_.png,1,license-plate,license_plate,462.65,490.12,586.3,526.19,1024,1024,SYNTHETIC,TRAIN_ONLY,https://www.kaggle.com/datasets/tielemarvin/european-license-plate-dataset-elpd,CC BY 4.0,https://creativecommons.org/licenses/by/4.0/,AI/PlateDetector/datasets/provenance/elpd/elpd_provenance.csv
elpd,filename_prefix_01818_.png,1,license-plate,license_plate,387.23,992.98,533.14,1032.94,1536,1536,SYNTHETIC,TRAIN_ONLY,https://www.kaggle.com/datasets/tielemarvin/european-license-plate-dataset-elpd,CC BY 4.0,https://creativecommons.org/licenses/by/4.0/,AI/PlateDetector/datasets/provenance/elpd/elpd_provenance.csv
elpd,filename_prefix_01819_.png,1,license-plate,license_plate,851.06,757.61,1024.0,812.94,1024,1024,SYNTHETIC,TRAIN_ONLY,https://www.kaggle.com/datasets/tielemarvin/european-license-plate-dataset-elpd,CC BY 4.0,https://creativecommons.org/licenses/by/4.0/,AI/PlateDetector/datasets/provenance/elpd/elpd_provenance.csv
elpd,filename_prefix_01820_.png,1,license-plate,license_plate,45.8,560.5,386.65,653.73,1024,1024,SYNTHETIC,TRAIN_ONLY,https://www.kaggle.com/datasets/tielemarvin/european-license-plate-dataset-elpd,CC BY 4.0,https://creativecommons.org/licenses/by/4.0/,AI/PlateDetector/datasets/provenance/elpd/elpd_provenance.csv
elpd,filename_prefix_01821_.png,1,license-plate,license_plate,563.69,1081.4,979.7,1202.19,1536,1536,SYNTHETIC,TRAIN_ONLY,https://www.kaggle.com/datasets/tielemarvin/european-license-plate-dataset-elpd,CC BY 4.0,https://creativecommons.org/licenses/by/4.0/,AI/PlateDetector/datasets/provenance/elpd/elpd_provenance.csv
elpd,filename_prefix_01822_.png,1,license-plate,license_plate,538.26,832.31,863.27,915.89,1536,1536,SYNTHETIC,TRAIN_ONLY,https://www.kaggle.com/datasets/tielemarvin/european-license-plate-dataset-elpd,CC BY 4.0,https://creativecommons.org/licenses/by/4.0/,AI/PlateDetector/datasets/provenance/elpd/elpd_provenance.csv
elpd,filename_prefix_01823_.png,1,license-plate,license_plate,450.35,620.65,572.05,652.28,1024,1024,SYNTHETIC,TRAIN_ONLY,https://www.kaggle.com/datasets/tielemarvin/european-license-plate-dataset-elpd,CC BY 4.0,https://creativecommons.org/licenses/by/4.0/,AI/PlateDetector/datasets/provenance/elpd/elpd_provenance.csv
elpd,filename_prefix_01824_.png,1,license-plate,license_plate,328.81,918.93,587.77,989.45,1536,1536,SYNTHETIC,TRAIN_ONLY,https://www.kaggle.com/datasets/tielemarvin/european-license-plate-dataset-elpd,CC BY 4.0,https://creativecommons.org/licenses/by/4.0/,AI/PlateDetector/datasets/provenance/elpd/elpd_provenance.csv
elpd,filename_prefix_01825_.png,1,license-plate,license_plate,640.25,925.48,879.4,991.3,1536,1536,SYNTHETIC,TRAIN_ONLY,https://www.kaggle.com/datasets/tielemarvin/european-license-plate-dataset-elpd,CC BY 4.0,https://creativecommons.org/licenses/by/4.0/,AI/PlateDetector/datasets/provenance/elpd/elpd_provenance.csv
elpd,filename_prefix_01826_.png,1,license-plate,license_plate,695.05,670.31,975.98,738.52,1536,1536,SYNTHETIC,TRAIN_ONLY,https://www.kaggle.com/datasets/tielemarvin/european-license-plate-dataset-elpd,CC BY 4.0,https://creativecommons.org/licenses/by/4.0/,AI/PlateDetector/datasets/provenance/elpd/elpd_provenance.csv
elpd,filename_prefix_01828_.png,1,license-plate,license_plate,466.43,738.11,578.4,768.36,1024,1024,SYNTHETIC,TRAIN_ONLY,https://www.kaggle.com/datasets/tielemarvin/european-license-plate-dataset-elpd,CC BY 4.0,https://creativecommons.org/licenses/by/4.0/,AI/PlateDetector/datasets/provenance/elpd/elpd_provenance.csv
elpd,filename_prefix_01829_.png,1,license-plate,license_plate,583.83,956.37,765.2,1000.9,1536,1536,SYNTHETIC,TRAIN_ONLY,https://www.kaggle.com/datasets/tielemarvin/european-license-plate-dataset-elpd,CC BY 4.0,https://creativecommons.org/licenses/by/4.0/,AI/PlateDetector/datasets/provenance/elpd/elpd_provenance.csv
elpd,filename_prefix_01830_.png,1,license-plate,license_plate,0.0,641.12,180.14,711.48,1024,1024,SYNTHETIC,TRAIN_ONLY,https://www.kaggle.com/datasets/tielemarvin/european-license-plate-dataset-elpd,CC BY 4.0,https://creativecommons.org/licenses/by/4.0/,AI/PlateDetector/datasets/provenance/elpd/elpd_provenance.csv
elpd,filename_prefix_01831_.png,1,license-plate,license_plate,756.07,1138.63,1112.54,1311.25,1536,1536,SYNTHETIC,TRAIN_ONLY,https://www.kaggle.com/datasets/tielemarvin/european-license-plate-dataset-elpd,CC BY 4.0,https://creativecommons.org/licenses/by/4.0/,AI/PlateDetector/datasets/provenance/elpd/elpd_provenance.csv
elpd,filename_prefix_01832_.png,1,license-plate,license_plate,513.47,717.69,795.94,803.39,1024,1024,SYNTHETIC,TRAIN_ONLY,https://www.kaggle.com/datasets/tielemarvin/european-license-plate-dataset-elpd,CC BY 4.0,https://creativecommons.org/licenses/by/4.0/,AI/PlateDetector/datasets/provenance/elpd/elpd_provenance.csv
elpd,filename_prefix_01832_.png,2,license-plate,license_plate,941.3,188.42,1024.0,216.05,1024,1024,SYNTHETIC,TRAIN_ONLY,https://www.kaggle.com/datasets/tielemarvin/european-license-plate-dataset-elpd,CC BY 4.0,https://creativecommons.org/licenses/by/4.0/,AI/PlateDetector/datasets/provenance/elpd/elpd_provenance.csv
elpd,filename_prefix_01833_.png,1,license-plate,license_plate,735.0,532.0,898.55,590.49,1024,1024,SYNTHETIC,TRAIN_ONLY,https://www.kaggle.com/datasets/tielemarvin/european-license-plate-dataset-elpd,CC BY 4.0,https://creativecommons.org/licenses/by/4.0/,AI/PlateDetector/datasets/provenance/elpd/elpd_provenance.csv
elpd,filename_prefix_01834_.png,1,license-plate,license_plate,692.19,752.89,836.03,788.07,1536,1536,SYNTHETIC,TRAIN_ONLY,https://www.kaggle.com/datasets/tielemarvin/european-license-plate-dataset-elpd,CC BY 4.0,https://creativecommons.org/licenses/by/4.0/,AI/PlateDetector/datasets/provenance/elpd/elpd_provenance.csv
elpd,filename_prefix_01835_.png,1,license-plate,license_plate,680.46,638.96,808.02,699.58,1024,1024,SYNTHETIC,TRAIN_ONLY,https://www.kaggle.com/datasets/tielemarvin/european-license-plate-dataset-elpd,CC BY 4.0,https://creativecommons.org/licenses/by/4.0/,AI/PlateDetector/datasets/provenance/elpd/elpd_provenance.csv
elpd,filename_prefix_01836_.png,1,license-plate,license_plate,499.29,558.35,751.55,624.9,1024,1024,SYNTHETIC,TRAIN_ONLY,https://www.kaggle.com/datasets/tielemarvin/european-license-plate-dataset-elpd,CC BY 4.0,https://creativecommons.org/licenses/by/4.0/,AI/PlateDetector/datasets/provenance/elpd/elpd_provenance.csv
elpd,filename_prefix_01837_.png,1,license-plate,license_plate,1145.88,734.69,1536.0,865.05,1536,1536,SYNTHETIC,TRAIN_ONLY,https://www.kaggle.com/datasets/tielemarvin/european-license-plate-dataset-elpd,CC BY 4.0,https://creativecommons.org/licenses/by/4.0/,AI/PlateDetector/datasets/provenance/elpd/elpd_provenance.csv
elpd,filename_prefix_01838_.png,1,license-plate,license_plate,597.1,1014.56,708.17,1070.2,1536,1536,SYNTHETIC,TRAIN_ONLY,https://www.kaggle.com/datasets/tielemarvin/european-license-plate-dataset-elpd,CC BY 4.0,https://creativecommons.org/licenses/by/4.0/,AI/PlateDetector/datasets/provenance/elpd/elpd_provenance.csv
elpd,filename_prefix_01839_.png,1,license-plate,license_plate,439.44,753.95,602.18,804.38,1024,1024,SYNTHETIC,TRAIN_ONLY,https://www.kaggle.com/datasets/tielemarvin/european-license-plate-dataset-elpd,CC BY 4.0,https://creativecommons.org/licenses/by/4.0/,AI/PlateDetector/datasets/provenance/elpd/elpd_provenance.csv
elpd,filename_prefix_01840_.png,1,license-plate,license_plate,120.83,642.34,248.64,676.88,1536,1536,SYNTHETIC,TRAIN_ONLY,https://www.kaggle.com/datasets/tielemarvin/european-license-plate-dataset-elpd,CC BY 4.0,https://creativecommons.org/licenses/by/4.0/,AI/PlateDetector/datasets/provenance/elpd/elpd_provenance.csv
elpd,filename_prefix_01840_.png,2,license-plate,license_plate,719.9,635.9,790.72,654.0,1536,1536,SYNTHETIC,TRAIN_ONLY,https://www.kaggle.com/datasets/tielemarvin/european-license-plate-dataset-elpd,CC BY 4.0,https://creativecommons.org/licenses/by/4.0/,AI/PlateDetector/datasets/provenance/elpd/elpd_provenance.csv
elpd,filename_prefix_01841_.png,1,license-plate,license_plate,486.93,845.43,823.58,930.48,1536,1536,SYNTHETIC,TRAIN_ONLY,https://www.kaggle.com/datasets/tielemarvin/european-license-plate-dataset-elpd,CC BY 4.0,https://creativecommons.org/licenses/by/4.0/,AI/PlateDetector/datasets/provenance/elpd/elpd_provenance.csv
elpd,filename_prefix_01841_.png,2,license-plate,license_plate,1054.75,685.36,1249.58,732.87,1536,1536,SYNTHETIC,TRAIN_ONLY,https://www.kaggle.com/datasets/tielemarvin/european-license-plate-dataset-elpd,CC BY 4.0,https://creativecommons.org/licenses/by/4.0/,AI/PlateDetector/datasets/provenance/elpd/elpd_provenance.csv
elpd,filename_prefix_01843_.png,1,license-plate,license_plate,374.43,580.48,481.1,610.9,1024,1024,SYNTHETIC,TRAIN_ONLY,https://www.kaggle.com/datasets/tielemarvin/european-license-plate-dataset-elpd,CC BY 4.0,https://creativecommons.org/licenses/by/4.0/,AI/PlateDetector/datasets/provenance/elpd/elpd_provenance.csv
elpd,filename_prefix_01844_.png,1,license-plate,license_plate,468.72,572.73,580.8,604.1,1024,1024,SYNTHETIC,TRAIN_ONLY,https://www.kaggle.com/datasets/tielemarvin/european-license-plate-dataset-elpd,CC BY 4.0,https://creativecommons.org/licenses/by/4.0/,AI/PlateDetector/datasets/provenance/elpd/elpd_provenance.csv
elpd,filename_prefix_01845_.png,1,license-plate,license_plate,501.26,1217.96,735.56,1291.45,1536,1536,SYNTHETIC,TRAIN_ONLY,https://www.kaggle.com/datasets/tielemarvin/european-license-plate-dataset-elpd,CC BY 4.0,https://creativecommons.org/licenses/by/4.0/,AI/PlateDetector/datasets/provenance/elpd/elpd_provenance.csv
elpd,filename_prefix_01846_.png,1,license-plate,license_plate,225.79,731.72,420.98,786.1,1024,1024,SYNTHETIC,TRAIN_ONLY,https://www.kaggle.com/datasets/tielemarvin/european-license-plate-dataset-elpd,CC BY 4.0,https://creativecommons.org/licenses/by/4.0/,AI/PlateDetector/datasets/provenance/elpd/elpd_provenance.csv
elpd,filename_prefix_01847_.png,1,license-plate,license_plate,421.4,764.09,854.09,882.11,1536,1536,SYNTHETIC,TRAIN_ONLY,https://www.kaggle.com/datasets/tielemarvin/european-license-plate-dataset-elpd,CC BY 4.0,https://creativecommons.org/licenses/by/4.0/,AI/PlateDetector/datasets/provenance/elpd/elpd_provenance.csv
elpd,filename_prefix_01848_.png,1,license-plate,license_plate,666.73,436.85,727.44,452.05,1024,1024,SYNTHETIC,TRAIN_ONLY,https://www.kaggle.com/datasets/tielemarvin/european-license-plate-dataset-elpd,CC BY 4.0,https://creativecommons.org/licenses/by/4.0/,AI/PlateDetector/datasets/provenance/elpd/elpd_provenance.csv
elpd,filename_prefix_01848_.png,2,license-plate,license_plate,217.98,445.27,333.59,473.05,1024,1024,SYNTHETIC,TRAIN_ONLY,https://www.kaggle.com/datasets/tielemarvin/european-license-plate-dataset-elpd,CC BY 4.0,https://creativecommons.org/licenses/by/4.0/,AI/PlateDetector/datasets/provenance/elpd/elpd_provenance.csv
elpd,filename_prefix_01849_.png,1,license-plate,license_plate,468.16,653.9,579.52,682.45,1024,1024,SYNTHETIC,TRAIN_ONLY,https://www.kaggle.com/datasets/tielemarvin/european-license-plate-dataset-elpd,CC BY 4.0,https://creativecommons.org/licenses/by/4.0/,AI/PlateDetector/datasets/provenance/elpd/elpd_provenance.csv
elpd,filename_prefix_01850_.png,1,license-plate,license_plate,348.53,1029.13,436.58,1058.19,1536,1536,SYNTHETIC,TRAIN_ONLY,https://www.kaggle.com/datasets/tielemarvin/european-license-plate-dataset-elpd,CC BY 4.0,https://creativecommons.org/licenses/by/4.0/,AI/PlateDetector/datasets/provenance/elpd/elpd_provenance.csv
elpd,filename_prefix_01850_.png,2,license-plate,license_plate,1253.05,1108.1,1389.49,1149.98,1536,1536,SYNTHETIC,TRAIN_ONLY,https://www.kaggle.com/datasets/tielemarvin/european-license-plate-dataset-elpd,CC BY 4.0,https://creativecommons.org/licenses/by/4.0/,AI/PlateDetector/datasets/provenance/elpd/elpd_provenance.csv
elpd,filename_prefix_01850_.png,3,license-plate,license_plate,326.14,1101.28,436.13,1133.86,1536,1536,SYNTHETIC,TRAIN_ONLY,https://www.kaggle.com/datasets/tielemarvin/european-license-plate-dataset-elpd,CC BY 4.0,https://creativecommons.org/licenses/by/4.0/,AI/PlateDetector/datasets/provenance/elpd/elpd_provenance.csv
elpd,filename_prefix_01851_.png,1,license-plate,license_plate,87.0,546.48,371.72,622.0,1024,1024,SYNTHETIC,TRAIN_ONLY,https://www.kaggle.com/datasets/tielemarvin/european-license-plate-dataset-elpd,CC BY 4.0,https://creativecommons.org/licenses/by/4.0/,AI/PlateDetector/datasets/provenance/elpd/elpd_provenance.csv
elpd,filename_prefix_01852_.png,1,license-plate,license_plate,177.05,449.52,241.33,465.87,1024,1024,SYNTHETIC,TRAIN_ONLY,https://www.kaggle.com/datasets/tielemarvin/european-license-plate-dataset-elpd,CC BY 4.0,https://creativecommons.org/licenses/by/4.0/,AI/PlateDetector/datasets/provenance/elpd/elpd_provenance.csv
elpd,filename_prefix_01853_.png,1,license-plate,license_plate,829.78,1130.38,1005.18,1174.04,1536,1536,SYNTHETIC,TRAIN_ONLY,https://www.kaggle.com/datasets/tielemarvin/european-license-plate-dataset-elpd,CC BY 4.0,https://creativecommons.org/licenses/by/4.0/,AI/PlateDetector/datasets/provenance/elpd/elpd_provenance.csv
elpd,filename_prefix_01854_.png,1,license-plate,license_plate,1423.64,1294.57,1536.0,1439.7,1536,1536,SYNTHETIC,TRAIN_ONLY,https://www.kaggle.com/datasets/tielemarvin/european-license-plate-dataset-elpd,CC BY 4.0,https://creativecommons.org/licenses/by/4.0/,AI/PlateDetector/datasets/provenance/elpd/elpd_provenance.csv
elpd,filename_prefix_01854_.png,2,license-plate,license_plate,609.33,952.96,831.37,1009.36,1536,1536,SYNTHETIC,TRAIN_ONLY,https://www.kaggle.com/datasets/tielemarvin/european-license-plate-dataset-elpd,CC BY 4.0,https://creativecommons.org/licenses/by/4.0/,AI/PlateDetector/datasets/provenance/elpd/elpd_provenance.csv
elpd,filename_prefix_01855_.png,1,license-plate,license_plate,402.83,590.77,520.99,623.36,1024,1024,SYNTHETIC,TRAIN_ONLY,https://www.kaggle.com/datasets/tielemarvin/european-license-plate-dataset-elpd,CC BY 4.0,https://creativecommons.org/licenses/by/4.0/,AI/PlateDetector/datasets/provenance/elpd/elpd_provenance.csv
elpd,filename_prefix_01856_.png,1,license-plate,license_plate,0.0,733.24,310.64,842.56,1536,1536,SYNTHETIC,TRAIN_ONLY,https://www.kaggle.com/datasets/tielemarvin/european-license-plate-dataset-elpd,CC BY 4.0,https://creativecommons.org/licenses/by/4.0/,AI/PlateDetector/datasets/provenance/elpd/elpd_provenance.csv
elpd,filename_prefix_01856_.png,2,license-plate,license_plate,1054.76,602.74,1202.16,646.67,1536,1536,SYNTHETIC,TRAIN_ONLY,https://www.kaggle.com/datasets/tielemarvin/european-license-plate-dataset-elpd,CC BY 4.0,https://creativecommons.org/licenses/by/4.0/,AI/PlateDetector/datasets/provenance/elpd/elpd_provenance.csv
elpd,filename_prefix_01857_.png,1,license-plate,license_plate,905.46,1103.61,1146.5,1174.2,1536,1536,SYNTHETIC,TRAIN_ONLY,https://www.kaggle.com/datasets/tielemarvin/european-license-plate-dataset-elpd,CC BY 4.0,https://creativecommons.org/licenses/by/4.0/,AI/PlateDetector/datasets/provenance/elpd/elpd_provenance.csv
elpd,filename_prefix_01858_.png,1,license-plate,license_plate,727.13,893.43,869.91,930.49,1536,1536,SYNTHETIC,TRAIN_ONLY,https://www.kaggle.com/datasets/tielemarvin/european-license-plate-dataset-elpd,CC BY 4.0,https://creativecommons.org/licenses/by/4.0/,AI/PlateDetector/datasets/provenance/elpd/elpd_provenance.csv
elpd,filename_prefix_01859_.png,1,license-plate,license_plate,294.25,539.48,390.28,568.61,1024,1024,SYNTHETIC,TRAIN_ONLY,https://www.kaggle.com/datasets/tielemarvin/european-license-plate-dataset-elpd,CC BY 4.0,https://creativecommons.org/licenses/by/4.0/,AI/PlateDetector/datasets/provenance/elpd/elpd_provenance.csv
elpd,filename_prefix_01859_.png,2,license-plate,license_plate,809.35,535.23,883.33,559.69,1024,1024,SYNTHETIC,TRAIN_ONLY,https://www.kaggle.com/datasets/tielemarvin/european-license-plate-dataset-elpd,CC BY 4.0,https://creativecommons.org/licenses/by/4.0/,AI/PlateDetector/datasets/provenance/elpd/elpd_provenance.csv
elpd,filename_prefix_01860_.png,1,license-plate,license_plate,423.08,631.17,613.25,686.49,1024,1024,SYNTHETIC,TRAIN_ONLY,https://www.kaggle.com/datasets/tielemarvin/european-license-plate-dataset-elpd,CC BY 4.0,https://creativecommons.org/licenses/by/4.0/,AI/PlateDetector/datasets/provenance/elpd/elpd_provenance.csv
elpd,filename_prefix_01861_.png,1,license-plate,license_plate,387.29,1197.5,841.03,1320.88,1536,1536,SYNTHETIC,TRAIN_ONLY,https://www.kaggle.com/datasets/tielemarvin/european-license-plate-dataset-elpd,CC BY 4.0,https://creativecommons.org/licenses/by/4.0/,AI/PlateDetector/datasets/provenance/elpd/elpd_provenance.csv
elpd,filename_prefix_01862_.png,1,license-plate,license_plate,19.79,770.08,177.79,817.13,1024,1024,SYNTHETIC,TRAIN_ONLY,https://www.kaggle.com/datasets/tielemarvin/european-license-plate-dataset-elpd,CC BY 4.0,https://creativecommons.org/licenses/by/4.0/,AI/PlateDetector/datasets/provenance/elpd/elpd_provenance.csv
elpd,filename_prefix_01862_.png,2,license-plate,license_plate,748.35,756.05,835.05,778.83,1024,1024,SYNTHETIC,TRAIN_ONLY,https://www.kaggle.com/datasets/tielemarvin/european-license-plate-dataset-elpd,CC BY 4.0,https://creativecommons.org/licenses/by/4.0/,AI/PlateDetector/datasets/provenance/elpd/elpd_provenance.csv
elpd,filename_prefix_01863_.png,1,license-plate,license_plate,518.69,340.04,665.07,385.01,1536,1536,SYNTHETIC,TRAIN_ONLY,https://www.kaggle.com/datasets/tielemarvin/european-license-plate-dataset-elpd,CC BY 4.0,https://creativecommons.org/licenses/by/4.0/,AI/PlateDetector/datasets/provenance/elpd/elpd_provenance.csv
elpd,filename_prefix_01863_.png,2,license-plate,license_plate,1208.65,339.54,1414.64,399.13,1536,1536,SYNTHETIC,TRAIN_ONLY,https://www.kaggle.com/datasets/tielemarvin/european-license-plate-dataset-elpd,CC BY 4.0,https://creativecommons.org/licenses/by/4.0/,AI/PlateDetector/datasets/provenance/elpd/elpd_provenance.csv
elpd,filename_prefix_01864_.png,1,license-plate,license_plate,351.6,792.83,475.55,825.8,1024,1024,SYNTHETIC,TRAIN_ONLY,https://www.kaggle.com/datasets/tielemarvin/european-license-plate-dataset-elpd,CC BY 4.0,https://creativecommons.org/licenses/by/4.0/,AI/PlateDetector/datasets/provenance/elpd/elpd_provenance.csv
elpd,filename_prefix_01865_.png,1,license-plate,license_plate,617.44,576.56,805.88,641.72,1024,1024,SYNTHETIC,TRAIN_ONLY,https://www.kaggle.com/datasets/tielemarvin/european-license-plate-dataset-elpd,CC BY 4.0,https://creativecommons.org/licenses/by/4.0/,AI/PlateDetector/datasets/provenance/elpd/elpd_provenance.csv
elpd,filename_prefix_01866_.png,1,license-plate,license_plate,459.66,973.23,661.8,1026.2,1536,1536,SYNTHETIC,TRAIN_ONLY,https://www.kaggle.com/datasets/tielemarvin/european-license-plate-dataset-elpd,CC BY 4.0,https://creativecommons.org/licenses/by/4.0/,AI/PlateDetector/datasets/provenance/elpd/elpd_provenance.csv
elpd,filename_prefix_01867_.png,1,license-plate,license_plate,543.82,629.17,703.19,684.74,1024,1024,SYNTHETIC,TRAIN_ONLY,https://www.kaggle.com/datasets/tielemarvin/european-license-plate-dataset-elpd,CC BY 4.0,https://creativecommons.org/licenses/by/4.0/,AI/PlateDetector/datasets/provenance/elpd/elpd_provenance.csv
elpd,filename_prefix_01868_.png,1,license-plate,license_plate,452.21,649.3,578.6,679.0,1024,1024,SYNTHETIC,TRAIN_ONLY,https://www.kaggle.com/datasets/tielemarvin/european-license-plate-dataset-elpd,CC BY 4.0,https://creativecommons.org/licenses/by/4.0/,AI/PlateDetector/datasets/provenance/elpd/elpd_provenance.csv
elpd,filename_prefix_01869_.png,1,license-plate,license_plate,805.49,965.67,1056.19,1024.85,1536,1536,SYNTHETIC,TRAIN_ONLY,https://www.kaggle.com/datasets/tielemarvin/european-license-plate-dataset-elpd,CC BY 4.0,https://creativecommons.org/licenses/by/4.0/,AI/PlateDetector/datasets/provenance/elpd/elpd_provenance.csv
elpd,filename_prefix_01870_.png,1,license-plate,license_plate,768.25,725.58,914.71,767.78,1536,1536,SYNTHETIC,TRAIN_ONLY,https://www.kaggle.com/datasets/tielemarvin/european-license-plate-dataset-elpd,CC BY 4.0,https://creativecommons.org/licenses/by/4.0/,AI/PlateDetector/datasets/provenance/elpd/elpd_provenance.csv
elpd,filename_prefix_01870_.png,2,license-plate,license_plate,166.46,715.48,337.67,769.72,1536,1536,SYNTHETIC,TRAIN_ONLY,https://www.kaggle.com/datasets/tielemarvin/european-license-plate-dataset-elpd,CC BY 4.0,https://creativecommons.org/licenses/by/4.0/,AI/PlateDetector/datasets/provenance/elpd/elpd_provenance.csv
elpd,filename_prefix_01871_.png,1,license-plate,license_plate,300.7,608.3,447.99,650.16,1024,1024,SYNTHETIC,TRAIN_ONLY,https://www.kaggle.com/datasets/tielemarvin/european-license-plate-dataset-elpd,CC BY 4.0,https://creativecommons.org/licenses/by/4.0/,AI/PlateDetector/datasets/provenance/elpd/elpd_provenance.csv
elpd,filename_prefix_01872_.png,1,license-plate,license_plate,876.0,889.21,1162.2,964.3,1536,1536,SYNTHETIC,TRAIN_ONLY,https://www.kaggle.com/datasets/tielemarvin/european-license-plate-dataset-elpd,CC BY 4.0,https://creativecommons.org/licenses/by/4.0/,AI/PlateDetector/datasets/provenance/elpd/elpd_provenance.csv
elpd,filename_prefix_01873_.png,1,license-plate,license_plate,249.5,1052.7,460.84,1109.7,1536,1536,SYNTHETIC,TRAIN_ONLY,https://www.kaggle.com/datasets/tielemarvin/european-license-plate-dataset-elpd,CC BY 4.0,https://creativecommons.org/licenses/by/4.0/,AI/PlateDetector/datasets/provenance/elpd/elpd_provenance.csv
elpd,filename_prefix_01874_.png,1,license-plate,license_plate,309.83,968.35,577.57,1035.67,1536,1536,SYNTHETIC,TRAIN_ONLY,https://www.kaggle.com/datasets/tielemarvin/european-license-plate-dataset-elpd,CC BY 4.0,https://creativecommons.org/licenses/by/4.0/,AI/PlateDetector/datasets/provenance/elpd/elpd_provenance.csv
elpd,filename_prefix_01875_.png,1,license-plate,license_plate,17.75,700.71,164.29,739.4,1024,1024,SYNTHETIC,TRAIN_ONLY,https://www.kaggle.com/datasets/tielemarvin/european-license-plate-dataset-elpd,CC BY 4.0,https://creativecommons.org/licenses/by/4.0/,AI/PlateDetector/datasets/provenance/elpd/elpd_provenance.csv
elpd,filename_prefix_01875_.png,2,license-plate,license_plate,471.66,598.27,587.34,627.4,1024,1024,SYNTHETIC,TRAIN_ONLY,https://www.kaggle.com/datasets/tielemarvin/european-license-plate-dataset-elpd,CC BY 4.0,https://creativecommons.org/licenses/by/4.0/,AI/PlateDetector/datasets/provenance/elpd/elpd_provenance.csv
elpd,filename_prefix_01876_.png,1,license-plate,license_plate,345.71,787.05,650.72,862.6,1024,1024,SYNTHETIC,TRAIN_ONLY,https://www.kaggle.com/datasets/tielemarvin/european-license-plate-dataset-elpd,CC BY 4.0,https://creativecommons.org/licenses/by/4.0/,AI/PlateDetector/datasets/provenance/elpd/elpd_provenance.csv
elpd,filename_prefix_01876_.png,2,license-plate,license_plate,910.6,455.59,1011.2,482.93,1024,1024,SYNTHETIC,TRAIN_ONLY,https://www.kaggle.com/datasets/tielemarvin/european-license-plate-dataset-elpd,CC BY 4.0,https://creativecommons.org/licenses/by/4.0/,AI/PlateDetector/datasets/provenance/elpd/elpd_provenance.csv
elpd,filename_prefix_01877_.png,1,license-plate,license_plate,901.49,1118.71,1198.4,1199.4,1536,1536,SYNTHETIC,TRAIN_ONLY,https://www.kaggle.com/datasets/tielemarvin/european-license-plate-dataset-elpd,CC BY 4.0,https://creativecommons.org/licenses/by/4.0/,AI/PlateDetector/datasets/provenance/elpd/elpd_provenance.csv
elpd,filename_prefix_01878_.png,1,license-plate,license_plate,529.39,703.11,742.88,802.53,1024,1024,SYNTHETIC,TRAIN_ONLY,https://www.kaggle.com/datasets/tielemarvin/european-license-plate-dataset-elpd,CC BY 4.0,https://creativecommons.org/licenses/by/4.0/,AI/PlateDetector/datasets/provenance/elpd/elpd_provenance.csv
elpd,filename_prefix_01878_.png,2,license-plate,license_plate,900.43,491.85,965.48,517.78,1024,1024,SYNTHETIC,TRAIN_ONLY,https://www.kaggle.com/datasets/tielemarvin/european-license-plate-dataset-elpd,CC BY 4.0,https://creativecommons.org/licenses/by/4.0/,AI/PlateDetector/datasets/provenance/elpd/elpd_provenance.csv
elpd,filename_prefix_01879_.png,1,license-plate,license_plate,356.6,901.4,517.78,960.26,1536,1536,SYNTHETIC,TRAIN_ONLY,https://www.kaggle.com/datasets/tielemarvin/european-license-plate-dataset-elpd,CC BY 4.0,https://creativecommons.org/licenses/by/4.0/,AI/PlateDetector/datasets/provenance/elpd/elpd_provenance.csv
elpd,filename_prefix_01880_.png,1,license-plate,license_plate,864.93,692.62,1024.0,746.49,1024,1024,SYNTHETIC,TRAIN_ONLY,https://www.kaggle.com/datasets/tielemarvin/european-license-plate-dataset-elpd,CC BY 4.0,https://creativecommons.org/licenses/by/4.0/,AI/PlateDetector/datasets/provenance/elpd/elpd_provenance.csv
elpd,filename_prefix_01881_.png,1,license-plate,license_plate,221.4,616.43,317.93,651.75,1024,1024,SYNTHETIC,TRAIN_ONLY,https://www.kaggle.com/datasets/tielemarvin/european-license-plate-dataset-elpd,CC BY 4.0,https://creativecommons.org/licenses/by/4.0/,AI/PlateDetector/datasets/provenance/elpd/elpd_provenance.csv
elpd,filename_prefix_01882_.png,1,license-plate,license_plate,770.7,1037.1,1106.36,1129.4,1536,1536,SYNTHETIC,TRAIN_ONLY,https://www.kaggle.com/datasets/tielemarvin/european-license-plate-dataset-elpd,CC BY 4.0,https://creativecommons.org/licenses/by/4.0/,AI/PlateDetector/datasets/provenance/elpd/elpd_provenance.csv
elpd,filename_prefix_01882_.png,2,license-plate,license_plate,224.37,784.95,361.9,821.2,1536,1536,SYNTHETIC,TRAIN_ONLY,https://www.kaggle.com/datasets/tielemarvin/european-license-plate-dataset-elpd,CC BY 4.0,https://creativecommons.org/licenses/by/4.0/,AI/PlateDetector/datasets/provenance/elpd/elpd_provenance.csv
elpd,filename_prefix_01883_.png,1,license-plate,license_plate,282.67,678.25,513.3,735.5,1024,1024,SYNTHETIC,TRAIN_ONLY,https://www.kaggle.com/datasets/tielemarvin/european-license-plate-dataset-elpd,CC BY 4.0,https://creativecommons.org/licenses/by/4.0/,AI/PlateDetector/datasets/provenance/elpd/elpd_provenance.csv
elpd,filename_prefix_01884_.png,1,license-plate,license_plate,0.02,541.95,139.06,591.57,1024,1024,SYNTHETIC,TRAIN_ONLY,https://www.kaggle.com/datasets/tielemarvin/european-license-plate-dataset-elpd,CC BY 4.0,https://creativecommons.org/licenses/by/4.0/,AI/PlateDetector/datasets/provenance/elpd/elpd_provenance.csv
elpd,filename_prefix_01885_.png,1,license-plate,license_plate,776.5,798.5,1010.6,855.3,1536,1536,SYNTHETIC,TRAIN_ONLY,https://www.kaggle.com/datasets/tielemarvin/european-license-plate-dataset-elpd,CC BY 4.0,https://creativecommons.org/licenses/by/4.0/,AI/PlateDetector/datasets/provenance/elpd/elpd_provenance.csv
elpd,filename_prefix_01886_.png,1,license-plate,license_plate,316.71,1194.0,664.16,1300.01,1536,1536,SYNTHETIC,TRAIN_ONLY,https://www.kaggle.com/datasets/tielemarvin/european-license-plate-dataset-elpd,CC BY 4.0,https://creativecommons.org/licenses/by/4.0/,AI/PlateDetector/datasets/provenance/elpd/elpd_provenance.csv
elpd,filename_prefix_01886_.png,2,license-plate,license_plate,914.4,788.2,1021.86,816.7,1536,1536,SYNTHETIC,TRAIN_ONLY,https://www.kaggle.com/datasets/tielemarvin/european-license-plate-dataset-elpd,CC BY 4.0,https://creativecommons.org/licenses/by/4.0/,AI/PlateDetector/datasets/provenance/elpd/elpd_provenance.csv
elpd,filename_prefix_01887_.png,1,license-plate,license_plate,448.85,628.47,585.74,663.44,1024,1024,SYNTHETIC,TRAIN_ONLY,https://www.kaggle.com/datasets/tielemarvin/european-license-plate-dataset-elpd,CC BY 4.0,https://creativecommons.org/licenses/by/4.0/,AI/PlateDetector/datasets/provenance/elpd/elpd_provenance.csv
elpd,filename_prefix_01888_.png,1,license-plate,license_plate,105.61,1012.92,400.44,1191.68,1536,1536,SYNTHETIC,TRAIN_ONLY,https://www.kaggle.com/datasets/tielemarvin/european-license-plate-dataset-elpd,CC BY 4.0,https://creativecommons.org/licenses/by/4.0/,AI/PlateDetector/datasets/provenance/elpd/elpd_provenance.csv
elpd,filename_prefix_01889_.png,1,license-plate,license_plate,1256.41,579.25,1392.43,616.39,1536,1536,SYNTHETIC,TRAIN_ONLY,https://www.kaggle.com/datasets/tielemarvin/european-license-plate-dataset-elpd,CC BY 4.0,https://creativecommons.org/licenses/by/4.0/,AI/PlateDetector/datasets/provenance/elpd/elpd_provenance.csv
elpd,filename_prefix_01889_.png,2,license-plate,license_plate,751.6,944.67,1041.01,1020.58,1536,1536,SYNTHETIC,TRAIN_ONLY,https://www.kaggle.com/datasets/tielemarvin/european-license-plate-dataset-elpd,CC BY 4.0,https://creativecommons.org/licenses/by/4.0/,AI/PlateDetector/datasets/provenance/elpd/elpd_provenance.csv
elpd,filename_prefix_01890_.png,1,license-plate,license_plate,209.53,1033.16,411.51,1088.07,1536,1536,SYNTHETIC,TRAIN_ONLY,https://www.kaggle.com/datasets/tielemarvin/european-license-plate-dataset-elpd,CC BY 4.0,https://creativecommons.org/licenses/by/4.0/,AI/PlateDetector/datasets/provenance/elpd/elpd_provenance.csv
elpd,filename_prefix_01891_.png,1,license-plate,license_plate,950.5,559.8,1018.68,576.56,1024,1024,SYNTHETIC,TRAIN_ONLY,https://www.kaggle.com/datasets/tielemarvin/european-license-plate-dataset-elpd,CC BY 4.0,https://creativecommons.org/licenses/by/4.0/,AI/PlateDetector/datasets/provenance/elpd/elpd_provenance.csv
elpd,filename_prefix_01891_.png,2,license-plate,license_plate,534.74,735.3,740.08,787.89,1024,1024,SYNTHETIC,TRAIN_ONLY,https://www.kaggle.com/datasets/tielemarvin/european-license-plate-dataset-elpd,CC BY 4.0,https://creativecommons.org/licenses/by/4.0/,AI/PlateDetector/datasets/provenance/elpd/elpd_provenance.csv
elpd,filename_prefix_01892_.png,1,license-plate,license_plate,455.5,767.44,546.23,787.3,1024,1024,SYNTHETIC,TRAIN_ONLY,https://www.kaggle.com/datasets/tielemarvin/european-license-plate-dataset-elpd,CC BY 4.0,https://creativecommons.org/licenses/by/4.0/,AI/PlateDetector/datasets/provenance/elpd/elpd_provenance.csv
elpd,filename_prefix_01893_.png,1,license-plate,license_plate,1128.53,825.28,1406.09,915.8,1536,1536,SYNTHETIC,TRAIN_ONLY,https://www.kaggle.com/datasets/tielemarvin/european-license-plate-dataset-elpd,CC BY 4.0,https://creativecommons.org/licenses/by/4.0/,AI/PlateDetector/datasets/provenance/elpd/elpd_provenance.csv
elpd,filename_prefix_01894_.png,1,license-plate,license_plate,368.0,714.6,634.01,769.74,1024,1024,SYNTHETIC,TRAIN_ONLY,https://www.kaggle.com/datasets/tielemarvin/european-license-plate-dataset-elpd,CC BY 4.0,https://creativecommons.org/licenses/by/4.0/,AI/PlateDetector/datasets/provenance/elpd/elpd_provenance.csv
elpd,filename_prefix_01895_.png,1,license-plate,license_plate,972.2,768.87,1149.62,814.6,1536,1536,SYNTHETIC,TRAIN_ONLY,https://www.kaggle.com/datasets/tielemarvin/european-license-plate-dataset-elpd,CC BY 4.0,https://creativecommons.org/licenses/by/4.0/,AI/PlateDetector/datasets/provenance/elpd/elpd_provenance.csv
elpd,filename_prefix_01896_.png,1,license-plate,license_plate,384.29,657.6,527.41,695.5,1024,1024,SYNTHETIC,TRAIN_ONLY,https://www.kaggle.com/datasets/tielemarvin/european-license-plate-dataset-elpd,CC BY 4.0,https://creativecommons.org/licenses/by/4.0/,AI/PlateDetector/datasets/provenance/elpd/elpd_provenance.csv
elpd,filename_prefix_01897_.png,1,license-plate,license_plate,458.08,832.95,788.89,923.49,1024,1024,SYNTHETIC,TRAIN_ONLY,https://www.kaggle.com/datasets/tielemarvin/european-license-plate-dataset-elpd,CC BY 4.0,https://creativecommons.org/licenses/by/4.0/,AI/PlateDetector/datasets/provenance/elpd/elpd_provenance.csv
elpd,filename_prefix_01898_.png,1,license-plate,license_plate,1000.14,1048.5,1254.8,1110.66,1536,1536,SYNTHETIC,TRAIN_ONLY,https://www.kaggle.com/datasets/tielemarvin/european-license-plate-dataset-elpd,CC BY 4.0,https://creativecommons.org/licenses/by/4.0/,AI/PlateDetector/datasets/provenance/elpd/elpd_provenance.csv
elpd,filename_prefix_01899_.png,1,license-plate,license_plate,860.7,663.8,944.07,687.48,1024,1024,SYNTHETIC,TRAIN_ONLY,https://www.kaggle.com/datasets/tielemarvin/european-license-plate-dataset-elpd,CC BY 4.0,https://creativecommons.org/licenses/by/4.0/,AI/PlateDetector/datasets/provenance/elpd/elpd_provenance.csv
elpd,filename_prefix_01899_.png,2,license-plate,license_plate,295.11,812.63,477.03,861.23,1024,1024,SYNTHETIC,TRAIN_ONLY,https://www.kaggle.com/datasets/tielemarvin/european-license-plate-dataset-elpd,CC BY 4.0,https://creativecommons.org/licenses/by/4.0/,AI/PlateDetector/datasets/provenance/elpd/elpd_provenance.csv
elpd,filename_prefix_01900_.png,1,license-plate,license_plate,747.98,842.5,902.7,958.43,1024,1024,SYNTHETIC,TRAIN_ONLY,https://www.kaggle.com/datasets/tielemarvin/european-license-plate-dataset-elpd,CC BY 4.0,https://creativecommons.org/licenses/by/4.0/,AI/PlateDetector/datasets/provenance/elpd/elpd_provenance.csv
elpd,filename_prefix_01900_.png,2,license-plate,license_plate,915.4,546.2,975.65,565.15,1024,1024,SYNTHETIC,TRAIN_ONLY,https://www.kaggle.com/datasets/tielemarvin/european-license-plate-dataset-elpd,CC BY 4.0,https://creativecommons.org/licenses/by/4.0/,AI/PlateDetector/datasets/provenance/elpd/elpd_provenance.csv
elpd,filename_prefix_01901_.png,1,license-plate,license_plate,1.82,1057.75,135.46,1142.8,1536,1536,SYNTHETIC,TRAIN_ONLY,https://www.kaggle.com/datasets/tielemarvin/european-license-plate-dataset-elpd,CC BY 4.0,https://creativecommons.org/licenses/by/4.0/,AI/PlateDetector/datasets/provenance/elpd/elpd_provenance.csv
elpd,filename_prefix_01902_.png,1,license-plate,license_plate,795.41,932.75,907.82,976.71,1536,1536,SYNTHETIC,TRAIN_ONLY,https://www.kaggle.com/datasets/tielemarvin/european-license-plate-dataset-elpd,CC BY 4.0,https://creativecommons.org/licenses/by/4.0/,AI/PlateDetector/datasets/provenance/elpd/elpd_provenance.csv
elpd,filename_prefix_01903_.png,1,license-plate,license_plate,0.23,764.43,99.31,794.33,1024,1024,SYNTHETIC,TRAIN_ONLY,https://www.kaggle.com/datasets/tielemarvin/european-license-plate-dataset-elpd,CC BY 4.0,https://creativecommons.org/licenses/by/4.0/,AI/PlateDetector/datasets/provenance/elpd/elpd_provenance.csv
elpd,filename_prefix_01904_.png,1,license-plate,license_plate,742.93,1121.56,1085.82,1307.1,1536,1536,SYNTHETIC,TRAIN_ONLY,https://www.kaggle.com/datasets/tielemarvin/european-license-plate-dataset-elpd,CC BY 4.0,https://creativecommons.org/licenses/by/4.0/,AI/PlateDetector/datasets/provenance/elpd/elpd_provenance.csv
elpd,filename_prefix_01905_.png,1,license-plate,license_plate,750.89,1085.39,911.94,1132.45,1536,1536,SYNTHETIC,TRAIN_ONLY,https://www.kaggle.com/datasets/tielemarvin/european-license-plate-dataset-elpd,CC BY 4.0,https://creativecommons.org/licenses/by/4.0/,AI/PlateDetector/datasets/provenance/elpd/elpd_provenance.csv
elpd,filename_prefix_01906_.png,1,license-plate,license_plate,1316.78,754.0,1483.9,794.19,1536,1536,SYNTHETIC,TRAIN_ONLY,https://www.kaggle.com/datasets/tielemarvin/european-license-plate-dataset-elpd,CC BY 4.0,https://creativecommons.org/licenses/by/4.0/,AI/PlateDetector/datasets/provenance/elpd/elpd_provenance.csv
elpd,filename_prefix_01906_.png,2,license-plate,license_plate,189.24,888.57,399.63,945.75,1536,1536,SYNTHETIC,TRAIN_ONLY,https://www.kaggle.com/datasets/tielemarvin/european-license-plate-dataset-elpd,CC BY 4.0,https://creativecommons.org/licenses/by/4.0/,AI/PlateDetector/datasets/provenance/elpd/elpd_provenance.csv
elpd,filename_prefix_01907_.png,1,license-plate,license_plate,464.72,665.19,626.71,708.06,1024,1024,SYNTHETIC,TRAIN_ONLY,https://www.kaggle.com/datasets/tielemarvin/european-license-plate-dataset-elpd,CC BY 4.0,https://creativecommons.org/licenses/by/4.0/,AI/PlateDetector/datasets/provenance/elpd/elpd_provenance.csv
elpd,filename_prefix_01908_.png,1,license-plate,license_plate,421.69,734.75,637.0,781.3,1024,1024,SYNTHETIC,TRAIN_ONLY,https://www.kaggle.com/datasets/tielemarvin/european-license-plate-dataset-elpd,CC BY 4.0,https://creativecommons.org/licenses/by/4.0/,AI/PlateDetector/datasets/provenance/elpd/elpd_provenance.csv
elpd,filename_prefix_01908_.png,2,license-plate,license_plate,413.69,544.41,638.72,602.97,1024,1024,SYNTHETIC,TRAIN_ONLY,https://www.kaggle.com/datasets/tielemarvin/european-license-plate-dataset-elpd,CC BY 4.0,https://creativecommons.org/licenses/by/4.0/,AI/PlateDetector/datasets/provenance/elpd/elpd_provenance.csv
elpd,filename_prefix_01909_.png,1,license-plate,license_plate,478.25,908.99,811.82,994.97,1536,1536,SYNTHETIC,TRAIN_ONLY,https://www.kaggle.com/datasets/tielemarvin/european-license-plate-dataset-elpd,CC BY 4.0,https://creativecommons.org/licenses/by/4.0/,AI/PlateDetector/datasets/provenance/elpd/elpd_provenance.csv
elpd,filename_prefix_01910_.png,1,license-plate,license_plate,452.39,795.6,591.2,832.19,1024,1024,SYNTHETIC,TRAIN_ONLY,https://www.kaggle.com/datasets/tielemarvin/european-license-plate-dataset-elpd,CC BY 4.0,https://creativecommons.org/licenses/by/4.0/,AI/PlateDetector/datasets/provenance/elpd/elpd_provenance.csv
elpd,filename_prefix_01911_.png,1,license-plate,license_plate,413.86,1016.04,677.55,1106.06,1536,1536,SYNTHETIC,TRAIN_ONLY,https://www.kaggle.com/datasets/tielemarvin/european-license-plate-dataset-elpd,CC BY 4.0,https://creativecommons.org/licenses/by/4.0/,AI/PlateDetector/datasets/provenance/elpd/elpd_provenance.csv
elpd,filename_prefix_01912_.png,1,license-plate,license_plate,412.47,624.92,578.17,666.19,1024,1024,SYNTHETIC,TRAIN_ONLY,https://www.kaggle.com/datasets/tielemarvin/european-license-plate-dataset-elpd,CC BY 4.0,https://creativecommons.org/licenses/by/4.0/,AI/PlateDetector/datasets/provenance/elpd/elpd_provenance.csv
elpd,filename_prefix_01913_.png,1,license-plate,license_plate,267.09,535.57,384.5,574.1,1024,1024,SYNTHETIC,TRAIN_ONLY,https://www.kaggle.com/datasets/tielemarvin/european-license-plate-dataset-elpd,CC BY 4.0,https://creativecommons.org/licenses/by/4.0/,AI/PlateDetector/datasets/provenance/elpd/elpd_provenance.csv
elpd,filename_prefix_01914_.png,1,license-plate,license_plate,578.3,1294.88,764.89,1344.18,1536,1536,SYNTHETIC,TRAIN_ONLY,https://www.kaggle.com/datasets/tielemarvin/european-license-plate-dataset-elpd,CC BY 4.0,https://creativecommons.org/licenses/by/4.0/,AI/PlateDetector/datasets/provenance/elpd/elpd_provenance.csv
elpd,filename_prefix_01915_.png,1,license-plate,license_plate,403.2,539.54,516.49,577.9,1024,1024,SYNTHETIC,TRAIN_ONLY,https://www.kaggle.com/datasets/tielemarvin/european-license-plate-dataset-elpd,CC BY 4.0,https://creativecommons.org/licenses/by/4.0/,AI/PlateDetector/datasets/provenance/elpd/elpd_provenance.csv
elpd,filename_prefix_01915_.png,2,license-plate,license_plate,18.28,493.72,87.89,522.39,1024,1024,SYNTHETIC,TRAIN_ONLY,https://www.kaggle.com/datasets/tielemarvin/european-license-plate-dataset-elpd,CC BY 4.0,https://creativecommons.org/licenses/by/4.0/,AI/PlateDetector/datasets/provenance/elpd/elpd_provenance.csv
elpd,filename_prefix_01916_.png,1,license-plate,license_plate,599.97,1061.0,832.34,1121.41,1536,1536,SYNTHETIC,TRAIN_ONLY,https://www.kaggle.com/datasets/tielemarvin/european-license-plate-dataset-elpd,CC BY 4.0,https://creativecommons.org/licenses/by/4.0/,AI/PlateDetector/datasets/provenance/elpd/elpd_provenance.csv
elpd,filename_prefix_01917_.png,1,license-plate,license_plate,518.27,1060.76,894.31,1168.29,1536,1536,SYNTHETIC,TRAIN_ONLY,https://www.kaggle.com/datasets/tielemarvin/european-license-plate-dataset-elpd,CC BY 4.0,https://creativecommons.org/licenses/by/4.0/,AI/PlateDetector/datasets/provenance/elpd/elpd_provenance.csv
elpd,filename_prefix_01918_.png,1,license-plate,license_plate,908.28,623.39,992.62,644.54,1024,1024,SYNTHETIC,TRAIN_ONLY,https://www.kaggle.com/datasets/tielemarvin/european-license-plate-dataset-elpd,CC BY 4.0,https://creativecommons.org/licenses/by/4.0/,AI/PlateDetector/datasets/provenance/elpd/elpd_provenance.csv
elpd,filename_prefix_01918_.png,2,license-plate,license_plate,147.0,762.16,302.65,802.7,1024,1024,SYNTHETIC,TRAIN_ONLY,https://www.kaggle.com/datasets/tielemarvin/european-license-plate-dataset-elpd,CC BY 4.0,https://creativecommons.org/licenses/by/4.0/,AI/PlateDetector/datasets/provenance/elpd/elpd_provenance.csv
elpd,filename_prefix_01919_.png,1,license-plate,license_plate,538.18,1024.53,799.74,1088.06,1536,1536,SYNTHETIC,TRAIN_ONLY,https://www.kaggle.com/datasets/tielemarvin/european-license-plate-dataset-elpd,CC BY 4.0,https://creativecommons.org/licenses/by/4.0/,AI/PlateDetector/datasets/provenance/elpd/elpd_provenance.csv
elpd,filename_prefix_01920_.png,1,license-plate,license_plate,811.42,719.95,1038.92,784.18,1536,1536,SYNTHETIC,TRAIN_ONLY,https://www.kaggle.com/datasets/tielemarvin/european-license-plate-dataset-elpd,CC BY 4.0,https://creativecommons.org/licenses/by/4.0/,AI/PlateDetector/datasets/provenance/elpd/elpd_provenance.csv
elpd,filename_prefix_01921_.png,1,license-plate,license_plate,703.8,921.73,917.9,972.5,1536,1536,SYNTHETIC,TRAIN_ONLY,https://www.kaggle.com/datasets/tielemarvin/european-license-plate-dataset-elpd,CC BY 4.0,https://creativecommons.org/licenses/by/4.0/,AI/PlateDetector/datasets/provenance/elpd/elpd_provenance.csv
elpd,filename_prefix_01923_.png,1,license-plate,license_plate,53.18,642.04,202.55,678.16,1024,1024,SYNTHETIC,TRAIN_ONLY,https://www.kaggle.com/datasets/tielemarvin/european-license-plate-dataset-elpd,CC BY 4.0,https://creativecommons.org/licenses/by/4.0/,AI/PlateDetector/datasets/provenance/elpd/elpd_provenance.csv
elpd,filename_prefix_01923_.png,2,license-plate,license_plate,813.61,607.27,1002.23,659.2,1024,1024,SYNTHETIC,TRAIN_ONLY,https://www.kaggle.com/datasets/tielemarvin/european-license-plate-dataset-elpd,CC BY 4.0,https://creativecommons.org/licenses/by/4.0/,AI/PlateDetector/datasets/provenance/elpd/elpd_provenance.csv
elpd,filename_prefix_01924_.png,1,license-plate,license_plate,526.08,978.05,624.45,1012.88,1536,1536,SYNTHETIC,TRAIN_ONLY,https://www.kaggle.com/datasets/tielemarvin/european-license-plate-dataset-elpd,CC BY 4.0,https://creativecommons.org/licenses/by/4.0/,AI/PlateDetector/datasets/provenance/elpd/elpd_provenance.csv
elpd,filename_prefix_01924_.png,2,license-plate,license_plate,1277.5,1000.8,1456.36,1054.3,1536,1536,SYNTHETIC,TRAIN_ONLY,https://www.kaggle.com/datasets/tielemarvin/european-license-plate-dataset-elpd,CC BY 4.0,https://creativecommons.org/licenses/by/4.0/,AI/PlateDetector/datasets/provenance/elpd/elpd_provenance.csv
elpd,filename_prefix_01925_.png,1,license-plate,license_plate,188.84,619.15,271.1,643.79,1024,1024,SYNTHETIC,TRAIN_ONLY,https://www.kaggle.com/datasets/tielemarvin/european-license-plate-dataset-elpd,CC BY 4.0,https://creativecommons.org/licenses/by/4.0/,AI/PlateDetector/datasets/provenance/elpd/elpd_provenance.csv
elpd,filename_prefix_01925_.png,2,license-plate,license_plate,776.8,636.8,893.8,671.1,1024,1024,SYNTHETIC,TRAIN_ONLY,https://www.kaggle.com/datasets/tielemarvin/european-license-plate-dataset-elpd,CC BY 4.0,https://creativecommons.org/licenses/by/4.0/,AI/PlateDetector/datasets/provenance/elpd/elpd_provenance.csv
elpd,filename_prefix_01926_.png,1,license-plate,license_plate,532.86,702.74,712.05,748.98,1536,1536,SYNTHETIC,TRAIN_ONLY,https://www.kaggle.com/datasets/tielemarvin/european-license-plate-dataset-elpd,CC BY 4.0,https://creativecommons.org/licenses/by/4.0/,AI/PlateDetector/datasets/provenance/elpd/elpd_provenance.csv
elpd,filename_prefix_01926_.png,2,license-plate,license_plate,1241.33,794.07,1360.02,825.71,1536,1536,SYNTHETIC,TRAIN_ONLY,https://www.kaggle.com/datasets/tielemarvin/european-license-plate-dataset-elpd,CC BY 4.0,https://creativecommons.org/licenses/by/4.0/,AI/PlateDetector/datasets/provenance/elpd/elpd_provenance.csv
elpd,filename_prefix_01927_.png,1,license-plate,license_plate,64.15,610.47,211.73,653.32,1024,1024,SYNTHETIC,TRAIN_ONLY,https://www.kaggle.com/datasets/tielemarvin/european-license-plate-dataset-elpd,CC BY 4.0,https://creativecommons.org/licenses/by/4.0/,AI/PlateDetector/datasets/provenance/elpd/elpd_provenance.csv
elpd,filename_prefix_01927_.png,2,license-plate,license_plate,856.25,540.41,966.46,575.48,1024,1024,SYNTHETIC,TRAIN_ONLY,https://www.kaggle.com/datasets/tielemarvin/european-license-plate-dataset-elpd,CC BY 4.0,https://creativecommons.org/licenses/by/4.0/,AI/PlateDetector/datasets/provenance/elpd/elpd_provenance.csv
elpd,filename_prefix_01928_.png,1,license-plate,license_plate,297.72,641.29,581.84,717.15,1024,1024,SYNTHETIC,TRAIN_ONLY,https://www.kaggle.com/datasets/tielemarvin/european-license-plate-dataset-elpd,CC BY 4.0,https://creativecommons.org/licenses/by/4.0/,AI/PlateDetector/datasets/provenance/elpd/elpd_provenance.csv
elpd,filename_prefix_01929_.png,1,license-plate,license_plate,1161.96,931.33,1331.66,970.09,1536,1536,SYNTHETIC,TRAIN_ONLY,https://www.kaggle.com/datasets/tielemarvin/european-license-plate-dataset-elpd,CC BY 4.0,https://creativecommons.org/licenses/by/4.0/,AI/PlateDetector/datasets/provenance/elpd/elpd_provenance.csv
elpd,filename_prefix_01929_.png,2,license-plate,license_plate,1136.89,608.83,1385.71,681.7,1536,1536,SYNTHETIC,TRAIN_ONLY,https://www.kaggle.com/datasets/tielemarvin/european-license-plate-dataset-elpd,CC BY 4.0,https://creativecommons.org/licenses/by/4.0/,AI/PlateDetector/datasets/provenance/elpd/elpd_provenance.csv
elpd,filename_prefix_01929_.png,3,license-plate,license_plate,157.85,1048.98,322.32,1091.4,1536,1536,SYNTHETIC,TRAIN_ONLY,https://www.kaggle.com/datasets/tielemarvin/european-license-plate-dataset-elpd,CC BY 4.0,https://creativecommons.org/licenses/by/4.0/,AI/PlateDetector/datasets/provenance/elpd/elpd_provenance.csv
elpd,filename_prefix_01930_.png,1,license-plate,license_plate,483.42,704.32,568.63,735.78,1024,1024,SYNTHETIC,TRAIN_ONLY,https://www.kaggle.com/datasets/tielemarvin/european-license-plate-dataset-elpd,CC BY 4.0,https://creativecommons.org/licenses/by/4.0/,AI/PlateDetector/datasets/provenance/elpd/elpd_provenance.csv
elpd,filename_prefix_01931_.png,1,license-plate,license_plate,811.8,1009.7,1026.4,1064.3,1536,1536,SYNTHETIC,TRAIN_ONLY,https://www.kaggle.com/datasets/tielemarvin/european-license-plate-dataset-elpd,CC BY 4.0,https://creativecommons.org/licenses/by/4.0/,AI/PlateDetector/datasets/provenance/elpd/elpd_provenance.csv
elpd,filename_prefix_01932_.png,1,license-plate,license_plate,421.41,650.57,522.01,676.07,1024,1024,SYNTHETIC,TRAIN_ONLY,https://www.kaggle.com/datasets/tielemarvin/european-license-plate-dataset-elpd,CC BY 4.0,https://creativecommons.org/licenses/by/4.0/,AI/PlateDetector/datasets/provenance/elpd/elpd_provenance.csv
elpd,filename_prefix_01933_.png,1,license-plate,license_plate,794.42,1091.77,1016.72,1187.5,1536,1536,SYNTHETIC,TRAIN_ONLY,https://www.kaggle.com/datasets/tielemarvin/european-license-plate-dataset-elpd,CC BY 4.0,https://creativecommons.org/licenses/by/4.0/,AI/PlateDetector/datasets/provenance/elpd/elpd_provenance.csv
elpd,filename_prefix_01933_.png,2,license-plate,license_plate,1270.65,815.4,1382.0,857.97,1536,1536,SYNTHETIC,TRAIN_ONLY,https://www.kaggle.com/datasets/tielemarvin/european-license-plate-dataset-elpd,CC BY 4.0,https://creativecommons.org/licenses/by/4.0/,AI/PlateDetector/datasets/provenance/elpd/elpd_provenance.csv
elpd,filename_prefix_01935_.png,1,license-plate,license_plate,0.0,1138.42,189.65,1229.41,1536,1536,SYNTHETIC,TRAIN_ONLY,https://www.kaggle.com/datasets/tielemarvin/european-license-plate-dataset-elpd,CC BY 4.0,https://creativecommons.org/licenses/by/4.0/,AI/PlateDetector/datasets/provenance/elpd/elpd_provenance.csv
elpd,filename_prefix_01935_.png,2,license-plate,license_plate,1103.48,970.89,1228.26,1027.4,1536,1536,SYNTHETIC,TRAIN_ONLY,https://www.kaggle.com/datasets/tielemarvin/european-license-plate-dataset-elpd,CC BY 4.0,https://creativecommons.org/licenses/by/4.0/,AI/PlateDetector/datasets/provenance/elpd/elpd_provenance.csv
elpd,filename_prefix_01936_.png,1,license-plate,license_plate,517.03,1000.98,748.3,1065.2,1536,1536,SYNTHETIC,TRAIN_ONLY,https://www.kaggle.com/datasets/tielemarvin/european-license-plate-dataset-elpd,CC BY 4.0,https://creativecommons.org/licenses/by/4.0/,AI/PlateDetector/datasets/provenance/elpd/elpd_provenance.csv
elpd,filename_prefix_01936_.png,2,license-plate,license_plate,515.73,1132.25,755.07,1206.08,1536,1536,SYNTHETIC,TRAIN_ONLY,https://www.kaggle.com/datasets/tielemarvin/european-license-plate-dataset-elpd,CC BY 4.0,https://creativecommons.org/licenses/by/4.0/,AI/PlateDetector/datasets/provenance/elpd/elpd_provenance.csv
elpd,filename_prefix_01937_.png,1,license-plate,license_plate,455.37,904.68,887.8,1025.65,1536,1536,SYNTHETIC,TRAIN_ONLY,https://www.kaggle.com/datasets/tielemarvin/european-license-plate-dataset-elpd,CC BY 4.0,https://creativecommons.org/licenses/by/4.0/,AI/PlateDetector/datasets/provenance/elpd/elpd_provenance.csv
elpd,filename_prefix_01938_.png,1,license-plate,license_plate,374.13,745.66,642.41,806.78,1024,1024,SYNTHETIC,TRAIN_ONLY,https://www.kaggle.com/datasets/tielemarvin/european-license-plate-dataset-elpd,CC BY 4.0,https://creativecommons.org/licenses/by/4.0/,AI/PlateDetector/datasets/provenance/elpd/elpd_provenance.csv
elpd,filename_prefix_01938_.png,2,license-plate,license_plate,388.2,608.8,635.08,665.2,1024,1024,SYNTHETIC,TRAIN_ONLY,https://www.kaggle.com/datasets/tielemarvin/european-license-plate-dataset-elpd,CC BY 4.0,https://creativecommons.org/licenses/by/4.0/,AI/PlateDetector/datasets/provenance/elpd/elpd_provenance.csv
elpd,filename_prefix_01939_.png,1,license-plate,license_plate,767.94,585.51,933.99,686.65,1024,1024,SYNTHETIC,TRAIN_ONLY,https://www.kaggle.com/datasets/tielemarvin/european-license-plate-dataset-elpd,CC BY 4.0,https://creativecommons.org/licenses/by/4.0/,AI/PlateDetector/datasets/provenance/elpd/elpd_provenance.csv
elpd,filename_prefix_01940_.png,1,license-plate,license_plate,956.68,977.16,1100.73,1023.31,1536,1536,SYNTHETIC,TRAIN_ONLY,https://www.kaggle.com/datasets/tielemarvin/european-license-plate-dataset-elpd,CC BY 4.0,https://creativecommons.org/licenses/by/4.0/,AI/PlateDetector/datasets/provenance/elpd/elpd_provenance.csv
elpd,filename_prefix_01941_.png,1,license-plate,license_plate,427.01,684.9,563.1,720.27,1024,1024,SYNTHETIC,TRAIN_ONLY,https://www.kaggle.com/datasets/tielemarvin/european-license-plate-dataset-elpd,CC BY 4.0,https://creativecommons.org/licenses/by/4.0/,AI/PlateDetector/datasets/provenance/elpd/elpd_provenance.csv
elpd,filename_prefix_01942_.png,1,license-plate,license_plate,624.91,975.73,872.54,1041.98,1536,1536,SYNTHETIC,TRAIN_ONLY,https://www.kaggle.com/datasets/tielemarvin/european-license-plate-dataset-elpd,CC BY 4.0,https://creativecommons.org/licenses/by/4.0/,AI/PlateDetector/datasets/provenance/elpd/elpd_provenance.csv
elpd,filename_prefix_01943_.png,1,license-plate,license_plate,221.5,579.3,348.7,626.7,1024,1024,SYNTHETIC,TRAIN_ONLY,https://www.kaggle.com/datasets/tielemarvin/european-license-plate-dataset-elpd,CC BY 4.0,https://creativecommons.org/licenses/by/4.0/,AI/PlateDetector/datasets/provenance/elpd/elpd_provenance.csv
elpd,filename_prefix_01944_.png,1,license-plate,license_plate,199.6,728.3,362.4,776.8,1024,1024,SYNTHETIC,TRAIN_ONLY,https://www.kaggle.com/datasets/tielemarvin/european-license-plate-dataset-elpd,CC BY 4.0,https://creativecommons.org/licenses/by/4.0/,AI/PlateDetector/datasets/provenance/elpd/elpd_provenance.csv
elpd,filename_prefix_01945_.png,1,license-plate,license_plate,1143.19,858.86,1240.22,882.77,1536,1536,SYNTHETIC,TRAIN_ONLY,https://www.kaggle.com/datasets/tielemarvin/european-license-plate-dataset-elpd,CC BY 4.0,https://creativecommons.org/licenses/by/4.0/,AI/PlateDetector/datasets/provenance/elpd/elpd_provenance.csv
elpd,filename_prefix_01946_.png,1,license-plate,license_plate,235.34,452.7,507.1,523.63,1024,1024,SYNTHETIC,TRAIN_ONLY,https://www.kaggle.com/datasets/tielemarvin/european-license-plate-dataset-elpd,CC BY 4.0,https://creativecommons.org/licenses/by/4.0/,AI/PlateDetector/datasets/provenance/elpd/elpd_provenance.csv
elpd,filename_prefix_01947_.png,1,license-plate,license_plate,462.02,1042.8,789.8,1122.44,1536,1536,SYNTHETIC,TRAIN_ONLY,https://www.kaggle.com/datasets/tielemarvin/european-license-plate-dataset-elpd,CC BY 4.0,https://creativecommons.org/licenses/by/4.0/,AI/PlateDetector/datasets/provenance/elpd/elpd_provenance.csv
elpd,filename_prefix_01948_.png,1,license-plate,license_plate,357.36,678.16,529.8,783.74,1024,1024,SYNTHETIC,TRAIN_ONLY,https://www.kaggle.com/datasets/tielemarvin/european-license-plate-dataset-elpd,CC BY 4.0,https://creativecommons.org/licenses/by/4.0/,AI/PlateDetector/datasets/provenance/elpd/elpd_provenance.csv
elpd,filename_prefix_01949_.png,1,license-plate,license_plate,288.02,899.4,443.8,984.09,1536,1536,SYNTHETIC,TRAIN_ONLY,https://www.kaggle.com/datasets/tielemarvin/european-license-plate-dataset-elpd,CC BY 4.0,https://creativecommons.org/licenses/by/4.0/,AI/PlateDetector/datasets/provenance/elpd/elpd_provenance.csv
elpd,filename_prefix_01950_.png,1,license-plate,license_plate,244.3,705.0,580.27,795.54,1024,1024,SYNTHETIC,TRAIN_ONLY,https://www.kaggle.com/datasets/tielemarvin/european-license-plate-dataset-elpd,CC BY 4.0,https://creativecommons.org/licenses/by/4.0/,AI/PlateDetector/datasets/provenance/elpd/elpd_provenance.csv
elpd,filename_prefix_01951_.png,1,license-plate,license_plate,573.74,1132.9,740.06,1179.96,1536,1536,SYNTHETIC,TRAIN_ONLY,https://www.kaggle.com/datasets/tielemarvin/european-license-plate-dataset-elpd,CC BY 4.0,https://creativecommons.org/licenses/by/4.0/,AI/PlateDetector/datasets/provenance/elpd/elpd_provenance.csv
elpd,filename_prefix_01952_.png,1,license-plate,license_plate,369.51,1053.19,594.35,1116.22,1536,1536,SYNTHETIC,TRAIN_ONLY,https://www.kaggle.com/datasets/tielemarvin/european-license-plate-dataset-elpd,CC BY 4.0,https://creativecommons.org/licenses/by/4.0/,AI/PlateDetector/datasets/provenance/elpd/elpd_provenance.csv
elpd,filename_prefix_01953_.png,1,license-plate,license_plate,849.02,1220.31,1162.46,1345.12,1536,1536,SYNTHETIC,TRAIN_ONLY,https://www.kaggle.com/datasets/tielemarvin/european-license-plate-dataset-elpd,CC BY 4.0,https://creativecommons.org/licenses/by/4.0/,AI/PlateDetector/datasets/provenance/elpd/elpd_provenance.csv
elpd,filename_prefix_01954_.png,1,license-plate,license_plate,371.2,536.47,597.97,595.12,1024,1024,SYNTHETIC,TRAIN_ONLY,https://www.kaggle.com/datasets/tielemarvin/european-license-plate-dataset-elpd,CC BY 4.0,https://creativecommons.org/licenses/by/4.0/,AI/PlateDetector/datasets/provenance/elpd/elpd_provenance.csv
elpd,filename_prefix_01955_.png,1,license-plate,license_plate,366.47,706.32,453.01,727.63,1024,1024,SYNTHETIC,TRAIN_ONLY,https://www.kaggle.com/datasets/tielemarvin/european-license-plate-dataset-elpd,CC BY 4.0,https://creativecommons.org/licenses/by/4.0/,AI/PlateDetector/datasets/provenance/elpd/elpd_provenance.csv
elpd,filename_prefix_01956_.png,1,license-plate,license_plate,710.01,836.02,886.97,880.87,1536,1536,SYNTHETIC,TRAIN_ONLY,https://www.kaggle.com/datasets/tielemarvin/european-license-plate-dataset-elpd,CC BY 4.0,https://creativecommons.org/licenses/by/4.0/,AI/PlateDetector/datasets/provenance/elpd/elpd_provenance.csv
elpd,filename_prefix_01956_.png,2,license-plate,license_plate,149.47,942.61,379.02,1004.69,1536,1536,SYNTHETIC,TRAIN_ONLY,https://www.kaggle.com/datasets/tielemarvin/european-license-plate-dataset-elpd,CC BY 4.0,https://creativecommons.org/licenses/by/4.0/,AI/PlateDetector/datasets/provenance/elpd/elpd_provenance.csv
elpd,filename_prefix_01956_.png,3,license-plate,license_plate,1399.1,1074.6,1535.68,1128.26,1536,1536,SYNTHETIC,TRAIN_ONLY,https://www.kaggle.com/datasets/tielemarvin/european-license-plate-dataset-elpd,CC BY 4.0,https://creativecommons.org/licenses/by/4.0/,AI/PlateDetector/datasets/provenance/elpd/elpd_provenance.csv
elpd,filename_prefix_01957_.png,1,license-plate,license_plate,337.07,536.58,474.65,578.1,1024,1024,SYNTHETIC,TRAIN_ONLY,https://www.kaggle.com/datasets/tielemarvin/european-license-plate-dataset-elpd,CC BY 4.0,https://creativecommons.org/licenses/by/4.0/,AI/PlateDetector/datasets/provenance/elpd/elpd_provenance.csv
elpd,filename_prefix_01957_.png,2,license-plate,license_plate,894.03,477.76,971.63,496.18,1024,1024,SYNTHETIC,TRAIN_ONLY,https://www.kaggle.com/datasets/tielemarvin/european-license-plate-dataset-elpd,CC BY 4.0,https://creativecommons.org/licenses/by/4.0/,AI/PlateDetector/datasets/provenance/elpd/elpd_provenance.csv
elpd,filename_prefix_01958_.png,1,license-plate,license_plate,261.87,911.13,474.15,1007.2,1536,1536,SYNTHETIC,TRAIN_ONLY,https://www.kaggle.com/datasets/tielemarvin/european-license-plate-dataset-elpd,CC BY 4.0,https://creativecommons.org/licenses/by/4.0/,AI/PlateDetector/datasets/provenance/elpd/elpd_provenance.csv
elpd,filename_prefix_01958_.png,2,license-plate,license_plate,1231.86,674.97,1326.29,700.01,1536,1536,SYNTHETIC,TRAIN_ONLY,https://www.kaggle.com/datasets/tielemarvin/european-license-plate-dataset-elpd,CC BY 4.0,https://creativecommons.org/licenses/by/4.0/,AI/PlateDetector/datasets/provenance/elpd/elpd_provenance.csv
elpd,filename_prefix_01959_.png,1,license-plate,license_plate,390.47,731.87,670.93,800.44,1024,1024,SYNTHETIC,TRAIN_ONLY,https://www.kaggle.com/datasets/tielemarvin/european-license-plate-dataset-elpd,CC BY 4.0,https://creativecommons.org/licenses/by/4.0/,AI/PlateDetector/datasets/provenance/elpd/elpd_provenance.csv
elpd,filename_prefix_01960_.png,1,license-plate,license_plate,491.46,664.71,676.89,746.87,1024,1024,SYNTHETIC,TRAIN_ONLY,https://www.kaggle.com/datasets/tielemarvin/european-license-plate-dataset-elpd,CC BY 4.0,https://creativecommons.org/licenses/by/4.0/,AI/PlateDetector/datasets/provenance/elpd/elpd_provenance.csv
elpd,filename_prefix_01961_.png,1,license-plate,license_plate,0.0,994.66,342.57,1155.32,1536,1536,SYNTHETIC,TRAIN_ONLY,https://www.kaggle.com/datasets/tielemarvin/european-license-plate-dataset-elpd,CC BY 4.0,https://creativecommons.org/licenses/by/4.0/,AI/PlateDetector/datasets/provenance/elpd/elpd_provenance.csv
elpd,filename_prefix_01961_.png,2,license-plate,license_plate,1430.27,649.8,1521.9,672.7,1536,1536,SYNTHETIC,TRAIN_ONLY,https://www.kaggle.com/datasets/tielemarvin/european-license-plate-dataset-elpd,CC BY 4.0,https://creativecommons.org/licenses/by/4.0/,AI/PlateDetector/datasets/provenance/elpd/elpd_provenance.csv
elpd,filename_prefix_01962_.png,1,license-plate,license_plate,434.34,638.29,708.3,709.4,1024,1024,SYNTHETIC,TRAIN_ONLY,https://www.kaggle.com/datasets/tielemarvin/european-license-plate-dataset-elpd,CC BY 4.0,https://creativecommons.org/licenses/by/4.0/,AI/PlateDetector/datasets/provenance/elpd/elpd_provenance.csv
elpd,filename_prefix_01963_.png,1,license-plate,license_plate,134.3,940.07,347.18,990.82,1536,1536,SYNTHETIC,TRAIN_ONLY,https://www.kaggle.com/datasets/tielemarvin/european-license-plate-dataset-elpd,CC BY 4.0,https://creativecommons.org/licenses/by/4.0/,AI/PlateDetector/datasets/provenance/elpd/elpd_provenance.csv
elpd,filename_prefix_01963_.png,2,license-plate,license_plate,911.44,958.94,1292.63,1053.61,1536,1536,SYNTHETIC,TRAIN_ONLY,https://www.kaggle.com/datasets/tielemarvin/european-license-plate-dataset-elpd,CC BY 4.0,https://creativecommons.org/licenses/by/4.0/,AI/PlateDetector/datasets/provenance/elpd/elpd_provenance.csv
elpd,filename_prefix_01964_.png,1,license-plate,license_plate,176.66,667.93,251.54,686.82,1024,1024,SYNTHETIC,TRAIN_ONLY,https://www.kaggle.com/datasets/tielemarvin/european-license-plate-dataset-elpd,CC BY 4.0,https://creativecommons.org/licenses/by/4.0/,AI/PlateDetector/datasets/provenance/elpd/elpd_provenance.csv
elpd,filename_prefix_01964_.png,2,license-plate,license_plate,658.33,706.67,788.34,738.66,1024,1024,SYNTHETIC,TRAIN_ONLY,https://www.kaggle.com/datasets/tielemarvin/european-license-plate-dataset-elpd,CC BY 4.0,https://creativecommons.org/licenses/by/4.0/,AI/PlateDetector/datasets/provenance/elpd/elpd_provenance.csv
elpd,filename_prefix_01965_.png,1,license-plate,license_plate,502.05,973.84,641.35,1010.89,1536,1536,SYNTHETIC,TRAIN_ONLY,https://www.kaggle.com/datasets/tielemarvin/european-license-plate-dataset-elpd,CC BY 4.0,https://creativecommons.org/licenses/by/4.0/,AI/PlateDetector/datasets/provenance/elpd/elpd_provenance.csv
elpd,filename_prefix_01965_.png,2,license-plate,license_plate,1329.21,1140.31,1536.0,1214.88,1536,1536,SYNTHETIC,TRAIN_ONLY,https://www.kaggle.com/datasets/tielemarvin/european-license-plate-dataset-elpd,CC BY 4.0,https://creativecommons.org/licenses/by/4.0/,AI/PlateDetector/datasets/provenance/elpd/elpd_provenance.csv
elpd,filename_prefix_01966_.png,1,license-plate,license_plate,750.4,423.28,825.01,442.93,1024,1024,SYNTHETIC,TRAIN_ONLY,https://www.kaggle.com/datasets/tielemarvin/european-license-plate-dataset-elpd,CC BY 4.0,https://creativecommons.org/licenses/by/4.0/,AI/PlateDetector/datasets/provenance/elpd/elpd_provenance.csv
elpd,filename_prefix_01966_.png,2,license-plate,license_plate,92.05,549.69,320.07,607.98,1024,1024,SYNTHETIC,TRAIN_ONLY,https://www.kaggle.com/datasets/tielemarvin/european-license-plate-dataset-elpd,CC BY 4.0,https://creativecommons.org/licenses/by/4.0/,AI/PlateDetector/datasets/provenance/elpd/elpd_provenance.csv
elpd,filename_prefix_01967_.png,1,license-plate,license_plate,1390.57,603.31,1459.43,625.05,1536,1536,SYNTHETIC,TRAIN_ONLY,https://www.kaggle.com/datasets/tielemarvin/european-license-plate-dataset-elpd,CC BY 4.0,https://creativecommons.org/licenses/by/4.0/,AI/PlateDetector/datasets/provenance/elpd/elpd_provenance.csv
elpd,filename_prefix_01967_.png,2,license-plate,license_plate,951.36,1004.09,1283.9,1133.58,1536,1536,SYNTHETIC,TRAIN_ONLY,https://www.kaggle.com/datasets/tielemarvin/european-license-plate-dataset-elpd,CC BY 4.0,https://creativecommons.org/licenses/by/4.0/,AI/PlateDetector/datasets/provenance/elpd/elpd_provenance.csv
elpd,filename_prefix_01968_.png,1,license-plate,license_plate,828.91,1129.54,1141.77,1294.25,1536,1536,SYNTHETIC,TRAIN_ONLY,https://www.kaggle.com/datasets/tielemarvin/european-license-plate-dataset-elpd,CC BY 4.0,https://creativecommons.org/licenses/by/4.0/,AI/PlateDetector/datasets/provenance/elpd/elpd_provenance.csv
elpd,filename_prefix_01969_.png,1,license-plate,license_plate,935.7,578.7,1018.6,606.1,1024,1024,SYNTHETIC,TRAIN_ONLY,https://www.kaggle.com/datasets/tielemarvin/european-license-plate-dataset-elpd,CC BY 4.0,https://creativecommons.org/licenses/by/4.0/,AI/PlateDetector/datasets/provenance/elpd/elpd_provenance.csv
elpd,filename_prefix_01969_.png,2,license-plate,license_plate,88.95,628.67,202.1,665.5,1024,1024,SYNTHETIC,TRAIN_ONLY,https://www.kaggle.com/datasets/tielemarvin/european-license-plate-dataset-elpd,CC BY 4.0,https://creativecommons.org/licenses/by/4.0/,AI/PlateDetector/datasets/provenance/elpd/elpd_provenance.csv
elpd,filename_prefix_01970_.png,1,license-plate,license_plate,697.97,824.98,1016.0,912.1,1536,1536,SYNTHETIC,TRAIN_ONLY,https://www.kaggle.com/datasets/tielemarvin/european-license-plate-dataset-elpd,CC BY 4.0,https://creativecommons.org/licenses/by/4.0/,AI/PlateDetector/datasets/provenance/elpd/elpd_provenance.csv
elpd,filename_prefix_01971_.png,1,license-plate,license_plate,927.67,545.5,1024.0,567.35,1024,1024,SYNTHETIC,TRAIN_ONLY,https://www.kaggle.com/datasets/tielemarvin/european-license-plate-dataset-elpd,CC BY 4.0,https://creativecommons.org/licenses/by/4.0/,AI/PlateDetector/datasets/provenance/elpd/elpd_provenance.csv
elpd,filename_prefix_01971_.png,2,license-plate,license_plate,193.8,615.51,324.45,654.7,1024,1024,SYNTHETIC,TRAIN_ONLY,https://www.kaggle.com/datasets/tielemarvin/european-license-plate-dataset-elpd,CC BY 4.0,https://creativecommons.org/licenses/by/4.0/,AI/PlateDetector/datasets/provenance/elpd/elpd_provenance.csv
elpd,filename_prefix_01972_.png,1,license-plate,license_plate,385.73,626.17,651.8,690.1,1024,1024,SYNTHETIC,TRAIN_ONLY,https://www.kaggle.com/datasets/tielemarvin/european-license-plate-dataset-elpd,CC BY 4.0,https://creativecommons.org/licenses/by/4.0/,AI/PlateDetector/datasets/provenance/elpd/elpd_provenance.csv
elpd,filename_prefix_01973_.png,1,license-plate,license_plate,336.1,860.0,585.78,944.94,1536,1536,SYNTHETIC,TRAIN_ONLY,https://www.kaggle.com/datasets/tielemarvin/european-license-plate-dataset-elpd,CC BY 4.0,https://creativecommons.org/licenses/by/4.0/,AI/PlateDetector/datasets/provenance/elpd/elpd_provenance.csv
elpd,filename_prefix_01973_.png,2,license-plate,license_plate,1172.3,509.15,1259.24,535.3,1536,1536,SYNTHETIC,TRAIN_ONLY,https://www.kaggle.com/datasets/tielemarvin/european-license-plate-dataset-elpd,CC BY 4.0,https://creativecommons.org/licenses/by/4.0/,AI/PlateDetector/datasets/provenance/elpd/elpd_provenance.csv
elpd,filename_prefix_01974_.png,1,license-plate,license_plate,811.76,981.58,944.71,1035.92,1536,1536,SYNTHETIC,TRAIN_ONLY,https://www.kaggle.com/datasets/tielemarvin/european-license-plate-dataset-elpd,CC BY 4.0,https://creativecommons.org/licenses/by/4.0/,AI/PlateDetector/datasets/provenance/elpd/elpd_provenance.csv
elpd,filename_prefix_01974_.png,2,license-plate,license_plate,1056.48,849.08,1114.28,870.74,1536,1536,SYNTHETIC,TRAIN_ONLY,https://www.kaggle.com/datasets/tielemarvin/european-license-plate-dataset-elpd,CC BY 4.0,https://creativecommons.org/licenses/by/4.0/,AI/PlateDetector/datasets/provenance/elpd/elpd_provenance.csv
elpd,filename_prefix_01975_.png,1,license-plate,license_plate,17.21,600.97,113.35,625.73,1024,1024,SYNTHETIC,TRAIN_ONLY,https://www.kaggle.com/datasets/tielemarvin/european-license-plate-dataset-elpd,CC BY 4.0,https://creativecommons.org/licenses/by/4.0/,AI/PlateDetector/datasets/provenance/elpd/elpd_provenance.csv
elpd,filename_prefix_01975_.png,2,license-plate,license_plate,879.96,710.88,1024.0,775.68,1024,1024,SYNTHETIC,TRAIN_ONLY,https://www.kaggle.com/datasets/tielemarvin/european-license-plate-dataset-elpd,CC BY 4.0,https://creativecommons.org/licenses/by/4.0/,AI/PlateDetector/datasets/provenance/elpd/elpd_provenance.csv
elpd,filename_prefix_01976_.png,1,license-plate,license_plate,363.82,659.26,503.62,708.27,1024,1024,SYNTHETIC,TRAIN_ONLY,https://www.kaggle.com/datasets/tielemarvin/european-license-plate-dataset-elpd,CC BY 4.0,https://creativecommons.org/licenses/by/4.0/,AI/PlateDetector/datasets/provenance/elpd/elpd_provenance.csv
elpd,filename_prefix_01976_.png,2,license-plate,license_plate,803.27,625.23,866.58,647.08,1024,1024,SYNTHETIC,TRAIN_ONLY,https://www.kaggle.com/datasets/tielemarvin/european-license-plate-dataset-elpd,CC BY 4.0,https://creativecommons.org/licenses/by/4.0/,AI/PlateDetector/datasets/provenance/elpd/elpd_provenance.csv
elpd,filename_prefix_01977_.png,1,license-plate,license_plate,1131.03,700.44,1246.94,735.96,1536,1536,SYNTHETIC,TRAIN_ONLY,https://www.kaggle.com/datasets/tielemarvin/european-license-plate-dataset-elpd,CC BY 4.0,https://creativecommons.org/licenses/by/4.0/,AI/PlateDetector/datasets/provenance/elpd/elpd_provenance.csv
elpd,filename_prefix_01977_.png,2,license-plate,license_plate,649.38,1004.18,943.43,1102.53,1536,1536,SYNTHETIC,TRAIN_ONLY,https://www.kaggle.com/datasets/tielemarvin/european-license-plate-dataset-elpd,CC BY 4.0,https://creativecommons.org/licenses/by/4.0/,AI/PlateDetector/datasets/provenance/elpd/elpd_provenance.csv
elpd,filename_prefix_01978_.png,1,license-plate,license_plate,493.1,575.93,699.07,629.11,1024,1024,SYNTHETIC,TRAIN_ONLY,https://www.kaggle.com/datasets/tielemarvin/european-license-plate-dataset-elpd,CC BY 4.0,https://creativecommons.org/licenses/by/4.0/,AI/PlateDetector/datasets/provenance/elpd/elpd_provenance.csv
elpd,filename_prefix_01979_.png,1,license-plate,license_plate,1400.8,960.64,1535.95,1008.57,1536,1536,SYNTHETIC,TRAIN_ONLY,https://www.kaggle.com/datasets/tielemarvin/european-license-plate-dataset-elpd,CC BY 4.0,https://creativecommons.org/licenses/by/4.0/,AI/PlateDetector/datasets/provenance/elpd/elpd_provenance.csv
elpd,filename_prefix_01979_.png,2,license-plate,license_plate,664.25,831.91,743.43,854.96,1536,1536,SYNTHETIC,TRAIN_ONLY,https://www.kaggle.com/datasets/tielemarvin/european-license-plate-dataset-elpd,CC BY 4.0,https://creativecommons.org/licenses/by/4.0/,AI/PlateDetector/datasets/provenance/elpd/elpd_provenance.csv
elpd,filename_prefix_01980_.png,1,license-plate,license_plate,150.82,752.19,320.34,790.39,1024,1024,SYNTHETIC,TRAIN_ONLY,https://www.kaggle.com/datasets/tielemarvin/european-license-plate-dataset-elpd,CC BY 4.0,https://creativecommons.org/licenses/by/4.0/,AI/PlateDetector/datasets/provenance/elpd/elpd_provenance.csv
elpd,filename_prefix_01981_.png,1,license-plate,license_plate,393.55,1175.5,698.44,1266.89,1536,1536,SYNTHETIC,TRAIN_ONLY,https://www.kaggle.com/datasets/tielemarvin/european-license-plate-dataset-elpd,CC BY 4.0,https://creativecommons.org/licenses/by/4.0/,AI/PlateDetector/datasets/provenance/elpd/elpd_provenance.csv
elpd,filename_prefix_01982_.png,1,license-plate,license_plate,428.07,659.79,605.7,703.83,1024,1024,SYNTHETIC,TRAIN_ONLY,https://www.kaggle.com/datasets/tielemarvin/european-license-plate-dataset-elpd,CC BY 4.0,https://creativecommons.org/licenses/by/4.0/,AI/PlateDetector/datasets/provenance/elpd/elpd_provenance.csv
elpd,filename_prefix_01983_.png,1,license-plate,license_plate,395.7,824.29,584.0,897.23,1536,1536,SYNTHETIC,TRAIN_ONLY,https://www.kaggle.com/datasets/tielemarvin/european-license-plate-dataset-elpd,CC BY 4.0,https://creativecommons.org/licenses/by/4.0/,AI/PlateDetector/datasets/provenance/elpd/elpd_provenance.csv
elpd,filename_prefix_01984_.png,1,license-plate,license_plate,613.89,938.52,813.19,991.36,1536,1536,SYNTHETIC,TRAIN_ONLY,https://www.kaggle.com/datasets/tielemarvin/european-license-plate-dataset-elpd,CC BY 4.0,https://creativecommons.org/licenses/by/4.0/,AI/PlateDetector/datasets/provenance/elpd/elpd_provenance.csv
elpd,filename_prefix_01984_.png,2,license-plate,license_plate,1200.0,732.3,1317.94,762.6,1536,1536,SYNTHETIC,TRAIN_ONLY,https://www.kaggle.com/datasets/tielemarvin/european-license-plate-dataset-elpd,CC BY 4.0,https://creativecommons.org/licenses/by/4.0/,AI/PlateDetector/datasets/provenance/elpd/elpd_provenance.csv
elpd,filename_prefix_01985_.png,1,license-plate,license_plate,290.52,687.18,384.4,713.1,1024,1024,SYNTHETIC,TRAIN_ONLY,https://www.kaggle.com/datasets/tielemarvin/european-license-plate-dataset-elpd,CC BY 4.0,https://creativecommons.org/licenses/by/4.0/,AI/PlateDetector/datasets/provenance/elpd/elpd_provenance.csv
elpd,filename_prefix_01986_.png,1,license-plate,license_plate,584.61,976.86,980.4,1076.3,1536,1536,SYNTHETIC,TRAIN_ONLY,https://www.kaggle.com/datasets/tielemarvin/european-license-plate-dataset-elpd,CC BY 4.0,https://creativecommons.org/licenses/by/4.0/,AI/PlateDetector/datasets/provenance/elpd/elpd_provenance.csv
elpd,filename_prefix_01987_.png,1,license-plate,license_plate,311.98,763.71,479.11,811.52,1024,1024,SYNTHETIC,TRAIN_ONLY,https://www.kaggle.com/datasets/tielemarvin/european-license-plate-dataset-elpd,CC BY 4.0,https://creativecommons.org/licenses/by/4.0/,AI/PlateDetector/datasets/provenance/elpd/elpd_provenance.csv
elpd,filename_prefix_01987_.png,2,license-plate,license_plate,311.81,659.31,477.93,704.25,1024,1024,SYNTHETIC,TRAIN_ONLY,https://www.kaggle.com/datasets/tielemarvin/european-license-plate-dataset-elpd,CC BY 4.0,https://creativecommons.org/licenses/by/4.0/,AI/PlateDetector/datasets/provenance/elpd/elpd_provenance.csv
elpd,filename_prefix_01988_.png,1,license-plate,license_plate,535.35,603.13,661.74,647.04,1024,1024,SYNTHETIC,TRAIN_ONLY,https://www.kaggle.com/datasets/tielemarvin/european-license-plate-dataset-elpd,CC BY 4.0,https://creativecommons.org/licenses/by/4.0/,AI/PlateDetector/datasets/provenance/elpd/elpd_provenance.csv
elpd,filename_prefix_01989_.png,1,license-plate,license_plate,464.46,843.28,827.07,931.92,1536,1536,SYNTHETIC,TRAIN_ONLY,https://www.kaggle.com/datasets/tielemarvin/european-license-plate-dataset-elpd,CC BY 4.0,https://creativecommons.org/licenses/by/4.0/,AI/PlateDetector/datasets/provenance/elpd/elpd_provenance.csv
elpd,filename_prefix_01990_.png,1,license-plate,license_plate,175.86,979.97,432.51,1047.6,1536,1536,SYNTHETIC,TRAIN_ONLY,https://www.kaggle.com/datasets/tielemarvin/european-license-plate-dataset-elpd,CC BY 4.0,https://creativecommons.org/licenses/by/4.0/,AI/PlateDetector/datasets/provenance/elpd/elpd_provenance.csv
elpd,filename_prefix_01990_.png,2,license-plate,license_plate,1391.58,868.81,1536.0,912.8,1536,1536,SYNTHETIC,TRAIN_ONLY,https://www.kaggle.com/datasets/tielemarvin/european-license-plate-dataset-elpd,CC BY 4.0,https://creativecommons.org/licenses/by/4.0/,AI/PlateDetector/datasets/provenance/elpd/elpd_provenance.csv
elpd,filename_prefix_01991_.png,1,license-plate,license_plate,677.16,536.24,789.98,569.13,1024,1024,SYNTHETIC,TRAIN_ONLY,https://www.kaggle.com/datasets/tielemarvin/european-license-plate-dataset-elpd,CC BY 4.0,https://creativecommons.org/licenses/by/4.0/,AI/PlateDetector/datasets/provenance/elpd/elpd_provenance.csv
elpd,filename_prefix_01992_.png,1,license-plate,license_plate,413.4,635.9,615.3,721.94,1024,1024,SYNTHETIC,TRAIN_ONLY,https://www.kaggle.com/datasets/tielemarvin/european-license-plate-dataset-elpd,CC BY 4.0,https://creativecommons.org/licenses/by/4.0/,AI/PlateDetector/datasets/provenance/elpd/elpd_provenance.csv
elpd,filename_prefix_01993_.png,1,license-plate,license_plate,677.28,862.08,885.9,914.0,1536,1536,SYNTHETIC,TRAIN_ONLY,https://www.kaggle.com/datasets/tielemarvin/european-license-plate-dataset-elpd,CC BY 4.0,https://creativecommons.org/licenses/by/4.0/,AI/PlateDetector/datasets/provenance/elpd/elpd_provenance.csv
elpd,filename_prefix_01994_.png,1,license-plate,license_plate,188.84,573.78,358.36,620.94,1024,1024,SYNTHETIC,TRAIN_ONLY,https://www.kaggle.com/datasets/tielemarvin/european-license-plate-dataset-elpd,CC BY 4.0,https://creativecommons.org/licenses/by/4.0/,AI/PlateDetector/datasets/provenance/elpd/elpd_provenance.csv
elpd,filename_prefix_01995_.png,1,license-plate,license_plate,575.15,858.74,700.37,892.9,1536,1536,SYNTHETIC,TRAIN_ONLY,https://www.kaggle.com/datasets/tielemarvin/european-license-plate-dataset-elpd,CC BY 4.0,https://creativecommons.org/licenses/by/4.0/,AI/PlateDetector/datasets/provenance/elpd/elpd_provenance.csv
elpd,filename_prefix_01996_.png,1,license-plate,license_plate,594.11,804.74,777.4,857.4,1024,1024,SYNTHETIC,TRAIN_ONLY,https://www.kaggle.com/datasets/tielemarvin/european-license-plate-dataset-elpd,CC BY 4.0,https://creativecommons.org/licenses/by/4.0/,AI/PlateDetector/datasets/provenance/elpd/elpd_provenance.csv
elpd,filename_prefix_01997_.png,1,license-plate,license_plate,670.95,1227.45,868.81,1279.35,1536,1536,SYNTHETIC,TRAIN_ONLY,https://www.kaggle.com/datasets/tielemarvin/european-license-plate-dataset-elpd,CC BY 4.0,https://creativecommons.org/licenses/by/4.0/,AI/PlateDetector/datasets/provenance/elpd/elpd_provenance.csv
elpd,filename_prefix_01998_.png,1,license-plate,license_plate,665.41,760.38,800.5,794.75,1024,1024,SYNTHETIC,TRAIN_ONLY,https://www.kaggle.com/datasets/tielemarvin/european-license-plate-dataset-elpd,CC BY 4.0,https://creativecommons.org/licenses/by/4.0/,AI/PlateDetector/datasets/provenance/elpd/elpd_provenance.csv
elpd,filename_prefix_01999_.png,1,license-plate,license_plate,603.03,1052.5,848.1,1114.94,1536,1536,SYNTHETIC,TRAIN_ONLY,https://www.kaggle.com/datasets/tielemarvin/european-license-plate-dataset-elpd,CC BY 4.0,https://creativecommons.org/licenses/by/4.0/,AI/PlateDetector/datasets/provenance/elpd/elpd_provenance.csv
elpd,filename_prefix_02000_.png,1,license-plate,license_plate,666.58,752.08,836.55,796.62,1536,1536,SYNTHETIC,TRAIN_ONLY,https://www.kaggle.com/datasets/tielemarvin/european-license-plate-dataset-elpd,CC BY 4.0,https://creativecommons.org/licenses/by/4.0/,AI/PlateDetector/datasets/provenance/elpd/elpd_provenance.csv
elpd,filename_prefix_02001_.png,1,license-plate,license_plate,705.15,530.47,866.23,578.25,1024,1024,SYNTHETIC,TRAIN_ONLY,https://www.kaggle.com/datasets/tielemarvin/european-license-plate-dataset-elpd,CC BY 4.0,https://creativecommons.org/licenses/by/4.0/,AI/PlateDetector/datasets/provenance/elpd/elpd_provenance.csv
elpd,filename_prefix_02002_.png,1,license-plate,license_plate,1021.2,77.79,1127.64,106.18,1536,1536,SYNTHETIC,TRAIN_ONLY,https://www.kaggle.com/datasets/tielemarvin/european-license-plate-dataset-elpd,CC BY 4.0,https://creativecommons.org/licenses/by/4.0/,AI/PlateDetector/datasets/provenance/elpd/elpd_provenance.csv
elpd,filename_prefix_02002_.png,2,license-plate,license_plate,473.79,829.53,890.24,965.35,1536,1536,SYNTHETIC,TRAIN_ONLY,https://www.kaggle.com/datasets/tielemarvin/european-license-plate-dataset-elpd,CC BY 4.0,https://creativecommons.org/licenses/by/4.0/,AI/PlateDetector/datasets/provenance/elpd/elpd_provenance.csv
elpd,filename_prefix_02003_.png,1,license-plate,license_plate,489.31,644.47,594.09,667.24,1024,1024,SYNTHETIC,TRAIN_ONLY,https://www.kaggle.com/datasets/tielemarvin/european-license-plate-dataset-elpd,CC BY 4.0,https://creativecommons.org/licenses/by/4.0/,AI/PlateDetector/datasets/provenance/elpd/elpd_provenance.csv
elpd,filename_prefix_02004_.png,1,license-plate,license_plate,774.32,593.6,855.49,612.95,1024,1024,SYNTHETIC,TRAIN_ONLY,https://www.kaggle.com/datasets/tielemarvin/european-license-plate-dataset-elpd,CC BY 4.0,https://creativecommons.org/licenses/by/4.0/,AI/PlateDetector/datasets/provenance/elpd/elpd_provenance.csv
elpd,filename_prefix_02004_.png,2,license-plate,license_plate,113.67,648.12,266.27,690.54,1024,1024,SYNTHETIC,TRAIN_ONLY,https://www.kaggle.com/datasets/tielemarvin/european-license-plate-dataset-elpd,CC BY 4.0,https://creativecommons.org/licenses/by/4.0/,AI/PlateDetector/datasets/provenance/elpd/elpd_provenance.csv
elpd,filename_prefix_02005_.png,1,license-plate,license_plate,84.73,1164.9,322.98,1236.9,1536,1536,SYNTHETIC,TRAIN_ONLY,https://www.kaggle.com/datasets/tielemarvin/european-license-plate-dataset-elpd,CC BY 4.0,https://creativecommons.org/licenses/by/4.0/,AI/PlateDetector/datasets/provenance/elpd/elpd_provenance.csv
elpd,filename_prefix_02005_.png,2,license-plate,license_plate,1449.05,898.14,1528.88,921.2,1536,1536,SYNTHETIC,TRAIN_ONLY,https://www.kaggle.com/datasets/tielemarvin/european-license-plate-dataset-elpd,CC BY 4.0,https://creativecommons.org/licenses/by/4.0/,AI/PlateDetector/datasets/provenance/elpd/elpd_provenance.csv
elpd,filename_prefix_02006_.png,1,license-plate,license_plate,984.61,822.84,1055.24,845.41,1536,1536,SYNTHETIC,TRAIN_ONLY,https://www.kaggle.com/datasets/tielemarvin/european-license-plate-dataset-elpd,CC BY 4.0,https://creativecommons.org/licenses/by/4.0/,AI/PlateDetector/datasets/provenance/elpd/elpd_provenance.csv
elpd,filename_prefix_02006_.png,2,license-plate,license_plate,113.03,898.85,318.09,970.04,1536,1536,SYNTHETIC,TRAIN_ONLY,https://www.kaggle.com/datasets/tielemarvin/european-license-plate-dataset-elpd,CC BY 4.0,https://creativecommons.org/licenses/by/4.0/,AI/PlateDetector/datasets/provenance/elpd/elpd_provenance.csv
elpd,filename_prefix_02007_.png,1,license-plate,license_plate,506.25,569.63,542.14,577.43,1024,1024,SYNTHETIC,TRAIN_ONLY,https://www.kaggle.com/datasets/tielemarvin/european-license-plate-dataset-elpd,CC BY 4.0,https://creativecommons.org/licenses/by/4.0/,AI/PlateDetector/datasets/provenance/elpd/elpd_provenance.csv
elpd,filename_prefix_02008_.png,1,license-plate,license_plate,154.8,779.57,349.11,833.41,1024,1024,SYNTHETIC,TRAIN_ONLY,https://www.kaggle.com/datasets/tielemarvin/european-license-plate-dataset-elpd,CC BY 4.0,https://creativecommons.org/licenses/by/4.0/,AI/PlateDetector/datasets/provenance/elpd/elpd_provenance.csv
elpd,filename_prefix_02009_.png,1,license-plate,license_plate,686.69,1087.95,835.94,1133.47,1536,1536,SYNTHETIC,TRAIN_ONLY,https://www.kaggle.com/datasets/tielemarvin/european-license-plate-dataset-elpd,CC BY 4.0,https://creativecommons.org/licenses/by/4.0/,AI/PlateDetector/datasets/provenance/elpd/elpd_provenance.csv
elpd,filename_prefix_02009_.png,2,license-plate,license_plate,1280.02,1026.15,1382.04,1052.8,1536,1536,SYNTHETIC,TRAIN_ONLY,https://www.kaggle.com/datasets/tielemarvin/european-license-plate-dataset-elpd,CC BY 4.0,https://creativecommons.org/licenses/by/4.0/,AI/PlateDetector/datasets/provenance/elpd/elpd_provenance.csv
elpd,filename_prefix_02010_.png,1,license-plate,license_plate,364.04,769.86,547.09,817.06,1024,1024,SYNTHETIC,TRAIN_ONLY,https://www.kaggle.com/datasets/tielemarvin/european-license-plate-dataset-elpd,CC BY 4.0,https://creativecommons.org/licenses/by/4.0/,AI/PlateDetector/datasets/provenance/elpd/elpd_provenance.csv
elpd,filename_prefix_02010_.png,2,license-plate,license_plate,821.12,615.88,872.37,630.57,1024,1024,SYNTHETIC,TRAIN_ONLY,https://www.kaggle.com/datasets/tielemarvin/european-license-plate-dataset-elpd,CC BY 4.0,https://creativecommons.org/licenses/by/4.0/,AI/PlateDetector/datasets/provenance/elpd/elpd_provenance.csv
elpd,filename_prefix_02011_.png,1,license-plate,license_plate,581.35,968.27,817.7,1036.83,1536,1536,SYNTHETIC,TRAIN_ONLY,https://www.kaggle.com/datasets/tielemarvin/european-license-plate-dataset-elpd,CC BY 4.0,https://creativecommons.org/licenses/by/4.0/,AI/PlateDetector/datasets/provenance/elpd/elpd_provenance.csv
elpd,filename_prefix_02012_.png,1,license-plate,license_plate,645.86,618.6,778.72,656.44,1024,1024,SYNTHETIC,TRAIN_ONLY,https://www.kaggle.com/datasets/tielemarvin/european-license-plate-dataset-elpd,CC BY 4.0,https://creativecommons.org/licenses/by/4.0/,AI/PlateDetector/datasets/provenance/elpd/elpd_provenance.csv
elpd,filename_prefix_02013_.png,1,license-plate,license_plate,990.5,965.39,1198.7,1027.02,1536,1536,SYNTHETIC,TRAIN_ONLY,https://www.kaggle.com/datasets/tielemarvin/european-license-plate-dataset-elpd,CC BY 4.0,https://creativecommons.org/licenses/by/4.0/,AI/PlateDetector/datasets/provenance/elpd/elpd_provenance.csv
elpd,filename_prefix_02014_.png,1,license-plate,license_plate,248.0,755.12,389.96,791.42,1024,1024,SYNTHETIC,TRAIN_ONLY,https://www.kaggle.com/datasets/tielemarvin/european-license-plate-dataset-elpd,CC BY 4.0,https://creativecommons.org/licenses/by/4.0/,AI/PlateDetector/datasets/provenance/elpd/elpd_provenance.csv
elpd,filename_prefix_02014_.png,2,license-plate,license_plate,786.22,615.4,829.41,639.63,1024,1024,SYNTHETIC,TRAIN_ONLY,https://www.kaggle.com/datasets/tielemarvin/european-license-plate-dataset-elpd,CC BY 4.0,https://creativecommons.org/licenses/by/4.0/,AI/PlateDetector/datasets/provenance/elpd/elpd_provenance.csv
elpd,filename_prefix_02015_.png,1,license-plate,license_plate,257.94,943.98,422.41,988.25,1536,1536,SYNTHETIC,TRAIN_ONLY,https://www.kaggle.com/datasets/tielemarvin/european-license-plate-dataset-elpd,CC BY 4.0,https://creativecommons.org/licenses/by/4.0/,AI/PlateDetector/datasets/provenance/elpd/elpd_provenance.csv
elpd,filename_prefix_02015_.png,2,license-plate,license_plate,1072.86,1005.74,1225.81,1057.2,1536,1536,SYNTHETIC,TRAIN_ONLY,https://www.kaggle.com/datasets/tielemarvin/european-license-plate-dataset-elpd,CC BY 4.0,https://creativecommons.org/licenses/by/4.0/,AI/PlateDetector/datasets/provenance/elpd/elpd_provenance.csv
elpd,filename_prefix_02016_.png,1,license-plate,license_plate,1305.67,1024.97,1536.0,1090.12,1536,1536,SYNTHETIC,TRAIN_ONLY,https://www.kaggle.com/datasets/tielemarvin/european-license-plate-dataset-elpd,CC BY 4.0,https://creativecommons.org/licenses/by/4.0/,AI/PlateDetector/datasets/provenance/elpd/elpd_provenance.csv
elpd,filename_prefix_02016_.png,2,license-plate,license_plate,307.33,868.87,380.42,887.94,1536,1536,SYNTHETIC,TRAIN_ONLY,https://www.kaggle.com/datasets/tielemarvin/european-license-plate-dataset-elpd,CC BY 4.0,https://creativecommons.org/licenses/by/4.0/,AI/PlateDetector/datasets/provenance/elpd/elpd_provenance.csv
elpd,filename_prefix_02017_.png,1,license-plate,license_plate,410.22,715.64,729.62,794.25,1024,1024,SYNTHETIC,TRAIN_ONLY,https://www.kaggle.com/datasets/tielemarvin/european-license-plate-dataset-elpd,CC BY 4.0,https://creativecommons.org/licenses/by/4.0/,AI/PlateDetector/datasets/provenance/elpd/elpd_provenance.csv
elpd,filename_prefix_02018_.png,1,license-plate,license_plate,352.1,987.22,438.66,1012.49,1536,1536,SYNTHETIC,TRAIN_ONLY,https://www.kaggle.com/datasets/tielemarvin/european-license-plate-dataset-elpd,CC BY 4.0,https://creativecommons.org/licenses/by/4.0/,AI/PlateDetector/datasets/provenance/elpd/elpd_provenance.csv
elpd,filename_prefix_02018_.png,2,license-plate,license_plate,1088.3,1146.74,1377.0,1227.68,1536,1536,SYNTHETIC,TRAIN_ONLY,https://www.kaggle.com/datasets/tielemarvin/european-license-plate-dataset-elpd,CC BY 4.0,https://creativecommons.org/licenses/by/4.0/,AI/PlateDetector/datasets/provenance/elpd/elpd_provenance.csv
elpd,filename_prefix_02019_.png,1,license-plate,license_plate,371.7,700.47,672.68,778.03,1024,1024,SYNTHETIC,TRAIN_ONLY,https://www.kaggle.com/datasets/tielemarvin/european-license-plate-dataset-elpd,CC BY 4.0,https://creativecommons.org/licenses/by/4.0/,AI/PlateDetector/datasets/provenance/elpd/elpd_provenance.csv
elpd,filename_prefix_02020_.png,1,license-plate,license_plate,642.9,720.84,814.73,807.18,1024,1024,SYNTHETIC,TRAIN_ONLY,https://www.kaggle.com/datasets/tielemarvin/european-license-plate-dataset-elpd,CC BY 4.0,https://creativecommons.org/licenses/by/4.0/,AI/PlateDetector/datasets/provenance/elpd/elpd_provenance.csv
elpd,filename_prefix_02021_.png,1,license-plate,license_plate,290.58,1241.25,473.76,1295.23,1536,1536,SYNTHETIC,TRAIN_ONLY,https://www.kaggle.com/datasets/tielemarvin/european-license-plate-dataset-elpd,CC BY 4.0,https://creativecommons.org/licenses/by/4.0/,AI/PlateDetector/datasets/provenance/elpd/elpd_provenance.csv
elpd,filename_prefix_02021_.png,2,license-plate,license_plate,1403.21,1012.6,1496.83,1037.8,1536,1536,SYNTHETIC,TRAIN_ONLY,https://www.kaggle.com/datasets/tielemarvin/european-license-plate-dataset-elpd,CC BY 4.0,https://creativecommons.org/licenses/by/4.0/,AI/PlateDetector/datasets/provenance/elpd/elpd_provenance.csv
elpd,filename_prefix_02022_.png,1,license-plate,license_plate,685.7,1112.91,966.41,1237.79,1536,1536,SYNTHETIC,TRAIN_ONLY,https://www.kaggle.com/datasets/tielemarvin/european-license-plate-dataset-elpd,CC BY 4.0,https://creativecommons.org/licenses/by/4.0/,AI/PlateDetector/datasets/provenance/elpd/elpd_provenance.csv
elpd,filename_prefix_02022_.png,2,license-plate,license_plate,1306.54,770.26,1404.93,811.39,1536,1536,SYNTHETIC,TRAIN_ONLY,https://www.kaggle.com/datasets/tielemarvin/european-license-plate-dataset-elpd,CC BY 4.0,https://creativecommons.org/licenses/by/4.0/,AI/PlateDetector/datasets/provenance/elpd/elpd_provenance.csv
elpd,filename_prefix_02023_.png,1,license-plate,license_plate,257.42,606.14,436.2,651.11,1024,1024,SYNTHETIC,TRAIN_ONLY,https://www.kaggle.com/datasets/tielemarvin/european-license-plate-dataset-elpd,CC BY 4.0,https://creativecommons.org/licenses/by/4.0/,AI/PlateDetector/datasets/provenance/elpd/elpd_provenance.csv
elpd,filename_prefix_02023_.png,2,license-plate,license_plate,794.72,518.69,880.2,543.42,1024,1024,SYNTHETIC,TRAIN_ONLY,https://www.kaggle.com/datasets/tielemarvin/european-license-plate-dataset-elpd,CC BY 4.0,https://creativecommons.org/licenses/by/4.0/,AI/PlateDetector/datasets/provenance/elpd/elpd_provenance.csv
elpd,filename_prefix_02024_.png,1,license-plate,license_plate,146.06,653.59,291.62,690.5,1024,1024,SYNTHETIC,TRAIN_ONLY,https://www.kaggle.com/datasets/tielemarvin/european-license-plate-dataset-elpd,CC BY 4.0,https://creativecommons.org/licenses/by/4.0/,AI/PlateDetector/datasets/provenance/elpd/elpd_provenance.csv
elpd,filename_prefix_02025_.png,1,license-plate,license_plate,512.61,801.68,651.6,839.32,1536,1536,SYNTHETIC,TRAIN_ONLY,https://www.kaggle.com/datasets/tielemarvin/european-license-plate-dataset-elpd,CC BY 4.0,https://creativecommons.org/licenses/by/4.0/,AI/PlateDetector/datasets/provenance/elpd/elpd_provenance.csv
elpd,filename_prefix_02025_.png,2,license-plate,license_plate,1389.32,787.81,1536.0,827.32,1536,1536,SYNTHETIC,TRAIN_ONLY,https://www.kaggle.com/datasets/tielemarvin/european-license-plate-dataset-elpd,CC BY 4.0,https://creativecommons.org/licenses/by/4.0/,AI/PlateDetector/datasets/provenance/elpd/elpd_provenance.csv
elpd,filename_prefix_02026_.png,1,license-plate,license_plate,512.02,646.09,653.33,719.02,1024,1024,SYNTHETIC,TRAIN_ONLY,https://www.kaggle.com/datasets/tielemarvin/european-license-plate-dataset-elpd,CC BY 4.0,https://creativecommons.org/licenses/by/4.0/,AI/PlateDetector/datasets/provenance/elpd/elpd_provenance.csv
elpd,filename_prefix_02026_.png,2,license-plate,license_plate,875.22,572.11,990.42,615.41,1024,1024,SYNTHETIC,TRAIN_ONLY,https://www.kaggle.com/datasets/tielemarvin/european-license-plate-dataset-elpd,CC BY 4.0,https://creativecommons.org/licenses/by/4.0/,AI/PlateDetector/datasets/provenance/elpd/elpd_provenance.csv
elpd,filename_prefix_02027_.png,1,license-plate,license_plate,699.31,856.46,1079.94,1010.31,1536,1536,SYNTHETIC,TRAIN_ONLY,https://www.kaggle.com/datasets/tielemarvin/european-license-plate-dataset-elpd,CC BY 4.0,https://creativecommons.org/licenses/by/4.0/,AI/PlateDetector/datasets/provenance/elpd/elpd_provenance.csv
elpd,filename_prefix_02027_.png,2,license-plate,license_plate,1437.5,450.38,1536.0,494.7,1536,1536,SYNTHETIC,TRAIN_ONLY,https://www.kaggle.com/datasets/tielemarvin/european-license-plate-dataset-elpd,CC BY 4.0,https://creativecommons.org/licenses/by/4.0/,AI/PlateDetector/datasets/provenance/elpd/elpd_provenance.csv
elpd,filename_prefix_02028_.png,1,license-plate,license_plate,365.9,738.8,536.78,780.24,1024,1024,SYNTHETIC,TRAIN_ONLY,https://www.kaggle.com/datasets/tielemarvin/european-license-plate-dataset-elpd,CC BY 4.0,https://creativecommons.org/licenses/by/4.0/,AI/PlateDetector/datasets/provenance/elpd/elpd_provenance.csv
elpd,filename_prefix_02029_.png,1,license-plate,license_plate,1013.41,1154.49,1311.29,1278.83,1536,1536,SYNTHETIC,TRAIN_ONLY,https://www.kaggle.com/datasets/tielemarvin/european-license-plate-dataset-elpd,CC BY 4.0,https://creativecommons.org/licenses/by/4.0/,AI/PlateDetector/datasets/provenance/elpd/elpd_provenance.csv
elpd,filename_prefix_02030_.png,1,license-plate,license_plate,438.0,693.54,572.16,730.52,1024,1024,SYNTHETIC,TRAIN_ONLY,https://www.kaggle.com/datasets/tielemarvin/european-license-plate-dataset-elpd,CC BY 4.0,https://creativecommons.org/licenses/by/4.0/,AI/PlateDetector/datasets/provenance/elpd/elpd_provenance.csv
elpd,filename_prefix_02031_.png,1,license-plate,license_plate,99.17,1087.73,466.52,1201.44,1536,1536,SYNTHETIC,TRAIN_ONLY,https://www.kaggle.com/datasets/tielemarvin/european-license-plate-dataset-elpd,CC BY 4.0,https://creativecommons.org/licenses/by/4.0/,AI/PlateDetector/datasets/provenance/elpd/elpd_provenance.csv
elpd,filename_prefix_02031_.png,2,license-plate,license_plate,1288.33,698.35,1381.96,721.81,1536,1536,SYNTHETIC,TRAIN_ONLY,https://www.kaggle.com/datasets/tielemarvin/european-license-plate-dataset-elpd,CC BY 4.0,https://creativecommons.org/licenses/by/4.0/,AI/PlateDetector/datasets/provenance/elpd/elpd_provenance.csv
elpd,filename_prefix_02032_.png,1,license-plate,license_plate,454.26,653.53,680.38,713.59,1024,1024,SYNTHETIC,TRAIN_ONLY,https://www.kaggle.com/datasets/tielemarvin/european-license-plate-dataset-elpd,CC BY 4.0,https://creativecommons.org/licenses/by/4.0/,AI/PlateDetector/datasets/provenance/elpd/elpd_provenance.csv
elpd,filename_prefix_02033_.png,1,license-plate,license_plate,773.52,700.48,1033.77,772.52,1536,1536,SYNTHETIC,TRAIN_ONLY,https://www.kaggle.com/datasets/tielemarvin/european-license-plate-dataset-elpd,CC BY 4.0,https://creativecommons.org/licenses/by/4.0/,AI/PlateDetector/datasets/provenance/elpd/elpd_provenance.csv
elpd,filename_prefix_02033_.png,2,license-plate,license_plate,0.0,654.06,57.18,677.99,1536,1536,SYNTHETIC,TRAIN_ONLY,https://www.kaggle.com/datasets/tielemarvin/european-license-plate-dataset-elpd,CC BY 4.0,https://creativecommons.org/licenses/by/4.0/,AI/PlateDetector/datasets/provenance/elpd/elpd_provenance.csv
elpd,filename_prefix_02034_.png,1,license-plate,license_plate,517.39,969.18,650.52,1004.64,1536,1536,SYNTHETIC,TRAIN_ONLY,https://www.kaggle.com/datasets/tielemarvin/european-license-plate-dataset-elpd,CC BY 4.0,https://creativecommons.org/licenses/by/4.0/,AI/PlateDetector/datasets/provenance/elpd/elpd_provenance.csv
elpd,filename_prefix_02035_.png,1,license-plate,license_plate,463.75,712.44,644.73,785.28,1024,1024,SYNTHETIC,TRAIN_ONLY,https://www.kaggle.com/datasets/tielemarvin/european-license-plate-dataset-elpd,CC BY 4.0,https://creativecommons.org/licenses/by/4.0/,AI/PlateDetector/datasets/provenance/elpd/elpd_provenance.csv
elpd,filename_prefix_02035_.png,2,license-plate,license_plate,883.31,661.01,947.23,688.92,1024,1024,SYNTHETIC,TRAIN_ONLY,https://www.kaggle.com/datasets/tielemarvin/european-license-plate-dataset-elpd,CC BY 4.0,https://creativecommons.org/licenses/by/4.0/,AI/PlateDetector/datasets/provenance/elpd/elpd_provenance.csv
elpd,filename_prefix_02036_.png,1,license-plate,license_plate,165.87,757.61,374.41,825.55,1024,1024,SYNTHETIC,TRAIN_ONLY,https://www.kaggle.com/datasets/tielemarvin/european-license-plate-dataset-elpd,CC BY 4.0,https://creativecommons.org/licenses/by/4.0/,AI/PlateDetector/datasets/provenance/elpd/elpd_provenance.csv
elpd,filename_prefix_02037_.png,1,license-plate,license_plate,563.85,941.23,782.14,1004.4,1536,1536,SYNTHETIC,TRAIN_ONLY,https://www.kaggle.com/datasets/tielemarvin/european-license-plate-dataset-elpd,CC BY 4.0,https://creativecommons.org/licenses/by/4.0/,AI/PlateDetector/datasets/provenance/elpd/elpd_provenance.csv
elpd,filename_prefix_02038_.png,1,license-plate,license_plate,393.55,856.58,519.09,902.81,1536,1536,SYNTHETIC,TRAIN_ONLY,https://www.kaggle.com/datasets/tielemarvin/european-license-plate-dataset-elpd,CC BY 4.0,https://creativecommons.org/licenses/by/4.0/,AI/PlateDetector/datasets/provenance/elpd/elpd_provenance.csv
elpd,filename_prefix_02039_.png,1,license-plate,license_plate,452.88,697.37,633.07,746.83,1024,1024,SYNTHETIC,TRAIN_ONLY,https://www.kaggle.com/datasets/tielemarvin/european-license-plate-dataset-elpd,CC BY 4.0,https://creativecommons.org/licenses/by/4.0/,AI/PlateDetector/datasets/provenance/elpd/elpd_provenance.csv
elpd,filename_prefix_02040_.png,1,license-plate,license_plate,471.44,678.81,640.16,720.43,1024,1024,SYNTHETIC,TRAIN_ONLY,https://www.kaggle.com/datasets/tielemarvin/european-license-plate-dataset-elpd,CC BY 4.0,https://creativecommons.org/licenses/by/4.0/,AI/PlateDetector/datasets/provenance/elpd/elpd_provenance.csv
elpd,filename_prefix_02041_.png,1,license-plate,license_plate,626.01,1065.63,833.16,1117.58,1536,1536,SYNTHETIC,TRAIN_ONLY,https://www.kaggle.com/datasets/tielemarvin/european-license-plate-dataset-elpd,CC BY 4.0,https://creativecommons.org/licenses/by/4.0/,AI/PlateDetector/datasets/provenance/elpd/elpd_provenance.csv
elpd,filename_prefix_02042_.png,1,license-plate,license_plate,271.4,1235.64,579.25,1325.73,1536,1536,SYNTHETIC,TRAIN_ONLY,https://www.kaggle.com/datasets/tielemarvin/european-license-plate-dataset-elpd,CC BY 4.0,https://creativecommons.org/licenses/by/4.0/,AI/PlateDetector/datasets/provenance/elpd/elpd_provenance.csv
elpd,filename_prefix_02042_.png,2,license-plate,license_plate,1107.65,763.94,1159.86,783.54,1536,1536,SYNTHETIC,TRAIN_ONLY,https://www.kaggle.com/datasets/tielemarvin/european-license-plate-dataset-elpd,CC BY 4.0,https://creativecommons.org/licenses/by/4.0/,AI/PlateDetector/datasets/provenance/elpd/elpd_provenance.csv
elpd,filename_prefix_02042_.png,3,license-plate,license_plate,1175.82,760.69,1224.56,780.64,1536,1536,SYNTHETIC,TRAIN_ONLY,https://www.kaggle.com/datasets/tielemarvin/european-license-plate-dataset-elpd,CC BY 4.0,https://creativecommons.org/licenses/by/4.0/,AI/PlateDetector/datasets/provenance/elpd/elpd_provenance.csv
elpd,filename_prefix_02043_.png,1,license-plate,license_plate,136.27,683.9,324.69,783.12,1024,1024,SYNTHETIC,TRAIN_ONLY,https://www.kaggle.com/datasets/tielemarvin/european-license-plate-dataset-elpd,CC BY 4.0,https://creativecommons.org/licenses/by/4.0/,AI/PlateDetector/datasets/provenance/elpd/elpd_provenance.csv
elpd,filename_prefix_02044_.png,1,license-plate,license_plate,178.78,644.57,249.9,663.02,1024,1024,SYNTHETIC,TRAIN_ONLY,https://www.kaggle.com/datasets/tielemarvin/european-license-plate-dataset-elpd,CC BY 4.0,https://creativecommons.org/licenses/by/4.0/,AI/PlateDetector/datasets/provenance/elpd/elpd_provenance.csv
elpd,filename_prefix_02045_.png,1,license-plate,license_plate,136.59,1001.1,403.98,1094.57,1536,1536,SYNTHETIC,TRAIN_ONLY,https://www.kaggle.com/datasets/tielemarvin/european-license-plate-dataset-elpd,CC BY 4.0,https://creativecommons.org/licenses/by/4.0/,AI/PlateDetector/datasets/provenance/elpd/elpd_provenance.csv
elpd,filename_prefix_02046_.png,1,license-plate,license_plate,478.32,901.08,671.19,960.17,1024,1024,SYNTHETIC,TRAIN_ONLY,https://www.kaggle.com/datasets/tielemarvin/european-license-plate-dataset-elpd,CC BY 4.0,https://creativecommons.org/licenses/by/4.0/,AI/PlateDetector/datasets/provenance/elpd/elpd_provenance.csv
elpd,filename_prefix_02047_.png,1,license-plate,license_plate,262.26,822.58,418.04,866.8,1536,1536,SYNTHETIC,TRAIN_ONLY,https://www.kaggle.com/datasets/tielemarvin/european-license-plate-dataset-elpd,CC BY 4.0,https://creativecommons.org/licenses/by/4.0/,AI/PlateDetector/datasets/provenance/elpd/elpd_provenance.csv
elpd,filename_prefix_02047_.png,2,license-plate,license_plate,1109.91,807.57,1196.26,831.31,1536,1536,SYNTHETIC,TRAIN_ONLY,https://www.kaggle.com/datasets/tielemarvin/european-license-plate-dataset-elpd,CC BY 4.0,https://creativecommons.org/licenses/by/4.0/,AI/PlateDetector/datasets/provenance/elpd/elpd_provenance.csv
elpd,filename_prefix_02048_.png,1,license-plate,license_plate,446.92,695.92,571.38,735.8,1024,1024,SYNTHETIC,TRAIN_ONLY,https://www.kaggle.com/datasets/tielemarvin/european-license-plate-dataset-elpd,CC BY 4.0,https://creativecommons.org/licenses/by/4.0/,AI/PlateDetector/datasets/provenance/elpd/elpd_provenance.csv
elpd,filename_prefix_02049_.png,1,license-plate,license_plate,415.22,1015.34,682.39,1087.24,1536,1536,SYNTHETIC,TRAIN_ONLY,https://www.kaggle.com/datasets/tielemarvin/european-license-plate-dataset-elpd,CC BY 4.0,https://creativecommons.org/licenses/by/4.0/,AI/PlateDetector/datasets/provenance/elpd/elpd_provenance.csv
elpd,filename_prefix_02050_.png,1,license-plate,license_plate,707.53,1208.55,878.33,1255.65,1536,1536,SYNTHETIC,TRAIN_ONLY,https://www.kaggle.com/datasets/tielemarvin/european-license-plate-dataset-elpd,CC BY 4.0,https://creativecommons.org/licenses/by/4.0/,AI/PlateDetector/datasets/provenance/elpd/elpd_provenance.csv
elpd,filename_prefix_02051_.png,1,license-plate,license_plate,320.62,829.14,706.44,913.37,1024,1024,SYNTHETIC,TRAIN_ONLY,https://www.kaggle.com/datasets/tielemarvin/european-license-plate-dataset-elpd,CC BY 4.0,https://creativecommons.org/licenses/by/4.0/,AI/PlateDetector/datasets/provenance/elpd/elpd_provenance.csv
elpd,filename_prefix_02052_.png,1,license-plate,license_plate,381.94,495.91,511.55,566.15,1024,1024,SYNTHETIC,TRAIN_ONLY,https://www.kaggle.com/datasets/tielemarvin/european-license-plate-dataset-elpd,CC BY 4.0,https://creativecommons.org/licenses/by/4.0/,AI/PlateDetector/datasets/provenance/elpd/elpd_provenance.csv
elpd,filename_prefix_02053_.png,1,license-plate,license_plate,1011.6,945.6,1331.9,1064.85,1536,1536,SYNTHETIC,TRAIN_ONLY,https://www.kaggle.com/datasets/tielemarvin/european-license-plate-dataset-elpd,CC BY 4.0,https://creativecommons.org/licenses/by/4.0/,AI/PlateDetector/datasets/provenance/elpd/elpd_provenance.csv
elpd,filename_prefix_02054_.png,1,license-plate,license_plate,658.44,1159.16,913.02,1230.35,1536,1536,SYNTHETIC,TRAIN_ONLY,https://www.kaggle.com/datasets/tielemarvin/european-license-plate-dataset-elpd,CC BY 4.0,https://creativecommons.org/licenses/by/4.0/,AI/PlateDetector/datasets/provenance/elpd/elpd_provenance.csv
elpd,filename_prefix_02054_.png,2,license-plate,license_plate,1356.31,846.09,1462.64,872.28,1536,1536,SYNTHETIC,TRAIN_ONLY,https://www.kaggle.com/datasets/tielemarvin/european-license-plate-dataset-elpd,CC BY 4.0,https://creativecommons.org/licenses/by/4.0/,AI/PlateDetector/datasets/provenance/elpd/elpd_provenance.csv
elpd,filename_prefix_02055_.png,1,license-plate,license_plate,0.0,587.78,74.97,616.48,1024,1024,SYNTHETIC,TRAIN_ONLY,https://www.kaggle.com/datasets/tielemarvin/european-license-plate-dataset-elpd,CC BY 4.0,https://creativecommons.org/licenses/by/4.0/,AI/PlateDetector/datasets/provenance/elpd/elpd_provenance.csv
elpd,filename_prefix_02055_.png,2,license-plate,license_plate,319.72,677.04,535.87,734.09,1024,1024,SYNTHETIC,TRAIN_ONLY,https://www.kaggle.com/datasets/tielemarvin/european-license-plate-dataset-elpd,CC BY 4.0,https://creativecommons.org/licenses/by/4.0/,AI/PlateDetector/datasets/provenance/elpd/elpd_provenance.csv
elpd,filename_prefix_02056_.png,1,license-plate,license_plate,963.86,673.73,1024.0,698.54,1024,1024,SYNTHETIC,TRAIN_ONLY,https://www.kaggle.com/datasets/tielemarvin/european-license-plate-dataset-elpd,CC BY 4.0,https://creativecommons.org/licenses/by/4.0/,AI/PlateDetector/datasets/provenance/elpd/elpd_provenance.csv
elpd,filename_prefix_02056_.png,2,license-plate,license_plate,240.7,623.09,341.28,656.07,1024,1024,SYNTHETIC,TRAIN_ONLY,https://www.kaggle.com/datasets/tielemarvin/european-license-plate-dataset-elpd,CC BY 4.0,https://creativecommons.org/licenses/by/4.0/,AI/PlateDetector/datasets/provenance/elpd/elpd_provenance.csv
elpd,filename_prefix_02056_.png,3,license-plate,license_plate,238.36,623.97,338.57,656.13,1024,1024,SYNTHETIC,TRAIN_ONLY,https://www.kaggle.com/datasets/tielemarvin/european-license-plate-dataset-elpd,CC BY 4.0,https://creativecommons.org/licenses/by/4.0/,AI/PlateDetector/datasets/provenance/elpd/elpd_provenance.csv
elpd,filename_prefix_02057_.png,1,license-plate,license_plate,366.17,1256.4,691.9,1357.95,1536,1536,SYNTHETIC,TRAIN_ONLY,https://www.kaggle.com/datasets/tielemarvin/european-license-plate-dataset-elpd,CC BY 4.0,https://creativecommons.org/licenses/by/4.0/,AI/PlateDetector/datasets/provenance/elpd/elpd_provenance.csv
elpd,filename_prefix_02057_.png,2,license-plate,license_plate,1153.49,826.07,1231.95,846.0,1536,1536,SYNTHETIC,TRAIN_ONLY,https://www.kaggle.com/datasets/tielemarvin/european-license-plate-dataset-elpd,CC BY 4.0,https://creativecommons.org/licenses/by/4.0/,AI/PlateDetector/datasets/provenance/elpd/elpd_provenance.csv
elpd,filename_prefix_02058_.png,1,license-plate,license_plate,568.21,954.02,684.86,988.49,1536,1536,SYNTHETIC,TRAIN_ONLY,https://www.kaggle.com/datasets/tielemarvin/european-license-plate-dataset-elpd,CC BY 4.0,https://creativecommons.org/licenses/by/4.0/,AI/PlateDetector/datasets/provenance/elpd/elpd_provenance.csv
elpd,filename_prefix_02059_.png,1,license-plate,license_plate,405.54,465.05,594.45,513.7,1024,1024,SYNTHETIC,TRAIN_ONLY,https://www.kaggle.com/datasets/tielemarvin/european-license-plate-dataset-elpd,CC BY 4.0,https://creativecommons.org/licenses/by/4.0/,AI/PlateDetector/datasets/provenance/elpd/elpd_provenance.csv
elpd,filename_prefix_02060_.png,1,license-plate,license_plate,0.0,487.08,71.7,509.15,1024,1024,SYNTHETIC,TRAIN_ONLY,https://www.kaggle.com/datasets/tielemarvin/european-license-plate-dataset-elpd,CC BY 4.0,https://creativecommons.org/licenses/by/4.0/,AI/PlateDetector/datasets/provenance/elpd/elpd_provenance.csv
elpd,filename_prefix_02061_.png,1,license-plate,license_plate,212.47,1327.63,702.51,1455.01,1536,1536,SYNTHETIC,TRAIN_ONLY,https://www.kaggle.com/datasets/tielemarvin/european-license-plate-dataset-elpd,CC BY 4.0,https://creativecommons.org/licenses/by/4.0/,AI/PlateDetector/datasets/provenance/elpd/elpd_provenance.csv
elpd,filename_prefix_02061_.png,2,license-plate,license_plate,1382.24,732.88,1536.0,794.21,1536,1536,SYNTHETIC,TRAIN_ONLY,https://www.kaggle.com/datasets/tielemarvin/european-license-plate-dataset-elpd,CC BY 4.0,https://creativecommons.org/licenses/by/4.0/,AI/PlateDetector/datasets/provenance/elpd/elpd_provenance.csv
elpd,filename_prefix_02062_.png,1,license-plate,license_plate,895.65,556.59,1024.0,642.51,1024,1024,SYNTHETIC,TRAIN_ONLY,https://www.kaggle.com/datasets/tielemarvin/european-license-plate-dataset-elpd,CC BY 4.0,https://creativecommons.org/licenses/by/4.0/,AI/PlateDetector/datasets/provenance/elpd/elpd_provenance.csv
elpd,filename_prefix_02062_.png,2,license-plate,license_plate,241.79,500.29,335.66,544.1,1024,1024,SYNTHETIC,TRAIN_ONLY,https://www.kaggle.com/datasets/tielemarvin/european-license-plate-dataset-elpd,CC BY 4.0,https://creativecommons.org/licenses/by/4.0/,AI/PlateDetector/datasets/provenance/elpd/elpd_provenance.csv
elpd,filename_prefix_02063_.png,1,license-plate,license_plate,269.49,1130.15,540.1,1238.63,1536,1536,SYNTHETIC,TRAIN_ONLY,https://www.kaggle.com/datasets/tielemarvin/european-license-plate-dataset-elpd,CC BY 4.0,https://creativecommons.org/licenses/by/4.0/,AI/PlateDetector/datasets/provenance/elpd/elpd_provenance.csv
elpd,filename_prefix_02063_.png,2,license-plate,license_plate,286.4,932.8,566.63,1024.75,1536,1536,SYNTHETIC,TRAIN_ONLY,https://www.kaggle.com/datasets/tielemarvin/european-license-plate-dataset-elpd,CC BY 4.0,https://creativecommons.org/licenses/by/4.0/,AI/PlateDetector/datasets/provenance/elpd/elpd_provenance.csv
elpd,filename_prefix_02064_.png,1,license-plate,license_plate,929.17,521.94,989.63,540.64,1024,1024,SYNTHETIC,TRAIN_ONLY,https://www.kaggle.com/datasets/tielemarvin/european-license-plate-dataset-elpd,CC BY 4.0,https://creativecommons.org/licenses/by/4.0/,AI/PlateDetector/datasets/provenance/elpd/elpd_provenance.csv
elpd,filename_prefix_02064_.png,2,license-plate,license_plate,418.26,576.17,587.3,616.0,1024,1024,SYNTHETIC,TRAIN_ONLY,https://www.kaggle.com/datasets/tielemarvin/european-license-plate-dataset-elpd,CC BY 4.0,https://creativecommons.org/licenses/by/4.0/,AI/PlateDetector/datasets/provenance/elpd/elpd_provenance.csv
elpd,filename_prefix_02065_.png,1,license-plate,license_plate,415.63,968.86,709.32,1046.75,1536,1536,SYNTHETIC,TRAIN_ONLY,https://www.kaggle.com/datasets/tielemarvin/european-license-plate-dataset-elpd,CC BY 4.0,https://creativecommons.org/licenses/by/4.0/,AI/PlateDetector/datasets/provenance/elpd/elpd_provenance.csv
elpd,filename_prefix_02065_.png,2,license-plate,license_plate,966.41,538.92,1115.86,574.89,1536,1536,SYNTHETIC,TRAIN_ONLY,https://www.kaggle.com/datasets/tielemarvin/european-license-plate-dataset-elpd,CC BY 4.0,https://creativecommons.org/licenses/by/4.0/,AI/PlateDetector/datasets/provenance/elpd/elpd_provenance.csv
elpd,filename_prefix_02066_.png,1,license-plate,license_plate,182.71,917.33,376.9,972.38,1536,1536,SYNTHETIC,TRAIN_ONLY,https://www.kaggle.com/datasets/tielemarvin/european-license-plate-dataset-elpd,CC BY 4.0,https://creativecommons.org/licenses/by/4.0/,AI/PlateDetector/datasets/provenance/elpd/elpd_provenance.csv
elpd,filename_prefix_02066_.png,2,license-plate,license_plate,928.2,750.7,1004.63,768.38,1536,1536,SYNTHETIC,TRAIN_ONLY,https://www.kaggle.com/datasets/tielemarvin/european-license-plate-dataset-elpd,CC BY 4.0,https://creativecommons.org/licenses/by/4.0/,AI/PlateDetector/datasets/provenance/elpd/elpd_provenance.csv
elpd,filename_prefix_02067_.png,1,license-plate,license_plate,399.87,706.95,640.2,762.6,1024,1024,SYNTHETIC,TRAIN_ONLY,https://www.kaggle.com/datasets/tielemarvin/european-license-plate-dataset-elpd,CC BY 4.0,https://creativecommons.org/licenses/by/4.0/,AI/PlateDetector/datasets/provenance/elpd/elpd_provenance.csv
elpd,filename_prefix_02068_.png,1,license-plate,license_plate,323.81,669.9,424.28,692.8,1024,1024,SYNTHETIC,TRAIN_ONLY,https://www.kaggle.com/datasets/tielemarvin/european-license-plate-dataset-elpd,CC BY 4.0,https://creativecommons.org/licenses/by/4.0/,AI/PlateDetector/datasets/provenance/elpd/elpd_provenance.csv
elpd,filename_prefix_02069_.png,1,license-plate,license_plate,670.92,1008.7,975.2,1108.85,1536,1536,SYNTHETIC,TRAIN_ONLY,https://www.kaggle.com/datasets/tielemarvin/european-license-plate-dataset-elpd,CC BY 4.0,https://creativecommons.org/licenses/by/4.0/,AI/PlateDetector/datasets/provenance/elpd/elpd_provenance.csv
elpd,filename_prefix_02070_.png,1,license-plate,license_plate,1300.03,707.07,1368.57,722.05,1536,1536,SYNTHETIC,TRAIN_ONLY,https://www.kaggle.com/datasets/tielemarvin/european-license-plate-dataset-elpd,CC BY 4.0,https://creativecommons.org/licenses/by/4.0/,AI/PlateDetector/datasets/provenance/elpd/elpd_provenance.csv
elpd,filename_prefix_02070_.png,2,license-plate,license_plate,203.97,791.51,318.7,819.8,1536,1536,SYNTHETIC,TRAIN_ONLY,https://www.kaggle.com/datasets/tielemarvin/european-license-plate-dataset-elpd,CC BY 4.0,https://creativecommons.org/licenses/by/4.0/,AI/PlateDetector/datasets/provenance/elpd/elpd_provenance.csv
elpd,filename_prefix_02071_.png,1,license-plate,license_plate,423.81,590.08,563.36,637.67,1024,1024,SYNTHETIC,TRAIN_ONLY,https://www.kaggle.com/datasets/tielemarvin/european-license-plate-dataset-elpd,CC BY 4.0,https://creativecommons.org/licenses/by/4.0/,AI/PlateDetector/datasets/provenance/elpd/elpd_provenance.csv
elpd,filename_prefix_02072_.png,1,license-plate,license_plate,559.06,522.91,711.2,589.6,1024,1024,SYNTHETIC,TRAIN_ONLY,https://www.kaggle.com/datasets/tielemarvin/european-license-plate-dataset-elpd,CC BY 4.0,https://creativecommons.org/licenses/by/4.0/,AI/PlateDetector/datasets/provenance/elpd/elpd_provenance.csv
elpd,filename_prefix_02073_.png,1,license-plate,license_plate,1260.1,1079.1,1536.0,1375.7,1536,1536,SYNTHETIC,TRAIN_ONLY,https://www.kaggle.com/datasets/tielemarvin/european-license-plate-dataset-elpd,CC BY 4.0,https://creativecommons.org/licenses/by/4.0/,AI/PlateDetector/datasets/provenance/elpd/elpd_provenance.csv
elpd,filename_prefix_02073_.png,2,license-plate,license_plate,442.2,886.1,762.66,969.36,1536,1536,SYNTHETIC,TRAIN_ONLY,https://www.kaggle.com/datasets/tielemarvin/european-license-plate-dataset-elpd,CC BY 4.0,https://creativecommons.org/licenses/by/4.0/,AI/PlateDetector/datasets/provenance/elpd/elpd_provenance.csv
elpd,filename_prefix_02073_.png,3,license-plate,license_plate,0.0,507.5,79.6,526.57,1536,1536,SYNTHETIC,TRAIN_ONLY,https://www.kaggle.com/datasets/tielemarvin/european-license-plate-dataset-elpd,CC BY 4.0,https://creativecommons.org/licenses/by/4.0/,AI/PlateDetector/datasets/provenance/elpd/elpd_provenance.csv
elpd,filename_prefix_02073_.png,4,license-plate,license_plate,1010.89,518.7,1075.6,536.55,1536,1536,SYNTHETIC,TRAIN_ONLY,https://www.kaggle.com/datasets/tielemarvin/european-license-plate-dataset-elpd,CC BY 4.0,https://creativecommons.org/licenses/by/4.0/,AI/PlateDetector/datasets/provenance/elpd/elpd_provenance.csv
elpd,filename_prefix_02074_.png,1,license-plate,license_plate,784.41,815.07,940.15,878.97,1536,1536,SYNTHETIC,TRAIN_ONLY,https://www.kaggle.com/datasets/tielemarvin/european-license-plate-dataset-elpd,CC BY 4.0,https://creativecommons.org/licenses/by/4.0/,AI/PlateDetector/datasets/provenance/elpd/elpd_provenance.csv
elpd,filename_prefix_02075_.png,1,license-plate,license_plate,312.3,651.6,476.33,694.47,1024,1024,SYNTHETIC,TRAIN_ONLY,https://www.kaggle.com/datasets/tielemarvin/european-license-plate-dataset-elpd,CC BY 4.0,https://creativecommons.org/licenses/by/4.0/,AI/PlateDetector/datasets/provenance/elpd/elpd_provenance.csv
elpd,filename_prefix_02076_.png,1,license-plate,license_plate,433.64,495.67,617.82,544.29,1024,1024,SYNTHETIC,TRAIN_ONLY,https://www.kaggle.com/datasets/tielemarvin/european-license-plate-dataset-elpd,CC BY 4.0,https://creativecommons.org/licenses/by/4.0/,AI/PlateDetector/datasets/provenance/elpd/elpd_provenance.csv
elpd,filename_prefix_02077_.png,1,license-plate,license_plate,1195.69,708.61,1301.33,741.52,1536,1536,SYNTHETIC,TRAIN_ONLY,https://www.kaggle.com/datasets/tielemarvin/european-license-plate-dataset-elpd,CC BY 4.0,https://creativecommons.org/licenses/by/4.0/,AI/PlateDetector/datasets/provenance/elpd/elpd_provenance.csv
elpd,filename_prefix_02077_.png,2,license-plate,license_plate,1200.12,706.09,1301.18,742.45,1536,1536,SYNTHETIC,TRAIN_ONLY,https://www.kaggle.com/datasets/tielemarvin/european-license-plate-dataset-elpd,CC BY 4.0,https://creativecommons.org/licenses/by/4.0/,AI/PlateDetector/datasets/provenance/elpd/elpd_provenance.csv
elpd,filename_prefix_02077_.png,3,license-plate,license_plate,580.58,1123.33,925.76,1208.24,1536,1536,SYNTHETIC,TRAIN_ONLY,https://www.kaggle.com/datasets/tielemarvin/european-license-plate-dataset-elpd,CC BY 4.0,https://creativecommons.org/licenses/by/4.0/,AI/PlateDetector/datasets/provenance/elpd/elpd_provenance.csv
elpd,filename_prefix_02078_.png,1,license-plate,license_plate,520.71,804.35,849.33,888.47,1024,1024,SYNTHETIC,TRAIN_ONLY,https://www.kaggle.com/datasets/tielemarvin/european-license-plate-dataset-elpd,CC BY 4.0,https://creativecommons.org/licenses/by/4.0/,AI/PlateDetector/datasets/provenance/elpd/elpd_provenance.csv
elpd,filename_prefix_02079_.png,1,license-plate,license_plate,630.93,950.23,803.85,994.27,1536,1536,SYNTHETIC,TRAIN_ONLY,https://www.kaggle.com/datasets/tielemarvin/european-license-plate-dataset-elpd,CC BY 4.0,https://creativecommons.org/licenses/by/4.0/,AI/PlateDetector/datasets/provenance/elpd/elpd_provenance.csv
elpd,filename_prefix_02080_.png,1,license-plate,license_plate,159.03,702.48,313.55,772.83,1024,1024,SYNTHETIC,TRAIN_ONLY,https://www.kaggle.com/datasets/tielemarvin/european-license-plate-dataset-elpd,CC BY 4.0,https://creativecommons.org/licenses/by/4.0/,AI/PlateDetector/datasets/provenance/elpd/elpd_provenance.csv
elpd,filename_prefix_02081_.png,1,license-plate,license_plate,1204.07,925.21,1294.58,951.76,1536,1536,SYNTHETIC,TRAIN_ONLY,https://www.kaggle.com/datasets/tielemarvin/european-license-plate-dataset-elpd,CC BY 4.0,https://creativecommons.org/licenses/by/4.0/,AI/PlateDetector/datasets/provenance/elpd/elpd_provenance.csv
elpd,filename_prefix_02081_.png,2,license-plate,license_plate,1203.35,925.29,1294.5,950.2,1536,1536,SYNTHETIC,TRAIN_ONLY,https://www.kaggle.com/datasets/tielemarvin/european-license-plate-dataset-elpd,CC BY 4.0,https://creativecommons.org/licenses/by/4.0/,AI/PlateDetector/datasets/provenance/elpd/elpd_provenance.csv
elpd,filename_prefix_02081_.png,3,license-plate,license_plate,298.6,1207.29,537.71,1277.41,1536,1536,SYNTHETIC,TRAIN_ONLY,https://www.kaggle.com/datasets/tielemarvin/european-license-plate-dataset-elpd,CC BY 4.0,https://creativecommons.org/licenses/by/4.0/,AI/PlateDetector/datasets/provenance/elpd/elpd_provenance.csv
elpd,filename_prefix_02082_.png,1,license-plate,license_plate,558.29,913.38,804.39,1018.85,1536,1536,SYNTHETIC,TRAIN_ONLY,https://www.kaggle.com/datasets/tielemarvin/european-license-plate-dataset-elpd,CC BY 4.0,https://creativecommons.org/licenses/by/4.0/,AI/PlateDetector/datasets/provenance/elpd/elpd_provenance.csv
elpd,filename_prefix_02083_.png,1,license-plate,license_plate,400.81,616.97,612.73,672.97,1024,1024,SYNTHETIC,TRAIN_ONLY,https://www.kaggle.com/datasets/tielemarvin/european-license-plate-dataset-elpd,CC BY 4.0,https://creativecommons.org/licenses/by/4.0/,AI/PlateDetector/datasets/provenance/elpd/elpd_provenance.csv
elpd,filename_prefix_02084_.png,1,license-plate,license_plate,213.5,641.18,354.31,678.1,1024,1024,SYNTHETIC,TRAIN_ONLY,https://www.kaggle.com/datasets/tielemarvin/european-license-plate-dataset-elpd,CC BY 4.0,https://creativecommons.org/licenses/by/4.0/,AI/PlateDetector/datasets/provenance/elpd/elpd_provenance.csv
elpd,filename_prefix_02085_.png,1,license-plate,license_plate,549.5,1026.29,734.23,1072.04,1536,1536,SYNTHETIC,TRAIN_ONLY,https://www.kaggle.com/datasets/tielemarvin/european-license-plate-dataset-elpd,CC BY 4.0,https://creativecommons.org/licenses/by/4.0/,AI/PlateDetector/datasets/provenance/elpd/elpd_provenance.csv
elpd,filename_prefix_02086_.png,1,license-plate,license_plate,566.33,796.59,897.6,891.19,1536,1536,SYNTHETIC,TRAIN_ONLY,https://www.kaggle.com/datasets/tielemarvin/european-license-plate-dataset-elpd,CC BY 4.0,https://creativecommons.org/licenses/by/4.0/,AI/PlateDetector/datasets/provenance/elpd/elpd_provenance.csv
elpd,filename_prefix_02087_.png,1,license-plate,license_plate,258.9,605.9,399.08,654.49,1024,1024,SYNTHETIC,TRAIN_ONLY,https://www.kaggle.com/datasets/tielemarvin/european-license-plate-dataset-elpd,CC BY 4.0,https://creativecommons.org/licenses/by/4.0/,AI/PlateDetector/datasets/provenance/elpd/elpd_provenance.csv
elpd,filename_prefix_02087_.png,2,license-plate,license_plate,876.12,435.82,956.78,453.67,1024,1024,SYNTHETIC,TRAIN_ONLY,https://www.kaggle.com/datasets/tielemarvin/european-license-plate-dataset-elpd,CC BY 4.0,https://creativecommons.org/licenses/by/4.0/,AI/PlateDetector/datasets/provenance/elpd/elpd_provenance.csv
elpd,filename_prefix_02088_.png,1,license-plate,license_plate,877.69,532.69,1024.0,593.84,1024,1024,SYNTHETIC,TRAIN_ONLY,https://www.kaggle.com/datasets/tielemarvin/european-license-plate-dataset-elpd,CC BY 4.0,https://creativecommons.org/licenses/by/4.0/,AI/PlateDetector/datasets/provenance/elpd/elpd_provenance.csv
elpd,filename_prefix_02088_.png,2,license-plate,license_plate,289.1,454.26,353.74,473.65,1024,1024,SYNTHETIC,TRAIN_ONLY,https://www.kaggle.com/datasets/tielemarvin/european-license-plate-dataset-elpd,CC BY 4.0,https://creativecommons.org/licenses/by/4.0/,AI/PlateDetector/datasets/provenance/elpd/elpd_provenance.csv
elpd,filename_prefix_02089_.png,1,license-plate,license_plate,1463.9,503.72,1536.0,539.4,1536,1536,SYNTHETIC,TRAIN_ONLY,https://www.kaggle.com/datasets/tielemarvin/european-license-plate-dataset-elpd,CC BY 4.0,https://creativecommons.org/licenses/by/4.0/,AI/PlateDetector/datasets/provenance/elpd/elpd_provenance.csv
elpd,filename_prefix_02089_.png,2,license-plate,license_plate,860.6,847.6,1188.98,940.57,1536,1536,SYNTHETIC,TRAIN_ONLY,https://www.kaggle.com/datasets/tielemarvin/european-license-plate-dataset-elpd,CC BY 4.0,https://creativecommons.org/licenses/by/4.0/,AI/PlateDetector/datasets/provenance/elpd/elpd_provenance.csv
elpd,filename_prefix_02090_.png,1,license-plate,license_plate,666.38,881.65,874.64,949.74,1536,1536,SYNTHETIC,TRAIN_ONLY,https://www.kaggle.com/datasets/tielemarvin/european-license-plate-dataset-elpd,CC BY 4.0,https://creativecommons.org/licenses/by/4.0/,AI/PlateDetector/datasets/provenance/elpd/elpd_provenance.csv
elpd,filename_prefix_02091_.png,1,license-plate,license_plate,21.33,735.07,244.17,850.33,1024,1024,SYNTHETIC,TRAIN_ONLY,https://www.kaggle.com/datasets/tielemarvin/european-license-plate-dataset-elpd,CC BY 4.0,https://creativecommons.org/licenses/by/4.0/,AI/PlateDetector/datasets/provenance/elpd/elpd_provenance.csv
elpd,filename_prefix_02092_.png,1,license-plate,license_plate,378.12,713.18,577.01,763.38,1024,1024,SYNTHETIC,TRAIN_ONLY,https://www.kaggle.com/datasets/tielemarvin/european-license-plate-dataset-elpd,CC BY 4.0,https://creativecommons.org/licenses/by/4.0/,AI/PlateDetector/datasets/provenance/elpd/elpd_provenance.csv
elpd,filename_prefix_02092_.png,2,license-plate,license_plate,768.2,452.59,821.52,467.14,1024,1024,SYNTHETIC,TRAIN_ONLY,https://www.kaggle.com/datasets/tielemarvin/european-license-plate-dataset-elpd,CC BY 4.0,https://creativecommons.org/licenses/by/4.0/,AI/PlateDetector/datasets/provenance/elpd/elpd_provenance.csv
elpd,filename_prefix_02093_.png,1,license-plate,license_plate,333.71,619.06,435.72,655.28,1536,1536,SYNTHETIC,TRAIN_ONLY,https://www.kaggle.com/datasets/tielemarvin/european-license-plate-dataset-elpd,CC BY 4.0,https://creativecommons.org/licenses/by/4.0/,AI/PlateDetector/datasets/provenance/elpd/elpd_provenance.csv
elpd,filename_prefix_02094_.png,1,license-plate,license_plate,510.53,832.67,638.34,866.32,1024,1024,SYNTHETIC,TRAIN_ONLY,https://www.kaggle.com/datasets/tielemarvin/european-license-plate-dataset-elpd,CC BY 4.0,https://creativecommons.org/licenses/by/4.0/,AI/PlateDetector/datasets/provenance/elpd/elpd_provenance.csv
elpd,filename_prefix_02095_.png,1,license-plate,license_plate,482.2,1062.24,569.9,1084.56,1536,1536,SYNTHETIC,TRAIN_ONLY,https://www.kaggle.com/datasets/tielemarvin/european-license-plate-dataset-elpd,CC BY 4.0,https://creativecommons.org/licenses/by/4.0/,AI/PlateDetector/datasets/provenance/elpd/elpd_provenance.csv
elpd,filename_prefix_02096_.png,1,license-plate,license_plate,665.43,734.99,877.97,789.21,1024,1024,SYNTHETIC,TRAIN_ONLY,https://www.kaggle.com/datasets/tielemarvin/european-license-plate-dataset-elpd,CC BY 4.0,https://creativecommons.org/licenses/by/4.0/,AI/PlateDetector/datasets/provenance/elpd/elpd_provenance.csv
elpd,filename_prefix_02097_.png,1,license-plate,license_plate,350.9,507.41,452.92,536.62,1536,1536,SYNTHETIC,TRAIN_ONLY,https://www.kaggle.com/datasets/tielemarvin/european-license-plate-dataset-elpd,CC BY 4.0,https://creativecommons.org/licenses/by/4.0/,AI/PlateDetector/datasets/provenance/elpd/elpd_provenance.csv
elpd,filename_prefix_02097_.png,2,license-plate,license_plate,491.37,692.49,694.48,746.21,1536,1536,SYNTHETIC,TRAIN_ONLY,https://www.kaggle.com/datasets/tielemarvin/european-license-plate-dataset-elpd,CC BY 4.0,https://creativecommons.org/licenses/by/4.0/,AI/PlateDetector/datasets/provenance/elpd/elpd_provenance.csv
elpd,filename_prefix_02098_.png,1,license-plate,license_plate,267.81,1070.6,475.23,1217.27,1536,1536,SYNTHETIC,TRAIN_ONLY,https://www.kaggle.com/datasets/tielemarvin/european-license-plate-dataset-elpd,CC BY 4.0,https://creativecommons.org/licenses/by/4.0/,AI/PlateDetector/datasets/provenance/elpd/elpd_provenance.csv
elpd,filename_prefix_02099_.png,1,license-plate,license_plate,307.25,618.57,466.63,667.8,1024,1024,SYNTHETIC,TRAIN_ONLY,https://www.kaggle.com/datasets/tielemarvin/european-license-plate-dataset-elpd,CC BY 4.0,https://creativecommons.org/licenses/by/4.0/,AI/PlateDetector/datasets/provenance/elpd/elpd_provenance.csv
elpd,filename_prefix_02100_.png,1,license-plate,license_plate,432.97,540.84,550.37,570.75,1024,1024,SYNTHETIC,TRAIN_ONLY,https://www.kaggle.com/datasets/tielemarvin/european-license-plate-dataset-elpd,CC BY 4.0,https://creativecommons.org/licenses/by/4.0/,AI/PlateDetector/datasets/provenance/elpd/elpd_provenance.csv
elpd,filename_prefix_02101_.png,1,license-plate,license_plate,666.0,997.3,982.8,1071.5,1536,1536,SYNTHETIC,TRAIN_ONLY,https://www.kaggle.com/datasets/tielemarvin/european-license-plate-dataset-elpd,CC BY 4.0,https://creativecommons.org/licenses/by/4.0/,AI/PlateDetector/datasets/provenance/elpd/elpd_provenance.csv
elpd,filename_prefix_02102_.png,1,license-plate,license_plate,42.08,1085.38,388.9,1175.9,1536,1536,SYNTHETIC,TRAIN_ONLY,https://www.kaggle.com/datasets/tielemarvin/european-license-plate-dataset-elpd,CC BY 4.0,https://creativecommons.org/licenses/by/4.0/,AI/PlateDetector/datasets/provenance/elpd/elpd_provenance.csv
elpd,filename_prefix_02102_.png,2,license-plate,license_plate,1303.5,542.84,1460.3,582.74,1536,1536,SYNTHETIC,TRAIN_ONLY,https://www.kaggle.com/datasets/tielemarvin/european-license-plate-dataset-elpd,CC BY 4.0,https://creativecommons.org/licenses/by/4.0/,AI/PlateDetector/datasets/provenance/elpd/elpd_provenance.csv
elpd,filename_prefix_02102_.png,3,license-plate,license_plate,1301.2,541.52,1459.6,583.6,1536,1536,SYNTHETIC,TRAIN_ONLY,https://www.kaggle.com/datasets/tielemarvin/european-license-plate-dataset-elpd,CC BY 4.0,https://creativecommons.org/licenses/by/4.0/,AI/PlateDetector/datasets/provenance/elpd/elpd_provenance.csv
elpd,filename_prefix_02103_.png,1,license-plate,license_plate,977.67,536.46,1023.58,558.63,1024,1024,SYNTHETIC,TRAIN_ONLY,https://www.kaggle.com/datasets/tielemarvin/european-license-plate-dataset-elpd,CC BY 4.0,https://creativecommons.org/licenses/by/4.0/,AI/PlateDetector/datasets/provenance/elpd/elpd_provenance.csv
elpd,filename_prefix_02103_.png,2,license-plate,license_plate,976.32,534.24,1024.0,558.99,1024,1024,SYNTHETIC,TRAIN_ONLY,https://www.kaggle.com/datasets/tielemarvin/european-license-plate-dataset-elpd,CC BY 4.0,https://creativecommons.org/licenses/by/4.0/,AI/PlateDetector/datasets/provenance/elpd/elpd_provenance.csv
elpd,filename_prefix_02103_.png,3,license-plate,license_plate,292.35,515.65,386.63,541.5,1024,1024,SYNTHETIC,TRAIN_ONLY,https://www.kaggle.com/datasets/tielemarvin/european-license-plate-dataset-elpd,CC BY 4.0,https://creativecommons.org/licenses/by/4.0/,AI/PlateDetector/datasets/provenance/elpd/elpd_provenance.csv
elpd,filename_prefix_02104_.png,1,license-plate,license_plate,779.96,673.97,900.36,708.45,1024,1024,SYNTHETIC,TRAIN_ONLY,https://www.kaggle.com/datasets/tielemarvin/european-license-plate-dataset-elpd,CC BY 4.0,https://creativecommons.org/licenses/by/4.0/,AI/PlateDetector/datasets/provenance/elpd/elpd_provenance.csv
elpd,filename_prefix_02104_.png,2,license-plate,license_plate,187.92,705.3,261.8,725.89,1024,1024,SYNTHETIC,TRAIN_ONLY,https://www.kaggle.com/datasets/tielemarvin/european-license-plate-dataset-elpd,CC BY 4.0,https://creativecommons.org/licenses/by/4.0/,AI/PlateDetector/datasets/provenance/elpd/elpd_provenance.csv
elpd,filename_prefix_02105_.png,1,license-plate,license_plate,576.66,1295.16,826.99,1361.5,1536,1536,SYNTHETIC,TRAIN_ONLY,https://www.kaggle.com/datasets/tielemarvin/european-license-plate-dataset-elpd,CC BY 4.0,https://creativecommons.org/licenses/by/4.0/,AI/PlateDetector/datasets/provenance/elpd/elpd_provenance.csv
elpd,filename_prefix_02106_.png,1,license-plate,license_plate,322.5,971.74,638.56,1061.23,1536,1536,SYNTHETIC,TRAIN_ONLY,https://www.kaggle.com/datasets/tielemarvin/european-license-plate-dataset-elpd,CC BY 4.0,https://creativecommons.org/licenses/by/4.0/,AI/PlateDetector/datasets/provenance/elpd/elpd_provenance.csv
elpd,filename_prefix_02107_.png,1,license-plate,license_plate,194.33,582.95,325.39,644.57,1024,1024,SYNTHETIC,TRAIN_ONLY,https://www.kaggle.com/datasets/tielemarvin/european-license-plate-dataset-elpd,CC BY 4.0,https://creativecommons.org/licenses/by/4.0/,AI/PlateDetector/datasets/provenance/elpd/elpd_provenance.csv
elpd,filename_prefix_02108_.png,1,license-plate,license_plate,931.87,724.16,1024.0,749.82,1024,1024,SYNTHETIC,TRAIN_ONLY,https://www.kaggle.com/datasets/tielemarvin/european-license-plate-dataset-elpd,CC BY 4.0,https://creativecommons.org/licenses/by/4.0/,AI/PlateDetector/datasets/provenance/elpd/elpd_provenance.csv
elpd,filename_prefix_02108_.png,2,license-plate,license_plate,236.16,782.13,383.28,825.45,1024,1024,SYNTHETIC,TRAIN_ONLY,https://www.kaggle.com/datasets/tielemarvin/european-license-plate-dataset-elpd,CC BY 4.0,https://creativecommons.org/licenses/by/4.0/,AI/PlateDetector/datasets/provenance/elpd/elpd_provenance.csv
elpd,filename_prefix_02109_.png,1,license-plate,license_plate,1280.51,800.03,1388.36,827.79,1536,1536,SYNTHETIC,TRAIN_ONLY,https://www.kaggle.com/datasets/tielemarvin/european-license-plate-dataset-elpd,CC BY 4.0,https://creativecommons.org/licenses/by/4.0/,AI/PlateDetector/datasets/provenance/elpd/elpd_provenance.csv
elpd,filename_prefix_02109_.png,2,license-plate,license_plate,685.24,924.07,920.85,983.04,1536,1536,SYNTHETIC,TRAIN_ONLY,https://www.kaggle.com/datasets/tielemarvin/european-license-plate-dataset-elpd,CC BY 4.0,https://creativecommons.org/licenses/by/4.0/,AI/PlateDetector/datasets/provenance/elpd/elpd_provenance.csv
elpd,filename_prefix_02110_.png,1,license-plate,license_plate,26.84,494.6,162.6,548.62,1024,1024,SYNTHETIC,TRAIN_ONLY,https://www.kaggle.com/datasets/tielemarvin/european-license-plate-dataset-elpd,CC BY 4.0,https://creativecommons.org/licenses/by/4.0/,AI/PlateDetector/datasets/provenance/elpd/elpd_provenance.csv
elpd,filename_prefix_02111_.png,1,license-plate,license_plate,352.42,703.0,584.46,764.74,1536,1536,SYNTHETIC,TRAIN_ONLY,https://www.kaggle.com/datasets/tielemarvin/european-license-plate-dataset-elpd,CC BY 4.0,https://creativecommons.org/licenses/by/4.0/,AI/PlateDetector/datasets/provenance/elpd/elpd_provenance.csv
elpd,filename_prefix_02112_.png,1,license-plate,license_plate,714.23,521.12,947.98,587.39,1024,1024,SYNTHETIC,TRAIN_ONLY,https://www.kaggle.com/datasets/tielemarvin/european-license-plate-dataset-elpd,CC BY 4.0,https://creativecommons.org/licenses/by/4.0/,AI/PlateDetector/datasets/provenance/elpd/elpd_provenance.csv
elpd,filename_prefix_02113_.png,1,license-plate,license_plate,355.81,844.41,573.8,909.0,1536,1536,SYNTHETIC,TRAIN_ONLY,https://www.kaggle.com/datasets/tielemarvin/european-license-plate-dataset-elpd,CC BY 4.0,https://creativecommons.org/licenses/by/4.0/,AI/PlateDetector/datasets/provenance/elpd/elpd_provenance.csv
elpd,filename_prefix_02113_.png,2,license-plate,license_plate,1341.5,917.1,1534.28,988.13,1536,1536,SYNTHETIC,TRAIN_ONLY,https://www.kaggle.com/datasets/tielemarvin/european-license-plate-dataset-elpd,CC BY 4.0,https://creativecommons.org/licenses/by/4.0/,AI/PlateDetector/datasets/provenance/elpd/elpd_provenance.csv
elpd,filename_prefix_02114_.png,1,license-plate,license_plate,694.6,1116.83,887.3,1166.7,1536,1536,SYNTHETIC,TRAIN_ONLY,https://www.kaggle.com/datasets/tielemarvin/european-license-plate-dataset-elpd,CC BY 4.0,https://creativecommons.org/licenses/by/4.0/,AI/PlateDetector/datasets/provenance/elpd/elpd_provenance.csv
elpd,filename_prefix_02115_.png,1,license-plate,license_plate,420.33,501.95,486.88,519.56,1024,1024,SYNTHETIC,TRAIN_ONLY,https://www.kaggle.com/datasets/tielemarvin/european-license-plate-dataset-elpd,CC BY 4.0,https://creativecommons.org/licenses/by/4.0/,AI/PlateDetector/datasets/provenance/elpd/elpd_provenance.csv
elpd,filename_prefix_02115_.png,2,license-plate,license_plate,910.53,521.8,1023.0,548.8,1024,1024,SYNTHETIC,TRAIN_ONLY,https://www.kaggle.com/datasets/tielemarvin/european-license-plate-dataset-elpd,CC BY 4.0,https://creativecommons.org/licenses/by/4.0/,AI/PlateDetector/datasets/provenance/elpd/elpd_provenance.csv
elpd,filename_prefix_02116_.png,1,license-plate,license_plate,191.7,759.03,425.9,825.56,1024,1024,SYNTHETIC,TRAIN_ONLY,https://www.kaggle.com/datasets/tielemarvin/european-license-plate-dataset-elpd,CC BY 4.0,https://creativecommons.org/licenses/by/4.0/,AI/PlateDetector/datasets/provenance/elpd/elpd_provenance.csv
elpd,filename_prefix_02117_.png,1,license-plate,license_plate,936.97,772.05,1096.32,850.82,1536,1536,SYNTHETIC,TRAIN_ONLY,https://www.kaggle.com/datasets/tielemarvin/european-license-plate-dataset-elpd,CC BY 4.0,https://creativecommons.org/licenses/by/4.0/,AI/PlateDetector/datasets/provenance/elpd/elpd_provenance.csv
elpd,filename_prefix_02117_.png,2,license-plate,license_plate,1403.0,605.01,1494.98,653.06,1536,1536,SYNTHETIC,TRAIN_ONLY,https://www.kaggle.com/datasets/tielemarvin/european-license-plate-dataset-elpd,CC BY 4.0,https://creativecommons.org/licenses/by/4.0/,AI/PlateDetector/datasets/provenance/elpd/elpd_provenance.csv
elpd,filename_prefix_02118_.png,1,license-plate,license_plate,202.7,896.3,309.22,926.3,1536,1536,SYNTHETIC,TRAIN_ONLY,https://www.kaggle.com/datasets/tielemarvin/european-license-plate-dataset-elpd,CC BY 4.0,https://creativecommons.org/licenses/by/4.0/,AI/PlateDetector/datasets/provenance/elpd/elpd_provenance.csv
elpd,filename_prefix_02118_.png,2,license-plate,license_plate,1074.45,1205.9,1240.51,1310.75,1536,1536,SYNTHETIC,TRAIN_ONLY,https://www.kaggle.com/datasets/tielemarvin/european-license-plate-dataset-elpd,CC BY 4.0,https://creativecommons.org/licenses/by/4.0/,AI/PlateDetector/datasets/provenance/elpd/elpd_provenance.csv
elpd,filename_prefix_02119_.png,1,license-plate,license_plate,537.1,787.99,1024.0,939.8,1024,1024,SYNTHETIC,TRAIN_ONLY,https://www.kaggle.com/datasets/tielemarvin/european-license-plate-dataset-elpd,CC BY 4.0,https://creativecommons.org/licenses/by/4.0/,AI/PlateDetector/datasets/provenance/elpd/elpd_provenance.csv
elpd,filename_prefix_02119_.png,2,license-plate,license_plate,102.34,187.13,221.42,223.48,1024,1024,SYNTHETIC,TRAIN_ONLY,https://www.kaggle.com/datasets/tielemarvin/european-license-plate-dataset-elpd,CC BY 4.0,https://creativecommons.org/licenses/by/4.0/,AI/PlateDetector/datasets/provenance/elpd/elpd_provenance.csv
elpd,filename_prefix_02120_.png,1,license-plate,license_plate,361.19,764.5,637.66,836.55,1024,1024,SYNTHETIC,TRAIN_ONLY,https://www.kaggle.com/datasets/tielemarvin/european-license-plate-dataset-elpd,CC BY 4.0,https://creativecommons.org/licenses/by/4.0/,AI/PlateDetector/datasets/provenance/elpd/elpd_provenance.csv
elpd,filename_prefix_02121_.png,1,license-plate,license_plate,339.1,1069.33,613.21,1175.5,1536,1536,SYNTHETIC,TRAIN_ONLY,https://www.kaggle.com/datasets/tielemarvin/european-license-plate-dataset-elpd,CC BY 4.0,https://creativecommons.org/licenses/by/4.0/,AI/PlateDetector/datasets/provenance/elpd/elpd_provenance.csv
elpd,filename_prefix_02122_.png,1,license-plate,license_plate,853.28,1028.04,1150.88,1106.35,1536,1536,SYNTHETIC,TRAIN_ONLY,https://www.kaggle.com/datasets/tielemarvin/european-license-plate-dataset-elpd,CC BY 4.0,https://creativecommons.org/licenses/by/4.0/,AI/PlateDetector/datasets/provenance/elpd/elpd_provenance.csv
elpd,filename_prefix_02123_.png,1,license-plate,license_plate,807.04,613.41,965.98,650.81,1024,1024,SYNTHETIC,TRAIN_ONLY,https://www.kaggle.com/datasets/tielemarvin/european-license-plate-dataset-elpd,CC BY 4.0,https://creativecommons.org/licenses/by/4.0/,AI/PlateDetector/datasets/provenance/elpd/elpd_provenance.csv
elpd,filename_prefix_02124_.png,1,license-plate,license_plate,222.53,607.42,358.29,646.96,1024,1024,SYNTHETIC,TRAIN_ONLY,https://www.kaggle.com/datasets/tielemarvin/european-license-plate-dataset-elpd,CC BY 4.0,https://creativecommons.org/licenses/by/4.0/,AI/PlateDetector/datasets/provenance/elpd/elpd_provenance.csv
elpd,filename_prefix_02125_.png,1,license-plate,license_plate,440.94,1042.09,614.84,1091.9,1536,1536,SYNTHETIC,TRAIN_ONLY,https://www.kaggle.com/datasets/tielemarvin/european-license-plate-dataset-elpd,CC BY 4.0,https://creativecommons.org/licenses/by/4.0/,AI/PlateDetector/datasets/provenance/elpd/elpd_provenance.csv
elpd,filename_prefix_02126_.png,1,license-plate,license_plate,348.67,703.95,537.04,752.76,1024,1024,SYNTHETIC,TRAIN_ONLY,https://www.kaggle.com/datasets/tielemarvin/european-license-plate-dataset-elpd,CC BY 4.0,https://creativecommons.org/licenses/by/4.0/,AI/PlateDetector/datasets/provenance/elpd/elpd_provenance.csv
elpd,filename_prefix_02127_.png,1,license-plate,license_plate,290.94,1187.49,635.54,1299.45,1536,1536,SYNTHETIC,TRAIN_ONLY,https://www.kaggle.com/datasets/tielemarvin/european-license-plate-dataset-elpd,CC BY 4.0,https://creativecommons.org/licenses/by/4.0/,AI/PlateDetector/datasets/provenance/elpd/elpd_provenance.csv
elpd,filename_prefix_02128_.png,1,license-plate,license_plate,426.33,740.87,602.28,789.38,1024,1024,SYNTHETIC,TRAIN_ONLY,https://www.kaggle.com/datasets/tielemarvin/european-license-plate-dataset-elpd,CC BY 4.0,https://creativecommons.org/licenses/by/4.0/,AI/PlateDetector/datasets/provenance/elpd/elpd_provenance.csv
elpd,filename_prefix_02129_.png,1,license-plate,license_plate,425.63,630.23,704.4,706.65,1536,1536,SYNTHETIC,TRAIN_ONLY,https://www.kaggle.com/datasets/tielemarvin/european-license-plate-dataset-elpd,CC BY 4.0,https://creativecommons.org/licenses/by/4.0/,AI/PlateDetector/datasets/provenance/elpd/elpd_provenance.csv
elpd,filename_prefix_02129_.png,2,license-plate,license_plate,1050.01,573.76,1177.14,621.66,1536,1536,SYNTHETIC,TRAIN_ONLY,https://www.kaggle.com/datasets/tielemarvin/european-license-plate-dataset-elpd,CC BY 4.0,https://creativecommons.org/licenses/by/4.0/,AI/PlateDetector/datasets/provenance/elpd/elpd_provenance.csv
elpd,filename_prefix_02130_.png,1,license-plate,license_plate,608.7,1242.5,956.97,1332.64,1536,1536,SYNTHETIC,TRAIN_ONLY,https://www.kaggle.com/datasets/tielemarvin/european-license-plate-dataset-elpd,CC BY 4.0,https://creativecommons.org/licenses/by/4.0/,AI/PlateDetector/datasets/provenance/elpd/elpd_provenance.csv
elpd,filename_prefix_02131_.png,1,license-plate,license_plate,406.11,516.45,532.67,550.52,1024,1024,SYNTHETIC,TRAIN_ONLY,https://www.kaggle.com/datasets/tielemarvin/european-license-plate-dataset-elpd,CC BY 4.0,https://creativecommons.org/licenses/by/4.0/,AI/PlateDetector/datasets/provenance/elpd/elpd_provenance.csv
elpd,filename_prefix_02132_.png,1,license-plate,license_plate,36.53,782.48,292.2,851.0,1024,1024,SYNTHETIC,TRAIN_ONLY,https://www.kaggle.com/datasets/tielemarvin/european-license-plate-dataset-elpd,CC BY 4.0,https://creativecommons.org/licenses/by/4.0/,AI/PlateDetector/datasets/provenance/elpd/elpd_provenance.csv
elpd,filename_prefix_02133_.png,1,license-plate,license_plate,218.17,1076.99,423.69,1147.15,1536,1536,SYNTHETIC,TRAIN_ONLY,https://www.kaggle.com/datasets/tielemarvin/european-license-plate-dataset-elpd,CC BY 4.0,https://creativecommons.org/licenses/by/4.0/,AI/PlateDetector/datasets/provenance/elpd/elpd_provenance.csv
elpd,filename_prefix_02133_.png,2,license-plate,license_plate,1447.31,902.97,1536.0,928.98,1536,1536,SYNTHETIC,TRAIN_ONLY,https://www.kaggle.com/datasets/tielemarvin/european-license-plate-dataset-elpd,CC BY 4.0,https://creativecommons.org/licenses/by/4.0/,AI/PlateDetector/datasets/provenance/elpd/elpd_provenance.csv
elpd,filename_prefix_02134_.png,1,license-plate,license_plate,1417.61,1081.3,1536.0,1147.89,1536,1536,SYNTHETIC,TRAIN_ONLY,https://www.kaggle.com/datasets/tielemarvin/european-license-plate-dataset-elpd,CC BY 4.0,https://creativecommons.org/licenses/by/4.0/,AI/PlateDetector/datasets/provenance/elpd/elpd_provenance.csv
elpd,filename_prefix_02134_.png,2,license-plate,license_plate,724.22,715.77,863.12,750.63,1536,1536,SYNTHETIC,TRAIN_ONLY,https://www.kaggle.com/datasets/tielemarvin/european-license-plate-dataset-elpd,CC BY 4.0,https://creativecommons.org/licenses/by/4.0/,AI/PlateDetector/datasets/provenance/elpd/elpd_provenance.csv
elpd,filename_prefix_02135_.png,1,license-plate,license_plate,96.68,629.3,158.8,645.32,1024,1024,SYNTHETIC,TRAIN_ONLY,https://www.kaggle.com/datasets/tielemarvin/european-license-plate-dataset-elpd,CC BY 4.0,https://creativecommons.org/licenses/by/4.0/,AI/PlateDetector/datasets/provenance/elpd/elpd_provenance.csv
elpd,filename_prefix_02136_.png,1,license-plate,license_plate,666.07,591.64,814.51,670.63,1024,1024,SYNTHETIC,TRAIN_ONLY,https://www.kaggle.com/datasets/tielemarvin/european-license-plate-dataset-elpd,CC BY 4.0,https://creativecommons.org/licenses/by/4.0/,AI/PlateDetector/datasets/provenance/elpd/elpd_provenance.csv
elpd,filename_prefix_02137_.png,1,license-plate,license_plate,312.18,1094.7,598.58,1188.0,1536,1536,SYNTHETIC,TRAIN_ONLY,https://www.kaggle.com/datasets/tielemarvin/european-license-plate-dataset-elpd,CC BY 4.0,https://creativecommons.org/licenses/by/4.0/,AI/PlateDetector/datasets/provenance/elpd/elpd_provenance.csv
elpd,filename_prefix_02138_.png,1,license-plate,license_plate,527.2,761.2,728.23,823.25,1536,1536,SYNTHETIC,TRAIN_ONLY,https://www.kaggle.com/datasets/tielemarvin/european-license-plate-dataset-elpd,CC BY 4.0,https://creativecommons.org/licenses/by/4.0/,AI/PlateDetector/datasets/provenance/elpd/elpd_provenance.csv
elpd,filename_prefix_02139_.png,1,license-plate,license_plate,434.66,655.64,584.23,696.94,1024,1024,SYNTHETIC,TRAIN_ONLY,https://www.kaggle.com/datasets/tielemarvin/european-license-plate-dataset-elpd,CC BY 4.0,https://creativecommons.org/licenses/by/4.0/,AI/PlateDetector/datasets/provenance/elpd/elpd_provenance.csv
elpd,filename_prefix_02140_.png,1,license-plate,license_plate,686.86,762.84,822.04,812.9,1024,1024,SYNTHETIC,TRAIN_ONLY,https://www.kaggle.com/datasets/tielemarvin/european-license-plate-dataset-elpd,CC BY 4.0,https://creativecommons.org/licenses/by/4.0/,AI/PlateDetector/datasets/provenance/elpd/elpd_provenance.csv
elpd,filename_prefix_02141_.png,1,license-plate,license_plate,1104.07,817.91,1284.98,908.37,1536,1536,SYNTHETIC,TRAIN_ONLY,https://www.kaggle.com/datasets/tielemarvin/european-license-plate-dataset-elpd,CC BY 4.0,https://creativecommons.org/licenses/by/4.0/,AI/PlateDetector/datasets/provenance/elpd/elpd_provenance.csv
elpd,filename_prefix_02142_.png,1,license-plate,license_plate,508.51,721.08,597.11,739.57,1024,1024,SYNTHETIC,TRAIN_ONLY,https://www.kaggle.com/datasets/tielemarvin/european-license-plate-dataset-elpd,CC BY 4.0,https://creativecommons.org/licenses/by/4.0/,AI/PlateDetector/datasets/provenance/elpd/elpd_provenance.csv
elpd,filename_prefix_02143_.png,1,license-plate,license_plate,870.3,919.13,951.55,940.79,1536,1536,SYNTHETIC,TRAIN_ONLY,https://www.kaggle.com/datasets/tielemarvin/european-license-plate-dataset-elpd,CC BY 4.0,https://creativecommons.org/licenses/by/4.0/,AI/PlateDetector/datasets/provenance/elpd/elpd_provenance.csv
elpd,filename_prefix_02144_.png,1,license-plate,license_plate,391.07,694.13,545.76,739.56,1024,1024,SYNTHETIC,TRAIN_ONLY,https://www.kaggle.com/datasets/tielemarvin/european-license-plate-dataset-elpd,CC BY 4.0,https://creativecommons.org/licenses/by/4.0/,AI/PlateDetector/datasets/provenance/elpd/elpd_provenance.csv
elpd,filename_prefix_02145_.png,1,license-plate,license_plate,418.11,1217.36,739.31,1296.75,1536,1536,SYNTHETIC,TRAIN_ONLY,https://www.kaggle.com/datasets/tielemarvin/european-license-plate-dataset-elpd,CC BY 4.0,https://creativecommons.org/licenses/by/4.0/,AI/PlateDetector/datasets/provenance/elpd/elpd_provenance.csv
elpd,filename_prefix_02145_.png,2,license-plate,license_plate,1341.28,808.27,1443.79,839.18,1536,1536,SYNTHETIC,TRAIN_ONLY,https://www.kaggle.com/datasets/tielemarvin/european-license-plate-dataset-elpd,CC BY 4.0,https://creativecommons.org/licenses/by/4.0/,AI/PlateDetector/datasets/provenance/elpd/elpd_provenance.csv
elpd,filename_prefix_02146_.png,1,license-plate,license_plate,211.92,1030.0,521.47,1138.61,1536,1536,SYNTHETIC,TRAIN_ONLY,https://www.kaggle.com/datasets/tielemarvin/european-license-plate-dataset-elpd,CC BY 4.0,https://creativecommons.org/licenses/by/4.0/,AI/PlateDetector/datasets/provenance/elpd/elpd_provenance.csv
elpd,filename_prefix_02147_.png,1,license-plate,license_plate,0.0,734.0,212.07,807.62,1024,1024,SYNTHETIC,TRAIN_ONLY,https://www.kaggle.com/datasets/tielemarvin/european-license-plate-dataset-elpd,CC BY 4.0,https://creativecommons.org/licenses/by/4.0/,AI/PlateDetector/datasets/provenance/elpd/elpd_provenance.csv
elpd,filename_prefix_02148_.png,1,license-plate,license_plate,411.88,741.19,600.88,795.42,1024,1024,SYNTHETIC,TRAIN_ONLY,https://www.kaggle.com/datasets/tielemarvin/european-license-plate-dataset-elpd,CC BY 4.0,https://creativecommons.org/licenses/by/4.0/,AI/PlateDetector/datasets/provenance/elpd/elpd_provenance.csv
elpd,filename_prefix_02149_.png,1,license-plate,license_plate,757.64,1154.6,975.43,1210.36,1536,1536,SYNTHETIC,TRAIN_ONLY,https://www.kaggle.com/datasets/tielemarvin/european-license-plate-dataset-elpd,CC BY 4.0,https://creativecommons.org/licenses/by/4.0/,AI/PlateDetector/datasets/provenance/elpd/elpd_provenance.csv
elpd,filename_prefix_02150_.png,1,license-plate,license_plate,1328.17,902.97,1441.3,932.0,1536,1536,SYNTHETIC,TRAIN_ONLY,https://www.kaggle.com/datasets/tielemarvin/european-license-plate-dataset-elpd,CC BY 4.0,https://creativecommons.org/licenses/by/4.0/,AI/PlateDetector/datasets/provenance/elpd/elpd_provenance.csv
elpd,filename_prefix_02150_.png,2,license-plate,license_plate,632.63,1125.48,864.66,1182.81,1536,1536,SYNTHETIC,TRAIN_ONLY,https://www.kaggle.com/datasets/tielemarvin/european-license-plate-dataset-elpd,CC BY 4.0,https://creativecommons.org/licenses/by/4.0/,AI/PlateDetector/datasets/provenance/elpd/elpd_provenance.csv
elpd,filename_prefix_02151_.png,1,license-plate,license_plate,474.17,591.28,597.25,622.57,1024,1024,SYNTHETIC,TRAIN_ONLY,https://www.kaggle.com/datasets/tielemarvin/european-license-plate-dataset-elpd,CC BY 4.0,https://creativecommons.org/licenses/by/4.0/,AI/PlateDetector/datasets/provenance/elpd/elpd_provenance.csv
elpd,filename_prefix_02152_.png,1,license-plate,license_plate,419.6,552.81,455.82,567.7,1024,1024,SYNTHETIC,TRAIN_ONLY,https://www.kaggle.com/datasets/tielemarvin/european-license-plate-dataset-elpd,CC BY 4.0,https://creativecommons.org/licenses/by/4.0/,AI/PlateDetector/datasets/provenance/elpd/elpd_provenance.csv
elpd,filename_prefix_02153_.png,1,license-plate,license_plate,838.0,862.45,1090.35,924.14,1536,1536,SYNTHETIC,TRAIN_ONLY,https://www.kaggle.com/datasets/tielemarvin/european-license-plate-dataset-elpd,CC BY 4.0,https://creativecommons.org/licenses/by/4.0/,AI/PlateDetector/datasets/provenance/elpd/elpd_provenance.csv
elpd,filename_prefix_02154_.png,1,license-plate,license_plate,354.07,881.04,586.14,957.36,1536,1536,SYNTHETIC,TRAIN_ONLY,https://www.kaggle.com/datasets/tielemarvin/european-license-plate-dataset-elpd,CC BY 4.0,https://creativecommons.org/licenses/by/4.0/,AI/PlateDetector/datasets/provenance/elpd/elpd_provenance.csv
elpd,filename_prefix_02155_.png,1,license-plate,license_plate,181.04,477.05,293.69,504.59,1024,1024,SYNTHETIC,TRAIN_ONLY,https://www.kaggle.com/datasets/tielemarvin/european-license-plate-dataset-elpd,CC BY 4.0,https://creativecommons.org/licenses/by/4.0/,AI/PlateDetector/datasets/provenance/elpd/elpd_provenance.csv
elpd,filename_prefix_02156_.png,1,license-plate,license_plate,337.0,567.93,587.25,638.1,1024,1024,SYNTHETIC,TRAIN_ONLY,https://www.kaggle.com/datasets/tielemarvin/european-license-plate-dataset-elpd,CC BY 4.0,https://creativecommons.org/licenses/by/4.0/,AI/PlateDetector/datasets/provenance/elpd/elpd_provenance.csv
elpd,filename_prefix_02157_.png,1,license-plate,license_plate,1171.78,966.94,1330.79,1012.38,1536,1536,SYNTHETIC,TRAIN_ONLY,https://www.kaggle.com/datasets/tielemarvin/european-license-plate-dataset-elpd,CC BY 4.0,https://creativecommons.org/licenses/by/4.0/,AI/PlateDetector/datasets/provenance/elpd/elpd_provenance.csv
elpd,filename_prefix_02157_.png,2,license-plate,license_plate,390.6,960.21,652.82,1031.51,1536,1536,SYNTHETIC,TRAIN_ONLY,https://www.kaggle.com/datasets/tielemarvin/european-license-plate-dataset-elpd,CC BY 4.0,https://creativecommons.org/licenses/by/4.0/,AI/PlateDetector/datasets/provenance/elpd/elpd_provenance.csv
elpd,filename_prefix_02158_.png,1,license-plate,license_plate,190.53,642.04,349.71,683.5,1024,1024,SYNTHETIC,TRAIN_ONLY,https://www.kaggle.com/datasets/tielemarvin/european-license-plate-dataset-elpd,CC BY 4.0,https://creativecommons.org/licenses/by/4.0/,AI/PlateDetector/datasets/provenance/elpd/elpd_provenance.csv
elpd,filename_prefix_02159_.png,1,license-plate,license_plate,760.59,920.1,1049.09,1016.54,1536,1536,SYNTHETIC,TRAIN_ONLY,https://www.kaggle.com/datasets/tielemarvin/european-license-plate-dataset-elpd,CC BY 4.0,https://creativecommons.org/licenses/by/4.0/,AI/PlateDetector/datasets/provenance/elpd/elpd_provenance.csv
elpd,filename_prefix_02160_.png,1,license-plate,license_plate,290.62,695.28,499.09,752.03,1024,1024,SYNTHETIC,TRAIN_ONLY,https://www.kaggle.com/datasets/tielemarvin/european-license-plate-dataset-elpd,CC BY 4.0,https://creativecommons.org/licenses/by/4.0/,AI/PlateDetector/datasets/provenance/elpd/elpd_provenance.csv
elpd,filename_prefix_02161_.png,1,license-plate,license_plate,544.05,1126.31,836.93,1210.86,1536,1536,SYNTHETIC,TRAIN_ONLY,https://www.kaggle.com/datasets/tielemarvin/european-license-plate-dataset-elpd,CC BY 4.0,https://creativecommons.org/licenses/by/4.0/,AI/PlateDetector/datasets/provenance/elpd/elpd_provenance.csv
elpd,filename_prefix_02162_.png,1,license-plate,license_plate,439.2,1032.1,625.0,1090.6,1536,1536,SYNTHETIC,TRAIN_ONLY,https://www.kaggle.com/datasets/tielemarvin/european-license-plate-dataset-elpd,CC BY 4.0,https://creativecommons.org/licenses/by/4.0/,AI/PlateDetector/datasets/provenance/elpd/elpd_provenance.csv
elpd,filename_prefix_02163_.png,1,license-plate,license_plate,809.61,481.36,944.8,515.6,1024,1024,SYNTHETIC,TRAIN_ONLY,https://www.kaggle.com/datasets/tielemarvin/european-license-plate-dataset-elpd,CC BY 4.0,https://creativecommons.org/licenses/by/4.0/,AI/PlateDetector/datasets/provenance/elpd/elpd_provenance.csv
elpd,filename_prefix_02163_.png,2,license-plate,license_plate,1.05,565.07,295.86,669.73,1024,1024,SYNTHETIC,TRAIN_ONLY,https://www.kaggle.com/datasets/tielemarvin/european-license-plate-dataset-elpd,CC BY 4.0,https://creativecommons.org/licenses/by/4.0/,AI/PlateDetector/datasets/provenance/elpd/elpd_provenance.csv
elpd,filename_prefix_02164_.png,1,license-plate,license_plate,381.56,658.58,558.76,702.03,1024,1024,SYNTHETIC,TRAIN_ONLY,https://www.kaggle.com/datasets/tielemarvin/european-license-plate-dataset-elpd,CC BY 4.0,https://creativecommons.org/licenses/by/4.0/,AI/PlateDetector/datasets/provenance/elpd/elpd_provenance.csv
elpd,filename_prefix_02165_.png,1,license-plate,license_plate,145.88,1021.45,281.6,1098.61,1536,1536,SYNTHETIC,TRAIN_ONLY,https://www.kaggle.com/datasets/tielemarvin/european-license-plate-dataset-elpd,CC BY 4.0,https://creativecommons.org/licenses/by/4.0/,AI/PlateDetector/datasets/provenance/elpd/elpd_provenance.csv
elpd,filename_prefix_02166_.png,1,license-plate,license_plate,700.43,757.48,1113.95,860.56,1536,1536,SYNTHETIC,TRAIN_ONLY,https://www.kaggle.com/datasets/tielemarvin/european-license-plate-dataset-elpd,CC BY 4.0,https://creativecommons.org/licenses/by/4.0/,AI/PlateDetector/datasets/provenance/elpd/elpd_provenance.csv
elpd,filename_prefix_02166_.png,2,license-plate,license_plate,94.64,125.76,249.0,163.5,1536,1536,SYNTHETIC,TRAIN_ONLY,https://www.kaggle.com/datasets/tielemarvin/european-license-plate-dataset-elpd,CC BY 4.0,https://creativecommons.org/licenses/by/4.0/,AI/PlateDetector/datasets/provenance/elpd/elpd_provenance.csv
elpd,filename_prefix_02167_.png,1,license-plate,license_plate,0.0,601.02,116.06,690.6,1024,1024,SYNTHETIC,TRAIN_ONLY,https://www.kaggle.com/datasets/tielemarvin/european-license-plate-dataset-elpd,CC BY 4.0,https://creativecommons.org/licenses/by/4.0/,AI/PlateDetector/datasets/provenance/elpd/elpd_provenance.csv
elpd,filename_prefix_02168_.png,1,license-plate,license_plate,840.28,593.54,921.14,613.69,1024,1024,SYNTHETIC,TRAIN_ONLY,https://www.kaggle.com/datasets/tielemarvin/european-license-plate-dataset-elpd,CC BY 4.0,https://creativecommons.org/licenses/by/4.0/,AI/PlateDetector/datasets/provenance/elpd/elpd_provenance.csv
elpd,filename_prefix_02168_.png,2,license-plate,license_plate,384.3,598.96,532.35,633.6,1024,1024,SYNTHETIC,TRAIN_ONLY,https://www.kaggle.com/datasets/tielemarvin/european-license-plate-dataset-elpd,CC BY 4.0,https://creativecommons.org/licenses/by/4.0/,AI/PlateDetector/datasets/provenance/elpd/elpd_provenance.csv
elpd,filename_prefix_02169_.png,1,license-plate,license_plate,640.61,862.08,838.71,916.25,1536,1536,SYNTHETIC,TRAIN_ONLY,https://www.kaggle.com/datasets/tielemarvin/european-license-plate-dataset-elpd,CC BY 4.0,https://creativecommons.org/licenses/by/4.0/,AI/PlateDetector/datasets/provenance/elpd/elpd_provenance.csv
elpd,filename_prefix_02170_.png,1,license-plate,license_plate,346.28,1029.96,562.6,1098.9,1536,1536,SYNTHETIC,TRAIN_ONLY,https://www.kaggle.com/datasets/tielemarvin/european-license-plate-dataset-elpd,CC BY 4.0,https://creativecommons.org/licenses/by/4.0/,AI/PlateDetector/datasets/provenance/elpd/elpd_provenance.csv
elpd,filename_prefix_02171_.png,1,license-plate,license_plate,149.78,402.62,405.31,474.51,1024,1024,SYNTHETIC,TRAIN_ONLY,https://www.kaggle.com/datasets/tielemarvin/european-license-plate-dataset-elpd,CC BY 4.0,https://creativecommons.org/licenses/by/4.0/,AI/PlateDetector/datasets/provenance/elpd/elpd_provenance.csv
elpd,filename_prefix_02172_.png,1,license-plate,license_plate,616.75,524.29,785.67,579.8,1024,1024,SYNTHETIC,TRAIN_ONLY,https://www.kaggle.com/datasets/tielemarvin/european-license-plate-dataset-elpd,CC BY 4.0,https://creativecommons.org/licenses/by/4.0/,AI/PlateDetector/datasets/provenance/elpd/elpd_provenance.csv
elpd,filename_prefix_02173_.png,1,license-plate,license_plate,1382.39,743.72,1493.37,780.14,1536,1536,SYNTHETIC,TRAIN_ONLY,https://www.kaggle.com/datasets/tielemarvin/european-license-plate-dataset-elpd,CC BY 4.0,https://creativecommons.org/licenses/by/4.0/,AI/PlateDetector/datasets/provenance/elpd/elpd_provenance.csv
elpd,filename_prefix_02173_.png,2,license-plate,license_plate,306.43,1195.8,751.6,1342.81,1536,1536,SYNTHETIC,TRAIN_ONLY,https://www.kaggle.com/datasets/tielemarvin/european-license-plate-dataset-elpd,CC BY 4.0,https://creativecommons.org/licenses/by/4.0/,AI/PlateDetector/datasets/provenance/elpd/elpd_provenance.csv
elpd,filename_prefix_02174_.png,1,license-plate,license_plate,307.59,758.63,460.21,800.07,1024,1024,SYNTHETIC,TRAIN_ONLY,https://www.kaggle.com/datasets/tielemarvin/european-license-plate-dataset-elpd,CC BY 4.0,https://creativecommons.org/licenses/by/4.0/,AI/PlateDetector/datasets/provenance/elpd/elpd_provenance.csv
elpd,filename_prefix_02175_.png,1,license-plate,license_plate,0.0,1252.28,501.85,1432.56,1536,1536,SYNTHETIC,TRAIN_ONLY,https://www.kaggle.com/datasets/tielemarvin/european-license-plate-dataset-elpd,CC BY 4.0,https://creativecommons.org/licenses/by/4.0/,AI/PlateDetector/datasets/provenance/elpd/elpd_provenance.csv
elpd,filename_prefix_02176_.png,1,license-plate,license_plate,670.17,652.38,842.67,764.06,1024,1024,SYNTHETIC,TRAIN_ONLY,https://www.kaggle.com/datasets/tielemarvin/european-license-plate-dataset-elpd,CC BY 4.0,https://creativecommons.org/licenses/by/4.0/,AI/PlateDetector/datasets/provenance/elpd/elpd_provenance.csv
elpd,filename_prefix_02177_.png,1,license-plate,license_plate,343.08,1034.41,632.49,1135.09,1536,1536,SYNTHETIC,TRAIN_ONLY,https://www.kaggle.com/datasets/tielemarvin/european-license-plate-dataset-elpd,CC BY 4.0,https://creativecommons.org/licenses/by/4.0/,AI/PlateDetector/datasets/provenance/elpd/elpd_provenance.csv
elpd,filename_prefix_02178_.png,1,license-plate,license_plate,1349.59,930.32,1535.38,996.24,1536,1536,SYNTHETIC,TRAIN_ONLY,https://www.kaggle.com/datasets/tielemarvin/european-license-plate-dataset-elpd,CC BY 4.0,https://creativecommons.org/licenses/by/4.0/,AI/PlateDetector/datasets/provenance/elpd/elpd_provenance.csv
elpd,filename_prefix_02178_.png,2,license-plate,license_plate,498.35,887.08,630.74,922.1,1536,1536,SYNTHETIC,TRAIN_ONLY,https://www.kaggle.com/datasets/tielemarvin/european-license-plate-dataset-elpd,CC BY 4.0,https://creativecommons.org/licenses/by/4.0/,AI/PlateDetector/datasets/provenance/elpd/elpd_provenance.csv
elpd,filename_prefix_02179_.png,1,license-plate,license_plate,44.74,643.61,304.65,721.65,1024,1024,SYNTHETIC,TRAIN_ONLY,https://www.kaggle.com/datasets/tielemarvin/european-license-plate-dataset-elpd,CC BY 4.0,https://creativecommons.org/licenses/by/4.0/,AI/PlateDetector/datasets/provenance/elpd/elpd_provenance.csv
elpd,filename_prefix_02179_.png,2,license-plate,license_plate,543.92,507.81,615.19,526.5,1024,1024,SYNTHETIC,TRAIN_ONLY,https://www.kaggle.com/datasets/tielemarvin/european-license-plate-dataset-elpd,CC BY 4.0,https://creativecommons.org/licenses/by/4.0/,AI/PlateDetector/datasets/provenance/elpd/elpd_provenance.csv
elpd,filename_prefix_02180_.png,1,license-plate,license_plate,0.0,919.0,166.4,997.74,1024,1024,SYNTHETIC,TRAIN_ONLY,https://www.kaggle.com/datasets/tielemarvin/european-license-plate-dataset-elpd,CC BY 4.0,https://creativecommons.org/licenses/by/4.0/,AI/PlateDetector/datasets/provenance/elpd/elpd_provenance.csv
elpd,filename_prefix_02181_.png,1,license-plate,license_plate,337.85,895.11,626.15,984.64,1536,1536,SYNTHETIC,TRAIN_ONLY,https://www.kaggle.com/datasets/tielemarvin/european-license-plate-dataset-elpd,CC BY 4.0,https://creativecommons.org/licenses/by/4.0/,AI/PlateDetector/datasets/provenance/elpd/elpd_provenance.csv
elpd,filename_prefix_02181_.png,2,license-plate,license_plate,1314.9,534.55,1476.82,583.38,1536,1536,SYNTHETIC,TRAIN_ONLY,https://www.kaggle.com/datasets/tielemarvin/european-license-plate-dataset-elpd,CC BY 4.0,https://creativecommons.org/licenses/by/4.0/,AI/PlateDetector/datasets/provenance/elpd/elpd_provenance.csv
elpd,filename_prefix_02182_.png,1,license-plate,license_plate,27.96,735.84,104.05,756.03,1536,1536,SYNTHETIC,TRAIN_ONLY,https://www.kaggle.com/datasets/tielemarvin/european-license-plate-dataset-elpd,CC BY 4.0,https://creativecommons.org/licenses/by/4.0/,AI/PlateDetector/datasets/provenance/elpd/elpd_provenance.csv
elpd,filename_prefix_02182_.png,2,license-plate,license_plate,688.74,906.58,941.01,974.75,1536,1536,SYNTHETIC,TRAIN_ONLY,https://www.kaggle.com/datasets/tielemarvin/european-license-plate-dataset-elpd,CC BY 4.0,https://creativecommons.org/licenses/by/4.0/,AI/PlateDetector/datasets/provenance/elpd/elpd_provenance.csv
elpd,filename_prefix_02183_.png,1,license-plate,license_plate,446.56,757.12,613.71,803.04,1024,1024,SYNTHETIC,TRAIN_ONLY,https://www.kaggle.com/datasets/tielemarvin/european-license-plate-dataset-elpd,CC BY 4.0,https://creativecommons.org/licenses/by/4.0/,AI/PlateDetector/datasets/provenance/elpd/elpd_provenance.csv
elpd,filename_prefix_02184_.png,1,license-plate,license_plate,210.81,643.64,340.9,683.1,1024,1024,SYNTHETIC,TRAIN_ONLY,https://www.kaggle.com/datasets/tielemarvin/european-license-plate-dataset-elpd,CC BY 4.0,https://creativecommons.org/licenses/by/4.0/,AI/PlateDetector/datasets/provenance/elpd/elpd_provenance.csv
elpd,filename_prefix_02185_.png,1,license-plate,license_plate,1005.41,1015.37,1177.29,1055.5,1536,1536,SYNTHETIC,TRAIN_ONLY,https://www.kaggle.com/datasets/tielemarvin/european-license-plate-dataset-elpd,CC BY 4.0,https://creativecommons.org/licenses/by/4.0/,AI/PlateDetector/datasets/provenance/elpd/elpd_provenance.csv
elpd,filename_prefix_02186_.png,1,license-plate,license_plate,1098.63,655.79,1245.86,692.49,1536,1536,SYNTHETIC,TRAIN_ONLY,https://www.kaggle.com/datasets/tielemarvin/european-license-plate-dataset-elpd,CC BY 4.0,https://creativecommons.org/licenses/by/4.0/,AI/PlateDetector/datasets/provenance/elpd/elpd_provenance.csv
elpd,filename_prefix_02186_.png,2,license-plate,license_plate,362.82,888.17,685.86,971.17,1536,1536,SYNTHETIC,TRAIN_ONLY,https://www.kaggle.com/datasets/tielemarvin/european-license-plate-dataset-elpd,CC BY 4.0,https://creativecommons.org/licenses/by/4.0/,AI/PlateDetector/datasets/provenance/elpd/elpd_provenance.csv
elpd,filename_prefix_02187_.png,1,license-plate,license_plate,176.09,657.46,371.54,729.97,1024,1024,SYNTHETIC,TRAIN_ONLY,https://www.kaggle.com/datasets/tielemarvin/european-license-plate-dataset-elpd,CC BY 4.0,https://creativecommons.org/licenses/by/4.0/,AI/PlateDetector/datasets/provenance/elpd/elpd_provenance.csv
elpd,filename_prefix_02187_.png,2,license-plate,license_plate,190.59,792.82,379.83,872.24,1024,1024,SYNTHETIC,TRAIN_ONLY,https://www.kaggle.com/datasets/tielemarvin/european-license-plate-dataset-elpd,CC BY 4.0,https://creativecommons.org/licenses/by/4.0/,AI/PlateDetector/datasets/provenance/elpd/elpd_provenance.csv
elpd,filename_prefix_02188_.png,1,license-plate,license_plate,405.26,824.46,641.95,901.29,1024,1024,SYNTHETIC,TRAIN_ONLY,https://www.kaggle.com/datasets/tielemarvin/european-license-plate-dataset-elpd,CC BY 4.0,https://creativecommons.org/licenses/by/4.0/,AI/PlateDetector/datasets/provenance/elpd/elpd_provenance.csv
elpd,filename_prefix_02189_.png,1,license-plate,license_plate,214.88,936.95,356.32,972.44,1536,1536,SYNTHETIC,TRAIN_ONLY,https://www.kaggle.com/datasets/tielemarvin/european-license-plate-dataset-elpd,CC BY 4.0,https://creativecommons.org/licenses/by/4.0/,AI/PlateDetector/datasets/provenance/elpd/elpd_provenance.csv
elpd,filename_prefix_02189_.png,2,license-plate,license_plate,1007.95,949.36,1332.99,1037.04,1536,1536,SYNTHETIC,TRAIN_ONLY,https://www.kaggle.com/datasets/tielemarvin/european-license-plate-dataset-elpd,CC BY 4.0,https://creativecommons.org/licenses/by/4.0/,AI/PlateDetector/datasets/provenance/elpd/elpd_provenance.csv
elpd,filename_prefix_02190_.png,1,license-plate,license_plate,303.97,639.16,482.78,685.82,1024,1024,SYNTHETIC,TRAIN_ONLY,https://www.kaggle.com/datasets/tielemarvin/european-license-plate-dataset-elpd,CC BY 4.0,https://creativecommons.org/licenses/by/4.0/,AI/PlateDetector/datasets/provenance/elpd/elpd_provenance.csv
elpd,filename_prefix_02191_.png,1,license-plate,license_plate,487.48,934.81,633.43,985.76,1536,1536,SYNTHETIC,TRAIN_ONLY,https://www.kaggle.com/datasets/tielemarvin/european-license-plate-dataset-elpd,CC BY 4.0,https://creativecommons.org/licenses/by/4.0/,AI/PlateDetector/datasets/provenance/elpd/elpd_provenance.csv
elpd,filename_prefix_02192_.png,1,license-plate,license_plate,505.25,553.07,627.02,590.87,1024,1024,SYNTHETIC,TRAIN_ONLY,https://www.kaggle.com/datasets/tielemarvin/european-license-plate-dataset-elpd,CC BY 4.0,https://creativecommons.org/licenses/by/4.0/,AI/PlateDetector/datasets/provenance/elpd/elpd_provenance.csv
elpd,filename_prefix_02193_.png,1,license-plate,license_plate,488.83,922.34,652.01,974.58,1536,1536,SYNTHETIC,TRAIN_ONLY,https://www.kaggle.com/datasets/tielemarvin/european-license-plate-dataset-elpd,CC BY 4.0,https://creativecommons.org/licenses/by/4.0/,AI/PlateDetector/datasets/provenance/elpd/elpd_provenance.csv
elpd,filename_prefix_02194_.png,1,license-plate,license_plate,660.0,1035.05,839.2,1074.3,1536,1536,SYNTHETIC,TRAIN_ONLY,https://www.kaggle.com/datasets/tielemarvin/european-license-plate-dataset-elpd,CC BY 4.0,https://creativecommons.org/licenses/by/4.0/,AI/PlateDetector/datasets/provenance/elpd/elpd_provenance.csv
elpd,filename_prefix_02195_.png,1,license-plate,license_plate,681.65,541.97,867.03,639.46,1024,1024,SYNTHETIC,TRAIN_ONLY,https://www.kaggle.com/datasets/tielemarvin/european-license-plate-dataset-elpd,CC BY 4.0,https://creativecommons.org/licenses/by/4.0/,AI/PlateDetector/datasets/provenance/elpd/elpd_provenance.csv
elpd,filename_prefix_02196_.png,1,license-plate,license_plate,341.39,693.95,487.06,729.02,1024,1024,SYNTHETIC,TRAIN_ONLY,https://www.kaggle.com/datasets/tielemarvin/european-license-plate-dataset-elpd,CC BY 4.0,https://creativecommons.org/licenses/by/4.0/,AI/PlateDetector/datasets/provenance/elpd/elpd_provenance.csv
elpd,filename_prefix_02197_.png,1,license-plate,license_plate,586.08,461.35,862.67,535.01,1536,1536,SYNTHETIC,TRAIN_ONLY,https://www.kaggle.com/datasets/tielemarvin/european-license-plate-dataset-elpd,CC BY 4.0,https://creativecommons.org/licenses/by/4.0/,AI/PlateDetector/datasets/provenance/elpd/elpd_provenance.csv
elpd,filename_prefix_02197_.png,2,license-plate,license_plate,1332.51,357.71,1459.1,388.9,1536,1536,SYNTHETIC,TRAIN_ONLY,https://www.kaggle.com/datasets/tielemarvin/european-license-plate-dataset-elpd,CC BY 4.0,https://creativecommons.org/licenses/by/4.0/,AI/PlateDetector/datasets/provenance/elpd/elpd_provenance.csv
elpd,filename_prefix_02198_.png,1,license-plate,license_plate,619.51,536.58,739.89,583.39,1024,1024,SYNTHETIC,TRAIN_ONLY,https://www.kaggle.com/datasets/tielemarvin/european-license-plate-dataset-elpd,CC BY 4.0,https://creativecommons.org/licenses/by/4.0/,AI/PlateDetector/datasets/provenance/elpd/elpd_provenance.csv
elpd,filename_prefix_02199_.png,1,license-plate,license_plate,697.8,712.8,859.39,754.03,1024,1024,SYNTHETIC,TRAIN_ONLY,https://www.kaggle.com/datasets/tielemarvin/european-license-plate-dataset-elpd,CC BY 4.0,https://creativecommons.org/licenses/by/4.0/,AI/PlateDetector/datasets/provenance/elpd/elpd_provenance.csv
elpd,filename_prefix_02200_.png,1,license-plate,license_plate,674.36,760.37,808.64,800.14,1536,1536,SYNTHETIC,TRAIN_ONLY,https://www.kaggle.com/datasets/tielemarvin/european-license-plate-dataset-elpd,CC BY 4.0,https://creativecommons.org/licenses/by/4.0/,AI/PlateDetector/datasets/provenance/elpd/elpd_provenance.csv
elpd,filename_prefix_02201_.png,1,license-plate,license_plate,544.99,1035.14,694.96,1077.74,1536,1536,SYNTHETIC,TRAIN_ONLY,https://www.kaggle.com/datasets/tielemarvin/european-license-plate-dataset-elpd,CC BY 4.0,https://creativecommons.org/licenses/by/4.0/,AI/PlateDetector/datasets/provenance/elpd/elpd_provenance.csv
elpd,filename_prefix_02202_.png,1,license-plate,license_plate,473.85,747.68,609.53,788.44,1024,1024,SYNTHETIC,TRAIN_ONLY,https://www.kaggle.com/datasets/tielemarvin/european-license-plate-dataset-elpd,CC BY 4.0,https://creativecommons.org/licenses/by/4.0/,AI/PlateDetector/datasets/provenance/elpd/elpd_provenance.csv
elpd,filename_prefix_02203_.png,1,license-plate,license_plate,391.59,743.4,666.5,813.74,1024,1024,SYNTHETIC,TRAIN_ONLY,https://www.kaggle.com/datasets/tielemarvin/european-license-plate-dataset-elpd,CC BY 4.0,https://creativecommons.org/licenses/by/4.0/,AI/PlateDetector/datasets/provenance/elpd/elpd_provenance.csv
elpd,filename_prefix_02204_.png,1,license-plate,license_plate,966.48,981.08,1209.92,1068.1,1536,1536,SYNTHETIC,TRAIN_ONLY,https://www.kaggle.com/datasets/tielemarvin/european-license-plate-dataset-elpd,CC BY 4.0,https://creativecommons.org/licenses/by/4.0/,AI/PlateDetector/datasets/provenance/elpd/elpd_provenance.csv
elpd,filename_prefix_02205_.png,1,license-plate,license_plate,107.99,616.86,377.8,688.56,1024,1024,SYNTHETIC,TRAIN_ONLY,https://www.kaggle.com/datasets/tielemarvin/european-license-plate-dataset-elpd,CC BY 4.0,https://creativecommons.org/licenses/by/4.0/,AI/PlateDetector/datasets/provenance/elpd/elpd_provenance.csv
elpd,filename_prefix_02206_.png,1,license-plate,license_plate,660.42,829.5,969.18,909.98,1536,1536,SYNTHETIC,TRAIN_ONLY,https://www.kaggle.com/datasets/tielemarvin/european-license-plate-dataset-elpd,CC BY 4.0,https://creativecommons.org/licenses/by/4.0/,AI/PlateDetector/datasets/provenance/elpd/elpd_provenance.csv
elpd,filename_prefix_02207_.png,1,license-plate,license_plate,137.29,578.82,231.21,605.46,1024,1024,SYNTHETIC,TRAIN_ONLY,https://www.kaggle.com/datasets/tielemarvin/european-license-plate-dataset-elpd,CC BY 4.0,https://creativecommons.org/licenses/by/4.0/,AI/PlateDetector/datasets/provenance/elpd/elpd_provenance.csv
elpd,filename_prefix_02208_.png,1,license-plate,license_plate,818.44,890.58,942.83,924.55,1536,1536,SYNTHETIC,TRAIN_ONLY,https://www.kaggle.com/datasets/tielemarvin/european-license-plate-dataset-elpd,CC BY 4.0,https://creativecommons.org/licenses/by/4.0/,AI/PlateDetector/datasets/provenance/elpd/elpd_provenance.csv
elpd,filename_prefix_02209_.png,1,license-plate,license_plate,971.1,894.4,1143.21,948.7,1536,1536,SYNTHETIC,TRAIN_ONLY,https://www.kaggle.com/datasets/tielemarvin/european-license-plate-dataset-elpd,CC BY 4.0,https://creativecommons.org/licenses/by/4.0/,AI/PlateDetector/datasets/provenance/elpd/elpd_provenance.csv
elpd,filename_prefix_02210_.png,1,license-plate,license_plate,247.25,682.39,436.84,732.53,1024,1024,SYNTHETIC,TRAIN_ONLY,https://www.kaggle.com/datasets/tielemarvin/european-license-plate-dataset-elpd,CC BY 4.0,https://creativecommons.org/licenses/by/4.0/,AI/PlateDetector/datasets/provenance/elpd/elpd_provenance.csv
elpd,filename_prefix_02211_.png,1,license-plate,license_plate,662.2,620.04,897.96,681.06,1024,1024,SYNTHETIC,TRAIN_ONLY,https://www.kaggle.com/datasets/tielemarvin/european-license-plate-dataset-elpd,CC BY 4.0,https://creativecommons.org/licenses/by/4.0/,AI/PlateDetector/datasets/provenance/elpd/elpd_provenance.csv
elpd,filename_prefix_02212_.png,1,license-plate,license_plate,1295.09,973.45,1389.65,994.65,1536,1536,SYNTHETIC,TRAIN_ONLY,https://www.kaggle.com/datasets/tielemarvin/european-license-plate-dataset-elpd,CC BY 4.0,https://creativecommons.org/licenses/by/4.0/,AI/PlateDetector/datasets/provenance/elpd/elpd_provenance.csv
elpd,filename_prefix_02212_.png,2,license-plate,license_plate,629.07,1288.55,954.35,1375.57,1536,1536,SYNTHETIC,TRAIN_ONLY,https://www.kaggle.com/datasets/tielemarvin/european-license-plate-dataset-elpd,CC BY 4.0,https://creativecommons.org/licenses/by/4.0/,AI/PlateDetector/datasets/provenance/elpd/elpd_provenance.csv
elpd,filename_prefix_02213_.png,1,license-plate,license_plate,584.64,752.57,1026.93,854.45,1536,1536,SYNTHETIC,TRAIN_ONLY,https://www.kaggle.com/datasets/tielemarvin/european-license-plate-dataset-elpd,CC BY 4.0,https://creativecommons.org/licenses/by/4.0/,AI/PlateDetector/datasets/provenance/elpd/elpd_provenance.csv
elpd,filename_prefix_02214_.png,1,license-plate,license_plate,395.02,780.78,571.13,826.75,1024,1024,SYNTHETIC,TRAIN_ONLY,https://www.kaggle.com/datasets/tielemarvin/european-license-plate-dataset-elpd,CC BY 4.0,https://creativecommons.org/licenses/by/4.0/,AI/PlateDetector/datasets/provenance/elpd/elpd_provenance.csv
elpd,filename_prefix_02215_.png,1,license-plate,license_plate,131.9,789.0,295.57,833.4,1024,1024,SYNTHETIC,TRAIN_ONLY,https://www.kaggle.com/datasets/tielemarvin/european-license-plate-dataset-elpd,CC BY 4.0,https://creativecommons.org/licenses/by/4.0/,AI/PlateDetector/datasets/provenance/elpd/elpd_provenance.csv
elpd,filename_prefix_02216_.png,1,license-plate,license_plate,526.92,1035.0,888.95,1126.9,1536,1536,SYNTHETIC,TRAIN_ONLY,https://www.kaggle.com/datasets/tielemarvin/european-license-plate-dataset-elpd,CC BY 4.0,https://creativecommons.org/licenses/by/4.0/,AI/PlateDetector/datasets/provenance/elpd/elpd_provenance.csv
elpd,filename_prefix_02217_.png,1,license-plate,license_plate,98.47,872.52,197.81,901.25,1536,1536,SYNTHETIC,TRAIN_ONLY,https://www.kaggle.com/datasets/tielemarvin/european-license-plate-dataset-elpd,CC BY 4.0,https://creativecommons.org/licenses/by/4.0/,AI/PlateDetector/datasets/provenance/elpd/elpd_provenance.csv
elpd,filename_prefix_02217_.png,2,license-plate,license_plate,805.86,1089.5,1033.03,1147.88,1536,1536,SYNTHETIC,TRAIN_ONLY,https://www.kaggle.com/datasets/tielemarvin/european-license-plate-dataset-elpd,CC BY 4.0,https://creativecommons.org/licenses/by/4.0/,AI/PlateDetector/datasets/provenance/elpd/elpd_provenance.csv
elpd,filename_prefix_02218_.png,1,license-plate,license_plate,317.92,683.27,464.17,725.18,1024,1024,SYNTHETIC,TRAIN_ONLY,https://www.kaggle.com/datasets/tielemarvin/european-license-plate-dataset-elpd,CC BY 4.0,https://creativecommons.org/licenses/by/4.0/,AI/PlateDetector/datasets/provenance/elpd/elpd_provenance.csv
elpd,filename_prefix_02219_.png,1,license-plate,license_plate,87.9,679.48,239.51,782.15,1024,1024,SYNTHETIC,TRAIN_ONLY,https://www.kaggle.com/datasets/tielemarvin/european-license-plate-dataset-elpd,CC BY 4.0,https://creativecommons.org/licenses/by/4.0/,AI/PlateDetector/datasets/provenance/elpd/elpd_provenance.csv
elpd,filename_prefix_02220_.png,1,license-plate,license_plate,0.24,845.17,204.48,908.37,1024,1024,SYNTHETIC,TRAIN_ONLY,https://www.kaggle.com/datasets/tielemarvin/european-license-plate-dataset-elpd,CC BY 4.0,https://creativecommons.org/licenses/by/4.0/,AI/PlateDetector/datasets/provenance/elpd/elpd_provenance.csv
elpd,filename_prefix_02221_.png,1,license-plate,license_plate,1440.72,772.54,1531.83,798.88,1536,1536,SYNTHETIC,TRAIN_ONLY,https://www.kaggle.com/datasets/tielemarvin/european-license-plate-dataset-elpd,CC BY 4.0,https://creativecommons.org/licenses/by/4.0/,AI/PlateDetector/datasets/provenance/elpd/elpd_provenance.csv
elpd,filename_prefix_02221_.png,2,license-plate,license_plate,626.22,1051.74,897.06,1132.3,1536,1536,SYNTHETIC,TRAIN_ONLY,https://www.kaggle.com/datasets/tielemarvin/european-license-plate-dataset-elpd,CC BY 4.0,https://creativecommons.org/licenses/by/4.0/,AI/PlateDetector/datasets/provenance/elpd/elpd_provenance.csv
elpd,filename_prefix_02222_.png,1,license-plate,license_plate,649.27,665.74,985.95,746.65,1536,1536,SYNTHETIC,TRAIN_ONLY,https://www.kaggle.com/datasets/tielemarvin/european-license-plate-dataset-elpd,CC BY 4.0,https://creativecommons.org/licenses/by/4.0/,AI/PlateDetector/datasets/provenance/elpd/elpd_provenance.csv
elpd,filename_prefix_02223_.png,1,license-plate,license_plate,403.13,707.86,572.34,747.63,1024,1024,SYNTHETIC,TRAIN_ONLY,https://www.kaggle.com/datasets/tielemarvin/european-license-plate-dataset-elpd,CC BY 4.0,https://creativecommons.org/licenses/by/4.0/,AI/PlateDetector/datasets/provenance/elpd/elpd_provenance.csv
elpd,filename_prefix_02224_.png,1,license-plate,license_plate,282.79,1166.66,721.55,1286.6,1536,1536,SYNTHETIC,TRAIN_ONLY,https://www.kaggle.com/datasets/tielemarvin/european-license-plate-dataset-elpd,CC BY 4.0,https://creativecommons.org/licenses/by/4.0/,AI/PlateDetector/datasets/provenance/elpd/elpd_provenance.csv
elpd,filename_prefix_02225_.png,1,license-plate,license_plate,590.31,875.93,748.17,932.5,1536,1536,SYNTHETIC,TRAIN_ONLY,https://www.kaggle.com/datasets/tielemarvin/european-license-plate-dataset-elpd,CC BY 4.0,https://creativecommons.org/licenses/by/4.0/,AI/PlateDetector/datasets/provenance/elpd/elpd_provenance.csv
elpd,filename_prefix_02226_.png,1,license-plate,license_plate,148.81,498.89,322.16,556.97,1024,1024,SYNTHETIC,TRAIN_ONLY,https://www.kaggle.com/datasets/tielemarvin/european-license-plate-dataset-elpd,CC BY 4.0,https://creativecommons.org/licenses/by/4.0/,AI/PlateDetector/datasets/provenance/elpd/elpd_provenance.csv
elpd,filename_prefix_02226_.png,2,license-plate,license_plate,833.96,476.91,906.27,496.88,1024,1024,SYNTHETIC,TRAIN_ONLY,https://www.kaggle.com/datasets/tielemarvin/european-license-plate-dataset-elpd,CC BY 4.0,https://creativecommons.org/licenses/by/4.0/,AI/PlateDetector/datasets/provenance/elpd/elpd_provenance.csv
elpd,filename_prefix_02227_.png,1,license-plate,license_plate,472.85,557.96,551.96,586.35,1024,1024,SYNTHETIC,TRAIN_ONLY,https://www.kaggle.com/datasets/tielemarvin/european-license-plate-dataset-elpd,CC BY 4.0,https://creativecommons.org/licenses/by/4.0/,AI/PlateDetector/datasets/provenance/elpd/elpd_provenance.csv
elpd,filename_prefix_02228_.png,1,license-plate,license_plate,357.27,1154.86,567.6,1210.81,1536,1536,SYNTHETIC,TRAIN_ONLY,https://www.kaggle.com/datasets/tielemarvin/european-license-plate-dataset-elpd,CC BY 4.0,https://creativecommons.org/licenses/by/4.0/,AI/PlateDetector/datasets/provenance/elpd/elpd_provenance.csv
elpd,filename_prefix_02229_.png,1,license-plate,license_plate,728.76,1030.84,1119.12,1151.71,1536,1536,SYNTHETIC,TRAIN_ONLY,https://www.kaggle.com/datasets/tielemarvin/european-license-plate-dataset-elpd,CC BY 4.0,https://creativecommons.org/licenses/by/4.0/,AI/PlateDetector/datasets/provenance/elpd/elpd_provenance.csv
elpd,filename_prefix_02230_.png,1,license-plate,license_plate,615.48,532.93,663.23,548.45,1024,1024,SYNTHETIC,TRAIN_ONLY,https://www.kaggle.com/datasets/tielemarvin/european-license-plate-dataset-elpd,CC BY 4.0,https://creativecommons.org/licenses/by/4.0/,AI/PlateDetector/datasets/provenance/elpd/elpd_provenance.csv
elpd,filename_prefix_02231_.png,1,license-plate,license_plate,635.74,769.95,788.7,806.1,1024,1024,SYNTHETIC,TRAIN_ONLY,https://www.kaggle.com/datasets/tielemarvin/european-license-plate-dataset-elpd,CC BY 4.0,https://creativecommons.org/licenses/by/4.0/,AI/PlateDetector/datasets/provenance/elpd/elpd_provenance.csv
elpd,filename_prefix_02232_.png,1,license-plate,license_plate,985.27,818.2,1154.49,868.43,1536,1536,SYNTHETIC,TRAIN_ONLY,https://www.kaggle.com/datasets/tielemarvin/european-license-plate-dataset-elpd,CC BY 4.0,https://creativecommons.org/licenses/by/4.0/,AI/PlateDetector/datasets/provenance/elpd/elpd_provenance.csv
elpd,filename_prefix_02233_.png,1,license-plate,license_plate,834.78,1117.94,1192.61,1207.8,1536,1536,SYNTHETIC,TRAIN_ONLY,https://www.kaggle.com/datasets/tielemarvin/european-license-plate-dataset-elpd,CC BY 4.0,https://creativecommons.org/licenses/by/4.0/,AI/PlateDetector/datasets/provenance/elpd/elpd_provenance.csv
elpd,filename_prefix_02234_.png,1,license-plate,license_plate,439.63,495.44,581.21,531.3,1024,1024,SYNTHETIC,TRAIN_ONLY,https://www.kaggle.com/datasets/tielemarvin/european-license-plate-dataset-elpd,CC BY 4.0,https://creativecommons.org/licenses/by/4.0/,AI/PlateDetector/datasets/provenance/elpd/elpd_provenance.csv
elpd,filename_prefix_02235_.png,1,license-plate,license_plate,228.33,701.55,433.72,752.41,1024,1024,SYNTHETIC,TRAIN_ONLY,https://www.kaggle.com/datasets/tielemarvin/european-license-plate-dataset-elpd,CC BY 4.0,https://creativecommons.org/licenses/by/4.0/,AI/PlateDetector/datasets/provenance/elpd/elpd_provenance.csv
elpd,filename_prefix_02236_.png,1,license-plate,license_plate,34.14,710.66,234.78,767.94,1024,1024,SYNTHETIC,TRAIN_ONLY,https://www.kaggle.com/datasets/tielemarvin/european-license-plate-dataset-elpd,CC BY 4.0,https://creativecommons.org/licenses/by/4.0/,AI/PlateDetector/datasets/provenance/elpd/elpd_provenance.csv
elpd,filename_prefix_02237_.png,1,license-plate,license_plate,1070.74,887.87,1185.57,921.12,1536,1536,SYNTHETIC,TRAIN_ONLY,https://www.kaggle.com/datasets/tielemarvin/european-license-plate-dataset-elpd,CC BY 4.0,https://creativecommons.org/licenses/by/4.0/,AI/PlateDetector/datasets/provenance/elpd/elpd_provenance.csv
elpd,filename_prefix_02238_.png,1,license-plate,license_plate,201.44,945.65,514.29,1037.85,1536,1536,SYNTHETIC,TRAIN_ONLY,https://www.kaggle.com/datasets/tielemarvin/european-license-plate-dataset-elpd,CC BY 4.0,https://creativecommons.org/licenses/by/4.0/,AI/PlateDetector/datasets/provenance/elpd/elpd_provenance.csv
elpd,filename_prefix_02238_.png,2,license-plate,license_plate,1166.19,808.51,1325.23,861.08,1536,1536,SYNTHETIC,TRAIN_ONLY,https://www.kaggle.com/datasets/tielemarvin/european-license-plate-dataset-elpd,CC BY 4.0,https://creativecommons.org/licenses/by/4.0/,AI/PlateDetector/datasets/provenance/elpd/elpd_provenance.csv
elpd,filename_prefix_02239_.png,1,license-plate,license_plate,204.2,753.77,391.47,801.75,1024,1024,SYNTHETIC,TRAIN_ONLY,https://www.kaggle.com/datasets/tielemarvin/european-license-plate-dataset-elpd,CC BY 4.0,https://creativecommons.org/licenses/by/4.0/,AI/PlateDetector/datasets/provenance/elpd/elpd_provenance.csv
elpd,filename_prefix_02240_.png,1,license-plate,license_plate,180.82,793.89,542.36,894.37,1536,1536,SYNTHETIC,TRAIN_ONLY,https://www.kaggle.com/datasets/tielemarvin/european-license-plate-dataset-elpd,CC BY 4.0,https://creativecommons.org/licenses/by/4.0/,AI/PlateDetector/datasets/provenance/elpd/elpd_provenance.csv
elpd,filename_prefix_02241_.png,1,license-plate,license_plate,591.16,1000.13,838.79,1062.11,1536,1536,SYNTHETIC,TRAIN_ONLY,https://www.kaggle.com/datasets/tielemarvin/european-license-plate-dataset-elpd,CC BY 4.0,https://creativecommons.org/licenses/by/4.0/,AI/PlateDetector/datasets/provenance/elpd/elpd_provenance.csv
elpd,filename_prefix_02241_.png,2,license-plate,license_plate,1224.63,734.01,1316.43,759.05,1536,1536,SYNTHETIC,TRAIN_ONLY,https://www.kaggle.com/datasets/tielemarvin/european-license-plate-dataset-elpd,CC BY 4.0,https://creativecommons.org/licenses/by/4.0/,AI/PlateDetector/datasets/provenance/elpd/elpd_provenance.csv
elpd,filename_prefix_02242_.png,1,license-plate,license_plate,764.02,658.29,929.08,736.39,1024,1024,SYNTHETIC,TRAIN_ONLY,https://www.kaggle.com/datasets/tielemarvin/european-license-plate-dataset-elpd,CC BY 4.0,https://creativecommons.org/licenses/by/4.0/,AI/PlateDetector/datasets/provenance/elpd/elpd_provenance.csv
elpd,filename_prefix_02243_.png,1,license-plate,license_plate,192.66,723.65,397.39,806.62,1024,1024,SYNTHETIC,TRAIN_ONLY,https://www.kaggle.com/datasets/tielemarvin/european-license-plate-dataset-elpd,CC BY 4.0,https://creativecommons.org/licenses/by/4.0/,AI/PlateDetector/datasets/provenance/elpd/elpd_provenance.csv
elpd,filename_prefix_02244_.png,1,license-plate,license_plate,104.78,884.01,552.31,1012.47,1536,1536,SYNTHETIC,TRAIN_ONLY,https://www.kaggle.com/datasets/tielemarvin/european-license-plate-dataset-elpd,CC BY 4.0,https://creativecommons.org/licenses/by/4.0/,AI/PlateDetector/datasets/provenance/elpd/elpd_provenance.csv
elpd,filename_prefix_02245_.png,1,license-plate,license_plate,678.87,931.99,941.87,1004.3,1536,1536,SYNTHETIC,TRAIN_ONLY,https://www.kaggle.com/datasets/tielemarvin/european-license-plate-dataset-elpd,CC BY 4.0,https://creativecommons.org/licenses/by/4.0/,AI/PlateDetector/datasets/provenance/elpd/elpd_provenance.csv
elpd,filename_prefix_02246_.png,1,license-plate,license_plate,191.91,618.93,282.86,648.25,1024,1024,SYNTHETIC,TRAIN_ONLY,https://www.kaggle.com/datasets/tielemarvin/european-license-plate-dataset-elpd,CC BY 4.0,https://creativecommons.org/licenses/by/4.0/,AI/PlateDetector/datasets/provenance/elpd/elpd_provenance.csv
elpd,filename_prefix_02247_.png,1,license-plate,license_plate,712.71,418.45,869.54,459.77,1024,1024,SYNTHETIC,TRAIN_ONLY,https://www.kaggle.com/datasets/tielemarvin/european-license-plate-dataset-elpd,CC BY 4.0,https://creativecommons.org/licenses/by/4.0/,AI/PlateDetector/datasets/provenance/elpd/elpd_provenance.csv
elpd,filename_prefix_02248_.png,1,license-plate,license_plate,930.02,1111.99,1121.93,1187.13,1536,1536,SYNTHETIC,TRAIN_ONLY,https://www.kaggle.com/datasets/tielemarvin/european-license-plate-dataset-elpd,CC BY 4.0,https://creativecommons.org/licenses/by/4.0/,AI/PlateDetector/datasets/provenance/elpd/elpd_provenance.csv
elpd,filename_prefix_02249_.png,1,license-plate,license_plate,666.33,839.48,862.29,891.71,1536,1536,SYNTHETIC,TRAIN_ONLY,https://www.kaggle.com/datasets/tielemarvin/european-license-plate-dataset-elpd,CC BY 4.0,https://creativecommons.org/licenses/by/4.0/,AI/PlateDetector/datasets/provenance/elpd/elpd_provenance.csv
elpd,filename_prefix_02250_.png,1,license-plate,license_plate,688.49,557.0,881.89,622.72,1024,1024,SYNTHETIC,TRAIN_ONLY,https://www.kaggle.com/datasets/tielemarvin/european-license-plate-dataset-elpd,CC BY 4.0,https://creativecommons.org/licenses/by/4.0/,AI/PlateDetector/datasets/provenance/elpd/elpd_provenance.csv
elpd,filename_prefix_02251_.png,1,license-plate,license_plate,869.23,462.55,969.9,488.4,1024,1024,SYNTHETIC,TRAIN_ONLY,https://www.kaggle.com/datasets/tielemarvin/european-license-plate-dataset-elpd,CC BY 4.0,https://creativecommons.org/licenses/by/4.0/,AI/PlateDetector/datasets/provenance/elpd/elpd_provenance.csv
elpd,filename_prefix_02251_.png,2,license-plate,license_plate,380.33,457.0,436.55,473.94,1024,1024,SYNTHETIC,TRAIN_ONLY,https://www.kaggle.com/datasets/tielemarvin/european-license-plate-dataset-elpd,CC BY 4.0,https://creativecommons.org/licenses/by/4.0/,AI/PlateDetector/datasets/provenance/elpd/elpd_provenance.csv
elpd,filename_prefix_02252_.png,1,license-plate,license_plate,752.56,701.68,892.11,738.69,1024,1024,SYNTHETIC,TRAIN_ONLY,https://www.kaggle.com/datasets/tielemarvin/european-license-plate-dataset-elpd,CC BY 4.0,https://creativecommons.org/licenses/by/4.0/,AI/PlateDetector/datasets/provenance/elpd/elpd_provenance.csv
elpd,filename_prefix_02253_.png,1,license-plate,license_plate,818.81,775.68,1061.59,937.59,1536,1536,SYNTHETIC,TRAIN_ONLY,https://www.kaggle.com/datasets/tielemarvin/european-license-plate-dataset-elpd,CC BY 4.0,https://creativecommons.org/licenses/by/4.0/,AI/PlateDetector/datasets/provenance/elpd/elpd_provenance.csv
elpd,filename_prefix_02254_.png,1,license-plate,license_plate,577.59,859.05,932.91,952.39,1536,1536,SYNTHETIC,TRAIN_ONLY,https://www.kaggle.com/datasets/tielemarvin/european-license-plate-dataset-elpd,CC BY 4.0,https://creativecommons.org/licenses/by/4.0/,AI/PlateDetector/datasets/provenance/elpd/elpd_provenance.csv
elpd,filename_prefix_02255_.png,1,license-plate,license_plate,460.07,657.81,630.83,699.28,1024,1024,SYNTHETIC,TRAIN_ONLY,https://www.kaggle.com/datasets/tielemarvin/european-license-plate-dataset-elpd,CC BY 4.0,https://creativecommons.org/licenses/by/4.0/,AI/PlateDetector/datasets/provenance/elpd/elpd_provenance.csv
elpd,filename_prefix_02256_.png,1,license-plate,license_plate,468.3,955.9,624.09,1004.34,1536,1536,SYNTHETIC,TRAIN_ONLY,https://www.kaggle.com/datasets/tielemarvin/european-license-plate-dataset-elpd,CC BY 4.0,https://creativecommons.org/licenses/by/4.0/,AI/PlateDetector/datasets/provenance/elpd/elpd_provenance.csv
elpd,filename_prefix_02257_.png,1,license-plate,license_plate,100.6,779.56,292.51,836.27,1536,1536,SYNTHETIC,TRAIN_ONLY,https://www.kaggle.com/datasets/tielemarvin/european-license-plate-dataset-elpd,CC BY 4.0,https://creativecommons.org/licenses/by/4.0/,AI/PlateDetector/datasets/provenance/elpd/elpd_provenance.csv
elpd,filename_prefix_02257_.png,2,license-plate,license_plate,849.29,1033.76,1224.46,1146.43,1536,1536,SYNTHETIC,TRAIN_ONLY,https://www.kaggle.com/datasets/tielemarvin/european-license-plate-dataset-elpd,CC BY 4.0,https://creativecommons.org/licenses/by/4.0/,AI/PlateDetector/datasets/provenance/elpd/elpd_provenance.csv
elpd,filename_prefix_02258_.png,1,license-plate,license_plate,735.08,683.05,988.33,823.94,1024,1024,SYNTHETIC,TRAIN_ONLY,https://www.kaggle.com/datasets/tielemarvin/european-license-plate-dataset-elpd,CC BY 4.0,https://creativecommons.org/licenses/by/4.0/,AI/PlateDetector/datasets/provenance/elpd/elpd_provenance.csv
elpd,filename_prefix_02259_.png,1,license-plate,license_plate,899.73,650.3,1012.1,754.46,1024,1024,SYNTHETIC,TRAIN_ONLY,https://www.kaggle.com/datasets/tielemarvin/european-license-plate-dataset-elpd,CC BY 4.0,https://creativecommons.org/licenses/by/4.0/,AI/PlateDetector/datasets/provenance/elpd/elpd_provenance.csv
elpd,filename_prefix_02260_.png,1,license-plate,license_plate,530.03,996.24,743.35,1068.73,1536,1536,SYNTHETIC,TRAIN_ONLY,https://www.kaggle.com/datasets/tielemarvin/european-license-plate-dataset-elpd,CC BY 4.0,https://creativecommons.org/licenses/by/4.0/,AI/PlateDetector/datasets/provenance/elpd/elpd_provenance.csv
elpd,filename_prefix_02261_.png,1,license-plate,license_plate,1045.86,582.22,1179.71,615.89,1536,1536,SYNTHETIC,TRAIN_ONLY,https://www.kaggle.com/datasets/tielemarvin/european-license-plate-dataset-elpd,CC BY 4.0,https://creativecommons.org/licenses/by/4.0/,AI/PlateDetector/datasets/provenance/elpd/elpd_provenance.csv
elpd,filename_prefix_02262_.png,1,license-plate,license_plate,885.1,618.87,969.29,636.34,1024,1024,SYNTHETIC,TRAIN_ONLY,https://www.kaggle.com/datasets/tielemarvin/european-license-plate-dataset-elpd,CC BY 4.0,https://creativecommons.org/licenses/by/4.0/,AI/PlateDetector/datasets/provenance/elpd/elpd_provenance.csv
elpd,filename_prefix_02262_.png,2,license-plate,license_plate,110.93,781.16,276.01,823.52,1024,1024,SYNTHETIC,TRAIN_ONLY,https://www.kaggle.com/datasets/tielemarvin/european-license-plate-dataset-elpd,CC BY 4.0,https://creativecommons.org/licenses/by/4.0/,AI/PlateDetector/datasets/provenance/elpd/elpd_provenance.csv
elpd,filename_prefix_02263_.png,1,license-plate,license_plate,370.85,590.88,591.85,645.51,1024,1024,SYNTHETIC,TRAIN_ONLY,https://www.kaggle.com/datasets/tielemarvin/european-license-plate-dataset-elpd,CC BY 4.0,https://creativecommons.org/licenses/by/4.0/,AI/PlateDetector/datasets/provenance/elpd/elpd_provenance.csv
elpd,filename_prefix_02264_.png,1,license-plate,license_plate,342.51,892.13,463.79,931.72,1536,1536,SYNTHETIC,TRAIN_ONLY,https://www.kaggle.com/datasets/tielemarvin/european-license-plate-dataset-elpd,CC BY 4.0,https://creativecommons.org/licenses/by/4.0/,AI/PlateDetector/datasets/provenance/elpd/elpd_provenance.csv
elpd,filename_prefix_02265_.png,1,license-plate,license_plate,586.9,1077.42,765.52,1129.45,1536,1536,SYNTHETIC,TRAIN_ONLY,https://www.kaggle.com/datasets/tielemarvin/european-license-plate-dataset-elpd,CC BY 4.0,https://creativecommons.org/licenses/by/4.0/,AI/PlateDetector/datasets/provenance/elpd/elpd_provenance.csv
elpd,filename_prefix_02266_.png,1,license-plate,license_plate,192.36,662.41,369.63,711.36,1024,1024,SYNTHETIC,TRAIN_ONLY,https://www.kaggle.com/datasets/tielemarvin/european-license-plate-dataset-elpd,CC BY 4.0,https://creativecommons.org/licenses/by/4.0/,AI/PlateDetector/datasets/provenance/elpd/elpd_provenance.csv
elpd,filename_prefix_02267_.png,1,license-plate,license_plate,375.58,636.05,585.03,700.02,1024,1024,SYNTHETIC,TRAIN_ONLY,https://www.kaggle.com/datasets/tielemarvin/european-license-plate-dataset-elpd,CC BY 4.0,https://creativecommons.org/licenses/by/4.0/,AI/PlateDetector/datasets/provenance/elpd/elpd_provenance.csv
elpd,filename_prefix_02268_.png,1,license-plate,license_plate,566.02,681.12,757.15,749.75,1024,1024,SYNTHETIC,TRAIN_ONLY,https://www.kaggle.com/datasets/tielemarvin/european-license-plate-dataset-elpd,CC BY 4.0,https://creativecommons.org/licenses/by/4.0/,AI/PlateDetector/datasets/provenance/elpd/elpd_provenance.csv
elpd,filename_prefix_02269_.png,1,license-plate,license_plate,256.34,1118.5,614.73,1276.72,1536,1536,SYNTHETIC,TRAIN_ONLY,https://www.kaggle.com/datasets/tielemarvin/european-license-plate-dataset-elpd,CC BY 4.0,https://creativecommons.org/licenses/by/4.0/,AI/PlateDetector/datasets/provenance/elpd/elpd_provenance.csv
elpd,filename_prefix_02270_.png,1,license-plate,license_plate,136.07,1165.48,350.51,1311.55,1536,1536,SYNTHETIC,TRAIN_ONLY,https://www.kaggle.com/datasets/tielemarvin/european-license-plate-dataset-elpd,CC BY 4.0,https://creativecommons.org/licenses/by/4.0/,AI/PlateDetector/datasets/provenance/elpd/elpd_provenance.csv
elpd,filename_prefix_02271_.png,1,license-plate,license_plate,248.26,590.86,496.4,649.15,1024,1024,SYNTHETIC,TRAIN_ONLY,https://www.kaggle.com/datasets/tielemarvin/european-license-plate-dataset-elpd,CC BY 4.0,https://creativecommons.org/licenses/by/4.0/,AI/PlateDetector/datasets/provenance/elpd/elpd_provenance.csv
elpd,filename_prefix_02271_.png,2,license-plate,license_plate,854.73,214.52,966.16,244.96,1024,1024,SYNTHETIC,TRAIN_ONLY,https://www.kaggle.com/datasets/tielemarvin/european-license-plate-dataset-elpd,CC BY 4.0,https://creativecommons.org/licenses/by/4.0/,AI/PlateDetector/datasets/provenance/elpd/elpd_provenance.csv
elpd,filename_prefix_02272_.png,1,license-plate,license_plate,514.25,1097.32,712.34,1170.06,1536,1536,SYNTHETIC,TRAIN_ONLY,https://www.kaggle.com/datasets/tielemarvin/european-license-plate-dataset-elpd,CC BY 4.0,https://creativecommons.org/licenses/by/4.0/,AI/PlateDetector/datasets/provenance/elpd/elpd_provenance.csv
elpd,filename_prefix_02273_.png,1,license-plate,license_plate,804.76,851.76,967.19,891.12,1536,1536,SYNTHETIC,TRAIN_ONLY,https://www.kaggle.com/datasets/tielemarvin/european-license-plate-dataset-elpd,CC BY 4.0,https://creativecommons.org/licenses/by/4.0/,AI/PlateDetector/datasets/provenance/elpd/elpd_provenance.csv
elpd,filename_prefix_02274_.png,1,license-plate,license_plate,463.28,590.13,564.91,619.02,1024,1024,SYNTHETIC,TRAIN_ONLY,https://www.kaggle.com/datasets/tielemarvin/european-license-plate-dataset-elpd,CC BY 4.0,https://creativecommons.org/licenses/by/4.0/,AI/PlateDetector/datasets/provenance/elpd/elpd_provenance.csv
elpd,filename_prefix_02275_.png,1,license-plate,license_plate,99.42,635.07,207.0,664.72,1024,1024,SYNTHETIC,TRAIN_ONLY,https://www.kaggle.com/datasets/tielemarvin/european-license-plate-dataset-elpd,CC BY 4.0,https://creativecommons.org/licenses/by/4.0/,AI/PlateDetector/datasets/provenance/elpd/elpd_provenance.csv
elpd,filename_prefix_02275_.png,2,license-plate,license_plate,755.07,533.99,837.54,559.04,1024,1024,SYNTHETIC,TRAIN_ONLY,https://www.kaggle.com/datasets/tielemarvin/european-license-plate-dataset-elpd,CC BY 4.0,https://creativecommons.org/licenses/by/4.0/,AI/PlateDetector/datasets/provenance/elpd/elpd_provenance.csv
elpd,filename_prefix_02276_.png,1,license-plate,license_plate,512.1,1068.48,734.81,1126.66,1536,1536,SYNTHETIC,TRAIN_ONLY,https://www.kaggle.com/datasets/tielemarvin/european-license-plate-dataset-elpd,CC BY 4.0,https://creativecommons.org/licenses/by/4.0/,AI/PlateDetector/datasets/provenance/elpd/elpd_provenance.csv
elpd,filename_prefix_02277_.png,1,license-plate,license_plate,581.63,847.96,867.54,921.62,1536,1536,SYNTHETIC,TRAIN_ONLY,https://www.kaggle.com/datasets/tielemarvin/european-license-plate-dataset-elpd,CC BY 4.0,https://creativecommons.org/licenses/by/4.0/,AI/PlateDetector/datasets/provenance/elpd/elpd_provenance.csv
elpd,filename_prefix_02278_.png,1,license-plate,license_plate,267.23,576.49,556.6,651.4,1024,1024,SYNTHETIC,TRAIN_ONLY,https://www.kaggle.com/datasets/tielemarvin/european-license-plate-dataset-elpd,CC BY 4.0,https://creativecommons.org/licenses/by/4.0/,AI/PlateDetector/datasets/provenance/elpd/elpd_provenance.csv
elpd,filename_prefix_02279_.png,1,license-plate,license_plate,831.21,866.97,1001.33,930.3,1024,1024,SYNTHETIC,TRAIN_ONLY,https://www.kaggle.com/datasets/tielemarvin/european-license-plate-dataset-elpd,CC BY 4.0,https://creativecommons.org/licenses/by/4.0/,AI/PlateDetector/datasets/provenance/elpd/elpd_provenance.csv
elpd,filename_prefix_02280_.png,1,license-plate,license_plate,699.35,869.31,957.05,934.16,1536,1536,SYNTHETIC,TRAIN_ONLY,https://www.kaggle.com/datasets/tielemarvin/european-license-plate-dataset-elpd,CC BY 4.0,https://creativecommons.org/licenses/by/4.0/,AI/PlateDetector/datasets/provenance/elpd/elpd_provenance.csv
elpd,filename_prefix_02281_.png,1,license-plate,license_plate,580.33,981.74,876.38,1063.37,1536,1536,SYNTHETIC,TRAIN_ONLY,https://www.kaggle.com/datasets/tielemarvin/european-license-plate-dataset-elpd,CC BY 4.0,https://creativecommons.org/licenses/by/4.0/,AI/PlateDetector/datasets/provenance/elpd/elpd_provenance.csv
elpd,filename_prefix_02281_.png,2,license-plate,license_plate,1456.25,676.78,1536.0,706.95,1536,1536,SYNTHETIC,TRAIN_ONLY,https://www.kaggle.com/datasets/tielemarvin/european-license-plate-dataset-elpd,CC BY 4.0,https://creativecommons.org/licenses/by/4.0/,AI/PlateDetector/datasets/provenance/elpd/elpd_provenance.csv
elpd,filename_prefix_02282_.png,1,license-plate,license_plate,149.93,455.95,314.5,518.37,1024,1024,SYNTHETIC,TRAIN_ONLY,https://www.kaggle.com/datasets/tielemarvin/european-license-plate-dataset-elpd,CC BY 4.0,https://creativecommons.org/licenses/by/4.0/,AI/PlateDetector/datasets/provenance/elpd/elpd_provenance.csv
elpd,filename_prefix_02283_.png,1,license-plate,license_plate,198.33,647.43,383.96,708.97,1024,1024,SYNTHETIC,TRAIN_ONLY,https://www.kaggle.com/datasets/tielemarvin/european-license-plate-dataset-elpd,CC BY 4.0,https://creativecommons.org/licenses/by/4.0/,AI/PlateDetector/datasets/provenance/elpd/elpd_provenance.csv
elpd,filename_prefix_02284_.png,1,license-plate,license_plate,1040.75,1090.96,1278.55,1158.4,1536,1536,SYNTHETIC,TRAIN_ONLY,https://www.kaggle.com/datasets/tielemarvin/european-license-plate-dataset-elpd,CC BY 4.0,https://creativecommons.org/licenses/by/4.0/,AI/PlateDetector/datasets/provenance/elpd/elpd_provenance.csv
elpd,filename_prefix_02285_.png,1,license-plate,license_plate,24.21,733.91,216.12,800.51,1024,1024,SYNTHETIC,TRAIN_ONLY,https://www.kaggle.com/datasets/tielemarvin/european-license-plate-dataset-elpd,CC BY 4.0,https://creativecommons.org/licenses/by/4.0/,AI/PlateDetector/datasets/provenance/elpd/elpd_provenance.csv
elpd,filename_prefix_02286_.png,1,license-plate,license_plate,632.77,1032.28,888.84,1095.93,1536,1536,SYNTHETIC,TRAIN_ONLY,https://www.kaggle.com/datasets/tielemarvin/european-license-plate-dataset-elpd,CC BY 4.0,https://creativecommons.org/licenses/by/4.0/,AI/PlateDetector/datasets/provenance/elpd/elpd_provenance.csv
elpd,filename_prefix_02287_.png,1,license-plate,license_plate,390.68,618.76,503.87,645.66,1024,1024,SYNTHETIC,TRAIN_ONLY,https://www.kaggle.com/datasets/tielemarvin/european-license-plate-dataset-elpd,CC BY 4.0,https://creativecommons.org/licenses/by/4.0/,AI/PlateDetector/datasets/provenance/elpd/elpd_provenance.csv
elpd,filename_prefix_02288_.png,1,license-plate,license_plate,1355.24,792.63,1446.23,816.6,1536,1536,SYNTHETIC,TRAIN_ONLY,https://www.kaggle.com/datasets/tielemarvin/european-license-plate-dataset-elpd,CC BY 4.0,https://creativecommons.org/licenses/by/4.0/,AI/PlateDetector/datasets/provenance/elpd/elpd_provenance.csv
elpd,filename_prefix_02288_.png,2,license-plate,license_plate,408.1,1133.55,701.71,1231.93,1536,1536,SYNTHETIC,TRAIN_ONLY,https://www.kaggle.com/datasets/tielemarvin/european-license-plate-dataset-elpd,CC BY 4.0,https://creativecommons.org/licenses/by/4.0/,AI/PlateDetector/datasets/provenance/elpd/elpd_provenance.csv
elpd,filename_prefix_02289_.png,1,license-plate,license_plate,596.79,1163.66,728.0,1224.36,1536,1536,SYNTHETIC,TRAIN_ONLY,https://www.kaggle.com/datasets/tielemarvin/european-license-plate-dataset-elpd,CC BY 4.0,https://creativecommons.org/licenses/by/4.0/,AI/PlateDetector/datasets/provenance/elpd/elpd_provenance.csv
elpd,filename_prefix_02290_.png,1,license-plate,license_plate,343.87,602.08,620.31,684.12,1024,1024,SYNTHETIC,TRAIN_ONLY,https://www.kaggle.com/datasets/tielemarvin/european-license-plate-dataset-elpd,CC BY 4.0,https://creativecommons.org/licenses/by/4.0/,AI/PlateDetector/datasets/provenance/elpd/elpd_provenance.csv
elpd,filename_prefix_02291_.png,1,license-plate,license_plate,851.66,631.63,998.07,673.76,1024,1024,SYNTHETIC,TRAIN_ONLY,https://www.kaggle.com/datasets/tielemarvin/european-license-plate-dataset-elpd,CC BY 4.0,https://creativecommons.org/licenses/by/4.0/,AI/PlateDetector/datasets/provenance/elpd/elpd_provenance.csv
elpd,filename_prefix_02291_.png,2,license-plate,license_plate,0.79,607.67,134.4,645.38,1024,1024,SYNTHETIC,TRAIN_ONLY,https://www.kaggle.com/datasets/tielemarvin/european-license-plate-dataset-elpd,CC BY 4.0,https://creativecommons.org/licenses/by/4.0/,AI/PlateDetector/datasets/provenance/elpd/elpd_provenance.csv
elpd,filename_prefix_02292_.png,1,license-plate,license_plate,1254.27,728.66,1360.68,751.14,1536,1536,SYNTHETIC,TRAIN_ONLY,https://www.kaggle.com/datasets/tielemarvin/european-license-plate-dataset-elpd,CC BY 4.0,https://creativecommons.org/licenses/by/4.0/,AI/PlateDetector/datasets/provenance/elpd/elpd_provenance.csv
elpd,filename_prefix_02292_.png,2,license-plate,license_plate,2.25,993.85,327.15,1107.1,1536,1536,SYNTHETIC,TRAIN_ONLY,https://www.kaggle.com/datasets/tielemarvin/european-license-plate-dataset-elpd,CC BY 4.0,https://creativecommons.org/licenses/by/4.0/,AI/PlateDetector/datasets/provenance/elpd/elpd_provenance.csv
elpd,filename_prefix_02293_.png,1,license-plate,license_plate,596.11,1136.38,944.31,1234.26,1536,1536,SYNTHETIC,TRAIN_ONLY,https://www.kaggle.com/datasets/tielemarvin/european-license-plate-dataset-elpd,CC BY 4.0,https://creativecommons.org/licenses/by/4.0/,AI/PlateDetector/datasets/provenance/elpd/elpd_provenance.csv
elpd,filename_prefix_02294_.png,1,license-plate,license_plate,430.57,606.28,590.49,651.16,1024,1024,SYNTHETIC,TRAIN_ONLY,https://www.kaggle.com/datasets/tielemarvin/european-license-plate-dataset-elpd,CC BY 4.0,https://creativecommons.org/licenses/by/4.0/,AI/PlateDetector/datasets/provenance/elpd/elpd_provenance.csv
elpd,filename_prefix_02294_.png,2,license-plate,license_plate,801.56,448.39,889.84,468.94,1024,1024,SYNTHETIC,TRAIN_ONLY,https://www.kaggle.com/datasets/tielemarvin/european-license-plate-dataset-elpd,CC BY 4.0,https://creativecommons.org/licenses/by/4.0/,AI/PlateDetector/datasets/provenance/elpd/elpd_provenance.csv
elpd,filename_prefix_02295_.png,1,license-plate,license_plate,56.42,578.85,142.68,605.53,1024,1024,SYNTHETIC,TRAIN_ONLY,https://www.kaggle.com/datasets/tielemarvin/european-license-plate-dataset-elpd,CC BY 4.0,https://creativecommons.org/licenses/by/4.0/,AI/PlateDetector/datasets/provenance/elpd/elpd_provenance.csv
elpd,filename_prefix_02295_.png,2,license-plate,license_plate,406.37,682.63,589.43,732.65,1024,1024,SYNTHETIC,TRAIN_ONLY,https://www.kaggle.com/datasets/tielemarvin/european-license-plate-dataset-elpd,CC BY 4.0,https://creativecommons.org/licenses/by/4.0/,AI/PlateDetector/datasets/provenance/elpd/elpd_provenance.csv
elpd,filename_prefix_02296_.png,1,license-plate,license_plate,774.24,1146.23,890.3,1214.89,1536,1536,SYNTHETIC,TRAIN_ONLY,https://www.kaggle.com/datasets/tielemarvin/european-license-plate-dataset-elpd,CC BY 4.0,https://creativecommons.org/licenses/by/4.0/,AI/PlateDetector/datasets/provenance/elpd/elpd_provenance.csv
elpd,filename_prefix_02297_.png,1,license-plate,license_plate,345.29,1110.54,554.53,1169.56,1536,1536,SYNTHETIC,TRAIN_ONLY,https://www.kaggle.com/datasets/tielemarvin/european-license-plate-dataset-elpd,CC BY 4.0,https://creativecommons.org/licenses/by/4.0/,AI/PlateDetector/datasets/provenance/elpd/elpd_provenance.csv
elpd,filename_prefix_02298_.png,1,license-plate,license_plate,374.84,604.36,560.58,651.41,1024,1024,SYNTHETIC,TRAIN_ONLY,https://www.kaggle.com/datasets/tielemarvin/european-license-plate-dataset-elpd,CC BY 4.0,https://creativecommons.org/licenses/by/4.0/,AI/PlateDetector/datasets/provenance/elpd/elpd_provenance.csv
elpd,filename_prefix_02299_.png,1,license-plate,license_plate,0.48,591.29,160.94,667.35,1024,1024,SYNTHETIC,TRAIN_ONLY,https://www.kaggle.com/datasets/tielemarvin/european-license-plate-dataset-elpd,CC BY 4.0,https://creativecommons.org/licenses/by/4.0/,AI/PlateDetector/datasets/provenance/elpd/elpd_provenance.csv
elpd,filename_prefix_02300_.png,1,license-plate,license_plate,204.26,962.92,736.99,1112.31,1536,1536,SYNTHETIC,TRAIN_ONLY,https://www.kaggle.com/datasets/tielemarvin/european-license-plate-dataset-elpd,CC BY 4.0,https://creativecommons.org/licenses/by/4.0/,AI/PlateDetector/datasets/provenance/elpd/elpd_provenance.csv
elpd,filename_prefix_02300_.png,2,license-plate,license_plate,1186.4,520.5,1271.8,545.6,1536,1536,SYNTHETIC,TRAIN_ONLY,https://www.kaggle.com/datasets/tielemarvin/european-license-plate-dataset-elpd,CC BY 4.0,https://creativecommons.org/licenses/by/4.0/,AI/PlateDetector/datasets/provenance/elpd/elpd_provenance.csv
elpd,filename_prefix_02301_.png,1,license-plate,license_plate,354.3,646.36,518.08,684.13,1024,1024,SYNTHETIC,TRAIN_ONLY,https://www.kaggle.com/datasets/tielemarvin/european-license-plate-dataset-elpd,CC BY 4.0,https://creativecommons.org/licenses/by/4.0/,AI/PlateDetector/datasets/provenance/elpd/elpd_provenance.csv
elpd,filename_prefix_02302_.png,1,license-plate,license_plate,278.74,888.58,510.04,945.08,1536,1536,SYNTHETIC,TRAIN_ONLY,https://www.kaggle.com/datasets/tielemarvin/european-license-plate-dataset-elpd,CC BY 4.0,https://creativecommons.org/licenses/by/4.0/,AI/PlateDetector/datasets/provenance/elpd/elpd_provenance.csv
elpd,filename_prefix_02303_.png,1,license-plate,license_plate,288.17,650.43,474.35,698.36,1024,1024,SYNTHETIC,TRAIN_ONLY,https://www.kaggle.com/datasets/tielemarvin/european-license-plate-dataset-elpd,CC BY 4.0,https://creativecommons.org/licenses/by/4.0/,AI/PlateDetector/datasets/provenance/elpd/elpd_provenance.csv
elpd,filename_prefix_02304_.png,1,license-plate,license_plate,360.87,943.76,647.61,1028.48,1536,1536,SYNTHETIC,TRAIN_ONLY,https://www.kaggle.com/datasets/tielemarvin/european-license-plate-dataset-elpd,CC BY 4.0,https://creativecommons.org/licenses/by/4.0/,AI/PlateDetector/datasets/provenance/elpd/elpd_provenance.csv
elpd,filename_prefix_02304_.png,2,license-plate,license_plate,1361.49,680.98,1507.93,724.16,1536,1536,SYNTHETIC,TRAIN_ONLY,https://www.kaggle.com/datasets/tielemarvin/european-license-plate-dataset-elpd,CC BY 4.0,https://creativecommons.org/licenses/by/4.0/,AI/PlateDetector/datasets/provenance/elpd/elpd_provenance.csv
elpd,filename_prefix_02305_.png,1,license-plate,license_plate,842.1,993.79,1071.63,1055.34,1536,1536,SYNTHETIC,TRAIN_ONLY,https://www.kaggle.com/datasets/tielemarvin/european-license-plate-dataset-elpd,CC BY 4.0,https://creativecommons.org/licenses/by/4.0/,AI/PlateDetector/datasets/provenance/elpd/elpd_provenance.csv
elpd,filename_prefix_02306_.png,1,license-plate,license_plate,634.41,701.9,768.8,785.95,1024,1024,SYNTHETIC,TRAIN_ONLY,https://www.kaggle.com/datasets/tielemarvin/european-license-plate-dataset-elpd,CC BY 4.0,https://creativecommons.org/licenses/by/4.0/,AI/PlateDetector/datasets/provenance/elpd/elpd_provenance.csv
elpd,filename_prefix_02307_.png,1,license-plate,license_plate,375.33,606.97,471.71,630.79,1024,1024,SYNTHETIC,TRAIN_ONLY,https://www.kaggle.com/datasets/tielemarvin/european-license-plate-dataset-elpd,CC BY 4.0,https://creativecommons.org/licenses/by/4.0/,AI/PlateDetector/datasets/provenance/elpd/elpd_provenance.csv
elpd,filename_prefix_02308_.png,1,license-plate,license_plate,598.32,1186.81,1017.79,1295.6,1536,1536,SYNTHETIC,TRAIN_ONLY,https://www.kaggle.com/datasets/tielemarvin/european-license-plate-dataset-elpd,CC BY 4.0,https://creativecommons.org/licenses/by/4.0/,AI/PlateDetector/datasets/provenance/elpd/elpd_provenance.csv
elpd,filename_prefix_02309_.png,1,license-plate,license_plate,0.0,813.1,257.92,897.33,1536,1536,SYNTHETIC,TRAIN_ONLY,https://www.kaggle.com/datasets/tielemarvin/european-license-plate-dataset-elpd,CC BY 4.0,https://creativecommons.org/licenses/by/4.0/,AI/PlateDetector/datasets/provenance/elpd/elpd_provenance.csv
elpd,filename_prefix_02310_.png,1,license-plate,license_plate,294.31,676.06,465.22,723.53,1024,1024,SYNTHETIC,TRAIN_ONLY,https://www.kaggle.com/datasets/tielemarvin/european-license-plate-dataset-elpd,CC BY 4.0,https://creativecommons.org/licenses/by/4.0/,AI/PlateDetector/datasets/provenance/elpd/elpd_provenance.csv
elpd,filename_prefix_02311_.png,1,license-plate,license_plate,846.97,477.65,935.5,501.79,1024,1024,SYNTHETIC,TRAIN_ONLY,https://www.kaggle.com/datasets/tielemarvin/european-license-plate-dataset-elpd,CC BY 4.0,https://creativecommons.org/licenses/by/4.0/,AI/PlateDetector/datasets/provenance/elpd/elpd_provenance.csv
elpd,filename_prefix_02311_.png,2,license-plate,license_plate,150.13,547.68,350.39,598.21,1024,1024,SYNTHETIC,TRAIN_ONLY,https://www.kaggle.com/datasets/tielemarvin/european-license-plate-dataset-elpd,CC BY 4.0,https://creativecommons.org/licenses/by/4.0/,AI/PlateDetector/datasets/provenance/elpd/elpd_provenance.csv
elpd,filename_prefix_02312_.png,1,license-plate,license_plate,303.3,756.71,520.29,833.79,1536,1536,SYNTHETIC,TRAIN_ONLY,https://www.kaggle.com/datasets/tielemarvin/european-license-plate-dataset-elpd,CC BY 4.0,https://creativecommons.org/licenses/by/4.0/,AI/PlateDetector/datasets/provenance/elpd/elpd_provenance.csv
elpd,filename_prefix_02313_.png,1,license-plate,license_plate,941.35,938.23,1174.88,1013.38,1536,1536,SYNTHETIC,TRAIN_ONLY,https://www.kaggle.com/datasets/tielemarvin/european-license-plate-dataset-elpd,CC BY 4.0,https://creativecommons.org/licenses/by/4.0/,AI/PlateDetector/datasets/provenance/elpd/elpd_provenance.csv
elpd,filename_prefix_02313_.png,2,license-plate,license_plate,1398.12,781.76,1536.0,830.95,1536,1536,SYNTHETIC,TRAIN_ONLY,https://www.kaggle.com/datasets/tielemarvin/european-license-plate-dataset-elpd,CC BY 4.0,https://creativecommons.org/licenses/by/4.0/,AI/PlateDetector/datasets/provenance/elpd/elpd_provenance.csv
elpd,filename_prefix_02314_.png,1,license-plate,license_plate,4.83,690.36,467.5,816.69,1024,1024,SYNTHETIC,TRAIN_ONLY,https://www.kaggle.com/datasets/tielemarvin/european-license-plate-dataset-elpd,CC BY 4.0,https://creativecommons.org/licenses/by/4.0/,AI/PlateDetector/datasets/provenance/elpd/elpd_provenance.csv
elpd,filename_prefix_02315_.png,1,license-plate,license_plate,564.64,662.41,717.44,703.6,1024,1024,SYNTHETIC,TRAIN_ONLY,https://www.kaggle.com/datasets/tielemarvin/european-license-plate-dataset-elpd,CC BY 4.0,https://creativecommons.org/licenses/by/4.0/,AI/PlateDetector/datasets/provenance/elpd/elpd_provenance.csv
elpd,filename_prefix_02316_.png,1,license-plate,license_plate,215.99,1041.1,408.83,1147.56,1536,1536,SYNTHETIC,TRAIN_ONLY,https://www.kaggle.com/datasets/tielemarvin/european-license-plate-dataset-elpd,CC BY 4.0,https://creativecommons.org/licenses/by/4.0/,AI/PlateDetector/datasets/provenance/elpd/elpd_provenance.csv
elpd,filename_prefix_02317_.png,1,license-plate,license_plate,471.02,543.08,632.49,583.32,1024,1024,SYNTHETIC,TRAIN_ONLY,https://www.kaggle.com/datasets/tielemarvin/european-license-plate-dataset-elpd,CC BY 4.0,https://creativecommons.org/licenses/by/4.0/,AI/PlateDetector/datasets/provenance/elpd/elpd_provenance.csv
elpd,filename_prefix_02318_.png,1,license-plate,license_plate,688.7,891.8,819.9,923.0,1536,1536,SYNTHETIC,TRAIN_ONLY,https://www.kaggle.com/datasets/tielemarvin/european-license-plate-dataset-elpd,CC BY 4.0,https://creativecommons.org/licenses/by/4.0/,AI/PlateDetector/datasets/provenance/elpd/elpd_provenance.csv
elpd,filename_prefix_02319_.png,1,license-plate,license_plate,659.01,216.53,817.18,257.72,1024,1024,SYNTHETIC,TRAIN_ONLY,https://www.kaggle.com/datasets/tielemarvin/european-license-plate-dataset-elpd,CC BY 4.0,https://creativecommons.org/licenses/by/4.0/,AI/PlateDetector/datasets/provenance/elpd/elpd_provenance.csv
elpd,filename_prefix_02320_.png,1,license-plate,license_plate,677.5,1031.91,885.33,1084.41,1536,1536,SYNTHETIC,TRAIN_ONLY,https://www.kaggle.com/datasets/tielemarvin/european-license-plate-dataset-elpd,CC BY 4.0,https://creativecommons.org/licenses/by/4.0/,AI/PlateDetector/datasets/provenance/elpd/elpd_provenance.csv
elpd,filename_prefix_02321_.png,1,license-plate,license_plate,806.32,715.4,976.84,758.75,1536,1536,SYNTHETIC,TRAIN_ONLY,https://www.kaggle.com/datasets/tielemarvin/european-license-plate-dataset-elpd,CC BY 4.0,https://creativecommons.org/licenses/by/4.0/,AI/PlateDetector/datasets/provenance/elpd/elpd_provenance.csv
elpd,filename_prefix_02321_.png,2,license-plate,license_plate,0.0,865.26,306.58,947.1,1536,1536,SYNTHETIC,TRAIN_ONLY,https://www.kaggle.com/datasets/tielemarvin/european-license-plate-dataset-elpd,CC BY 4.0,https://creativecommons.org/licenses/by/4.0/,AI/PlateDetector/datasets/provenance/elpd/elpd_provenance.csv
elpd,filename_prefix_02322_.png,1,license-plate,license_plate,263.88,713.21,374.12,748.55,1024,1024,SYNTHETIC,TRAIN_ONLY,https://www.kaggle.com/datasets/tielemarvin/european-license-plate-dataset-elpd,CC BY 4.0,https://creativecommons.org/licenses/by/4.0/,AI/PlateDetector/datasets/provenance/elpd/elpd_provenance.csv
elpd,filename_prefix_02323_.png,1,license-plate,license_plate,177.82,619.26,283.48,662.15,1024,1024,SYNTHETIC,TRAIN_ONLY,https://www.kaggle.com/datasets/tielemarvin/european-license-plate-dataset-elpd,CC BY 4.0,https://creativecommons.org/licenses/by/4.0/,AI/PlateDetector/datasets/provenance/elpd/elpd_provenance.csv
elpd,filename_prefix_02323_.png,2,license-plate,license_plate,851.53,645.8,1023.32,701.56,1024,1024,SYNTHETIC,TRAIN_ONLY,https://www.kaggle.com/datasets/tielemarvin/european-license-plate-dataset-elpd,CC BY 4.0,https://creativecommons.org/licenses/by/4.0/,AI/PlateDetector/datasets/provenance/elpd/elpd_provenance.csv
elpd,filename_prefix_02324_.png,1,license-plate,license_plate,0.0,1235.01,349.11,1341.68,1536,1536,SYNTHETIC,TRAIN_ONLY,https://www.kaggle.com/datasets/tielemarvin/european-license-plate-dataset-elpd,CC BY 4.0,https://creativecommons.org/licenses/by/4.0/,AI/PlateDetector/datasets/provenance/elpd/elpd_provenance.csv
elpd,filename_prefix_02324_.png,2,license-plate,license_plate,1002.68,764.35,1292.87,840.26,1536,1536,SYNTHETIC,TRAIN_ONLY,https://www.kaggle.com/datasets/tielemarvin/european-license-plate-dataset-elpd,CC BY 4.0,https://creativecommons.org/licenses/by/4.0/,AI/PlateDetector/datasets/provenance/elpd/elpd_provenance.csv
elpd,filename_prefix_02325_.png,1,license-plate,license_plate,198.6,996.26,505.0400000000001,1074.42,1536,1536,SYNTHETIC,TRAIN_ONLY,https://www.kaggle.com/datasets/tielemarvin/european-license-plate-dataset-elpd,CC BY 4.0,https://creativecommons.org/licenses/by/4.0/,AI/PlateDetector/datasets/provenance/elpd/elpd_provenance.csv
elpd,filename_prefix_02325_.png,2,license-plate,license_plate,1281.09,813.39,1390.44,848.13,1536,1536,SYNTHETIC,TRAIN_ONLY,https://www.kaggle.com/datasets/tielemarvin/european-license-plate-dataset-elpd,CC BY 4.0,https://creativecommons.org/licenses/by/4.0/,AI/PlateDetector/datasets/provenance/elpd/elpd_provenance.csv
elpd,filename_prefix_02326_.png,1,license-plate,license_plate,614.3,484.9,728.48,525.48,1024,1024,SYNTHETIC,TRAIN_ONLY,https://www.kaggle.com/datasets/tielemarvin/european-license-plate-dataset-elpd,CC BY 4.0,https://creativecommons.org/licenses/by/4.0/,AI/PlateDetector/datasets/provenance/elpd/elpd_provenance.csv
elpd,filename_prefix_02327_.png,1,license-plate,license_plate,636.46,687.79,815.47,764.66,1024,1024,SYNTHETIC,TRAIN_ONLY,https://www.kaggle.com/datasets/tielemarvin/european-license-plate-dataset-elpd,CC BY 4.0,https://creativecommons.org/licenses/by/4.0/,AI/PlateDetector/datasets/provenance/elpd/elpd_provenance.csv
elpd,filename_prefix_02328_.png,1,license-plate,license_plate,751.35,864.3,1032.86,930.25,1536,1536,SYNTHETIC,TRAIN_ONLY,https://www.kaggle.com/datasets/tielemarvin/european-license-plate-dataset-elpd,CC BY 4.0,https://creativecommons.org/licenses/by/4.0/,AI/PlateDetector/datasets/provenance/elpd/elpd_provenance.csv
elpd,filename_prefix_02328_.png,2,license-plate,license_plate,1267.45,611.55,1365.09,635.7,1536,1536,SYNTHETIC,TRAIN_ONLY,https://www.kaggle.com/datasets/tielemarvin/european-license-plate-dataset-elpd,CC BY 4.0,https://creativecommons.org/licenses/by/4.0/,AI/PlateDetector/datasets/provenance/elpd/elpd_provenance.csv
elpd,filename_prefix_02329_.png,1,license-plate,license_plate,1150.04,474.61,1413.17,555.0,1536,1536,SYNTHETIC,TRAIN_ONLY,https://www.kaggle.com/datasets/tielemarvin/european-license-plate-dataset-elpd,CC BY 4.0,https://creativecommons.org/licenses/by/4.0/,AI/PlateDetector/datasets/provenance/elpd/elpd_provenance.csv
elpd,filename_prefix_02330_.png,1,license-plate,license_plate,129.4,618.3,309.0,669.0,1024,1024,SYNTHETIC,TRAIN_ONLY,https://www.kaggle.com/datasets/tielemarvin/european-license-plate-dataset-elpd,CC BY 4.0,https://creativecommons.org/licenses/by/4.0/,AI/PlateDetector/datasets/provenance/elpd/elpd_provenance.csv
elpd,filename_prefix_02331_.png,1,license-plate,license_plate,156.04,608.52,243.9,636.69,1024,1024,SYNTHETIC,TRAIN_ONLY,https://www.kaggle.com/datasets/tielemarvin/european-license-plate-dataset-elpd,CC BY 4.0,https://creativecommons.org/licenses/by/4.0/,AI/PlateDetector/datasets/provenance/elpd/elpd_provenance.csv
elpd,filename_prefix_02332_.png,1,license-plate,license_plate,741.1,1095.23,894.25,1135.42,1536,1536,SYNTHETIC,TRAIN_ONLY,https://www.kaggle.com/datasets/tielemarvin/european-license-plate-dataset-elpd,CC BY 4.0,https://creativecommons.org/licenses/by/4.0/,AI/PlateDetector/datasets/provenance/elpd/elpd_provenance.csv
