source_dataset,source_group,source_split,filename,source_image_path,image_width,image_height,plate_instance_count,real_synthetic,allowed_split,canonical_class,review_status
kaggle_plate_license_recognition,00125d8d-09b8-4a6e-9d2f-e2c240d22b38_jpg,train,00125d8d-09b8-4a6e-9d2f-e2c240d22b38_jpg.rf.096311dfc6c9b41269153e9454ebd2aa.jpg,AI/PlateDetector/datasets/raw/kaggle_plate_license_recognition/train/00125d8d-09b8-4a6e-9d2f-e2c240d22b38_jpg.rf.096311dfc6c9b41269153e9454ebd2aa.jpg,640,640,1,REAL,TRAIN_ONLY,license_plate,accepted_training_positive
kaggle_plate_license_recognition,00125d8d-09b8-4a6e-9d2f-e2c240d22b38_jpg,train,00125d8d-09b8-4a6e-9d2f-e2c240d22b38_jpg.rf.4bc24ac6dfc7853e64b9d5cc039cc943.jpg,AI/PlateDetector/datasets/raw/kaggle_plate_license_recognition/train/00125d8d-09b8-4a6e-9d2f-e2c240d22b38_jpg.rf.4bc24ac6dfc7853e64b9d5cc039cc943.jpg,640,640,3,REAL,TRAIN_ONLY,license_plate,reject_mosaic_collage
kaggle_plate_license_recognition,00125d8d-09b8-4a6e-9d2f-e2c240d22b38_jpg,train,00125d8d-09b8-4a6e-9d2f-e2c240d22b38_jpg.rf.8d4b93d2db307b357d423d2bf2a5caa4.jpg,AI/PlateDetector/datasets/raw/kaggle_plate_license_recognition/train/00125d8d-09b8-4a6e-9d2f-e2c240d22b38_jpg.rf.8d4b93d2db307b357d423d2bf2a5caa4.jpg,640,640,4,REAL,TRAIN_ONLY,license_plate,reject_mosaic_collage
kaggle_plate_license_recognition,00125d8d-09b8-4a6e-9d2f-e2c240d22b38_jpg,train,00125d8d-09b8-4a6e-9d2f-e2c240d22b38_jpg.rf.c8f51d54b911dd1beca136aba5b6cfee.jpg,AI/PlateDetector/datasets/raw/kaggle_plate_license_recognition/train/00125d8d-09b8-4a6e-9d2f-e2c240d22b38_jpg.rf.c8f51d54b911dd1beca136aba5b6cfee.jpg,640,640,1,REAL,TRAIN_ONLY,license_plate,accepted_training_positive
kaggle_plate_license_recognition,0025288e6192dc18_jpg,valid,0025288e6192dc18_jpg.rf.5bd34e8f279a8c0bea42bbf03f88bad5.jpg,AI/PlateDetector/datasets/raw/kaggle_plate_license_recognition/valid/0025288e6192dc18_jpg.rf.5bd34e8f279a8c0bea42bbf03f88bad5.jpg,640,640,1,REAL,TRAIN_ONLY,license_plate,reject_plate_or_ocr_crop
kaggle_plate_license_recognition,00625e8e-a5e5-4fe5-b454-dccad9d8d677_jpg,valid,00625e8e-a5e5-4fe5-b454-dccad9d8d677_jpg.rf.2823ddf08ff2682720bbfd7e6f9e100f.jpg,AI/PlateDetector/datasets/raw/kaggle_plate_license_recognition/valid/00625e8e-a5e5-4fe5-b454-dccad9d8d677_jpg.rf.2823ddf08ff2682720bbfd7e6f9e100f.jpg,640,640,3,REAL,TRAIN_ONLY,license_plate,reject_mosaic_collage
kaggle_plate_license_recognition,00625e8e-a5e5-4fe5-b454-dccad9d8d677_jpg,train,00625e8e-a5e5-4fe5-b454-dccad9d8d677_jpg.rf.9fb7854852a0ddcf6fbd2ed8197fd212.jpg,AI/PlateDetector/datasets/raw/kaggle_plate_license_recognition/train/00625e8e-a5e5-4fe5-b454-dccad9d8d677_jpg.rf.9fb7854852a0ddcf6fbd2ed8197fd212.jpg,640,640,1,REAL,TRAIN_ONLY,license_plate,accepted_training_positive
kaggle_plate_license_recognition,00625e8e-a5e5-4fe5-b454-dccad9d8d677_jpg,train,00625e8e-a5e5-4fe5-b454-dccad9d8d677_jpg.rf.cb6fa1912142b36bbae6b1351e0c77ba.jpg,AI/PlateDetector/datasets/raw/kaggle_plate_license_recognition/train/00625e8e-a5e5-4fe5-b454-dccad9d8d677_jpg.rf.cb6fa1912142b36bbae6b1351e0c77ba.jpg,640,640,3,REAL,TRAIN_ONLY,license_plate,reject_mosaic_collage
kaggle_plate_license_recognition,006ac91c-3d2a-4985-9fae-ed3f545f994f_jpg,train,006ac91c-3d2a-4985-9fae-ed3f545f994f_jpg.rf.2326adca7d0b5acad84de1b79e39d854.jpg,AI/PlateDetector/datasets/raw/kaggle_plate_license_recognition/train/006ac91c-3d2a-4985-9fae-ed3f545f994f_jpg.rf.2326adca7d0b5acad84de1b79e39d854.jpg,640,640,1,REAL,TRAIN_ONLY,license_plate,accepted_training_positive
kaggle_plate_license_recognition,006ac91c-3d2a-4985-9fae-ed3f545f994f_jpg,train,006ac91c-3d2a-4985-9fae-ed3f545f994f_jpg.rf.7a66c9046d484ae30d1ff217bdd234e8.jpg,AI/PlateDetector/datasets/raw/kaggle_plate_license_recognition/train/006ac91c-3d2a-4985-9fae-ed3f545f994f_jpg.rf.7a66c9046d484ae30d1ff217bdd234e8.jpg,640,640,1,REAL,TRAIN_ONLY,license_plate,accepted_training_positive
kaggle_plate_license_recognition,00a8d9ab7c3b9c0e2_jpg,train,00a8d9ab7c3b9c0e2_jpg.rf.5190153ceb91b68bb698d101ae13e23a.jpg,AI/PlateDetector/datasets/raw/kaggle_plate_license_recognition/train/00a8d9ab7c3b9c0e2_jpg.rf.5190153ceb91b68bb698d101ae13e23a.jpg,640,640,1,REAL,TRAIN_ONLY,license_plate,reject_plate_or_ocr_crop
kaggle_plate_license_recognition,00adf93a-2b6e-4940-a39e-9f9cd9d98207_jpg,train,00adf93a-2b6e-4940-a39e-9f9cd9d98207_jpg.rf.52606ce35a980455b7d5801788a4bac3.jpg,AI/PlateDetector/datasets/raw/kaggle_plate_license_recognition/train/00adf93a-2b6e-4940-a39e-9f9cd9d98207_jpg.rf.52606ce35a980455b7d5801788a4bac3.jpg,640,640,4,REAL,TRAIN_ONLY,license_plate,reject_mosaic_collage
kaggle_plate_license_recognition,00adf93a-2b6e-4940-a39e-9f9cd9d98207_jpg,train,00adf93a-2b6e-4940-a39e-9f9cd9d98207_jpg.rf.9c5018a2cb99039c2ab16fcafb9144fb.jpg,AI/PlateDetector/datasets/raw/kaggle_plate_license_recognition/train/00adf93a-2b6e-4940-a39e-9f9cd9d98207_jpg.rf.9c5018a2cb99039c2ab16fcafb9144fb.jpg,640,640,1,REAL,TRAIN_ONLY,license_plate,accepted_training_positive
kaggle_plate_license_recognition,00adf93a-2b6e-4940-a39e-9f9cd9d98207_jpg,valid,00adf93a-2b6e-4940-a39e-9f9cd9d98207_jpg.rf.e96a9a27c5e9e28ab0f4b8cc6461d8b9.jpg,AI/PlateDetector/datasets/raw/kaggle_plate_license_recognition/valid/00adf93a-2b6e-4940-a39e-9f9cd9d98207_jpg.rf.e96a9a27c5e9e28ab0f4b8cc6461d8b9.jpg,640,640,1,REAL,TRAIN_ONLY,license_plate,accepted_training_positive
kaggle_plate_license_recognition,00b6f96c840767fa_jpg,valid,00b6f96c840767fa_jpg.rf.4942e96bb14180d24d585c3e7132402f.jpg,AI/PlateDetector/datasets/raw/kaggle_plate_license_recognition/valid/00b6f96c840767fa_jpg.rf.4942e96bb14180d24d585c3e7132402f.jpg,640,640,1,REAL,TRAIN_ONLY,license_plate,reject_plate_or_ocr_crop
kaggle_plate_license_recognition,00bc6c35-3eec-4fb5-bdd3-e5d8656b014f_jpg,train,00bc6c35-3eec-4fb5-bdd3-e5d8656b014f_jpg.rf.3e3fc093e285f5860082d385bfb8d68a.jpg,AI/PlateDetector/datasets/raw/kaggle_plate_license_recognition/train/00bc6c35-3eec-4fb5-bdd3-e5d8656b014f_jpg.rf.3e3fc093e285f5860082d385bfb8d68a.jpg,640,640,3,REAL,TRAIN_ONLY,license_plate,reject_mosaic_collage
kaggle_plate_license_recognition,00bc6c35-3eec-4fb5-bdd3-e5d8656b014f_jpg,train,00bc6c35-3eec-4fb5-bdd3-e5d8656b014f_jpg.rf.9fb570a8c76c37b40fb667f50e11fdd8.jpg,AI/PlateDetector/datasets/raw/kaggle_plate_license_recognition/train/00bc6c35-3eec-4fb5-bdd3-e5d8656b014f_jpg.rf.9fb570a8c76c37b40fb667f50e11fdd8.jpg,640,640,1,REAL,TRAIN_ONLY,license_plate,accepted_training_positive
kaggle_plate_license_recognition,00bc6c35-3eec-4fb5-bdd3-e5d8656b014f_jpg,train,00bc6c35-3eec-4fb5-bdd3-e5d8656b014f_jpg.rf.ac91e08476b3cd05fc394321c9d4509e.jpg,AI/PlateDetector/datasets/raw/kaggle_plate_license_recognition/train/00bc6c35-3eec-4fb5-bdd3-e5d8656b014f_jpg.rf.ac91e08476b3cd05fc394321c9d4509e.jpg,640,640,3,REAL,TRAIN_ONLY,license_plate,reject_mosaic_collage
kaggle_plate_license_recognition,00c2cca1-854e-465b-88c9-035e56207a76_jpg,test,00c2cca1-854e-465b-88c9-035e56207a76_jpg.rf.37363319ad14c51b17516ef85f36dabd.jpg,AI/PlateDetector/datasets/raw/kaggle_plate_license_recognition/test/00c2cca1-854e-465b-88c9-035e56207a76_jpg.rf.37363319ad14c51b17516ef85f36dabd.jpg,640,640,3,REAL,TRAIN_ONLY,license_plate,reject_mosaic_collage
kaggle_plate_license_recognition,00c86d7c-4764-4f2c-aa1d-578d73e83f9e_jpg,train,00c86d7c-4764-4f2c-aa1d-578d73e83f9e_jpg.rf.43b5ad98f1ed06108838a1bf77761be0.jpg,AI/PlateDetector/datasets/raw/kaggle_plate_license_recognition/train/00c86d7c-4764-4f2c-aa1d-578d73e83f9e_jpg.rf.43b5ad98f1ed06108838a1bf77761be0.jpg,640,640,3,REAL,TRAIN_ONLY,license_plate,reject_mosaic_collage
kaggle_plate_license_recognition,00c86d7c-4764-4f2c-aa1d-578d73e83f9e_jpg,train,00c86d7c-4764-4f2c-aa1d-578d73e83f9e_jpg.rf.4957e3847f318d93039d3bbb2c48f263.jpg,AI/PlateDetector/datasets/raw/kaggle_plate_license_recognition/train/00c86d7c-4764-4f2c-aa1d-578d73e83f9e_jpg.rf.4957e3847f318d93039d3bbb2c48f263.jpg,640,640,1,REAL,TRAIN_ONLY,license_plate,accepted_training_positive
kaggle_plate_license_recognition,00eb7652-4abf-462c-b1ee-ff1c3623c7cc_jpg,train,00eb7652-4abf-462c-b1ee-ff1c3623c7cc_jpg.rf.ea6478abb9290fc3cb6731ddeeaad109.jpg,AI/PlateDetector/datasets/raw/kaggle_plate_license_recognition/train/00eb7652-4abf-462c-b1ee-ff1c3623c7cc_jpg.rf.ea6478abb9290fc3cb6731ddeeaad109.jpg,640,640,3,REAL,TRAIN_ONLY,license_plate,reject_mosaic_collage
kaggle_plate_license_recognition,00f30ef5-1e8a-4a89-ac87-b9a5905582ec_jpg,valid,00f30ef5-1e8a-4a89-ac87-b9a5905582ec_jpg.rf.e8eabfba685fa1db6384a7192243aed6.jpg,AI/PlateDetector/datasets/raw/kaggle_plate_license_recognition/valid/00f30ef5-1e8a-4a89-ac87-b9a5905582ec_jpg.rf.e8eabfba685fa1db6384a7192243aed6.jpg,640,640,1,REAL,TRAIN_ONLY,license_plate,accepted_training_positive
kaggle_plate_license_recognition,011d8b71-8bb9-4c8e-8b10-89952740b973_jpg,train,011d8b71-8bb9-4c8e-8b10-89952740b973_jpg.rf.51fedf0fa1fd36dcd78f4d9c6f9dd278.jpg,AI/PlateDetector/datasets/raw/kaggle_plate_license_recognition/train/011d8b71-8bb9-4c8e-8b10-89952740b973_jpg.rf.51fedf0fa1fd36dcd78f4d9c6f9dd278.jpg,640,640,4,REAL,TRAIN_ONLY,license_plate,reject_mosaic_collage
kaggle_plate_license_recognition,011d8b71-8bb9-4c8e-8b10-89952740b973_jpg,valid,011d8b71-8bb9-4c8e-8b10-89952740b973_jpg.rf.909cd75e07aeea78dabbad983e5102d0.jpg,AI/PlateDetector/datasets/raw/kaggle_plate_license_recognition/valid/011d8b71-8bb9-4c8e-8b10-89952740b973_jpg.rf.909cd75e07aeea78dabbad983e5102d0.jpg,640,640,1,REAL,TRAIN_ONLY,license_plate,accepted_training_positive
kaggle_plate_license_recognition,01256cfb-c380-4acc-9c12-ce37f0f20ca8_jpg,valid,01256cfb-c380-4acc-9c12-ce37f0f20ca8_jpg.rf.7b0af15ce526dd9c521d356dcc43ff47.jpg,AI/PlateDetector/datasets/raw/kaggle_plate_license_recognition/valid/01256cfb-c380-4acc-9c12-ce37f0f20ca8_jpg.rf.7b0af15ce526dd9c521d356dcc43ff47.jpg,640,640,4,REAL,TRAIN_ONLY,license_plate,reject_mosaic_collage
kaggle_plate_license_recognition,01256cfb-c380-4acc-9c12-ce37f0f20ca8_jpg,valid,01256cfb-c380-4acc-9c12-ce37f0f20ca8_jpg.rf.bfb84b80f431188edbef89b2195d2594.jpg,AI/PlateDetector/datasets/raw/kaggle_plate_license_recognition/valid/01256cfb-c380-4acc-9c12-ce37f0f20ca8_jpg.rf.bfb84b80f431188edbef89b2195d2594.jpg,640,640,1,REAL,TRAIN_ONLY,license_plate,accepted_training_positive
kaggle_plate_license_recognition,0172ee47-45f9-41d5-ae98-2905af6f03bf_jpg,train,0172ee47-45f9-41d5-ae98-2905af6f03bf_jpg.rf.4176405f1e215847ca13c52fa625e30d.jpg,AI/PlateDetector/datasets/raw/kaggle_plate_license_recognition/train/0172ee47-45f9-41d5-ae98-2905af6f03bf_jpg.rf.4176405f1e215847ca13c52fa625e30d.jpg,640,640,1,REAL,TRAIN_ONLY,license_plate,reject_plate_or_ocr_crop
kaggle_plate_license_recognition,0172ee47-45f9-41d5-ae98-2905af6f03bf_jpg,train,0172ee47-45f9-41d5-ae98-2905af6f03bf_jpg.rf.78131ac79716f37ab75531b1938eef39.jpg,AI/PlateDetector/datasets/raw/kaggle_plate_license_recognition/train/0172ee47-45f9-41d5-ae98-2905af6f03bf_jpg.rf.78131ac79716f37ab75531b1938eef39.jpg,640,640,4,REAL,TRAIN_ONLY,license_plate,reject_mosaic_collage
kaggle_plate_license_recognition,018b680a-02bd-4b03-9548-972c21879ea1_jpg,train,018b680a-02bd-4b03-9548-972c21879ea1_jpg.rf.6b45de3cef18476d8812dea9912dcba7.jpg,AI/PlateDetector/datasets/raw/kaggle_plate_license_recognition/train/018b680a-02bd-4b03-9548-972c21879ea1_jpg.rf.6b45de3cef18476d8812dea9912dcba7.jpg,640,640,4,REAL,TRAIN_ONLY,license_plate,reject_mosaic_collage
kaggle_plate_license_recognition,018b680a-02bd-4b03-9548-972c21879ea1_jpg,train,018b680a-02bd-4b03-9548-972c21879ea1_jpg.rf.dd45ae788e8130c0d39c7b36380bd3a2.jpg,AI/PlateDetector/datasets/raw/kaggle_plate_license_recognition/train/018b680a-02bd-4b03-9548-972c21879ea1_jpg.rf.dd45ae788e8130c0d39c7b36380bd3a2.jpg,640,640,1,REAL,TRAIN_ONLY,license_plate,accepted_training_positive
kaggle_plate_license_recognition,01_jpg,train,01_jpg.rf.710753a3a9486ff161391ed60c46458b.jpg,AI/PlateDetector/datasets/raw/kaggle_plate_license_recognition/train/01_jpg.rf.710753a3a9486ff161391ed60c46458b.jpg,640,640,19,REAL,TRAIN_ONLY,license_plate,accepted_training_positive
kaggle_plate_license_recognition,01a437c5-7ec6-4f55-8a59-e08184d7d543_jpg,train,01a437c5-7ec6-4f55-8a59-e08184d7d543_jpg.rf.284f19117da30f8006194b5b25689ef4.jpg,AI/PlateDetector/datasets/raw/kaggle_plate_license_recognition/train/01a437c5-7ec6-4f55-8a59-e08184d7d543_jpg.rf.284f19117da30f8006194b5b25689ef4.jpg,640,640,3,REAL,TRAIN_ONLY,license_plate,reject_mosaic_collage
kaggle_plate_license_recognition,01a437c5-7ec6-4f55-8a59-e08184d7d543_jpg,train,01a437c5-7ec6-4f55-8a59-e08184d7d543_jpg.rf.45eba13475d2e2f7d46725ea143fea03.jpg,AI/PlateDetector/datasets/raw/kaggle_plate_license_recognition/train/01a437c5-7ec6-4f55-8a59-e08184d7d543_jpg.rf.45eba13475d2e2f7d46725ea143fea03.jpg,640,640,4,REAL,TRAIN_ONLY,license_plate,reject_mosaic_collage
kaggle_plate_license_recognition,01caf0e2-f320-4c1c-8646-366c1b08bcf4_jpg,valid,01caf0e2-f320-4c1c-8646-366c1b08bcf4_jpg.rf.b7e4beaacb5c7ecdc115a9c239fe1b4f.jpg,AI/PlateDetector/datasets/raw/kaggle_plate_license_recognition/valid/01caf0e2-f320-4c1c-8646-366c1b08bcf4_jpg.rf.b7e4beaacb5c7ecdc115a9c239fe1b4f.jpg,640,640,1,REAL,TRAIN_ONLY,license_plate,accepted_training_positive
kaggle_plate_license_recognition,01caf0e2-f320-4c1c-8646-366c1b08bcf4_jpg,valid,01caf0e2-f320-4c1c-8646-366c1b08bcf4_jpg.rf.db1e5aa452784ccb72100c4a32b86d75.jpg,AI/PlateDetector/datasets/raw/kaggle_plate_license_recognition/valid/01caf0e2-f320-4c1c-8646-366c1b08bcf4_jpg.rf.db1e5aa452784ccb72100c4a32b86d75.jpg,640,640,4,REAL,TRAIN_ONLY,license_plate,reject_mosaic_collage
kaggle_plate_license_recognition,01cdfe7b-5725-4856-a056-537115fe6d50_jpg,train,01cdfe7b-5725-4856-a056-537115fe6d50_jpg.rf.0aa15a4a302da11b5a0059da460bec0b.jpg,AI/PlateDetector/datasets/raw/kaggle_plate_license_recognition/train/01cdfe7b-5725-4856-a056-537115fe6d50_jpg.rf.0aa15a4a302da11b5a0059da460bec0b.jpg,640,640,4,REAL,TRAIN_ONLY,license_plate,reject_mosaic_collage
kaggle_plate_license_recognition,01cdfe7b-5725-4856-a056-537115fe6d50_jpg,train,01cdfe7b-5725-4856-a056-537115fe6d50_jpg.rf.27bcb1ef213602c544ad9b572436d3bd.jpg,AI/PlateDetector/datasets/raw/kaggle_plate_license_recognition/train/01cdfe7b-5725-4856-a056-537115fe6d50_jpg.rf.27bcb1ef213602c544ad9b572436d3bd.jpg,640,640,1,REAL,TRAIN_ONLY,license_plate,accepted_training_positive
kaggle_plate_license_recognition,01cdfe7b-5725-4856-a056-537115fe6d50_jpg,valid,01cdfe7b-5725-4856-a056-537115fe6d50_jpg.rf.df4bad298b50ccc29a75378d02206e64.jpg,AI/PlateDetector/datasets/raw/kaggle_plate_license_recognition/valid/01cdfe7b-5725-4856-a056-537115fe6d50_jpg.rf.df4bad298b50ccc29a75378d02206e64.jpg,640,640,3,REAL,TRAIN_ONLY,license_plate,reject_mosaic_collage
kaggle_plate_license_recognition,01d7623e-50ea-4903-8c12-27200f246ac4_jpg,train,01d7623e-50ea-4903-8c12-27200f246ac4_jpg.rf.88db14c57b2b41423f57fdf955960219.jpg,AI/PlateDetector/datasets/raw/kaggle_plate_license_recognition/train/01d7623e-50ea-4903-8c12-27200f246ac4_jpg.rf.88db14c57b2b41423f57fdf955960219.jpg,640,640,1,REAL,TRAIN_ONLY,license_plate,accepted_training_positive
kaggle_plate_license_recognition,01e050a3-fba2-47b7-90ec-224a86b5e64b_jpg,train,01e050a3-fba2-47b7-90ec-224a86b5e64b_jpg.rf.43eb19f25a6ea673ed2b395b55c9007f.jpg,AI/PlateDetector/datasets/raw/kaggle_plate_license_recognition/train/01e050a3-fba2-47b7-90ec-224a86b5e64b_jpg.rf.43eb19f25a6ea673ed2b395b55c9007f.jpg,640,640,1,REAL,TRAIN_ONLY,license_plate,accepted_training_positive
kaggle_plate_license_recognition,01e050a3-fba2-47b7-90ec-224a86b5e64b_jpg,train,01e050a3-fba2-47b7-90ec-224a86b5e64b_jpg.rf.c295ebf5433f86a3774a15ddb6449a8e.jpg,AI/PlateDetector/datasets/raw/kaggle_plate_license_recognition/train/01e050a3-fba2-47b7-90ec-224a86b5e64b_jpg.rf.c295ebf5433f86a3774a15ddb6449a8e.jpg,640,640,1,REAL,TRAIN_ONLY,license_plate,accepted_training_positive
kaggle_plate_license_recognition,01e0842b-0cd7-4830-9d05-4c50b70c5841_jpg,train,01e0842b-0cd7-4830-9d05-4c50b70c5841_jpg.rf.18d0219f0031a40a3a9fac280271e89b.jpg,AI/PlateDetector/datasets/raw/kaggle_plate_license_recognition/train/01e0842b-0cd7-4830-9d05-4c50b70c5841_jpg.rf.18d0219f0031a40a3a9fac280271e89b.jpg,640,640,1,REAL,TRAIN_ONLY,license_plate,accepted_training_positive
kaggle_plate_license_recognition,01e1b559-79ad-4697-9c16-ea2c88938531_jpg,train,01e1b559-79ad-4697-9c16-ea2c88938531_jpg.rf.0a7602ae8aef4129e3ba9d825f61e12d.jpg,AI/PlateDetector/datasets/raw/kaggle_plate_license_recognition/train/01e1b559-79ad-4697-9c16-ea2c88938531_jpg.rf.0a7602ae8aef4129e3ba9d825f61e12d.jpg,640,640,3,REAL,TRAIN_ONLY,license_plate,reject_mosaic_collage
kaggle_plate_license_recognition,01e1b559-79ad-4697-9c16-ea2c88938531_jpg,train,01e1b559-79ad-4697-9c16-ea2c88938531_jpg.rf.3beb1231d5ced3a6ad197125de46239f.jpg,AI/PlateDetector/datasets/raw/kaggle_plate_license_recognition/train/01e1b559-79ad-4697-9c16-ea2c88938531_jpg.rf.3beb1231d5ced3a6ad197125de46239f.jpg,640,640,1,REAL,TRAIN_ONLY,license_plate,accepted_training_positive
kaggle_plate_license_recognition,01e1b559-79ad-4697-9c16-ea2c88938531_jpg,train,01e1b559-79ad-4697-9c16-ea2c88938531_jpg.rf.437e7315632aa6be25a0e9f6112f7f24.jpg,AI/PlateDetector/datasets/raw/kaggle_plate_license_recognition/train/01e1b559-79ad-4697-9c16-ea2c88938531_jpg.rf.437e7315632aa6be25a0e9f6112f7f24.jpg,640,640,1,REAL,TRAIN_ONLY,license_plate,accepted_training_positive
kaggle_plate_license_recognition,01e1b559-79ad-4697-9c16-ea2c88938531_jpg,train,01e1b559-79ad-4697-9c16-ea2c88938531_jpg.rf.f5889721bcbe98e032a9ee51e5a247d5.jpg,AI/PlateDetector/datasets/raw/kaggle_plate_license_recognition/train/01e1b559-79ad-4697-9c16-ea2c88938531_jpg.rf.f5889721bcbe98e032a9ee51e5a247d5.jpg,640,640,3,REAL,TRAIN_ONLY,license_plate,reject_mosaic_collage
kaggle_plate_license_recognition,01ed0581-ce61-4d8d-9b2d-4093141774bb_jpg,train,01ed0581-ce61-4d8d-9b2d-4093141774bb_jpg.rf.0e28f789d2e79e8b56373295d4eb1545.jpg,AI/PlateDetector/datasets/raw/kaggle_plate_license_recognition/train/01ed0581-ce61-4d8d-9b2d-4093141774bb_jpg.rf.0e28f789d2e79e8b56373295d4eb1545.jpg,640,640,2,REAL,TRAIN_ONLY,license_plate,reject_mosaic_collage
kaggle_plate_license_recognition,01f83ff8-e022-46ec-aa6f-b1e8da17ef73_jpg,train,01f83ff8-e022-46ec-aa6f-b1e8da17ef73_jpg.rf.afd500fcbae22cdbd4238a87d7cd6baa.jpg,AI/PlateDetector/datasets/raw/kaggle_plate_license_recognition/train/01f83ff8-e022-46ec-aa6f-b1e8da17ef73_jpg.rf.afd500fcbae22cdbd4238a87d7cd6baa.jpg,640,640,3,REAL,TRAIN_ONLY,license_plate,reject_mosaic_collage
kaggle_plate_license_recognition,022fa55d-7c2d-45a4-8f9d-9e8e726f6d21_jpg,valid,022fa55d-7c2d-45a4-8f9d-9e8e726f6d21_jpg.rf.1e27c5f5c1041df09c2ce6741a99e5dd.jpg,AI/PlateDetector/datasets/raw/kaggle_plate_license_recognition/valid/022fa55d-7c2d-45a4-8f9d-9e8e726f6d21_jpg.rf.1e27c5f5c1041df09c2ce6741a99e5dd.jpg,640,640,3,REAL,TRAIN_ONLY,license_plate,reject_mosaic_collage
kaggle_plate_license_recognition,022fa55d-7c2d-45a4-8f9d-9e8e726f6d21_jpg,valid,022fa55d-7c2d-45a4-8f9d-9e8e726f6d21_jpg.rf.2984f9c0c7cde1c52b1f8e36c62daab0.jpg,AI/PlateDetector/datasets/raw/kaggle_plate_license_recognition/valid/022fa55d-7c2d-45a4-8f9d-9e8e726f6d21_jpg.rf.2984f9c0c7cde1c52b1f8e36c62daab0.jpg,640,640,1,REAL,TRAIN_ONLY,license_plate,accepted_training_positive
kaggle_plate_license_recognition,022fa55d-7c2d-45a4-8f9d-9e8e726f6d21_jpg,train,022fa55d-7c2d-45a4-8f9d-9e8e726f6d21_jpg.rf.33afcddb997d7c3ff8e1627e5f165a3d.jpg,AI/PlateDetector/datasets/raw/kaggle_plate_license_recognition/train/022fa55d-7c2d-45a4-8f9d-9e8e726f6d21_jpg.rf.33afcddb997d7c3ff8e1627e5f165a3d.jpg,640,640,1,REAL,TRAIN_ONLY,license_plate,accepted_training_positive
kaggle_plate_license_recognition,022fa55d-7c2d-45a4-8f9d-9e8e726f6d21_jpg,test,022fa55d-7c2d-45a4-8f9d-9e8e726f6d21_jpg.rf.4d14dc0fcf3fa11c3218130b77f9df2e.jpg,AI/PlateDetector/datasets/raw/kaggle_plate_license_recognition/test/022fa55d-7c2d-45a4-8f9d-9e8e726f6d21_jpg.rf.4d14dc0fcf3fa11c3218130b77f9df2e.jpg,640,640,3,REAL,TRAIN_ONLY,license_plate,reject_mosaic_collage
kaggle_plate_license_recognition,022fa55d-7c2d-45a4-8f9d-9e8e726f6d21_jpg,train,022fa55d-7c2d-45a4-8f9d-9e8e726f6d21_jpg.rf.acdbe41505a1174509d42f4c7757d0a9.jpg,AI/PlateDetector/datasets/raw/kaggle_plate_license_recognition/train/022fa55d-7c2d-45a4-8f9d-9e8e726f6d21_jpg.rf.acdbe41505a1174509d42f4c7757d0a9.jpg,640,640,1,REAL,TRAIN_ONLY,license_plate,accepted_training_positive
kaggle_plate_license_recognition,0232f4b1-c52f-4bda-bf65-c02f003caa4e_jpg,valid,0232f4b1-c52f-4bda-bf65-c02f003caa4e_jpg.rf.57f4ab3c1425c4e84ad8471ba48e28ae.jpg,AI/PlateDetector/datasets/raw/kaggle_plate_license_recognition/valid/0232f4b1-c52f-4bda-bf65-c02f003caa4e_jpg.rf.57f4ab3c1425c4e84ad8471ba48e28ae.jpg,640,640,3,REAL,TRAIN_ONLY,license_plate,reject_mosaic_collage
kaggle_plate_license_recognition,0232f4b1-c52f-4bda-bf65-c02f003caa4e_jpg,train,0232f4b1-c52f-4bda-bf65-c02f003caa4e_jpg.rf.ef54d353291dd683e6c1ec58768737f2.jpg,AI/PlateDetector/datasets/raw/kaggle_plate_license_recognition/train/0232f4b1-c52f-4bda-bf65-c02f003caa4e_jpg.rf.ef54d353291dd683e6c1ec58768737f2.jpg,640,640,1,REAL,TRAIN_ONLY,license_plate,accepted_training_positive
kaggle_plate_license_recognition,0257f25f-56ac-4308-a0f5-461f91a738bf_jpg,train,0257f25f-56ac-4308-a0f5-461f91a738bf_jpg.rf.495bc514884bed0bbbae5255163192b9.jpg,AI/PlateDetector/datasets/raw/kaggle_plate_license_recognition/train/0257f25f-56ac-4308-a0f5-461f91a738bf_jpg.rf.495bc514884bed0bbbae5255163192b9.jpg,640,640,1,REAL,TRAIN_ONLY,license_plate,reject_plate_or_ocr_crop
kaggle_plate_license_recognition,0257f25f-56ac-4308-a0f5-461f91a738bf_jpg,train,0257f25f-56ac-4308-a0f5-461f91a738bf_jpg.rf.ed42963a608950cf14b54d6b6a69c8d1.jpg,AI/PlateDetector/datasets/raw/kaggle_plate_license_recognition/train/0257f25f-56ac-4308-a0f5-461f91a738bf_jpg.rf.ed42963a608950cf14b54d6b6a69c8d1.jpg,640,640,1,REAL,TRAIN_ONLY,license_plate,accepted_training_positive
kaggle_plate_license_recognition,025d0abb8f2ef2d62_jpg,train,025d0abb8f2ef2d62_jpg.rf.a8ce9f947952a1ecda86b919ab08d07a.jpg,AI/PlateDetector/datasets/raw/kaggle_plate_license_recognition/train/025d0abb8f2ef2d62_jpg.rf.a8ce9f947952a1ecda86b919ab08d07a.jpg,640,640,1,REAL,TRAIN_ONLY,license_plate,reject_plate_or_ocr_crop
kaggle_plate_license_recognition,025d0abb8f2ef2d62_jpg,train,025d0abb8f2ef2d62_jpg.rf.c8ab748a86bef202cc2ce05c57504bf1.jpg,AI/PlateDetector/datasets/raw/kaggle_plate_license_recognition/train/025d0abb8f2ef2d62_jpg.rf.c8ab748a86bef202cc2ce05c57504bf1.jpg,640,640,1,REAL,TRAIN_ONLY,license_plate,reject_plate_or_ocr_crop
kaggle_plate_license_recognition,0277af2f-c754-4594-9de4-1a901e2be5e8_jpg,train,0277af2f-c754-4594-9de4-1a901e2be5e8_jpg.rf.9d27d7a0d15385c462be3715b82bbe03.jpg,AI/PlateDetector/datasets/raw/kaggle_plate_license_recognition/train/0277af2f-c754-4594-9de4-1a901e2be5e8_jpg.rf.9d27d7a0d15385c462be3715b82bbe03.jpg,640,640,1,REAL,TRAIN_ONLY,license_plate,accepted_training_positive
kaggle_plate_license_recognition,0277af2f-c754-4594-9de4-1a901e2be5e8_jpg,train,0277af2f-c754-4594-9de4-1a901e2be5e8_jpg.rf.afab3cad2ab51cdc372d91875fd39e72.jpg,AI/PlateDetector/datasets/raw/kaggle_plate_license_recognition/train/0277af2f-c754-4594-9de4-1a901e2be5e8_jpg.rf.afab3cad2ab51cdc372d91875fd39e72.jpg,640,640,1,REAL,TRAIN_ONLY,license_plate,accepted_training_positive
kaggle_plate_license_recognition,0277af2f-c754-4594-9de4-1a901e2be5e8_jpg,train,0277af2f-c754-4594-9de4-1a901e2be5e8_jpg.rf.d4c6bf8f1d14100268bf466a503712c3.jpg,AI/PlateDetector/datasets/raw/kaggle_plate_license_recognition/train/0277af2f-c754-4594-9de4-1a901e2be5e8_jpg.rf.d4c6bf8f1d14100268bf466a503712c3.jpg,640,640,1,REAL,TRAIN_ONLY,license_plate,accepted_training_positive
kaggle_plate_license_recognition,0277af2f-c754-4594-9de4-1a901e2be5e8_jpg,train,0277af2f-c754-4594-9de4-1a901e2be5e8_jpg.rf.f59b12e4530cee3c57a6b20643bb05a2.jpg,AI/PlateDetector/datasets/raw/kaggle_plate_license_recognition/train/0277af2f-c754-4594-9de4-1a901e2be5e8_jpg.rf.f59b12e4530cee3c57a6b20643bb05a2.jpg,640,640,1,REAL,TRAIN_ONLY,license_plate,accepted_training_positive
kaggle_plate_license_recognition,028255e8-77ef-4bea-9bf6-f45d91300285_jpg,train,028255e8-77ef-4bea-9bf6-f45d91300285_jpg.rf.3a5b3773d5e3da9479a5b231cbf44536.jpg,AI/PlateDetector/datasets/raw/kaggle_plate_license_recognition/train/028255e8-77ef-4bea-9bf6-f45d91300285_jpg.rf.3a5b3773d5e3da9479a5b231cbf44536.jpg,640,640,1,REAL,TRAIN_ONLY,license_plate,accepted_training_positive
kaggle_plate_license_recognition,028255e8-77ef-4bea-9bf6-f45d91300285_jpg,valid,028255e8-77ef-4bea-9bf6-f45d91300285_jpg.rf.e55df540ff91e6716a25d9ea57a859f9.jpg,AI/PlateDetector/datasets/raw/kaggle_plate_license_recognition/valid/028255e8-77ef-4bea-9bf6-f45d91300285_jpg.rf.e55df540ff91e6716a25d9ea57a859f9.jpg,640,640,1,REAL,TRAIN_ONLY,license_plate,accepted_training_positive
kaggle_plate_license_recognition,028b9e7e-85b2-4604-8111-02d6d093c41d_jpg,train,028b9e7e-85b2-4604-8111-02d6d093c41d_jpg.rf.2e24792efeff595bf0288c07f3cae2ff.jpg,AI/PlateDetector/datasets/raw/kaggle_plate_license_recognition/train/028b9e7e-85b2-4604-8111-02d6d093c41d_jpg.rf.2e24792efeff595bf0288c07f3cae2ff.jpg,640,640,1,REAL,TRAIN_ONLY,license_plate,accepted_training_positive
kaggle_plate_license_recognition,028b9e7e-85b2-4604-8111-02d6d093c41d_jpg,train,028b9e7e-85b2-4604-8111-02d6d093c41d_jpg.rf.ddd8744acb19027ce4c79a168eac795a.jpg,AI/PlateDetector/datasets/raw/kaggle_plate_license_recognition/train/028b9e7e-85b2-4604-8111-02d6d093c41d_jpg.rf.ddd8744acb19027ce4c79a168eac795a.jpg,640,640,4,REAL,TRAIN_ONLY,license_plate,reject_mosaic_collage
kaggle_plate_license_recognition,029a09ca-6d28-444f-9e6e-64eb1813db27_jpg,train,029a09ca-6d28-444f-9e6e-64eb1813db27_jpg.rf.025b032f0612c01bfaa3b7083d53942f.jpg,AI/PlateDetector/datasets/raw/kaggle_plate_license_recognition/train/029a09ca-6d28-444f-9e6e-64eb1813db27_jpg.rf.025b032f0612c01bfaa3b7083d53942f.jpg,640,640,1,REAL,TRAIN_ONLY,license_plate,accepted_training_positive
kaggle_plate_license_recognition,029a09ca-6d28-444f-9e6e-64eb1813db27_jpg,valid,029a09ca-6d28-444f-9e6e-64eb1813db27_jpg.rf.a5533ad586c58a869cc6f8a67405337b.jpg,AI/PlateDetector/datasets/raw/kaggle_plate_license_recognition/valid/029a09ca-6d28-444f-9e6e-64eb1813db27_jpg.rf.a5533ad586c58a869cc6f8a67405337b.jpg,640,640,1,REAL,TRAIN_ONLY,license_plate,accepted_training_positive
kaggle_plate_license_recognition,02b32053-1b50-4c0e-8151-9b5fd7a067bf_jpg,train,02b32053-1b50-4c0e-8151-9b5fd7a067bf_jpg.rf.74876319104c5dff3b5c075adc0eac96.jpg,AI/PlateDetector/datasets/raw/kaggle_plate_license_recognition/train/02b32053-1b50-4c0e-8151-9b5fd7a067bf_jpg.rf.74876319104c5dff3b5c075adc0eac96.jpg,640,640,1,REAL,TRAIN_ONLY,license_plate,accepted_training_positive
kaggle_plate_license_recognition,02b32053-1b50-4c0e-8151-9b5fd7a067bf_jpg,train,02b32053-1b50-4c0e-8151-9b5fd7a067bf_jpg.rf.fd6b82435a23d7730b3e4bdf9cc50c70.jpg,AI/PlateDetector/datasets/raw/kaggle_plate_license_recognition/train/02b32053-1b50-4c0e-8151-9b5fd7a067bf_jpg.rf.fd6b82435a23d7730b3e4bdf9cc50c70.jpg,640,640,1,REAL,TRAIN_ONLY,license_plate,accepted_training_positive
kaggle_plate_license_recognition,02c24567-383a-4e84-bafc-5e87a7b8a86f_jpg,valid,02c24567-383a-4e84-bafc-5e87a7b8a86f_jpg.rf.2c77f280bbe91e40ae3fb6c1410111e8.jpg,AI/PlateDetector/datasets/raw/kaggle_plate_license_recognition/valid/02c24567-383a-4e84-bafc-5e87a7b8a86f_jpg.rf.2c77f280bbe91e40ae3fb6c1410111e8.jpg,640,640,1,REAL,TRAIN_ONLY,license_plate,accepted_training_positive
kaggle_plate_license_recognition,02c24567-383a-4e84-bafc-5e87a7b8a86f_jpg,valid,02c24567-383a-4e84-bafc-5e87a7b8a86f_jpg.rf.b06a0d7bb32eb0ceff60b0c51a65cb30.jpg,AI/PlateDetector/datasets/raw/kaggle_plate_license_recognition/valid/02c24567-383a-4e84-bafc-5e87a7b8a86f_jpg.rf.b06a0d7bb32eb0ceff60b0c51a65cb30.jpg,640,640,4,REAL,TRAIN_ONLY,license_plate,reject_mosaic_collage
kaggle_plate_license_recognition,02e8d02a-9a32-459c-8623-c214e00b33f7_jpg,train,02e8d02a-9a32-459c-8623-c214e00b33f7_jpg.rf.6a4162579bbe32fcf5d868df1ff45fe3.jpg,AI/PlateDetector/datasets/raw/kaggle_plate_license_recognition/train/02e8d02a-9a32-459c-8623-c214e00b33f7_jpg.rf.6a4162579bbe32fcf5d868df1ff45fe3.jpg,640,640,1,REAL,TRAIN_ONLY,license_plate,accepted_training_positive
kaggle_plate_license_recognition,02ea1e5b-8a2e-49d7-b0d8-1fb4c316ec24_jpg,valid,02ea1e5b-8a2e-49d7-b0d8-1fb4c316ec24_jpg.rf.94db908ed0a422f840f770237733d219.jpg,AI/PlateDetector/datasets/raw/kaggle_plate_license_recognition/valid/02ea1e5b-8a2e-49d7-b0d8-1fb4c316ec24_jpg.rf.94db908ed0a422f840f770237733d219.jpg,640,640,1,REAL,TRAIN_ONLY,license_plate,accepted_training_positive
kaggle_plate_license_recognition,02ea1e5b-8a2e-49d7-b0d8-1fb4c316ec24_jpg,train,02ea1e5b-8a2e-49d7-b0d8-1fb4c316ec24_jpg.rf.c856155860b5801dfc9967716d5c4484.jpg,AI/PlateDetector/datasets/raw/kaggle_plate_license_recognition/train/02ea1e5b-8a2e-49d7-b0d8-1fb4c316ec24_jpg.rf.c856155860b5801dfc9967716d5c4484.jpg,640,640,2,REAL,TRAIN_ONLY,license_plate,reject_mosaic_collage
kaggle_plate_license_recognition,02ffb2ab-0aa7-4462-b802-ecfc48777263_jpg,train,02ffb2ab-0aa7-4462-b802-ecfc48777263_jpg.rf.e4d5c25fad7258067d60a81ddfdfac01.jpg,AI/PlateDetector/datasets/raw/kaggle_plate_license_recognition/train/02ffb2ab-0aa7-4462-b802-ecfc48777263_jpg.rf.e4d5c25fad7258067d60a81ddfdfac01.jpg,640,640,1,REAL,TRAIN_ONLY,license_plate,accepted_training_positive
kaggle_plate_license_recognition,02ffb2ab-0aa7-4462-b802-ecfc48777263_jpg,train,02ffb2ab-0aa7-4462-b802-ecfc48777263_jpg.rf.f34765e7020ea61327ff40345b2f6f34.jpg,AI/PlateDetector/datasets/raw/kaggle_plate_license_recognition/train/02ffb2ab-0aa7-4462-b802-ecfc48777263_jpg.rf.f34765e7020ea61327ff40345b2f6f34.jpg,640,640,2,REAL,TRAIN_ONLY,license_plate,reject_mosaic_collage
kaggle_plate_license_recognition,031b1fbd-9425-4724-9372-7ff9c937e0eb_jpg,train,031b1fbd-9425-4724-9372-7ff9c937e0eb_jpg.rf.0f5ea1a304f0f7bca9ab9048977aecb3.jpg,AI/PlateDetector/datasets/raw/kaggle_plate_license_recognition/train/031b1fbd-9425-4724-9372-7ff9c937e0eb_jpg.rf.0f5ea1a304f0f7bca9ab9048977aecb3.jpg,640,640,4,REAL,TRAIN_ONLY,license_plate,reject_mosaic_collage
kaggle_plate_license_recognition,031b1fbd-9425-4724-9372-7ff9c937e0eb_jpg,valid,031b1fbd-9425-4724-9372-7ff9c937e0eb_jpg.rf.1efa82f03867e71378c7543326025221.jpg,AI/PlateDetector/datasets/raw/kaggle_plate_license_recognition/valid/031b1fbd-9425-4724-9372-7ff9c937e0eb_jpg.rf.1efa82f03867e71378c7543326025221.jpg,640,640,4,REAL,TRAIN_ONLY,license_plate,reject_mosaic_collage
kaggle_plate_license_recognition,031b1fbd-9425-4724-9372-7ff9c937e0eb_jpg,train,031b1fbd-9425-4724-9372-7ff9c937e0eb_jpg.rf.486f83153a76140fd47e8abcb1a9e2c4.jpg,AI/PlateDetector/datasets/raw/kaggle_plate_license_recognition/train/031b1fbd-9425-4724-9372-7ff9c937e0eb_jpg.rf.486f83153a76140fd47e8abcb1a9e2c4.jpg,640,640,1,REAL,TRAIN_ONLY,license_plate,accepted_training_positive
kaggle_plate_license_recognition,031b1fbd-9425-4724-9372-7ff9c937e0eb_jpg,train,031b1fbd-9425-4724-9372-7ff9c937e0eb_jpg.rf.f23741320e736615ece50e3d7a656ca9.jpg,AI/PlateDetector/datasets/raw/kaggle_plate_license_recognition/train/031b1fbd-9425-4724-9372-7ff9c937e0eb_jpg.rf.f23741320e736615ece50e3d7a656ca9.jpg,640,640,1,REAL,TRAIN_ONLY,license_plate,accepted_training_positive
kaggle_plate_license_recognition,03280c14-8cb4-4f22-ba03-901b19fb31b9_jpg,valid,03280c14-8cb4-4f22-ba03-901b19fb31b9_jpg.rf.cdec82f7e7b8015a231d7c61aef7881c.jpg,AI/PlateDetector/datasets/raw/kaggle_plate_license_recognition/valid/03280c14-8cb4-4f22-ba03-901b19fb31b9_jpg.rf.cdec82f7e7b8015a231d7c61aef7881c.jpg,640,640,1,REAL,TRAIN_ONLY,license_plate,accepted_training_positive
kaggle_plate_license_recognition,03280c14-8cb4-4f22-ba03-901b19fb31b9_jpg,train,03280c14-8cb4-4f22-ba03-901b19fb31b9_jpg.rf.f0c8b95f2e2ab7be0b4bd510b4ae2498.jpg,AI/PlateDetector/datasets/raw/kaggle_plate_license_recognition/train/03280c14-8cb4-4f22-ba03-901b19fb31b9_jpg.rf.f0c8b95f2e2ab7be0b4bd510b4ae2498.jpg,640,640,1,REAL,TRAIN_ONLY,license_plate,accepted_training_positive
kaggle_plate_license_recognition,033748aa-2f0e-4353-b8df-a798cdc3567a_jpg,train,033748aa-2f0e-4353-b8df-a798cdc3567a_jpg.rf.71873c957bea7d0a546c55bb2730c8d4.jpg,AI/PlateDetector/datasets/raw/kaggle_plate_license_recognition/train/033748aa-2f0e-4353-b8df-a798cdc3567a_jpg.rf.71873c957bea7d0a546c55bb2730c8d4.jpg,640,640,4,REAL,TRAIN_ONLY,license_plate,reject_mosaic_collage
kaggle_plate_license_recognition,03506c4e-d19b-4f3a-9194-4b00517879aa_jpg,train,03506c4e-d19b-4f3a-9194-4b00517879aa_jpg.rf.3dba9e7d2a16b23646ec6d6d9633513e.jpg,AI/PlateDetector/datasets/raw/kaggle_plate_license_recognition/train/03506c4e-d19b-4f3a-9194-4b00517879aa_jpg.rf.3dba9e7d2a16b23646ec6d6d9633513e.jpg,640,640,1,REAL,TRAIN_ONLY,license_plate,accepted_training_positive
kaggle_plate_license_recognition,03506c4e-d19b-4f3a-9194-4b00517879aa_jpg,train,03506c4e-d19b-4f3a-9194-4b00517879aa_jpg.rf.902363afbc263abe0268e0292528ca87.jpg,AI/PlateDetector/datasets/raw/kaggle_plate_license_recognition/train/03506c4e-d19b-4f3a-9194-4b00517879aa_jpg.rf.902363afbc263abe0268e0292528ca87.jpg,640,640,1,REAL,TRAIN_ONLY,license_plate,accepted_training_positive
kaggle_plate_license_recognition,0350b8ed-902a-490c-b0f2-bd3edf928b1b_jpg,train,0350b8ed-902a-490c-b0f2-bd3edf928b1b_jpg.rf.bda725a297673e3ab2b3805586fb16c2.jpg,AI/PlateDetector/datasets/raw/kaggle_plate_license_recognition/train/0350b8ed-902a-490c-b0f2-bd3edf928b1b_jpg.rf.bda725a297673e3ab2b3805586fb16c2.jpg,640,640,1,REAL,TRAIN_ONLY,license_plate,accepted_training_positive
kaggle_plate_license_recognition,0358a741-cf16-434b-a234-b46495c28825_jpg,train,0358a741-cf16-434b-a234-b46495c28825_jpg.rf.69ca6fb756f28cd602eb06e08e6fe1a1.jpg,AI/PlateDetector/datasets/raw/kaggle_plate_license_recognition/train/0358a741-cf16-434b-a234-b46495c28825_jpg.rf.69ca6fb756f28cd602eb06e08e6fe1a1.jpg,640,640,1,REAL,TRAIN_ONLY,license_plate,accepted_training_positive
kaggle_plate_license_recognition,03671bbbc7aee75d_jpg,train,03671bbbc7aee75d_jpg.rf.9db29e20e10c6563cf0795cb47f56fd0.jpg,AI/PlateDetector/datasets/raw/kaggle_plate_license_recognition/train/03671bbbc7aee75d_jpg.rf.9db29e20e10c6563cf0795cb47f56fd0.jpg,640,640,1,REAL,TRAIN_ONLY,license_plate,reject_plate_or_ocr_crop
kaggle_plate_license_recognition,0379f40e-0861-42ac-ac5d-6c775a9c7272_jpg,valid,0379f40e-0861-42ac-ac5d-6c775a9c7272_jpg.rf.08546850e1624525209a801899d0333e.jpg,AI/PlateDetector/datasets/raw/kaggle_plate_license_recognition/valid/0379f40e-0861-42ac-ac5d-6c775a9c7272_jpg.rf.08546850e1624525209a801899d0333e.jpg,640,640,4,REAL,TRAIN_ONLY,license_plate,reject_mosaic_collage
kaggle_plate_license_recognition,0379f40e-0861-42ac-ac5d-6c775a9c7272_jpg,train,0379f40e-0861-42ac-ac5d-6c775a9c7272_jpg.rf.64a26a6b811878de25969bf183db931d.jpg,AI/PlateDetector/datasets/raw/kaggle_plate_license_recognition/train/0379f40e-0861-42ac-ac5d-6c775a9c7272_jpg.rf.64a26a6b811878de25969bf183db931d.jpg,640,640,2,REAL,TRAIN_ONLY,license_plate,reject_mosaic_collage
kaggle_plate_license_recognition,0379f40e-0861-42ac-ac5d-6c775a9c7272_jpg,train,0379f40e-0861-42ac-ac5d-6c775a9c7272_jpg.rf.720faf4e78cd6da4b9b70c5b2f7de142.jpg,AI/PlateDetector/datasets/raw/kaggle_plate_license_recognition/train/0379f40e-0861-42ac-ac5d-6c775a9c7272_jpg.rf.720faf4e78cd6da4b9b70c5b2f7de142.jpg,640,640,2,REAL,TRAIN_ONLY,license_plate,reject_mosaic_collage
kaggle_plate_license_recognition,0379f40e-0861-42ac-ac5d-6c775a9c7272_jpg,train,0379f40e-0861-42ac-ac5d-6c775a9c7272_jpg.rf.ce7d308c4ad0c4c12ea80471dd0d89b6.jpg,AI/PlateDetector/datasets/raw/kaggle_plate_license_recognition/train/0379f40e-0861-42ac-ac5d-6c775a9c7272_jpg.rf.ce7d308c4ad0c4c12ea80471dd0d89b6.jpg,640,640,1,REAL,TRAIN_ONLY,license_plate,accepted_training_positive
kaggle_plate_license_recognition,0396f120-4c76-465d-99a9-1660d466987f_jpg,train,0396f120-4c76-465d-99a9-1660d466987f_jpg.rf.628084bbcfe55a79462178ee98dec4cc.jpg,AI/PlateDetector/datasets/raw/kaggle_plate_license_recognition/train/0396f120-4c76-465d-99a9-1660d466987f_jpg.rf.628084bbcfe55a79462178ee98dec4cc.jpg,640,640,1,REAL,TRAIN_ONLY,license_plate,accepted_training_positive
kaggle_plate_license_recognition,0396f120-4c76-465d-99a9-1660d466987f_jpg,train,0396f120-4c76-465d-99a9-1660d466987f_jpg.rf.658270633d0316beae38cdd4b4989c36.jpg,AI/PlateDetector/datasets/raw/kaggle_plate_license_recognition/train/0396f120-4c76-465d-99a9-1660d466987f_jpg.rf.658270633d0316beae38cdd4b4989c36.jpg,640,640,3,REAL,TRAIN_ONLY,license_plate,reject_mosaic_collage
kaggle_plate_license_recognition,0396f120-4c76-465d-99a9-1660d466987f_jpg,train,0396f120-4c76-465d-99a9-1660d466987f_jpg.rf.db83c021a2696433ef89fdf303d6144e.jpg,AI/PlateDetector/datasets/raw/kaggle_plate_license_recognition/train/0396f120-4c76-465d-99a9-1660d466987f_jpg.rf.db83c021a2696433ef89fdf303d6144e.jpg,640,640,3,REAL,TRAIN_ONLY,license_plate,reject_mosaic_collage
kaggle_plate_license_recognition,039cdda6-8d63-4d32-8a19-82a5b2c4b2b9_jpg,valid,039cdda6-8d63-4d32-8a19-82a5b2c4b2b9_jpg.rf.c88e628ecea67218c916f32012de2b31.jpg,AI/PlateDetector/datasets/raw/kaggle_plate_license_recognition/valid/039cdda6-8d63-4d32-8a19-82a5b2c4b2b9_jpg.rf.c88e628ecea67218c916f32012de2b31.jpg,640,640,1,REAL,TRAIN_ONLY,license_plate,accepted_training_positive
kaggle_plate_license_recognition,03a144ef-9747-43cf-8618-8fae752cc5e0_jpg,train,03a144ef-9747-43cf-8618-8fae752cc5e0_jpg.rf.6d3bea3d175fb6508257328c136cfb67.jpg,AI/PlateDetector/datasets/raw/kaggle_plate_license_recognition/train/03a144ef-9747-43cf-8618-8fae752cc5e0_jpg.rf.6d3bea3d175fb6508257328c136cfb67.jpg,640,640,3,REAL,TRAIN_ONLY,license_plate,reject_mosaic_collage
kaggle_plate_license_recognition,03a144ef-9747-43cf-8618-8fae752cc5e0_jpg,train,03a144ef-9747-43cf-8618-8fae752cc5e0_jpg.rf.712289b1cb68a4e1e222185a226f20a5.jpg,AI/PlateDetector/datasets/raw/kaggle_plate_license_recognition/train/03a144ef-9747-43cf-8618-8fae752cc5e0_jpg.rf.712289b1cb68a4e1e222185a226f20a5.jpg,640,640,1,REAL,TRAIN_ONLY,license_plate,accepted_training_positive
kaggle_plate_license_recognition,03a144ef-9747-43cf-8618-8fae752cc5e0_jpg,train,03a144ef-9747-43cf-8618-8fae752cc5e0_jpg.rf.8b1e082296092820355e938020853426.jpg,AI/PlateDetector/datasets/raw/kaggle_plate_license_recognition/train/03a144ef-9747-43cf-8618-8fae752cc5e0_jpg.rf.8b1e082296092820355e938020853426.jpg,640,640,1,REAL,TRAIN_ONLY,license_plate,accepted_training_positive
kaggle_plate_license_recognition,03a144ef-9747-43cf-8618-8fae752cc5e0_jpg,valid,03a144ef-9747-43cf-8618-8fae752cc5e0_jpg.rf.ecaaeb4af667ce24656119fa46f82b13.jpg,AI/PlateDetector/datasets/raw/kaggle_plate_license_recognition/valid/03a144ef-9747-43cf-8618-8fae752cc5e0_jpg.rf.ecaaeb4af667ce24656119fa46f82b13.jpg,640,640,1,REAL,TRAIN_ONLY,license_plate,accepted_training_positive
kaggle_plate_license_recognition,03a14abf-7882-42b1-939c-b5e6b3c8ef59_jpg,train,03a14abf-7882-42b1-939c-b5e6b3c8ef59_jpg.rf.b948500e7f90857606b527229f6e5222.jpg,AI/PlateDetector/datasets/raw/kaggle_plate_license_recognition/train/03a14abf-7882-42b1-939c-b5e6b3c8ef59_jpg.rf.b948500e7f90857606b527229f6e5222.jpg,640,640,1,REAL,TRAIN_ONLY,license_plate,accepted_training_positive
kaggle_plate_license_recognition,03a14abf-7882-42b1-939c-b5e6b3c8ef59_jpg,train,03a14abf-7882-42b1-939c-b5e6b3c8ef59_jpg.rf.ba184194c6d113d49fd0b95d7df73f55.jpg,AI/PlateDetector/datasets/raw/kaggle_plate_license_recognition/train/03a14abf-7882-42b1-939c-b5e6b3c8ef59_jpg.rf.ba184194c6d113d49fd0b95d7df73f55.jpg,640,640,3,REAL,TRAIN_ONLY,license_plate,reject_mosaic_collage
kaggle_plate_license_recognition,03a14abf-7882-42b1-939c-b5e6b3c8ef59_jpg,train,03a14abf-7882-42b1-939c-b5e6b3c8ef59_jpg.rf.e25f529ab2dd990f1547802451932636.jpg,AI/PlateDetector/datasets/raw/kaggle_plate_license_recognition/train/03a14abf-7882-42b1-939c-b5e6b3c8ef59_jpg.rf.e25f529ab2dd990f1547802451932636.jpg,640,640,4,REAL,TRAIN_ONLY,license_plate,reject_mosaic_collage
kaggle_plate_license_recognition,03b32f38-86e3-416a-841b-9202c2b870f7_jpg,train,03b32f38-86e3-416a-841b-9202c2b870f7_jpg.rf.ab3b0a6eb8326ae51715ed00690bffef.jpg,AI/PlateDetector/datasets/raw/kaggle_plate_license_recognition/train/03b32f38-86e3-416a-841b-9202c2b870f7_jpg.rf.ab3b0a6eb8326ae51715ed00690bffef.jpg,640,640,1,REAL,TRAIN_ONLY,license_plate,accepted_training_positive
kaggle_plate_license_recognition,03b32f38-86e3-416a-841b-9202c2b870f7_jpg,train,03b32f38-86e3-416a-841b-9202c2b870f7_jpg.rf.c77261b8be65889198544ae12fb4828b.jpg,AI/PlateDetector/datasets/raw/kaggle_plate_license_recognition/train/03b32f38-86e3-416a-841b-9202c2b870f7_jpg.rf.c77261b8be65889198544ae12fb4828b.jpg,640,640,1,REAL,TRAIN_ONLY,license_plate,accepted_training_positive
kaggle_plate_license_recognition,03c3d44fe77b6015_jpg,valid,03c3d44fe77b6015_jpg.rf.ba1f32f98097f94033e74736746cec0c.jpg,AI/PlateDetector/datasets/raw/kaggle_plate_license_recognition/valid/03c3d44fe77b6015_jpg.rf.ba1f32f98097f94033e74736746cec0c.jpg,640,640,1,REAL,TRAIN_ONLY,license_plate,reject_plate_or_ocr_crop
kaggle_plate_license_recognition,03e12546-47c5-45f5-b0fa-f5cdde97e020_jpg,train,03e12546-47c5-45f5-b0fa-f5cdde97e020_jpg.rf.51de14ad2bdb8a5cd17d8e038dce2de9.jpg,AI/PlateDetector/datasets/raw/kaggle_plate_license_recognition/train/03e12546-47c5-45f5-b0fa-f5cdde97e020_jpg.rf.51de14ad2bdb8a5cd17d8e038dce2de9.jpg,640,640,1,REAL,TRAIN_ONLY,license_plate,accepted_training_positive
kaggle_plate_license_recognition,03eabd4d-c3eb-4251-9490-4d93c3acbfee_jpg,valid,03eabd4d-c3eb-4251-9490-4d93c3acbfee_jpg.rf.007321cc4b81a81eece0ba7d481406de.jpg,AI/PlateDetector/datasets/raw/kaggle_plate_license_recognition/valid/03eabd4d-c3eb-4251-9490-4d93c3acbfee_jpg.rf.007321cc4b81a81eece0ba7d481406de.jpg,640,640,1,REAL,TRAIN_ONLY,license_plate,accepted_training_positive
kaggle_plate_license_recognition,03f94b3e-da4b-4990-bf8e-a24aab1d1dcf_jpg,train,03f94b3e-da4b-4990-bf8e-a24aab1d1dcf_jpg.rf.4b9c08074ac2d2f61bc531052de72764.jpg,AI/PlateDetector/datasets/raw/kaggle_plate_license_recognition/train/03f94b3e-da4b-4990-bf8e-a24aab1d1dcf_jpg.rf.4b9c08074ac2d2f61bc531052de72764.jpg,640,640,3,REAL,TRAIN_ONLY,license_plate,reject_mosaic_collage
kaggle_plate_license_recognition,03f94b3e-da4b-4990-bf8e-a24aab1d1dcf_jpg,train,03f94b3e-da4b-4990-bf8e-a24aab1d1dcf_jpg.rf.52d656b2d74a58e815d3eff3f620c2d5.jpg,AI/PlateDetector/datasets/raw/kaggle_plate_license_recognition/train/03f94b3e-da4b-4990-bf8e-a24aab1d1dcf_jpg.rf.52d656b2d74a58e815d3eff3f620c2d5.jpg,640,640,3,REAL,TRAIN_ONLY,license_plate,reject_mosaic_collage
kaggle_plate_license_recognition,03f94b3e-da4b-4990-bf8e-a24aab1d1dcf_jpg,train,03f94b3e-da4b-4990-bf8e-a24aab1d1dcf_jpg.rf.9938263e33531198bf6e5341be64ebb3.jpg,AI/PlateDetector/datasets/raw/kaggle_plate_license_recognition/train/03f94b3e-da4b-4990-bf8e-a24aab1d1dcf_jpg.rf.9938263e33531198bf6e5341be64ebb3.jpg,640,640,1,REAL,TRAIN_ONLY,license_plate,accepted_training_positive
kaggle_plate_license_recognition,03o6p96xjmka1_jpg,test,03o6p96xjmka1_jpg.rf.144f8ca88fb5c248d9365389ab0e91a8.jpg,AI/PlateDetector/datasets/raw/kaggle_plate_license_recognition/test/03o6p96xjmka1_jpg.rf.144f8ca88fb5c248d9365389ab0e91a8.jpg,640,640,1,REAL,TRAIN_ONLY,license_plate,accepted_training_positive
kaggle_plate_license_recognition,0430bcb7-0700-4289-bda9-1a91a78a59e7_jpg,train,0430bcb7-0700-4289-bda9-1a91a78a59e7_jpg.rf.9816bc0e0381df48e89c8ea22b9d3cad.jpg,AI/PlateDetector/datasets/raw/kaggle_plate_license_recognition/train/0430bcb7-0700-4289-bda9-1a91a78a59e7_jpg.rf.9816bc0e0381df48e89c8ea22b9d3cad.jpg,640,640,1,REAL,TRAIN_ONLY,license_plate,accepted_training_positive
kaggle_plate_license_recognition,043304e924cb0bc42_jpg,train,043304e924cb0bc42_jpg.rf.4710f7ac8268c0267f84c9ec908dd7f0.jpg,AI/PlateDetector/datasets/raw/kaggle_plate_license_recognition/train/043304e924cb0bc42_jpg.rf.4710f7ac8268c0267f84c9ec908dd7f0.jpg,640,640,1,REAL,TRAIN_ONLY,license_plate,reject_plate_or_ocr_crop
kaggle_plate_license_recognition,043304e924cb0bc4_jpg,valid,043304e924cb0bc4_jpg.rf.0dc8e414715d8bb15e5d4c8e7b11f922.jpg,AI/PlateDetector/datasets/raw/kaggle_plate_license_recognition/valid/043304e924cb0bc4_jpg.rf.0dc8e414715d8bb15e5d4c8e7b11f922.jpg,640,640,1,REAL,TRAIN_ONLY,license_plate,reject_plate_or_ocr_crop
kaggle_plate_license_recognition,043588b0-d82d-4607-a47d-3b605f8d2933_jpg,train,043588b0-d82d-4607-a47d-3b605f8d2933_jpg.rf.9c1931f50e3c85c23c34c0721b46cedb.jpg,AI/PlateDetector/datasets/raw/kaggle_plate_license_recognition/train/043588b0-d82d-4607-a47d-3b605f8d2933_jpg.rf.9c1931f50e3c85c23c34c0721b46cedb.jpg,640,640,1,REAL,TRAIN_ONLY,license_plate,accepted_training_positive
kaggle_plate_license_recognition,043588b0-d82d-4607-a47d-3b605f8d2933_jpg,valid,043588b0-d82d-4607-a47d-3b605f8d2933_jpg.rf.eac9a06f85d6b1c2251c58f90a752751.jpg,AI/PlateDetector/datasets/raw/kaggle_plate_license_recognition/valid/043588b0-d82d-4607-a47d-3b605f8d2933_jpg.rf.eac9a06f85d6b1c2251c58f90a752751.jpg,640,640,2,REAL,TRAIN_ONLY,license_plate,accepted_training_positive
kaggle_plate_license_recognition,045428bc-e9c1-4acb-b817-90790c599a40_jpg,train,045428bc-e9c1-4acb-b817-90790c599a40_jpg.rf.45390980fb7dd90f7cf3ef8fce5e94cd.jpg,AI/PlateDetector/datasets/raw/kaggle_plate_license_recognition/train/045428bc-e9c1-4acb-b817-90790c599a40_jpg.rf.45390980fb7dd90f7cf3ef8fce5e94cd.jpg,640,640,1,REAL,TRAIN_ONLY,license_plate,accepted_training_positive
kaggle_plate_license_recognition,04558db6-ecee-44e6-9831-141f58b97f04_jpg,train,04558db6-ecee-44e6-9831-141f58b97f04_jpg.rf.3d37e79ee8a495b339d22c400df927cd.jpg,AI/PlateDetector/datasets/raw/kaggle_plate_license_recognition/train/04558db6-ecee-44e6-9831-141f58b97f04_jpg.rf.3d37e79ee8a495b339d22c400df927cd.jpg,640,640,1,REAL,TRAIN_ONLY,license_plate,accepted_training_positive
kaggle_plate_license_recognition,04558db6-ecee-44e6-9831-141f58b97f04_jpg,train,04558db6-ecee-44e6-9831-141f58b97f04_jpg.rf.a2b1d2f8ef5e9bce2df246e9839f8b64.jpg,AI/PlateDetector/datasets/raw/kaggle_plate_license_recognition/train/04558db6-ecee-44e6-9831-141f58b97f04_jpg.rf.a2b1d2f8ef5e9bce2df246e9839f8b64.jpg,640,640,4,REAL,TRAIN_ONLY,license_plate,reject_mosaic_collage
kaggle_plate_license_recognition,04558db6-ecee-44e6-9831-141f58b97f04_jpg,train,04558db6-ecee-44e6-9831-141f58b97f04_jpg.rf.c35b165821ba3772fa7ab3d0ae3a1dcf.jpg,AI/PlateDetector/datasets/raw/kaggle_plate_license_recognition/train/04558db6-ecee-44e6-9831-141f58b97f04_jpg.rf.c35b165821ba3772fa7ab3d0ae3a1dcf.jpg,640,640,1,REAL,TRAIN_ONLY,license_plate,accepted_training_positive
kaggle_plate_license_recognition,04558db6-ecee-44e6-9831-141f58b97f04_jpg,train,04558db6-ecee-44e6-9831-141f58b97f04_jpg.rf.f2cac24d66302c224fb736094ed119a3.jpg,AI/PlateDetector/datasets/raw/kaggle_plate_license_recognition/train/04558db6-ecee-44e6-9831-141f58b97f04_jpg.rf.f2cac24d66302c224fb736094ed119a3.jpg,640,640,3,REAL,TRAIN_ONLY,license_plate,reject_mosaic_collage
kaggle_plate_license_recognition,0474c478-d9ef-4dba-a46b-d4a4c9257e7a_jpg,train,0474c478-d9ef-4dba-a46b-d4a4c9257e7a_jpg.rf.0f81b7d6fc4528f3db5224c8ad295eb4.jpg,AI/PlateDetector/datasets/raw/kaggle_plate_license_recognition/train/0474c478-d9ef-4dba-a46b-d4a4c9257e7a_jpg.rf.0f81b7d6fc4528f3db5224c8ad295eb4.jpg,640,640,1,REAL,TRAIN_ONLY,license_plate,accepted_training_positive
kaggle_plate_license_recognition,0474c478-d9ef-4dba-a46b-d4a4c9257e7a_jpg,train,0474c478-d9ef-4dba-a46b-d4a4c9257e7a_jpg.rf.2f8e420fffb8f91ca0d8c5943590877e.jpg,AI/PlateDetector/datasets/raw/kaggle_plate_license_recognition/train/0474c478-d9ef-4dba-a46b-d4a4c9257e7a_jpg.rf.2f8e420fffb8f91ca0d8c5943590877e.jpg,640,640,1,REAL,TRAIN_ONLY,license_plate,accepted_training_positive
kaggle_plate_license_recognition,0474c478-d9ef-4dba-a46b-d4a4c9257e7a_jpg,train,0474c478-d9ef-4dba-a46b-d4a4c9257e7a_jpg.rf.ad582e24ef7284e66aa355dd042e430f.jpg,AI/PlateDetector/datasets/raw/kaggle_plate_license_recognition/train/0474c478-d9ef-4dba-a46b-d4a4c9257e7a_jpg.rf.ad582e24ef7284e66aa355dd042e430f.jpg,640,640,1,REAL,TRAIN_ONLY,license_plate,accepted_training_positive
kaggle_plate_license_recognition,0474c478-d9ef-4dba-a46b-d4a4c9257e7a_jpg,train,0474c478-d9ef-4dba-a46b-d4a4c9257e7a_jpg.rf.d1f85218f04b299d5e863204b7785b21.jpg,AI/PlateDetector/datasets/raw/kaggle_plate_license_recognition/train/0474c478-d9ef-4dba-a46b-d4a4c9257e7a_jpg.rf.d1f85218f04b299d5e863204b7785b21.jpg,640,640,4,REAL,TRAIN_ONLY,license_plate,reject_mosaic_collage
kaggle_plate_license_recognition,047c0855-dfd6-40d8-afc0-2da922eb3c31_jpg,valid,047c0855-dfd6-40d8-afc0-2da922eb3c31_jpg.rf.39efa99e7351ff5a7fb71d3b2bd440e6.jpg,AI/PlateDetector/datasets/raw/kaggle_plate_license_recognition/valid/047c0855-dfd6-40d8-afc0-2da922eb3c31_jpg.rf.39efa99e7351ff5a7fb71d3b2bd440e6.jpg,640,640,1,REAL,TRAIN_ONLY,license_plate,accepted_training_positive
kaggle_plate_license_recognition,047c0855-dfd6-40d8-afc0-2da922eb3c31_jpg,train,047c0855-dfd6-40d8-afc0-2da922eb3c31_jpg.rf.6cfd1ad8a3b0a0748fc2675f7aa46c24.jpg,AI/PlateDetector/datasets/raw/kaggle_plate_license_recognition/train/047c0855-dfd6-40d8-afc0-2da922eb3c31_jpg.rf.6cfd1ad8a3b0a0748fc2675f7aa46c24.jpg,640,640,1,REAL,TRAIN_ONLY,license_plate,accepted_training_positive
kaggle_plate_license_recognition,04916a30e99034bb2_jpg,test,04916a30e99034bb2_jpg.rf.026ae80b32b70d7acf3e9e13810f5e46.jpg,AI/PlateDetector/datasets/raw/kaggle_plate_license_recognition/test/04916a30e99034bb2_jpg.rf.026ae80b32b70d7acf3e9e13810f5e46.jpg,640,640,1,REAL,TRAIN_ONLY,license_plate,reject_plate_or_ocr_crop
kaggle_plate_license_recognition,04916a30e99034bb2_jpg,train,04916a30e99034bb2_jpg.rf.1ac6da0d500a69a6a4f3473a30500c4b.jpg,AI/PlateDetector/datasets/raw/kaggle_plate_license_recognition/train/04916a30e99034bb2_jpg.rf.1ac6da0d500a69a6a4f3473a30500c4b.jpg,640,640,1,REAL,TRAIN_ONLY,license_plate,reject_plate_or_ocr_crop
kaggle_plate_license_recognition,04916a30e99034bb2_jpg,train,04916a30e99034bb2_jpg.rf.dffc8861881fc4e1c717b4165ac21bc3.jpg,AI/PlateDetector/datasets/raw/kaggle_plate_license_recognition/train/04916a30e99034bb2_jpg.rf.dffc8861881fc4e1c717b4165ac21bc3.jpg,640,640,1,REAL,TRAIN_ONLY,license_plate,reject_plate_or_ocr_crop
kaggle_plate_license_recognition,04977a14-f268-4d31-8675-902e662b6b00_jpg,train,04977a14-f268-4d31-8675-902e662b6b00_jpg.rf.295fafe529a2c682f812cbebfa8d8e84.jpg,AI/PlateDetector/datasets/raw/kaggle_plate_license_recognition/train/04977a14-f268-4d31-8675-902e662b6b00_jpg.rf.295fafe529a2c682f812cbebfa8d8e84.jpg,640,640,1,REAL,TRAIN_ONLY,license_plate,accepted_training_positive
kaggle_plate_license_recognition,04977a14-f268-4d31-8675-902e662b6b00_jpg,train,04977a14-f268-4d31-8675-902e662b6b00_jpg.rf.3ffeb6534a5e35ed7174aab5557bffd9.jpg,AI/PlateDetector/datasets/raw/kaggle_plate_license_recognition/train/04977a14-f268-4d31-8675-902e662b6b00_jpg.rf.3ffeb6534a5e35ed7174aab5557bffd9.jpg,640,640,1,REAL,TRAIN_ONLY,license_plate,accepted_training_positive
kaggle_plate_license_recognition,049c19dc-93a9-470d-9df7-941dc7e50496_jpg,train,049c19dc-93a9-470d-9df7-941dc7e50496_jpg.rf.bc65aea21a3a40e5195f6da300955991.jpg,AI/PlateDetector/datasets/raw/kaggle_plate_license_recognition/train/049c19dc-93a9-470d-9df7-941dc7e50496_jpg.rf.bc65aea21a3a40e5195f6da300955991.jpg,640,640,1,REAL,TRAIN_ONLY,license_plate,accepted_training_positive
kaggle_plate_license_recognition,049c19dc-93a9-470d-9df7-941dc7e50496_jpg,train,049c19dc-93a9-470d-9df7-941dc7e50496_jpg.rf.d2d08657869c0ef7f522326795f415a5.jpg,AI/PlateDetector/datasets/raw/kaggle_plate_license_recognition/train/049c19dc-93a9-470d-9df7-941dc7e50496_jpg.rf.d2d08657869c0ef7f522326795f415a5.jpg,640,640,4,REAL,TRAIN_ONLY,license_plate,reject_mosaic_collage
kaggle_plate_license_recognition,04b2c656-91ad-4e0e-8530-10faef7a2031_jpg,test,04b2c656-91ad-4e0e-8530-10faef7a2031_jpg.rf.7e2d41f688428d95170dfec9ca6881a4.jpg,AI/PlateDetector/datasets/raw/kaggle_plate_license_recognition/test/04b2c656-91ad-4e0e-8530-10faef7a2031_jpg.rf.7e2d41f688428d95170dfec9ca6881a4.jpg,640,640,3,REAL,TRAIN_ONLY,license_plate,reject_mosaic_collage
kaggle_plate_license_recognition,04b2c656-91ad-4e0e-8530-10faef7a2031_jpg,train,04b2c656-91ad-4e0e-8530-10faef7a2031_jpg.rf.a0efe8f14196dbf7e0ccea8a4fdffc0a.jpg,AI/PlateDetector/datasets/raw/kaggle_plate_license_recognition/train/04b2c656-91ad-4e0e-8530-10faef7a2031_jpg.rf.a0efe8f14196dbf7e0ccea8a4fdffc0a.jpg,640,640,3,REAL,TRAIN_ONLY,license_plate,reject_mosaic_collage
kaggle_plate_license_recognition,04b2c656-91ad-4e0e-8530-10faef7a2031_jpg,train,04b2c656-91ad-4e0e-8530-10faef7a2031_jpg.rf.e57bf09c63c628b8d87ffa491b98fcf7.jpg,AI/PlateDetector/datasets/raw/kaggle_plate_license_recognition/train/04b2c656-91ad-4e0e-8530-10faef7a2031_jpg.rf.e57bf09c63c628b8d87ffa491b98fcf7.jpg,640,640,1,REAL,TRAIN_ONLY,license_plate,accepted_training_positive
kaggle_plate_license_recognition,04b86eab-59bf-4b94-a52a-9686ef473e3c_jpg,train,04b86eab-59bf-4b94-a52a-9686ef473e3c_jpg.rf.d96c82afff76de68a7a2607f4e13fbde.jpg,AI/PlateDetector/datasets/raw/kaggle_plate_license_recognition/train/04b86eab-59bf-4b94-a52a-9686ef473e3c_jpg.rf.d96c82afff76de68a7a2607f4e13fbde.jpg,640,640,1,REAL,TRAIN_ONLY,license_plate,accepted_training_positive
kaggle_plate_license_recognition,04bba8bb-fd01-4545-90a7-0cf30a17a76c_jpg,train,04bba8bb-fd01-4545-90a7-0cf30a17a76c_jpg.rf.aeee8c5b633d8992c6a02c0b9f0a847d.jpg,AI/PlateDetector/datasets/raw/kaggle_plate_license_recognition/train/04bba8bb-fd01-4545-90a7-0cf30a17a76c_jpg.rf.aeee8c5b633d8992c6a02c0b9f0a847d.jpg,640,640,1,REAL,TRAIN_ONLY,license_plate,accepted_training_positive
kaggle_plate_license_recognition,04c67c87-1358-4269-be86-a4bf6d4ddb8d_jpg,train,04c67c87-1358-4269-be86-a4bf6d4ddb8d_jpg.rf.2eea1be7acea7e205f134e5318ed264a.jpg,AI/PlateDetector/datasets/raw/kaggle_plate_license_recognition/train/04c67c87-1358-4269-be86-a4bf6d4ddb8d_jpg.rf.2eea1be7acea7e205f134e5318ed264a.jpg,640,640,4,REAL,TRAIN_ONLY,license_plate,reject_mosaic_collage
kaggle_plate_license_recognition,04c67c87-1358-4269-be86-a4bf6d4ddb8d_jpg,train,04c67c87-1358-4269-be86-a4bf6d4ddb8d_jpg.rf.82e0fd078746323159ccca23a2654993.jpg,AI/PlateDetector/datasets/raw/kaggle_plate_license_recognition/train/04c67c87-1358-4269-be86-a4bf6d4ddb8d_jpg.rf.82e0fd078746323159ccca23a2654993.jpg,640,640,4,REAL,TRAIN_ONLY,license_plate,reject_mosaic_collage
kaggle_plate_license_recognition,04d326c8-01a1-4b3a-a3b4-f3d043f05d5c_jpg,train,04d326c8-01a1-4b3a-a3b4-f3d043f05d5c_jpg.rf.80378507345e46f03d18607e9fb15a97.jpg,AI/PlateDetector/datasets/raw/kaggle_plate_license_recognition/train/04d326c8-01a1-4b3a-a3b4-f3d043f05d5c_jpg.rf.80378507345e46f03d18607e9fb15a97.jpg,640,640,1,REAL,TRAIN_ONLY,license_plate,accepted_training_positive
kaggle_plate_license_recognition,04ebc38c-b91c-411a-83fb-df7ab25a8762_jpg,train,04ebc38c-b91c-411a-83fb-df7ab25a8762_jpg.rf.028d0e96b3bbe986af238da29521c9e2.jpg,AI/PlateDetector/datasets/raw/kaggle_plate_license_recognition/train/04ebc38c-b91c-411a-83fb-df7ab25a8762_jpg.rf.028d0e96b3bbe986af238da29521c9e2.jpg,640,640,1,REAL,TRAIN_ONLY,license_plate,accepted_training_positive
kaggle_plate_license_recognition,04edbbfd-6777-4416-9a79-05101f041e12_jpg,train,04edbbfd-6777-4416-9a79-05101f041e12_jpg.rf.f6a690e0e1e0ac07e61cbd73d0f57fc5.jpg,AI/PlateDetector/datasets/raw/kaggle_plate_license_recognition/train/04edbbfd-6777-4416-9a79-05101f041e12_jpg.rf.f6a690e0e1e0ac07e61cbd73d0f57fc5.jpg,640,640,1,REAL,TRAIN_ONLY,license_plate,accepted_training_positive
kaggle_plate_license_recognition,04f06da5-4c79-4bab-9ba5-fa7b304f25cf_jpg,valid,04f06da5-4c79-4bab-9ba5-fa7b304f25cf_jpg.rf.039a4c753b17a5f2a5125a3c5ee3c88c.jpg,AI/PlateDetector/datasets/raw/kaggle_plate_license_recognition/valid/04f06da5-4c79-4bab-9ba5-fa7b304f25cf_jpg.rf.039a4c753b17a5f2a5125a3c5ee3c88c.jpg,640,640,3,REAL,TRAIN_ONLY,license_plate,reject_mosaic_collage
kaggle_plate_license_recognition,04f06da5-4c79-4bab-9ba5-fa7b304f25cf_jpg,valid,04f06da5-4c79-4bab-9ba5-fa7b304f25cf_jpg.rf.06789c234006f78e5f39210792bc1620.jpg,AI/PlateDetector/datasets/raw/kaggle_plate_license_recognition/valid/04f06da5-4c79-4bab-9ba5-fa7b304f25cf_jpg.rf.06789c234006f78e5f39210792bc1620.jpg,640,640,4,REAL,TRAIN_ONLY,license_plate,reject_mosaic_collage
kaggle_plate_license_recognition,04f06da5-4c79-4bab-9ba5-fa7b304f25cf_jpg,train,04f06da5-4c79-4bab-9ba5-fa7b304f25cf_jpg.rf.adcb758e821f9685197f654cc7a73235.jpg,AI/PlateDetector/datasets/raw/kaggle_plate_license_recognition/train/04f06da5-4c79-4bab-9ba5-fa7b304f25cf_jpg.rf.adcb758e821f9685197f654cc7a73235.jpg,640,640,4,REAL,TRAIN_ONLY,license_plate,reject_mosaic_collage
kaggle_plate_license_recognition,051e4ed4-c7dd-4702-86b7-22ac17773966_jpg,train,051e4ed4-c7dd-4702-86b7-22ac17773966_jpg.rf.3e256b1545681f901060b1c541541c9a.jpg,AI/PlateDetector/datasets/raw/kaggle_plate_license_recognition/train/051e4ed4-c7dd-4702-86b7-22ac17773966_jpg.rf.3e256b1545681f901060b1c541541c9a.jpg,640,640,1,REAL,TRAIN_ONLY,license_plate,accepted_training_positive
kaggle_plate_license_recognition,051e4ed4-c7dd-4702-86b7-22ac17773966_jpg,test,051e4ed4-c7dd-4702-86b7-22ac17773966_jpg.rf.b3b5dce4f9f653b12526e89301bc0d24.jpg,AI/PlateDetector/datasets/raw/kaggle_plate_license_recognition/test/051e4ed4-c7dd-4702-86b7-22ac17773966_jpg.rf.b3b5dce4f9f653b12526e89301bc0d24.jpg,640,640,1,REAL,TRAIN_ONLY,license_plate,accepted_training_positive
kaggle_plate_license_recognition,051e4ed4-c7dd-4702-86b7-22ac17773966_jpg,train,051e4ed4-c7dd-4702-86b7-22ac17773966_jpg.rf.b49c94c62111fdcee85b83cf1d2e6ca4.jpg,AI/PlateDetector/datasets/raw/kaggle_plate_license_recognition/train/051e4ed4-c7dd-4702-86b7-22ac17773966_jpg.rf.b49c94c62111fdcee85b83cf1d2e6ca4.jpg,640,640,1,REAL,TRAIN_ONLY,license_plate,accepted_training_positive
kaggle_plate_license_recognition,0524fb30-0022-42ca-b5f6-95a8cd82efa8_jpg,valid,0524fb30-0022-42ca-b5f6-95a8cd82efa8_jpg.rf.2b2f47e8cda53ff2119913aac1f8ba52.jpg,AI/PlateDetector/datasets/raw/kaggle_plate_license_recognition/valid/0524fb30-0022-42ca-b5f6-95a8cd82efa8_jpg.rf.2b2f47e8cda53ff2119913aac1f8ba52.jpg,640,640,1,REAL,TRAIN_ONLY,license_plate,accepted_training_positive
kaggle_plate_license_recognition,0524fb30-0022-42ca-b5f6-95a8cd82efa8_jpg,train,0524fb30-0022-42ca-b5f6-95a8cd82efa8_jpg.rf.57d64cbbb1eec02b5aba78a074ce3831.jpg,AI/PlateDetector/datasets/raw/kaggle_plate_license_recognition/train/0524fb30-0022-42ca-b5f6-95a8cd82efa8_jpg.rf.57d64cbbb1eec02b5aba78a074ce3831.jpg,640,640,1,REAL,TRAIN_ONLY,license_plate,accepted_training_positive
kaggle_plate_license_recognition,05416ac5-4757-492d-b47a-9d993cd47b61_jpg,train,05416ac5-4757-492d-b47a-9d993cd47b61_jpg.rf.1a8ad0994e83f6f759af036be1ab49a3.jpg,AI/PlateDetector/datasets/raw/kaggle_plate_license_recognition/train/05416ac5-4757-492d-b47a-9d993cd47b61_jpg.rf.1a8ad0994e83f6f759af036be1ab49a3.jpg,640,640,3,REAL,TRAIN_ONLY,license_plate,reject_mosaic_collage
kaggle_plate_license_recognition,05416ac5-4757-492d-b47a-9d993cd47b61_jpg,train,05416ac5-4757-492d-b47a-9d993cd47b61_jpg.rf.5ccab26936247b339a5c0cebea26d317.jpg,AI/PlateDetector/datasets/raw/kaggle_plate_license_recognition/train/05416ac5-4757-492d-b47a-9d993cd47b61_jpg.rf.5ccab26936247b339a5c0cebea26d317.jpg,640,640,1,REAL,TRAIN_ONLY,license_plate,accepted_training_positive
kaggle_plate_license_recognition,05416ac5-4757-492d-b47a-9d993cd47b61_jpg,train,05416ac5-4757-492d-b47a-9d993cd47b61_jpg.rf.73e845edd8a149dad636e69ce90f84c8.jpg,AI/PlateDetector/datasets/raw/kaggle_plate_license_recognition/train/05416ac5-4757-492d-b47a-9d993cd47b61_jpg.rf.73e845edd8a149dad636e69ce90f84c8.jpg,640,640,1,REAL,TRAIN_ONLY,license_plate,accepted_training_positive
kaggle_plate_license_recognition,05416ac5-4757-492d-b47a-9d993cd47b61_jpg,test,05416ac5-4757-492d-b47a-9d993cd47b61_jpg.rf.8bd8145684d83c13cd8df434fd90f00a.jpg,AI/PlateDetector/datasets/raw/kaggle_plate_license_recognition/test/05416ac5-4757-492d-b47a-9d993cd47b61_jpg.rf.8bd8145684d83c13cd8df434fd90f00a.jpg,640,640,1,REAL,TRAIN_ONLY,license_plate,accepted_training_positive
kaggle_plate_license_recognition,05416ac5-4757-492d-b47a-9d993cd47b61_jpg,train,05416ac5-4757-492d-b47a-9d993cd47b61_jpg.rf.e0cdfaeb599755b19d67975dea66b7a5.jpg,AI/PlateDetector/datasets/raw/kaggle_plate_license_recognition/train/05416ac5-4757-492d-b47a-9d993cd47b61_jpg.rf.e0cdfaeb599755b19d67975dea66b7a5.jpg,640,640,4,REAL,TRAIN_ONLY,license_plate,reject_mosaic_collage
kaggle_plate_license_recognition,058372b4-390a-4fa6-95a4-b9d182053616_jpg,train,058372b4-390a-4fa6-95a4-b9d182053616_jpg.rf.434d35f1c5f0a274438f2f323bd6affc.jpg,AI/PlateDetector/datasets/raw/kaggle_plate_license_recognition/train/058372b4-390a-4fa6-95a4-b9d182053616_jpg.rf.434d35f1c5f0a274438f2f323bd6affc.jpg,640,640,1,REAL,TRAIN_ONLY,license_plate,accepted_training_positive
kaggle_plate_license_recognition,058372b4-390a-4fa6-95a4-b9d182053616_jpg,train,058372b4-390a-4fa6-95a4-b9d182053616_jpg.rf.b33290b36dcf173fb1caf301251fb115.jpg,AI/PlateDetector/datasets/raw/kaggle_plate_license_recognition/train/058372b4-390a-4fa6-95a4-b9d182053616_jpg.rf.b33290b36dcf173fb1caf301251fb115.jpg,640,640,1,REAL,TRAIN_ONLY,license_plate,accepted_training_positive
kaggle_plate_license_recognition,058c6fbc-ab46-4309-b03b-3a1a52cbf90b_jpg,train,058c6fbc-ab46-4309-b03b-3a1a52cbf90b_jpg.rf.035a8d3b242b41541f1d059cf0db5d7d.jpg,AI/PlateDetector/datasets/raw/kaggle_plate_license_recognition/train/058c6fbc-ab46-4309-b03b-3a1a52cbf90b_jpg.rf.035a8d3b242b41541f1d059cf0db5d7d.jpg,640,640,3,REAL,TRAIN_ONLY,license_plate,reject_mosaic_collage
kaggle_plate_license_recognition,058c6fbc-ab46-4309-b03b-3a1a52cbf90b_jpg,valid,058c6fbc-ab46-4309-b03b-3a1a52cbf90b_jpg.rf.750f7a9362a5e4584408a01eb7bd9f67.jpg,AI/PlateDetector/datasets/raw/kaggle_plate_license_recognition/valid/058c6fbc-ab46-4309-b03b-3a1a52cbf90b_jpg.rf.750f7a9362a5e4584408a01eb7bd9f67.jpg,640,640,1,REAL,TRAIN_ONLY,license_plate,accepted_training_positive
kaggle_plate_license_recognition,058c6fbc-ab46-4309-b03b-3a1a52cbf90b_jpg,train,058c6fbc-ab46-4309-b03b-3a1a52cbf90b_jpg.rf.9b373095f3136439407656907624a5e9.jpg,AI/PlateDetector/datasets/raw/kaggle_plate_license_recognition/train/058c6fbc-ab46-4309-b03b-3a1a52cbf90b_jpg.rf.9b373095f3136439407656907624a5e9.jpg,640,640,1,REAL,TRAIN_ONLY,license_plate,accepted_training_positive
kaggle_plate_license_recognition,058c6fbc-ab46-4309-b03b-3a1a52cbf90b_jpg,train,058c6fbc-ab46-4309-b03b-3a1a52cbf90b_jpg.rf.a16764ab09f00578a2e6b91c70348988.jpg,AI/PlateDetector/datasets/raw/kaggle_plate_license_recognition/train/058c6fbc-ab46-4309-b03b-3a1a52cbf90b_jpg.rf.a16764ab09f00578a2e6b91c70348988.jpg,640,640,3,REAL,TRAIN_ONLY,license_plate,reject_mosaic_collage
kaggle_plate_license_recognition,058c6fbc-ab46-4309-b03b-3a1a52cbf90b_jpg,test,058c6fbc-ab46-4309-b03b-3a1a52cbf90b_jpg.rf.c56f453293bb8fdc5db353325cd62241.jpg,AI/PlateDetector/datasets/raw/kaggle_plate_license_recognition/test/058c6fbc-ab46-4309-b03b-3a1a52cbf90b_jpg.rf.c56f453293bb8fdc5db353325cd62241.jpg,640,640,1,REAL,TRAIN_ONLY,license_plate,accepted_training_positive
kaggle_plate_license_recognition,059dd199-e25e-4398-a756-041a3d40b88c_jpg,train,059dd199-e25e-4398-a756-041a3d40b88c_jpg.rf.b65b67aeb9dbf63929d5612b54a01b46.jpg,AI/PlateDetector/datasets/raw/kaggle_plate_license_recognition/train/059dd199-e25e-4398-a756-041a3d40b88c_jpg.rf.b65b67aeb9dbf63929d5612b54a01b46.jpg,640,640,1,REAL,TRAIN_ONLY,license_plate,accepted_training_positive
kaggle_plate_license_recognition,05a68e28-2d86-4b63-9e10-9ccc40056f71_jpg,valid,05a68e28-2d86-4b63-9e10-9ccc40056f71_jpg.rf.04792a724c6a48cc5891c16bfa6daa8b.jpg,AI/PlateDetector/datasets/raw/kaggle_plate_license_recognition/valid/05a68e28-2d86-4b63-9e10-9ccc40056f71_jpg.rf.04792a724c6a48cc5891c16bfa6daa8b.jpg,640,640,3,REAL,TRAIN_ONLY,license_plate,reject_mosaic_collage
kaggle_plate_license_recognition,05b36b5a-f28f-4d5a-b576-2d18113ebd44_jpg,valid,05b36b5a-f28f-4d5a-b576-2d18113ebd44_jpg.rf.16e6e43f9039da1c96ac4bf932f149c7.jpg,AI/PlateDetector/datasets/raw/kaggle_plate_license_recognition/valid/05b36b5a-f28f-4d5a-b576-2d18113ebd44_jpg.rf.16e6e43f9039da1c96ac4bf932f149c7.jpg,640,640,1,REAL,TRAIN_ONLY,license_plate,accepted_training_positive
kaggle_plate_license_recognition,05e883cd-fedb-455a-9100-4041377ec38e_jpg,train,05e883cd-fedb-455a-9100-4041377ec38e_jpg.rf.150b51b86821602711b0d1bbaacb7e09.jpg,AI/PlateDetector/datasets/raw/kaggle_plate_license_recognition/train/05e883cd-fedb-455a-9100-4041377ec38e_jpg.rf.150b51b86821602711b0d1bbaacb7e09.jpg,640,640,1,REAL,TRAIN_ONLY,license_plate,accepted_training_positive
kaggle_plate_license_recognition,05e883cd-fedb-455a-9100-4041377ec38e_jpg,train,05e883cd-fedb-455a-9100-4041377ec38e_jpg.rf.94559c4ffd63c846ca74f0735badf12f.jpg,AI/PlateDetector/datasets/raw/kaggle_plate_license_recognition/train/05e883cd-fedb-455a-9100-4041377ec38e_jpg.rf.94559c4ffd63c846ca74f0735badf12f.jpg,640,640,13,REAL,TRAIN_ONLY,license_plate,reject_mosaic_collage
kaggle_plate_license_recognition,05fe2b27-bec0-4d84-9f29-50a2077da4d8_jpg,train,05fe2b27-bec0-4d84-9f29-50a2077da4d8_jpg.rf.04175cde7085139e771d0ce9c5861b5c.jpg,AI/PlateDetector/datasets/raw/kaggle_plate_license_recognition/train/05fe2b27-bec0-4d84-9f29-50a2077da4d8_jpg.rf.04175cde7085139e771d0ce9c5861b5c.jpg,640,640,1,REAL,TRAIN_ONLY,license_plate,accepted_training_positive
kaggle_plate_license_recognition,05fe2b27-bec0-4d84-9f29-50a2077da4d8_jpg,train,05fe2b27-bec0-4d84-9f29-50a2077da4d8_jpg.rf.6762d5482856b30cc70b10f5311b36d6.jpg,AI/PlateDetector/datasets/raw/kaggle_plate_license_recognition/train/05fe2b27-bec0-4d84-9f29-50a2077da4d8_jpg.rf.6762d5482856b30cc70b10f5311b36d6.jpg,640,640,2,REAL,TRAIN_ONLY,license_plate,reject_mosaic_collage
kaggle_plate_license_recognition,05fe2b27-bec0-4d84-9f29-50a2077da4d8_jpg,train,05fe2b27-bec0-4d84-9f29-50a2077da4d8_jpg.rf.ae93a177342bfcddb28cd95f6b57398f.jpg,AI/PlateDetector/datasets/raw/kaggle_plate_license_recognition/train/05fe2b27-bec0-4d84-9f29-50a2077da4d8_jpg.rf.ae93a177342bfcddb28cd95f6b57398f.jpg,640,640,4,REAL,TRAIN_ONLY,license_plate,reject_mosaic_collage
kaggle_plate_license_recognition,05ff1100-0378-47a8-9567-7812f2c34bf8_jpg,train,05ff1100-0378-47a8-9567-7812f2c34bf8_jpg.rf.8e5c9bc6fa31e5d54f4ee9aecac529a6.jpg,AI/PlateDetector/datasets/raw/kaggle_plate_license_recognition/train/05ff1100-0378-47a8-9567-7812f2c34bf8_jpg.rf.8e5c9bc6fa31e5d54f4ee9aecac529a6.jpg,640,640,1,REAL,TRAIN_ONLY,license_plate,reject_plate_or_ocr_crop
kaggle_plate_license_recognition,05ff1100-0378-47a8-9567-7812f2c34bf8_jpg,train,05ff1100-0378-47a8-9567-7812f2c34bf8_jpg.rf.dc65b10a45485b894fdea0bfa1bc1f90.jpg,AI/PlateDetector/datasets/raw/kaggle_plate_license_recognition/train/05ff1100-0378-47a8-9567-7812f2c34bf8_jpg.rf.dc65b10a45485b894fdea0bfa1bc1f90.jpg,640,640,1,REAL,TRAIN_ONLY,license_plate,reject_plate_or_ocr_crop
kaggle_plate_license_recognition,05ff1100-0378-47a8-9567-7812f2c34bf8_jpg,valid,05ff1100-0378-47a8-9567-7812f2c34bf8_jpg.rf.dc94cc2e2b6e17696af4a738df5f31e2.jpg,AI/PlateDetector/datasets/raw/kaggle_plate_license_recognition/valid/05ff1100-0378-47a8-9567-7812f2c34bf8_jpg.rf.dc94cc2e2b6e17696af4a738df5f31e2.jpg,640,640,1,REAL,TRAIN_ONLY,license_plate,reject_plate_or_ocr_crop
kaggle_plate_license_recognition,0615c570-9307-4003-9383-556a58c12c77_jpg,train,0615c570-9307-4003-9383-556a58c12c77_jpg.rf.9f591737d450a5e618059415cd43986c.jpg,AI/PlateDetector/datasets/raw/kaggle_plate_license_recognition/train/0615c570-9307-4003-9383-556a58c12c77_jpg.rf.9f591737d450a5e618059415cd43986c.jpg,640,640,1,REAL,TRAIN_ONLY,license_plate,accepted_training_positive
kaggle_plate_license_recognition,0615c570-9307-4003-9383-556a58c12c77_jpg,train,0615c570-9307-4003-9383-556a58c12c77_jpg.rf.a358a96e38310aa0bf791b3cc7bd62e2.jpg,AI/PlateDetector/datasets/raw/kaggle_plate_license_recognition/train/0615c570-9307-4003-9383-556a58c12c77_jpg.rf.a358a96e38310aa0bf791b3cc7bd62e2.jpg,640,640,1,REAL,TRAIN_ONLY,license_plate,accepted_training_positive
kaggle_plate_license_recognition,063424bf-1508-4d97-a9c3-f714e9f42894_jpg,train,063424bf-1508-4d97-a9c3-f714e9f42894_jpg.rf.912f63ee948886075f51044d04aa4d67.jpg,AI/PlateDetector/datasets/raw/kaggle_plate_license_recognition/train/063424bf-1508-4d97-a9c3-f714e9f42894_jpg.rf.912f63ee948886075f51044d04aa4d67.jpg,640,640,1,REAL,TRAIN_ONLY,license_plate,accepted_training_positive
kaggle_plate_license_recognition,063f51d4-3b73-45d3-bc82-4a5809e22f77_jpg,train,063f51d4-3b73-45d3-bc82-4a5809e22f77_jpg.rf.686f7dcda5de5d55048361f9834668d4.jpg,AI/PlateDetector/datasets/raw/kaggle_plate_license_recognition/train/063f51d4-3b73-45d3-bc82-4a5809e22f77_jpg.rf.686f7dcda5de5d55048361f9834668d4.jpg,640,640,4,REAL,TRAIN_ONLY,license_plate,reject_mosaic_collage
kaggle_plate_license_recognition,0659b07c-c588-4c0d-b348-f7c9e29d9c76_jpg,train,0659b07c-c588-4c0d-b348-f7c9e29d9c76_jpg.rf.7f09b90d4d3f6d1f0ddc6f4bf260c520.jpg,AI/PlateDetector/datasets/raw/kaggle_plate_license_recognition/train/0659b07c-c588-4c0d-b348-f7c9e29d9c76_jpg.rf.7f09b90d4d3f6d1f0ddc6f4bf260c520.jpg,640,640,1,REAL,TRAIN_ONLY,license_plate,accepted_training_positive
kaggle_plate_license_recognition,0659b07c-c588-4c0d-b348-f7c9e29d9c76_jpg,train,0659b07c-c588-4c0d-b348-f7c9e29d9c76_jpg.rf.8802608b4b6ea4f14d251ec1856e2f29.jpg,AI/PlateDetector/datasets/raw/kaggle_plate_license_recognition/train/0659b07c-c588-4c0d-b348-f7c9e29d9c76_jpg.rf.8802608b4b6ea4f14d251ec1856e2f29.jpg,640,640,4,REAL,TRAIN_ONLY,license_plate,reject_mosaic_collage
kaggle_plate_license_recognition,0659b07c-c588-4c0d-b348-f7c9e29d9c76_jpg,train,0659b07c-c588-4c0d-b348-f7c9e29d9c76_jpg.rf.d38357aabfd6f7543154a9eb2a3d235c.jpg,AI/PlateDetector/datasets/raw/kaggle_plate_license_recognition/train/0659b07c-c588-4c0d-b348-f7c9e29d9c76_jpg.rf.d38357aabfd6f7543154a9eb2a3d235c.jpg,640,640,1,REAL,TRAIN_ONLY,license_plate,accepted_training_positive
kaggle_plate_license_recognition,066057f0-d46f-4712-a887-02defbe17e11_jpg,test,066057f0-d46f-4712-a887-02defbe17e11_jpg.rf.0c27c49caa5c7885789074efe11f8d26.jpg,AI/PlateDetector/datasets/raw/kaggle_plate_license_recognition/test/066057f0-d46f-4712-a887-02defbe17e11_jpg.rf.0c27c49caa5c7885789074efe11f8d26.jpg,640,640,1,REAL,TRAIN_ONLY,license_plate,accepted_training_positive
kaggle_plate_license_recognition,066057f0-d46f-4712-a887-02defbe17e11_jpg,train,066057f0-d46f-4712-a887-02defbe17e11_jpg.rf.2d2f131d37c74ff6e0e4d67ed287d549.jpg,AI/PlateDetector/datasets/raw/kaggle_plate_license_recognition/train/066057f0-d46f-4712-a887-02defbe17e11_jpg.rf.2d2f131d37c74ff6e0e4d67ed287d549.jpg,640,640,2,REAL,TRAIN_ONLY,license_plate,reject_mosaic_collage
kaggle_plate_license_recognition,066057f0-d46f-4712-a887-02defbe17e11_jpg,valid,066057f0-d46f-4712-a887-02defbe17e11_jpg.rf.2dca2a158fb2a6d30b05c97fec14bf5a.jpg,AI/PlateDetector/datasets/raw/kaggle_plate_license_recognition/valid/066057f0-d46f-4712-a887-02defbe17e11_jpg.rf.2dca2a158fb2a6d30b05c97fec14bf5a.jpg,640,640,1,REAL,TRAIN_ONLY,license_plate,accepted_training_positive
kaggle_plate_license_recognition,066057f0-d46f-4712-a887-02defbe17e11_jpg,train,066057f0-d46f-4712-a887-02defbe17e11_jpg.rf.40f4cee77457a9ff1938a0046ac4dc15.jpg,AI/PlateDetector/datasets/raw/kaggle_plate_license_recognition/train/066057f0-d46f-4712-a887-02defbe17e11_jpg.rf.40f4cee77457a9ff1938a0046ac4dc15.jpg,640,640,2,REAL,TRAIN_ONLY,license_plate,reject_mosaic_collage
kaggle_plate_license_recognition,066057f0-d46f-4712-a887-02defbe17e11_jpg,train,066057f0-d46f-4712-a887-02defbe17e11_jpg.rf.4fec5c3b698f46d998290b30edb2a59a.jpg,AI/PlateDetector/datasets/raw/kaggle_plate_license_recognition/train/066057f0-d46f-4712-a887-02defbe17e11_jpg.rf.4fec5c3b698f46d998290b30edb2a59a.jpg,640,640,2,REAL,TRAIN_ONLY,license_plate,reject_mosaic_collage
kaggle_plate_license_recognition,066057f0-d46f-4712-a887-02defbe17e11_jpg,valid,066057f0-d46f-4712-a887-02defbe17e11_jpg.rf.72b7eeab6ee1dcad3a8dcea676e630d3.jpg,AI/PlateDetector/datasets/raw/kaggle_plate_license_recognition/valid/066057f0-d46f-4712-a887-02defbe17e11_jpg.rf.72b7eeab6ee1dcad3a8dcea676e630d3.jpg,640,640,1,REAL,TRAIN_ONLY,license_plate,accepted_training_positive
kaggle_plate_license_recognition,066057f0-d46f-4712-a887-02defbe17e11_jpg,train,066057f0-d46f-4712-a887-02defbe17e11_jpg.rf.d45c19f04183b1306b34b1527b23d3c6.jpg,AI/PlateDetector/datasets/raw/kaggle_plate_license_recognition/train/066057f0-d46f-4712-a887-02defbe17e11_jpg.rf.d45c19f04183b1306b34b1527b23d3c6.jpg,640,640,2,REAL,TRAIN_ONLY,license_plate,reject_mosaic_collage
kaggle_plate_license_recognition,066057f0-d46f-4712-a887-02defbe17e11_jpg,train,066057f0-d46f-4712-a887-02defbe17e11_jpg.rf.de3ce771da64c3f9bdd9668acd2f5fcb.jpg,AI/PlateDetector/datasets/raw/kaggle_plate_license_recognition/train/066057f0-d46f-4712-a887-02defbe17e11_jpg.rf.de3ce771da64c3f9bdd9668acd2f5fcb.jpg,640,640,2,REAL,TRAIN_ONLY,license_plate,reject_mosaic_collage
kaggle_plate_license_recognition,067099be-a279-4ecf-9d90-ccaff8b2fa7b_jpg,train,067099be-a279-4ecf-9d90-ccaff8b2fa7b_jpg.rf.b9aec2df52875748af6f24596458de8e.jpg,AI/PlateDetector/datasets/raw/kaggle_plate_license_recognition/train/067099be-a279-4ecf-9d90-ccaff8b2fa7b_jpg.rf.b9aec2df52875748af6f24596458de8e.jpg,640,640,1,REAL,TRAIN_ONLY,license_plate,reject_plate_or_ocr_crop
kaggle_plate_license_recognition,069111d7-b23a-4afe-9abb-b7eba45a63d2_jpg,train,069111d7-b23a-4afe-9abb-b7eba45a63d2_jpg.rf.5a3ea7d58d3a58058adc5753b5d76b34.jpg,AI/PlateDetector/datasets/raw/kaggle_plate_license_recognition/train/069111d7-b23a-4afe-9abb-b7eba45a63d2_jpg.rf.5a3ea7d58d3a58058adc5753b5d76b34.jpg,640,640,1,REAL,TRAIN_ONLY,license_plate,accepted_training_positive
kaggle_plate_license_recognition,069111d7-b23a-4afe-9abb-b7eba45a63d2_jpg,train,069111d7-b23a-4afe-9abb-b7eba45a63d2_jpg.rf.99b10194b64bf62afc59bc6a69f886d1.jpg,AI/PlateDetector/datasets/raw/kaggle_plate_license_recognition/train/069111d7-b23a-4afe-9abb-b7eba45a63d2_jpg.rf.99b10194b64bf62afc59bc6a69f886d1.jpg,640,640,1,REAL,TRAIN_ONLY,license_plate,accepted_training_positive
kaggle_plate_license_recognition,069111d7-b23a-4afe-9abb-b7eba45a63d2_jpg,train,069111d7-b23a-4afe-9abb-b7eba45a63d2_jpg.rf.af2e3ea4284fbc02eb0781d459c55de4.jpg,AI/PlateDetector/datasets/raw/kaggle_plate_license_recognition/train/069111d7-b23a-4afe-9abb-b7eba45a63d2_jpg.rf.af2e3ea4284fbc02eb0781d459c55de4.jpg,640,640,2,REAL,TRAIN_ONLY,license_plate,reject_mosaic_collage
kaggle_plate_license_recognition,069cd7da-d9a8-4318-b2d2-a6638f718ca4_jpg,train,069cd7da-d9a8-4318-b2d2-a6638f718ca4_jpg.rf.3c172ae3f8c0e90c865fcfcda36e649b.jpg,AI/PlateDetector/datasets/raw/kaggle_plate_license_recognition/train/069cd7da-d9a8-4318-b2d2-a6638f718ca4_jpg.rf.3c172ae3f8c0e90c865fcfcda36e649b.jpg,640,640,1,REAL,TRAIN_ONLY,license_plate,reject_plate_or_ocr_crop
kaggle_plate_license_recognition,069cd7da-d9a8-4318-b2d2-a6638f718ca4_jpg,train,069cd7da-d9a8-4318-b2d2-a6638f718ca4_jpg.rf.7812e81923970fe86f900dac4a9395e7.jpg,AI/PlateDetector/datasets/raw/kaggle_plate_license_recognition/train/069cd7da-d9a8-4318-b2d2-a6638f718ca4_jpg.rf.7812e81923970fe86f900dac4a9395e7.jpg,640,640,1,REAL,TRAIN_ONLY,license_plate,reject_plate_or_ocr_crop
kaggle_plate_license_recognition,06d390dd-ed8e-4e27-b918-e7b39606320d_jpg,valid,06d390dd-ed8e-4e27-b918-e7b39606320d_jpg.rf.49507de1be7ce3d1b69f88ae36974197.jpg,AI/PlateDetector/datasets/raw/kaggle_plate_license_recognition/valid/06d390dd-ed8e-4e27-b918-e7b39606320d_jpg.rf.49507de1be7ce3d1b69f88ae36974197.jpg,640,640,1,REAL,TRAIN_ONLY,license_plate,accepted_training_positive
kaggle_plate_license_recognition,06d390dd-ed8e-4e27-b918-e7b39606320d_jpg,train,06d390dd-ed8e-4e27-b918-e7b39606320d_jpg.rf.77bce4f81d9a48e37410c4914d6a2c2e.jpg,AI/PlateDetector/datasets/raw/kaggle_plate_license_recognition/train/06d390dd-ed8e-4e27-b918-e7b39606320d_jpg.rf.77bce4f81d9a48e37410c4914d6a2c2e.jpg,640,640,4,REAL,TRAIN_ONLY,license_plate,reject_mosaic_collage
kaggle_plate_license_recognition,06d390dd-ed8e-4e27-b918-e7b39606320d_jpg,valid,06d390dd-ed8e-4e27-b918-e7b39606320d_jpg.rf.9f8179a01895f09e987967028a01a030.jpg,AI/PlateDetector/datasets/raw/kaggle_plate_license_recognition/valid/06d390dd-ed8e-4e27-b918-e7b39606320d_jpg.rf.9f8179a01895f09e987967028a01a030.jpg,640,640,1,REAL,TRAIN_ONLY,license_plate,accepted_training_positive
kaggle_plate_license_recognition,07154d0e-72b5-44c9-ace3-c8ca84f95977_jpg,train,07154d0e-72b5-44c9-ace3-c8ca84f95977_jpg.rf.1ef10f2cabd0365bb610a0321bca6f9f.jpg,AI/PlateDetector/datasets/raw/kaggle_plate_license_recognition/train/07154d0e-72b5-44c9-ace3-c8ca84f95977_jpg.rf.1ef10f2cabd0365bb610a0321bca6f9f.jpg,640,640,1,REAL,TRAIN_ONLY,license_plate,accepted_training_positive
kaggle_plate_license_recognition,07154d0e-72b5-44c9-ace3-c8ca84f95977_jpg,train,07154d0e-72b5-44c9-ace3-c8ca84f95977_jpg.rf.251edce78679d8a0193274e08cbc60d7.jpg,AI/PlateDetector/datasets/raw/kaggle_plate_license_recognition/train/07154d0e-72b5-44c9-ace3-c8ca84f95977_jpg.rf.251edce78679d8a0193274e08cbc60d7.jpg,640,640,2,REAL,TRAIN_ONLY,license_plate,reject_mosaic_collage
kaggle_plate_license_recognition,07154d0e-72b5-44c9-ace3-c8ca84f95977_jpg,train,07154d0e-72b5-44c9-ace3-c8ca84f95977_jpg.rf.93760683ee521fd6ef8237df6431048c.jpg,AI/PlateDetector/datasets/raw/kaggle_plate_license_recognition/train/07154d0e-72b5-44c9-ace3-c8ca84f95977_jpg.rf.93760683ee521fd6ef8237df6431048c.jpg,640,640,2,REAL,TRAIN_ONLY,license_plate,reject_mosaic_collage
kaggle_plate_license_recognition,072ddb39-82aa-4c86-909d-9ff8ac059094_jpg,valid,072ddb39-82aa-4c86-909d-9ff8ac059094_jpg.rf.55bcf54a2c8a1d67ddc27c046b8569f3.jpg,AI/PlateDetector/datasets/raw/kaggle_plate_license_recognition/valid/072ddb39-82aa-4c86-909d-9ff8ac059094_jpg.rf.55bcf54a2c8a1d67ddc27c046b8569f3.jpg,640,640,1,REAL,TRAIN_ONLY,license_plate,accepted_training_positive
kaggle_plate_license_recognition,072ddb39-82aa-4c86-909d-9ff8ac059094_jpg,train,072ddb39-82aa-4c86-909d-9ff8ac059094_jpg.rf.c09643f46b2bef5c89b59f684485efcd.jpg,AI/PlateDetector/datasets/raw/kaggle_plate_license_recognition/train/072ddb39-82aa-4c86-909d-9ff8ac059094_jpg.rf.c09643f46b2bef5c89b59f684485efcd.jpg,640,640,1,REAL,TRAIN_ONLY,license_plate,accepted_training_positive
kaggle_plate_license_recognition,073339d3-5f89-4308-827e-2b886e4e0169_jpg,train,073339d3-5f89-4308-827e-2b886e4e0169_jpg.rf.ae9265f805663b648c1155decc56a175.jpg,AI/PlateDetector/datasets/raw/kaggle_plate_license_recognition/train/073339d3-5f89-4308-827e-2b886e4e0169_jpg.rf.ae9265f805663b648c1155decc56a175.jpg,640,640,1,REAL,TRAIN_ONLY,license_plate,accepted_training_positive
kaggle_plate_license_recognition,073339d3-5f89-4308-827e-2b886e4e0169_jpg,valid,073339d3-5f89-4308-827e-2b886e4e0169_jpg.rf.ceb4c9488faad4c16489328b9338f7ab.jpg,AI/PlateDetector/datasets/raw/kaggle_plate_license_recognition/valid/073339d3-5f89-4308-827e-2b886e4e0169_jpg.rf.ceb4c9488faad4c16489328b9338f7ab.jpg,640,640,1,REAL,TRAIN_ONLY,license_plate,accepted_training_positive
kaggle_plate_license_recognition,074e8cbe-c52c-4720-86c2-0d4ab0a0d8c7_jpg,train,074e8cbe-c52c-4720-86c2-0d4ab0a0d8c7_jpg.rf.32f710085146352996119cce34d2f201.jpg,AI/PlateDetector/datasets/raw/kaggle_plate_license_recognition/train/074e8cbe-c52c-4720-86c2-0d4ab0a0d8c7_jpg.rf.32f710085146352996119cce34d2f201.jpg,640,640,1,REAL,TRAIN_ONLY,license_plate,accepted_training_positive
kaggle_plate_license_recognition,074e8cbe-c52c-4720-86c2-0d4ab0a0d8c7_jpg,train,074e8cbe-c52c-4720-86c2-0d4ab0a0d8c7_jpg.rf.4b7228304a61b7b602f62d637c0499d0.jpg,AI/PlateDetector/datasets/raw/kaggle_plate_license_recognition/train/074e8cbe-c52c-4720-86c2-0d4ab0a0d8c7_jpg.rf.4b7228304a61b7b602f62d637c0499d0.jpg,640,640,1,REAL,TRAIN_ONLY,license_plate,accepted_training_positive
kaggle_plate_license_recognition,074e8cbe-c52c-4720-86c2-0d4ab0a0d8c7_jpg,train,074e8cbe-c52c-4720-86c2-0d4ab0a0d8c7_jpg.rf.6520554d03275a4ed47ddd945e784a36.jpg,AI/PlateDetector/datasets/raw/kaggle_plate_license_recognition/train/074e8cbe-c52c-4720-86c2-0d4ab0a0d8c7_jpg.rf.6520554d03275a4ed47ddd945e784a36.jpg,640,640,1,REAL,TRAIN_ONLY,license_plate,accepted_training_positive
kaggle_plate_license_recognition,074e8cbe-c52c-4720-86c2-0d4ab0a0d8c7_jpg,train,074e8cbe-c52c-4720-86c2-0d4ab0a0d8c7_jpg.rf.bfd28f767fb3312ded9ad3e5be85e1fa.jpg,AI/PlateDetector/datasets/raw/kaggle_plate_license_recognition/train/074e8cbe-c52c-4720-86c2-0d4ab0a0d8c7_jpg.rf.bfd28f767fb3312ded9ad3e5be85e1fa.jpg,640,640,1,REAL,TRAIN_ONLY,license_plate,accepted_training_positive
kaggle_plate_license_recognition,07524e12-2b16-434f-80eb-f2eda4754f12_jpg,valid,07524e12-2b16-434f-80eb-f2eda4754f12_jpg.rf.a5ead420987c95be2b491fe419382099.jpg,AI/PlateDetector/datasets/raw/kaggle_plate_license_recognition/valid/07524e12-2b16-434f-80eb-f2eda4754f12_jpg.rf.a5ead420987c95be2b491fe419382099.jpg,640,640,3,REAL,TRAIN_ONLY,license_plate,reject_mosaic_collage
kaggle_plate_license_recognition,07524e12-2b16-434f-80eb-f2eda4754f12_jpg,train,07524e12-2b16-434f-80eb-f2eda4754f12_jpg.rf.b24c5c61f43f0906972111286c10fa72.jpg,AI/PlateDetector/datasets/raw/kaggle_plate_license_recognition/train/07524e12-2b16-434f-80eb-f2eda4754f12_jpg.rf.b24c5c61f43f0906972111286c10fa72.jpg,640,640,4,REAL,TRAIN_ONLY,license_plate,reject_mosaic_collage
kaggle_plate_license_recognition,07610cca-73c7-4a50-8cd6-a7e444803aae_jpg,train,07610cca-73c7-4a50-8cd6-a7e444803aae_jpg.rf.38738bebffb05795fb45fde1c4b60141.jpg,AI/PlateDetector/datasets/raw/kaggle_plate_license_recognition/train/07610cca-73c7-4a50-8cd6-a7e444803aae_jpg.rf.38738bebffb05795fb45fde1c4b60141.jpg,640,640,4,REAL,TRAIN_ONLY,license_plate,reject_mosaic_collage
kaggle_plate_license_recognition,07610cca-73c7-4a50-8cd6-a7e444803aae_jpg,valid,07610cca-73c7-4a50-8cd6-a7e444803aae_jpg.rf.aef4874208e6289ca6674b064e0d41b5.jpg,AI/PlateDetector/datasets/raw/kaggle_plate_license_recognition/valid/07610cca-73c7-4a50-8cd6-a7e444803aae_jpg.rf.aef4874208e6289ca6674b064e0d41b5.jpg,640,640,1,REAL,TRAIN_ONLY,license_plate,accepted_training_positive
kaggle_plate_license_recognition,077d1b5f-2ce1-4031-a91b-b3e73227dfb7_jpg,train,077d1b5f-2ce1-4031-a91b-b3e73227dfb7_jpg.rf.72871adfc4351655e58033861c7eca14.jpg,AI/PlateDetector/datasets/raw/kaggle_plate_license_recognition/train/077d1b5f-2ce1-4031-a91b-b3e73227dfb7_jpg.rf.72871adfc4351655e58033861c7eca14.jpg,640,640,2,REAL,TRAIN_ONLY,license_plate,accepted_training_positive
kaggle_plate_license_recognition,07b9afeb-73e3-4576-8b36-2d896874d276_jpg,train,07b9afeb-73e3-4576-8b36-2d896874d276_jpg.rf.06732cc4549f88c11e3e4788146b9c44.jpg,AI/PlateDetector/datasets/raw/kaggle_plate_license_recognition/train/07b9afeb-73e3-4576-8b36-2d896874d276_jpg.rf.06732cc4549f88c11e3e4788146b9c44.jpg,640,640,1,REAL,TRAIN_ONLY,license_plate,reject_plate_or_ocr_crop
kaggle_plate_license_recognition,07b9afeb-73e3-4576-8b36-2d896874d276_jpg,valid,07b9afeb-73e3-4576-8b36-2d896874d276_jpg.rf.63aee6966e67d25be1fae42f9b397408.jpg,AI/PlateDetector/datasets/raw/kaggle_plate_license_recognition/valid/07b9afeb-73e3-4576-8b36-2d896874d276_jpg.rf.63aee6966e67d25be1fae42f9b397408.jpg,640,640,1,REAL,TRAIN_ONLY,license_plate,accepted_training_positive
kaggle_plate_license_recognition,07b9afeb-73e3-4576-8b36-2d896874d276_jpg,train,07b9afeb-73e3-4576-8b36-2d896874d276_jpg.rf.6b9f6441983312376f44ca60eb7b0615.jpg,AI/PlateDetector/datasets/raw/kaggle_plate_license_recognition/train/07b9afeb-73e3-4576-8b36-2d896874d276_jpg.rf.6b9f6441983312376f44ca60eb7b0615.jpg,640,640,1,REAL,TRAIN_ONLY,license_plate,accepted_training_positive
kaggle_plate_license_recognition,07b9afeb-73e3-4576-8b36-2d896874d276_jpg,valid,07b9afeb-73e3-4576-8b36-2d896874d276_jpg.rf.6fd9449b75034d78ea0eeedb3fe15f59.jpg,AI/PlateDetector/datasets/raw/kaggle_plate_license_recognition/valid/07b9afeb-73e3-4576-8b36-2d896874d276_jpg.rf.6fd9449b75034d78ea0eeedb3fe15f59.jpg,640,640,1,REAL,TRAIN_ONLY,license_plate,accepted_training_positive
kaggle_plate_license_recognition,07b9afeb-73e3-4576-8b36-2d896874d276_jpg,train,07b9afeb-73e3-4576-8b36-2d896874d276_jpg.rf.b47e16a6ea231c54ee8739c94cb502df.jpg,AI/PlateDetector/datasets/raw/kaggle_plate_license_recognition/train/07b9afeb-73e3-4576-8b36-2d896874d276_jpg.rf.b47e16a6ea231c54ee8739c94cb502df.jpg,640,640,1,REAL,TRAIN_ONLY,license_plate,accepted_training_positive
kaggle_plate_license_recognition,07b9afeb-73e3-4576-8b36-2d896874d276_jpg,train,07b9afeb-73e3-4576-8b36-2d896874d276_jpg.rf.f5eae1bdbef5ff15fb87c335e04e0ba0.jpg,AI/PlateDetector/datasets/raw/kaggle_plate_license_recognition/train/07b9afeb-73e3-4576-8b36-2d896874d276_jpg.rf.f5eae1bdbef5ff15fb87c335e04e0ba0.jpg,640,640,3,REAL,TRAIN_ONLY,license_plate,reject_mosaic_collage
kaggle_plate_license_recognition,07d16cbfbf5a2c46_jpg,train,07d16cbfbf5a2c46_jpg.rf.9d5099144d58e31040372bc978b46879.jpg,AI/PlateDetector/datasets/raw/kaggle_plate_license_recognition/train/07d16cbfbf5a2c46_jpg.rf.9d5099144d58e31040372bc978b46879.jpg,640,640,1,REAL,TRAIN_ONLY,license_plate,reject_plate_or_ocr_crop
kaggle_plate_license_recognition,07d16cbfbf5a2c46_jpg,train,07d16cbfbf5a2c46_jpg.rf.adaf8acb5b1aaf3f59fffd3a16866418.jpg,AI/PlateDetector/datasets/raw/kaggle_plate_license_recognition/train/07d16cbfbf5a2c46_jpg.rf.adaf8acb5b1aaf3f59fffd3a16866418.jpg,640,640,1,REAL,TRAIN_ONLY,license_plate,reject_plate_or_ocr_crop
kaggle_plate_license_recognition,07d2cd16-164a-4968-bac8-9548f515ab9a_jpg,test,07d2cd16-164a-4968-bac8-9548f515ab9a_jpg.rf.bb138ba311edee1a0a5912e6c3fcad9e.jpg,AI/PlateDetector/datasets/raw/kaggle_plate_license_recognition/test/07d2cd16-164a-4968-bac8-9548f515ab9a_jpg.rf.bb138ba311edee1a0a5912e6c3fcad9e.jpg,640,640,1,REAL,TRAIN_ONLY,license_plate,reject_plate_or_ocr_crop
kaggle_plate_license_recognition,07dcc940-cc3d-4757-a048-3e7f2bf2969a_jpg,test,07dcc940-cc3d-4757-a048-3e7f2bf2969a_jpg.rf.633599407c8a24f36dbdc0c7a89e2a70.jpg,AI/PlateDetector/datasets/raw/kaggle_plate_license_recognition/test/07dcc940-cc3d-4757-a048-3e7f2bf2969a_jpg.rf.633599407c8a24f36dbdc0c7a89e2a70.jpg,640,640,1,REAL,TRAIN_ONLY,license_plate,reject_plate_or_ocr_crop
kaggle_plate_license_recognition,07dddc50-6f54-4536-b6e5-c4281d5c80fd_jpg,train,07dddc50-6f54-4536-b6e5-c4281d5c80fd_jpg.rf.41e37080d8587d8d3997e9a40bb10d23.jpg,AI/PlateDetector/datasets/raw/kaggle_plate_license_recognition/train/07dddc50-6f54-4536-b6e5-c4281d5c80fd_jpg.rf.41e37080d8587d8d3997e9a40bb10d23.jpg,640,640,1,REAL,TRAIN_ONLY,license_plate,accepted_training_positive
kaggle_plate_license_recognition,07dddc50-6f54-4536-b6e5-c4281d5c80fd_jpg,train,07dddc50-6f54-4536-b6e5-c4281d5c80fd_jpg.rf.6cda29c236c765bf5415c5d78d8d2faa.jpg,AI/PlateDetector/datasets/raw/kaggle_plate_license_recognition/train/07dddc50-6f54-4536-b6e5-c4281d5c80fd_jpg.rf.6cda29c236c765bf5415c5d78d8d2faa.jpg,640,640,1,REAL,TRAIN_ONLY,license_plate,accepted_training_positive
kaggle_plate_license_recognition,0818ee8c-a6c0-4714-b585-6caa812fe645_jpg,valid,0818ee8c-a6c0-4714-b585-6caa812fe645_jpg.rf.384f834a5cbfb9ec57f9a6ef930cfe5c.jpg,AI/PlateDetector/datasets/raw/kaggle_plate_license_recognition/valid/0818ee8c-a6c0-4714-b585-6caa812fe645_jpg.rf.384f834a5cbfb9ec57f9a6ef930cfe5c.jpg,640,640,1,REAL,TRAIN_ONLY,license_plate,accepted_training_positive
kaggle_plate_license_recognition,0818ee8c-a6c0-4714-b585-6caa812fe645_jpg,train,0818ee8c-a6c0-4714-b585-6caa812fe645_jpg.rf.b07196484e4eda33685c53196f0266ca.jpg,AI/PlateDetector/datasets/raw/kaggle_plate_license_recognition/train/0818ee8c-a6c0-4714-b585-6caa812fe645_jpg.rf.b07196484e4eda33685c53196f0266ca.jpg,640,640,1,REAL,TRAIN_ONLY,license_plate,accepted_training_positive
kaggle_plate_license_recognition,0818ee8c-a6c0-4714-b585-6caa812fe645_jpg,test,0818ee8c-a6c0-4714-b585-6caa812fe645_jpg.rf.c0b24197ac6944f7227b50fffdb9e034.jpg,AI/PlateDetector/datasets/raw/kaggle_plate_license_recognition/test/0818ee8c-a6c0-4714-b585-6caa812fe645_jpg.rf.c0b24197ac6944f7227b50fffdb9e034.jpg,640,640,1,REAL,TRAIN_ONLY,license_plate,accepted_training_positive
kaggle_plate_license_recognition,0818ee8c-a6c0-4714-b585-6caa812fe645_jpg,train,0818ee8c-a6c0-4714-b585-6caa812fe645_jpg.rf.d682fc94b09fe77670a8ba45f7eed12d.jpg,AI/PlateDetector/datasets/raw/kaggle_plate_license_recognition/train/0818ee8c-a6c0-4714-b585-6caa812fe645_jpg.rf.d682fc94b09fe77670a8ba45f7eed12d.jpg,640,640,1,REAL,TRAIN_ONLY,license_plate,accepted_training_positive
kaggle_plate_license_recognition,081f724c-3e16-4af5-bf2f-11994df747f4_jpg,train,081f724c-3e16-4af5-bf2f-11994df747f4_jpg.rf.35ce22cf00e136ddd0d7aee4d4ef99c6.jpg,AI/PlateDetector/datasets/raw/kaggle_plate_license_recognition/train/081f724c-3e16-4af5-bf2f-11994df747f4_jpg.rf.35ce22cf00e136ddd0d7aee4d4ef99c6.jpg,640,640,1,REAL,TRAIN_ONLY,license_plate,accepted_training_positive
kaggle_plate_license_recognition,0844bf15-4c10-4d4a-ad72-fa4d2e9da38a_jpg,train,0844bf15-4c10-4d4a-ad72-fa4d2e9da38a_jpg.rf.0e465a2dcf5540c0f8aa8a18e3b60931.jpg,AI/PlateDetector/datasets/raw/kaggle_plate_license_recognition/train/0844bf15-4c10-4d4a-ad72-fa4d2e9da38a_jpg.rf.0e465a2dcf5540c0f8aa8a18e3b60931.jpg,640,640,1,REAL,TRAIN_ONLY,license_plate,accepted_training_positive
kaggle_plate_license_recognition,0844bf15-4c10-4d4a-ad72-fa4d2e9da38a_jpg,train,0844bf15-4c10-4d4a-ad72-fa4d2e9da38a_jpg.rf.c73f0a36b99510838b503f9022fd0507.jpg,AI/PlateDetector/datasets/raw/kaggle_plate_license_recognition/train/0844bf15-4c10-4d4a-ad72-fa4d2e9da38a_jpg.rf.c73f0a36b99510838b503f9022fd0507.jpg,640,640,1,REAL,TRAIN_ONLY,license_plate,accepted_training_positive
kaggle_plate_license_recognition,084fbdd2-348f-44d4-8203-f12d7e579ed9_jpg,train,084fbdd2-348f-44d4-8203-f12d7e579ed9_jpg.rf.7b8c3ce08b4c6c7a54a34e19ad8476a6.jpg,AI/PlateDetector/datasets/raw/kaggle_plate_license_recognition/train/084fbdd2-348f-44d4-8203-f12d7e579ed9_jpg.rf.7b8c3ce08b4c6c7a54a34e19ad8476a6.jpg,640,640,4,REAL,TRAIN_ONLY,license_plate,reject_mosaic_collage
kaggle_plate_license_recognition,085d97c9-6eef-4cc1-bac8-9ace41eaa906_jpg,test,085d97c9-6eef-4cc1-bac8-9ace41eaa906_jpg.rf.99415dd57724c3ca60f167f23e6c768f.jpg,AI/PlateDetector/datasets/raw/kaggle_plate_license_recognition/test/085d97c9-6eef-4cc1-bac8-9ace41eaa906_jpg.rf.99415dd57724c3ca60f167f23e6c768f.jpg,640,640,1,REAL,TRAIN_ONLY,license_plate,reject_plate_or_ocr_crop
kaggle_plate_license_recognition,085d97c9-6eef-4cc1-bac8-9ace41eaa906_jpg,test,085d97c9-6eef-4cc1-bac8-9ace41eaa906_jpg.rf.aae57b5f95961227545b2ad4887b7c85.jpg,AI/PlateDetector/datasets/raw/kaggle_plate_license_recognition/test/085d97c9-6eef-4cc1-bac8-9ace41eaa906_jpg.rf.aae57b5f95961227545b2ad4887b7c85.jpg,640,640,1,REAL,TRAIN_ONLY,license_plate,reject_plate_or_ocr_crop
kaggle_plate_license_recognition,085d97c9-6eef-4cc1-bac8-9ace41eaa906_jpg,train,085d97c9-6eef-4cc1-bac8-9ace41eaa906_jpg.rf.e3d39a7c5753e773d5c173592e44758e.jpg,AI/PlateDetector/datasets/raw/kaggle_plate_license_recognition/train/085d97c9-6eef-4cc1-bac8-9ace41eaa906_jpg.rf.e3d39a7c5753e773d5c173592e44758e.jpg,640,640,1,REAL,TRAIN_ONLY,license_plate,reject_plate_or_ocr_crop
kaggle_plate_license_recognition,085d97c9-6eef-4cc1-bac8-9ace41eaa906_jpg,test,085d97c9-6eef-4cc1-bac8-9ace41eaa906_jpg.rf.ec5ef36ce218566d22ae695d0087f083.jpg,AI/PlateDetector/datasets/raw/kaggle_plate_license_recognition/test/085d97c9-6eef-4cc1-bac8-9ace41eaa906_jpg.rf.ec5ef36ce218566d22ae695d0087f083.jpg,640,640,3,REAL,TRAIN_ONLY,license_plate,reject_mosaic_collage
kaggle_plate_license_recognition,089a4b5e-03f4-4bb5-860c-fd7fdd2624f4_jpg,train,089a4b5e-03f4-4bb5-860c-fd7fdd2624f4_jpg.rf.d97a3d6e427e707f3cd59382a1e71abe.jpg,AI/PlateDetector/datasets/raw/kaggle_plate_license_recognition/train/089a4b5e-03f4-4bb5-860c-fd7fdd2624f4_jpg.rf.d97a3d6e427e707f3cd59382a1e71abe.jpg,640,640,1,REAL,TRAIN_ONLY,license_plate,accepted_training_positive
kaggle_plate_license_recognition,089e691c-f60e-4f0d-8223-a96169d5dd7e_jpg,train,089e691c-f60e-4f0d-8223-a96169d5dd7e_jpg.rf.5943e73de29f65f7ca32c02b737a8e63.jpg,AI/PlateDetector/datasets/raw/kaggle_plate_license_recognition/train/089e691c-f60e-4f0d-8223-a96169d5dd7e_jpg.rf.5943e73de29f65f7ca32c02b737a8e63.jpg,640,640,1,REAL,TRAIN_ONLY,license_plate,reject_plate_or_ocr_crop
kaggle_plate_license_recognition,089e691c-f60e-4f0d-8223-a96169d5dd7e_jpg,valid,089e691c-f60e-4f0d-8223-a96169d5dd7e_jpg.rf.80218858713692c04359e52a7eebc161.jpg,AI/PlateDetector/datasets/raw/kaggle_plate_license_recognition/valid/089e691c-f60e-4f0d-8223-a96169d5dd7e_jpg.rf.80218858713692c04359e52a7eebc161.jpg,640,640,1,REAL,TRAIN_ONLY,license_plate,reject_plate_or_ocr_crop
kaggle_plate_license_recognition,08b9fa30-e0b2-4e32-b5be-a44be31bb115_jpg,train,08b9fa30-e0b2-4e32-b5be-a44be31bb115_jpg.rf.2fd1c694c23d92c4eecd6abc4fb7060d.jpg,AI/PlateDetector/datasets/raw/kaggle_plate_license_recognition/train/08b9fa30-e0b2-4e32-b5be-a44be31bb115_jpg.rf.2fd1c694c23d92c4eecd6abc4fb7060d.jpg,640,640,1,REAL,TRAIN_ONLY,license_plate,accepted_training_positive
kaggle_plate_license_recognition,08d29e70f03cec882_jpg,train,08d29e70f03cec882_jpg.rf.1ebf0f07b7a88997433b21f15e9c9e17.jpg,AI/PlateDetector/datasets/raw/kaggle_plate_license_recognition/train/08d29e70f03cec882_jpg.rf.1ebf0f07b7a88997433b21f15e9c9e17.jpg,640,640,1,REAL,TRAIN_ONLY,license_plate,reject_plate_or_ocr_crop
kaggle_plate_license_recognition,08f6f28b-1e15-4e18-ba81-a52eca867704_jpg,train,08f6f28b-1e15-4e18-ba81-a52eca867704_jpg.rf.0592f0e05f78f4f9e6ea9accdb5b26b6.jpg,AI/PlateDetector/datasets/raw/kaggle_plate_license_recognition/train/08f6f28b-1e15-4e18-ba81-a52eca867704_jpg.rf.0592f0e05f78f4f9e6ea9accdb5b26b6.jpg,640,640,1,REAL,TRAIN_ONLY,license_plate,reject_plate_or_ocr_crop
kaggle_plate_license_recognition,08f6f28b-1e15-4e18-ba81-a52eca867704_jpg,train,08f6f28b-1e15-4e18-ba81-a52eca867704_jpg.rf.e6248db9d6db84871557fce43f762b03.jpg,AI/PlateDetector/datasets/raw/kaggle_plate_license_recognition/train/08f6f28b-1e15-4e18-ba81-a52eca867704_jpg.rf.e6248db9d6db84871557fce43f762b03.jpg,640,640,1,REAL,TRAIN_ONLY,license_plate,reject_plate_or_ocr_crop
kaggle_plate_license_recognition,08faa658-52a9-46d5-9c80-135924954cf5_jpg,train,08faa658-52a9-46d5-9c80-135924954cf5_jpg.rf.a2f83f25f5354d4e1439f00dda1dc857.jpg,AI/PlateDetector/datasets/raw/kaggle_plate_license_recognition/train/08faa658-52a9-46d5-9c80-135924954cf5_jpg.rf.a2f83f25f5354d4e1439f00dda1dc857.jpg,640,640,4,REAL,TRAIN_ONLY,license_plate,reject_mosaic_collage
kaggle_plate_license_recognition,090248cd-b6f0-4ad5-8ffb-3576f563f321_jpg,train,090248cd-b6f0-4ad5-8ffb-3576f563f321_jpg.rf.67cebd9942796ac3216df044cda16fe6.jpg,AI/PlateDetector/datasets/raw/kaggle_plate_license_recognition/train/090248cd-b6f0-4ad5-8ffb-3576f563f321_jpg.rf.67cebd9942796ac3216df044cda16fe6.jpg,640,640,4,REAL,TRAIN_ONLY,license_plate,reject_mosaic_collage
kaggle_plate_license_recognition,090248cd-b6f0-4ad5-8ffb-3576f563f321_jpg,train,090248cd-b6f0-4ad5-8ffb-3576f563f321_jpg.rf.917d05f438ce6248bf94f3f06c4f8296.jpg,AI/PlateDetector/datasets/raw/kaggle_plate_license_recognition/train/090248cd-b6f0-4ad5-8ffb-3576f563f321_jpg.rf.917d05f438ce6248bf94f3f06c4f8296.jpg,640,640,1,REAL,TRAIN_ONLY,license_plate,accepted_training_positive
kaggle_plate_license_recognition,090248cd-b6f0-4ad5-8ffb-3576f563f321_jpg,train,090248cd-b6f0-4ad5-8ffb-3576f563f321_jpg.rf.a2a67fcca670a781836b20b83f6c9219.jpg,AI/PlateDetector/datasets/raw/kaggle_plate_license_recognition/train/090248cd-b6f0-4ad5-8ffb-3576f563f321_jpg.rf.a2a67fcca670a781836b20b83f6c9219.jpg,640,640,1,REAL,TRAIN_ONLY,license_plate,accepted_training_positive
kaggle_plate_license_recognition,090248cd-b6f0-4ad5-8ffb-3576f563f321_jpg,test,090248cd-b6f0-4ad5-8ffb-3576f563f321_jpg.rf.e5d2613a97f17cea80a458e24cfea3c0.jpg,AI/PlateDetector/datasets/raw/kaggle_plate_license_recognition/test/090248cd-b6f0-4ad5-8ffb-3576f563f321_jpg.rf.e5d2613a97f17cea80a458e24cfea3c0.jpg,640,640,1,REAL,TRAIN_ONLY,license_plate,accepted_training_positive
kaggle_plate_license_recognition,0904ecf8-dadd-49eb-967a-72cba8250155_jpg,train,0904ecf8-dadd-49eb-967a-72cba8250155_jpg.rf.7276ec76b0b5894707a801745967e9e6.jpg,AI/PlateDetector/datasets/raw/kaggle_plate_license_recognition/train/0904ecf8-dadd-49eb-967a-72cba8250155_jpg.rf.7276ec76b0b5894707a801745967e9e6.jpg,640,640,1,REAL,TRAIN_ONLY,license_plate,accepted_training_positive
kaggle_plate_license_recognition,09077a43-76c6-44a1-a79b-7126a0d6d92c_jpg,train,09077a43-76c6-44a1-a79b-7126a0d6d92c_jpg.rf.391f8eb4cb734ac72a65360f575976ff.jpg,AI/PlateDetector/datasets/raw/kaggle_plate_license_recognition/train/09077a43-76c6-44a1-a79b-7126a0d6d92c_jpg.rf.391f8eb4cb734ac72a65360f575976ff.jpg,640,640,1,REAL,TRAIN_ONLY,license_plate,accepted_training_positive
kaggle_plate_license_recognition,09077a43-76c6-44a1-a79b-7126a0d6d92c_jpg,train,09077a43-76c6-44a1-a79b-7126a0d6d92c_jpg.rf.c13adb01353d9c454c8c7e5c93c8f3af.jpg,AI/PlateDetector/datasets/raw/kaggle_plate_license_recognition/train/09077a43-76c6-44a1-a79b-7126a0d6d92c_jpg.rf.c13adb01353d9c454c8c7e5c93c8f3af.jpg,640,640,1,REAL,TRAIN_ONLY,license_plate,accepted_training_positive
kaggle_plate_license_recognition,09077a43-76c6-44a1-a79b-7126a0d6d92c_jpg,train,09077a43-76c6-44a1-a79b-7126a0d6d92c_jpg.rf.e0ff64e675de97d1be9716b6714264ac.jpg,AI/PlateDetector/datasets/raw/kaggle_plate_license_recognition/train/09077a43-76c6-44a1-a79b-7126a0d6d92c_jpg.rf.e0ff64e675de97d1be9716b6714264ac.jpg,640,640,1,REAL,TRAIN_ONLY,license_plate,accepted_training_positive
kaggle_plate_license_recognition,0907aa39-f35c-4b8f-b99e-87b4f498e787_jpg,train,0907aa39-f35c-4b8f-b99e-87b4f498e787_jpg.rf.322d51caab7ebddcf29a11633c0564df.jpg,AI/PlateDetector/datasets/raw/kaggle_plate_license_recognition/train/0907aa39-f35c-4b8f-b99e-87b4f498e787_jpg.rf.322d51caab7ebddcf29a11633c0564df.jpg,640,640,1,REAL,TRAIN_ONLY,license_plate,accepted_training_positive
kaggle_plate_license_recognition,090c97f8-fce5-431c-97c0-5efd90f50865_jpg,train,090c97f8-fce5-431c-97c0-5efd90f50865_jpg.rf.7c34dfcdf9b871a2a6ea380f0904ce75.jpg,AI/PlateDetector/datasets/raw/kaggle_plate_license_recognition/train/090c97f8-fce5-431c-97c0-5efd90f50865_jpg.rf.7c34dfcdf9b871a2a6ea380f0904ce75.jpg,640,640,1,REAL,TRAIN_ONLY,license_plate,accepted_training_positive
kaggle_plate_license_recognition,0922dc4f-f169-49c6-8851-d97892de9684_jpg,valid,0922dc4f-f169-49c6-8851-d97892de9684_jpg.rf.21668dc63daf337bd12dfb55d88fccd2.jpg,AI/PlateDetector/datasets/raw/kaggle_plate_license_recognition/valid/0922dc4f-f169-49c6-8851-d97892de9684_jpg.rf.21668dc63daf337bd12dfb55d88fccd2.jpg,640,640,1,REAL,TRAIN_ONLY,license_plate,accepted_training_positive
kaggle_plate_license_recognition,0922dc4f-f169-49c6-8851-d97892de9684_jpg,train,0922dc4f-f169-49c6-8851-d97892de9684_jpg.rf.bd1d4c47b3fd667eb8a5cfdfce6b8fad.jpg,AI/PlateDetector/datasets/raw/kaggle_plate_license_recognition/train/0922dc4f-f169-49c6-8851-d97892de9684_jpg.rf.bd1d4c47b3fd667eb8a5cfdfce6b8fad.jpg,640,640,1,REAL,TRAIN_ONLY,license_plate,accepted_training_positive
kaggle_plate_license_recognition,0927ae5d-cab9-441d-8f75-7bffe4e68722_jpg,test,0927ae5d-cab9-441d-8f75-7bffe4e68722_jpg.rf.081a71dcb113d4a3645968dba47fee0c.jpg,AI/PlateDetector/datasets/raw/kaggle_plate_license_recognition/test/0927ae5d-cab9-441d-8f75-7bffe4e68722_jpg.rf.081a71dcb113d4a3645968dba47fee0c.jpg,640,640,1,REAL,TRAIN_ONLY,license_plate,accepted_training_positive
kaggle_plate_license_recognition,0927ae5d-cab9-441d-8f75-7bffe4e68722_jpg,train,0927ae5d-cab9-441d-8f75-7bffe4e68722_jpg.rf.ab19a5d02d879d27c8ef0aa9efa313ca.jpg,AI/PlateDetector/datasets/raw/kaggle_plate_license_recognition/train/0927ae5d-cab9-441d-8f75-7bffe4e68722_jpg.rf.ab19a5d02d879d27c8ef0aa9efa313ca.jpg,640,640,1,REAL,TRAIN_ONLY,license_plate,accepted_training_positive
kaggle_plate_license_recognition,092fc530-3de6-47ef-9c69-52a03483b9c0_jpg,train,092fc530-3de6-47ef-9c69-52a03483b9c0_jpg.rf.040dd65d5e1e571502384f6799f6f79d.jpg,AI/PlateDetector/datasets/raw/kaggle_plate_license_recognition/train/092fc530-3de6-47ef-9c69-52a03483b9c0_jpg.rf.040dd65d5e1e571502384f6799f6f79d.jpg,640,640,1,REAL,TRAIN_ONLY,license_plate,reject_plate_or_ocr_crop
kaggle_plate_license_recognition,092fc530-3de6-47ef-9c69-52a03483b9c0_jpg,train,092fc530-3de6-47ef-9c69-52a03483b9c0_jpg.rf.4f4256e877d5bed9329469ae67e1c0bf.jpg,AI/PlateDetector/datasets/raw/kaggle_plate_license_recognition/train/092fc530-3de6-47ef-9c69-52a03483b9c0_jpg.rf.4f4256e877d5bed9329469ae67e1c0bf.jpg,640,640,1,REAL,TRAIN_ONLY,license_plate,reject_plate_or_ocr_crop
kaggle_plate_license_recognition,092fc530-3de6-47ef-9c69-52a03483b9c0_jpg,train,092fc530-3de6-47ef-9c69-52a03483b9c0_jpg.rf.94ebbfaaa2e22866b9f128572d23c935.jpg,AI/PlateDetector/datasets/raw/kaggle_plate_license_recognition/train/092fc530-3de6-47ef-9c69-52a03483b9c0_jpg.rf.94ebbfaaa2e22866b9f128572d23c935.jpg,640,640,1,REAL,TRAIN_ONLY,license_plate,reject_plate_or_ocr_crop
kaggle_plate_license_recognition,0942e2fc-672f-457b-83fc-9e45fb1fe3cf_jpg,valid,0942e2fc-672f-457b-83fc-9e45fb1fe3cf_jpg.rf.5adb6091d99f8c438da049df640df640.jpg,AI/PlateDetector/datasets/raw/kaggle_plate_license_recognition/valid/0942e2fc-672f-457b-83fc-9e45fb1fe3cf_jpg.rf.5adb6091d99f8c438da049df640df640.jpg,640,640,1,REAL,TRAIN_ONLY,license_plate,accepted_training_positive
kaggle_plate_license_recognition,0942e2fc-672f-457b-83fc-9e45fb1fe3cf_jpg,train,0942e2fc-672f-457b-83fc-9e45fb1fe3cf_jpg.rf.e0ab6a801e5f7e6cdb4cfc207f00b266.jpg,AI/PlateDetector/datasets/raw/kaggle_plate_license_recognition/train/0942e2fc-672f-457b-83fc-9e45fb1fe3cf_jpg.rf.e0ab6a801e5f7e6cdb4cfc207f00b266.jpg,640,640,1,REAL,TRAIN_ONLY,license_plate,accepted_training_positive
kaggle_plate_license_recognition,095a1537fe049a512_jpg,test,095a1537fe049a512_jpg.rf.bdd014b6df6007343107ad6114b4db9d.jpg,AI/PlateDetector/datasets/raw/kaggle_plate_license_recognition/test/095a1537fe049a512_jpg.rf.bdd014b6df6007343107ad6114b4db9d.jpg,640,640,1,REAL,TRAIN_ONLY,license_plate,reject_plate_or_ocr_crop
kaggle_plate_license_recognition,0978e347-2bd9-4a87-baac-59b665ba49f6_jpg,valid,0978e347-2bd9-4a87-baac-59b665ba49f6_jpg.rf.586d9287bf397f6c3c5a1d745fe13019.jpg,AI/PlateDetector/datasets/raw/kaggle_plate_license_recognition/valid/0978e347-2bd9-4a87-baac-59b665ba49f6_jpg.rf.586d9287bf397f6c3c5a1d745fe13019.jpg,640,640,1,REAL,TRAIN_ONLY,license_plate,accepted_training_positive
kaggle_plate_license_recognition,0978e347-2bd9-4a87-baac-59b665ba49f6_jpg,valid,0978e347-2bd9-4a87-baac-59b665ba49f6_jpg.rf.88a123639d8a95651d7c5072d4f5b281.jpg,AI/PlateDetector/datasets/raw/kaggle_plate_license_recognition/valid/0978e347-2bd9-4a87-baac-59b665ba49f6_jpg.rf.88a123639d8a95651d7c5072d4f5b281.jpg,640,640,1,REAL,TRAIN_ONLY,license_plate,accepted_training_positive
kaggle_plate_license_recognition,09826d0c-a1f9-49c4-8f20-c942adc22ea4_jpg,valid,09826d0c-a1f9-49c4-8f20-c942adc22ea4_jpg.rf.0a35aebd4f584693efef5034b6c08a8b.jpg,AI/PlateDetector/datasets/raw/kaggle_plate_license_recognition/valid/09826d0c-a1f9-49c4-8f20-c942adc22ea4_jpg.rf.0a35aebd4f584693efef5034b6c08a8b.jpg,640,640,1,REAL,TRAIN_ONLY,license_plate,accepted_training_positive
kaggle_plate_license_recognition,09826d0c-a1f9-49c4-8f20-c942adc22ea4_jpg,train,09826d0c-a1f9-49c4-8f20-c942adc22ea4_jpg.rf.ed579aeaac4c2de26ab3aa7c645c0334.jpg,AI/PlateDetector/datasets/raw/kaggle_plate_license_recognition/train/09826d0c-a1f9-49c4-8f20-c942adc22ea4_jpg.rf.ed579aeaac4c2de26ab3aa7c645c0334.jpg,640,640,4,REAL,TRAIN_ONLY,license_plate,reject_mosaic_collage
kaggle_plate_license_recognition,09826d0c-a1f9-49c4-8f20-c942adc22ea4_jpg,train,09826d0c-a1f9-49c4-8f20-c942adc22ea4_jpg.rf.f65f085a9a4e3bbd24082de99e7053fc.jpg,AI/PlateDetector/datasets/raw/kaggle_plate_license_recognition/train/09826d0c-a1f9-49c4-8f20-c942adc22ea4_jpg.rf.f65f085a9a4e3bbd24082de99e7053fc.jpg,640,640,1,REAL,TRAIN_ONLY,license_plate,accepted_training_positive
kaggle_plate_license_recognition,0997fe97-f96f-43a3-8f48-0359b1ee52f9_jpg,train,0997fe97-f96f-43a3-8f48-0359b1ee52f9_jpg.rf.0df2d4bfde2df2af9c87f2aa37bde520.jpg,AI/PlateDetector/datasets/raw/kaggle_plate_license_recognition/train/0997fe97-f96f-43a3-8f48-0359b1ee52f9_jpg.rf.0df2d4bfde2df2af9c87f2aa37bde520.jpg,640,640,1,REAL,TRAIN_ONLY,license_plate,accepted_training_positive
kaggle_plate_license_recognition,0997fe97-f96f-43a3-8f48-0359b1ee52f9_jpg,train,0997fe97-f96f-43a3-8f48-0359b1ee52f9_jpg.rf.d8b132b618bfe93aca9d243f5486b5e2.jpg,AI/PlateDetector/datasets/raw/kaggle_plate_license_recognition/train/0997fe97-f96f-43a3-8f48-0359b1ee52f9_jpg.rf.d8b132b618bfe93aca9d243f5486b5e2.jpg,640,640,1,REAL,TRAIN_ONLY,license_plate,accepted_training_positive
kaggle_plate_license_recognition,0998cb9e-8fcd-4b2d-978b-36a082da14da_jpg,train,0998cb9e-8fcd-4b2d-978b-36a082da14da_jpg.rf.6c60a968623c1ba718465c98b1bb8563.jpg,AI/PlateDetector/datasets/raw/kaggle_plate_license_recognition/train/0998cb9e-8fcd-4b2d-978b-36a082da14da_jpg.rf.6c60a968623c1ba718465c98b1bb8563.jpg,640,640,4,REAL,TRAIN_ONLY,license_plate,reject_mosaic_collage
kaggle_plate_license_recognition,0998cb9e-8fcd-4b2d-978b-36a082da14da_jpg,valid,0998cb9e-8fcd-4b2d-978b-36a082da14da_jpg.rf.a164de26ac9881315af53683342ee5d4.jpg,AI/PlateDetector/datasets/raw/kaggle_plate_license_recognition/valid/0998cb9e-8fcd-4b2d-978b-36a082da14da_jpg.rf.a164de26ac9881315af53683342ee5d4.jpg,640,640,4,REAL,TRAIN_ONLY,license_plate,reject_mosaic_collage
kaggle_plate_license_recognition,0998cb9e-8fcd-4b2d-978b-36a082da14da_jpg,valid,0998cb9e-8fcd-4b2d-978b-36a082da14da_jpg.rf.fdb213b982ec7f25f581bdf1ba9412bd.jpg,AI/PlateDetector/datasets/raw/kaggle_plate_license_recognition/valid/0998cb9e-8fcd-4b2d-978b-36a082da14da_jpg.rf.fdb213b982ec7f25f581bdf1ba9412bd.jpg,640,640,1,REAL,TRAIN_ONLY,license_plate,accepted_training_positive
kaggle_plate_license_recognition,09aa5d4c-684c-4d88-9810-919c729fd279_jpg,train,09aa5d4c-684c-4d88-9810-919c729fd279_jpg.rf.3e79f5cace5db6f3b2e9ffea41c96396.jpg,AI/PlateDetector/datasets/raw/kaggle_plate_license_recognition/train/09aa5d4c-684c-4d88-9810-919c729fd279_jpg.rf.3e79f5cace5db6f3b2e9ffea41c96396.jpg,640,640,1,REAL,TRAIN_ONLY,license_plate,accepted_training_positive
kaggle_plate_license_recognition,09aa5d4c-684c-4d88-9810-919c729fd279_jpg,valid,09aa5d4c-684c-4d88-9810-919c729fd279_jpg.rf.8007159715e92195bdbd0da48f61df57.jpg,AI/PlateDetector/datasets/raw/kaggle_plate_license_recognition/valid/09aa5d4c-684c-4d88-9810-919c729fd279_jpg.rf.8007159715e92195bdbd0da48f61df57.jpg,640,640,1,REAL,TRAIN_ONLY,license_plate,accepted_training_positive
kaggle_plate_license_recognition,09baf532-0c1b-4170-bff9-7d48d8f4b1a2_jpg,valid,09baf532-0c1b-4170-bff9-7d48d8f4b1a2_jpg.rf.4e9a6963cee5a8a9a3e409a39f3bd1bf.jpg,AI/PlateDetector/datasets/raw/kaggle_plate_license_recognition/valid/09baf532-0c1b-4170-bff9-7d48d8f4b1a2_jpg.rf.4e9a6963cee5a8a9a3e409a39f3bd1bf.jpg,640,640,1,REAL,TRAIN_ONLY,license_plate,reject_plate_or_ocr_crop
kaggle_plate_license_recognition,09baf532-0c1b-4170-bff9-7d48d8f4b1a2_jpg,train,09baf532-0c1b-4170-bff9-7d48d8f4b1a2_jpg.rf.5dd9d4afbb399d7675be5abd4ed42d56.jpg,AI/PlateDetector/datasets/raw/kaggle_plate_license_recognition/train/09baf532-0c1b-4170-bff9-7d48d8f4b1a2_jpg.rf.5dd9d4afbb399d7675be5abd4ed42d56.jpg,640,640,4,REAL,TRAIN_ONLY,license_plate,reject_mosaic_collage
kaggle_plate_license_recognition,09baf532-0c1b-4170-bff9-7d48d8f4b1a2_jpg,train,09baf532-0c1b-4170-bff9-7d48d8f4b1a2_jpg.rf.64543b45d5934a62b863b109a6bdcf14.jpg,AI/PlateDetector/datasets/raw/kaggle_plate_license_recognition/train/09baf532-0c1b-4170-bff9-7d48d8f4b1a2_jpg.rf.64543b45d5934a62b863b109a6bdcf14.jpg,640,640,4,REAL,TRAIN_ONLY,license_plate,reject_mosaic_collage
kaggle_plate_license_recognition,09baf532-0c1b-4170-bff9-7d48d8f4b1a2_jpg,test,09baf532-0c1b-4170-bff9-7d48d8f4b1a2_jpg.rf.eeb1bd362e236fb44036fe222dcb9369.jpg,AI/PlateDetector/datasets/raw/kaggle_plate_license_recognition/test/09baf532-0c1b-4170-bff9-7d48d8f4b1a2_jpg.rf.eeb1bd362e236fb44036fe222dcb9369.jpg,640,640,1,REAL,TRAIN_ONLY,license_plate,reject_plate_or_ocr_crop
kaggle_plate_license_recognition,09cdbc90-cba9-401c-b81e-0d8f6922d4b6_jpg,train,09cdbc90-cba9-401c-b81e-0d8f6922d4b6_jpg.rf.73cb84b462950b777030432b2d7a65d9.jpg,AI/PlateDetector/datasets/raw/kaggle_plate_license_recognition/train/09cdbc90-cba9-401c-b81e-0d8f6922d4b6_jpg.rf.73cb84b462950b777030432b2d7a65d9.jpg,640,640,1,REAL,TRAIN_ONLY,license_plate,accepted_training_positive
kaggle_plate_license_recognition,09cdbc90-cba9-401c-b81e-0d8f6922d4b6_jpg,test,09cdbc90-cba9-401c-b81e-0d8f6922d4b6_jpg.rf.78b5cea334e08fd0918671c61dda5ec1.jpg,AI/PlateDetector/datasets/raw/kaggle_plate_license_recognition/test/09cdbc90-cba9-401c-b81e-0d8f6922d4b6_jpg.rf.78b5cea334e08fd0918671c61dda5ec1.jpg,640,640,1,REAL,TRAIN_ONLY,license_plate,accepted_training_positive
kaggle_plate_license_recognition,09cdbc90-cba9-401c-b81e-0d8f6922d4b6_jpg,train,09cdbc90-cba9-401c-b81e-0d8f6922d4b6_jpg.rf.df6639e264677f6ae1637e1abf7bb9ce.jpg,AI/PlateDetector/datasets/raw/kaggle_plate_license_recognition/train/09cdbc90-cba9-401c-b81e-0d8f6922d4b6_jpg.rf.df6639e264677f6ae1637e1abf7bb9ce.jpg,640,640,1,REAL,TRAIN_ONLY,license_plate,accepted_training_positive
kaggle_plate_license_recognition,09cdbc90-cba9-401c-b81e-0d8f6922d4b6_jpg,train,09cdbc90-cba9-401c-b81e-0d8f6922d4b6_jpg.rf.e45d41a88a093509d6331e9d8e7cce4f.jpg,AI/PlateDetector/datasets/raw/kaggle_plate_license_recognition/train/09cdbc90-cba9-401c-b81e-0d8f6922d4b6_jpg.rf.e45d41a88a093509d6331e9d8e7cce4f.jpg,640,640,2,REAL,TRAIN_ONLY,license_plate,reject_mosaic_collage
kaggle_plate_license_recognition,09cf1e4e-ca55-41e8-8ddf-a2d3742b4d15_jpg,test,09cf1e4e-ca55-41e8-8ddf-a2d3742b4d15_jpg.rf.76ac5fb6ec6ad485b6027f261f01fd45.jpg,AI/PlateDetector/datasets/raw/kaggle_plate_license_recognition/test/09cf1e4e-ca55-41e8-8ddf-a2d3742b4d15_jpg.rf.76ac5fb6ec6ad485b6027f261f01fd45.jpg,640,640,1,REAL,TRAIN_ONLY,license_plate,accepted_training_positive
kaggle_plate_license_recognition,09cf1e4e-ca55-41e8-8ddf-a2d3742b4d15_jpg,train,09cf1e4e-ca55-41e8-8ddf-a2d3742b4d15_jpg.rf.ac912189fd1c7eef196114947c805fbd.jpg,AI/PlateDetector/datasets/raw/kaggle_plate_license_recognition/train/09cf1e4e-ca55-41e8-8ddf-a2d3742b4d15_jpg.rf.ac912189fd1c7eef196114947c805fbd.jpg,640,640,1,REAL,TRAIN_ONLY,license_plate,accepted_training_positive
kaggle_plate_license_recognition,09cf1e4e-ca55-41e8-8ddf-a2d3742b4d15_jpg,train,09cf1e4e-ca55-41e8-8ddf-a2d3742b4d15_jpg.rf.ec6d74db3c71105a989f623f411b9718.jpg,AI/PlateDetector/datasets/raw/kaggle_plate_license_recognition/train/09cf1e4e-ca55-41e8-8ddf-a2d3742b4d15_jpg.rf.ec6d74db3c71105a989f623f411b9718.jpg,640,640,3,REAL,TRAIN_ONLY,license_plate,reject_mosaic_collage
kaggle_plate_license_recognition,09d41183-ca84-4ede-99e9-01056bf4c02a_jpg,train,09d41183-ca84-4ede-99e9-01056bf4c02a_jpg.rf.163540fd2d65d699f6df1d9ed1f54b66.jpg,AI/PlateDetector/datasets/raw/kaggle_plate_license_recognition/train/09d41183-ca84-4ede-99e9-01056bf4c02a_jpg.rf.163540fd2d65d699f6df1d9ed1f54b66.jpg,640,640,1,REAL,TRAIN_ONLY,license_plate,accepted_training_positive
kaggle_plate_license_recognition,09d41183-ca84-4ede-99e9-01056bf4c02a_jpg,valid,09d41183-ca84-4ede-99e9-01056bf4c02a_jpg.rf.40b011d75c36c63143286fd4da167c9a.jpg,AI/PlateDetector/datasets/raw/kaggle_plate_license_recognition/valid/09d41183-ca84-4ede-99e9-01056bf4c02a_jpg.rf.40b011d75c36c63143286fd4da167c9a.jpg,640,640,1,REAL,TRAIN_ONLY,license_plate,accepted_training_positive
kaggle_plate_license_recognition,09d41183-ca84-4ede-99e9-01056bf4c02a_jpg,train,09d41183-ca84-4ede-99e9-01056bf4c02a_jpg.rf.f45a13a319f39dd46eb11f231df3c842.jpg,AI/PlateDetector/datasets/raw/kaggle_plate_license_recognition/train/09d41183-ca84-4ede-99e9-01056bf4c02a_jpg.rf.f45a13a319f39dd46eb11f231df3c842.jpg,640,640,2,REAL,TRAIN_ONLY,license_plate,reject_mosaic_collage
kaggle_plate_license_recognition,09d5e3de-536b-4708-8b9f-4f2b9676fd33_jpg,train,09d5e3de-536b-4708-8b9f-4f2b9676fd33_jpg.rf.939f590a1b6e45d2362f0d0db2f4f5e6.jpg,AI/PlateDetector/datasets/raw/kaggle_plate_license_recognition/train/09d5e3de-536b-4708-8b9f-4f2b9676fd33_jpg.rf.939f590a1b6e45d2362f0d0db2f4f5e6.jpg,640,640,4,REAL,TRAIN_ONLY,license_plate,reject_mosaic_collage
kaggle_plate_license_recognition,09d5e3de-536b-4708-8b9f-4f2b9676fd33_jpg,test,09d5e3de-536b-4708-8b9f-4f2b9676fd33_jpg.rf.9b3353ea6528de9cbd90d012ce7da123.jpg,AI/PlateDetector/datasets/raw/kaggle_plate_license_recognition/test/09d5e3de-536b-4708-8b9f-4f2b9676fd33_jpg.rf.9b3353ea6528de9cbd90d012ce7da123.jpg,640,640,1,REAL,TRAIN_ONLY,license_plate,accepted_training_positive
kaggle_plate_license_recognition,09d8990b-23a1-448f-a340-17ffb2c3b488_jpg,valid,09d8990b-23a1-448f-a340-17ffb2c3b488_jpg.rf.191f713ba458893230df92caee750366.jpg,AI/PlateDetector/datasets/raw/kaggle_plate_license_recognition/valid/09d8990b-23a1-448f-a340-17ffb2c3b488_jpg.rf.191f713ba458893230df92caee750366.jpg,640,640,1,REAL,TRAIN_ONLY,license_plate,accepted_training_positive
kaggle_plate_license_recognition,09d8990b-23a1-448f-a340-17ffb2c3b488_jpg,train,09d8990b-23a1-448f-a340-17ffb2c3b488_jpg.rf.9f3f856b8d901b408f873a9d76e8534e.jpg,AI/PlateDetector/datasets/raw/kaggle_plate_license_recognition/train/09d8990b-23a1-448f-a340-17ffb2c3b488_jpg.rf.9f3f856b8d901b408f873a9d76e8534e.jpg,640,640,1,REAL,TRAIN_ONLY,license_plate,accepted_training_positive
kaggle_plate_license_recognition,09d8990b-23a1-448f-a340-17ffb2c3b488_jpg,train,09d8990b-23a1-448f-a340-17ffb2c3b488_jpg.rf.d101d51439b6aa9fe68b750a5400df17.jpg,AI/PlateDetector/datasets/raw/kaggle_plate_license_recognition/train/09d8990b-23a1-448f-a340-17ffb2c3b488_jpg.rf.d101d51439b6aa9fe68b750a5400df17.jpg,640,640,1,REAL,TRAIN_ONLY,license_plate,accepted_training_positive
kaggle_plate_license_recognition,09d8990b-23a1-448f-a340-17ffb2c3b488_jpg,train,09d8990b-23a1-448f-a340-17ffb2c3b488_jpg.rf.fc61d01248648c4748aeab83b94fe228.jpg,AI/PlateDetector/datasets/raw/kaggle_plate_license_recognition/train/09d8990b-23a1-448f-a340-17ffb2c3b488_jpg.rf.fc61d01248648c4748aeab83b94fe228.jpg,640,640,1,REAL,TRAIN_ONLY,license_plate,accepted_training_positive
kaggle_plate_license_recognition,09dd1c64-704b-4a5a-b98b-4626a2ddbeeb_jpg,train,09dd1c64-704b-4a5a-b98b-4626a2ddbeeb_jpg.rf.75f3f210676b1556bd0a73beb92765a1.jpg,AI/PlateDetector/datasets/raw/kaggle_plate_license_recognition/train/09dd1c64-704b-4a5a-b98b-4626a2ddbeeb_jpg.rf.75f3f210676b1556bd0a73beb92765a1.jpg,640,640,1,REAL,TRAIN_ONLY,license_plate,reject_plate_or_ocr_crop
kaggle_plate_license_recognition,09dd1c64-704b-4a5a-b98b-4626a2ddbeeb_jpg,train,09dd1c64-704b-4a5a-b98b-4626a2ddbeeb_jpg.rf.b37e1cdf82270691e6c6dfce31c752fc.jpg,AI/PlateDetector/datasets/raw/kaggle_plate_license_recognition/train/09dd1c64-704b-4a5a-b98b-4626a2ddbeeb_jpg.rf.b37e1cdf82270691e6c6dfce31c752fc.jpg,640,640,1,REAL,TRAIN_ONLY,license_plate,reject_plate_or_ocr_crop
kaggle_plate_license_recognition,0_12_hr_png_jpg,train,0_12_hr_png_jpg.rf.0f99b0e91b7305fe280ef987d3876f59.jpg,AI/PlateDetector/datasets/raw/kaggle_plate_license_recognition/train/0_12_hr_png_jpg.rf.0f99b0e91b7305fe280ef987d3876f59.jpg,640,640,1,REAL,TRAIN_ONLY,license_plate,accepted_training_positive
kaggle_plate_license_recognition,0_13_hr_png_jpg,train,0_13_hr_png_jpg.rf.7ab128d67e656155bc70068990463caf.jpg,AI/PlateDetector/datasets/raw/kaggle_plate_license_recognition/train/0_13_hr_png_jpg.rf.7ab128d67e656155bc70068990463caf.jpg,640,640,1,REAL,TRAIN_ONLY,license_plate,reject_plate_or_ocr_crop
kaggle_plate_license_recognition,0_13_hr_png_jpg,train,0_13_hr_png_jpg.rf.ee048812af991ff995b4bb7ea6ba9037.jpg,AI/PlateDetector/datasets/raw/kaggle_plate_license_recognition/train/0_13_hr_png_jpg.rf.ee048812af991ff995b4bb7ea6ba9037.jpg,640,640,1,REAL,TRAIN_ONLY,license_plate,reject_plate_or_ocr_crop
kaggle_plate_license_recognition,0_15_hr_png_jpg,valid,0_15_hr_png_jpg.rf.e2da1a36572ea9bb78dbcefc0b0dd3d9.jpg,AI/PlateDetector/datasets/raw/kaggle_plate_license_recognition/valid/0_15_hr_png_jpg.rf.e2da1a36572ea9bb78dbcefc0b0dd3d9.jpg,640,640,1,REAL,TRAIN_ONLY,license_plate,accepted_training_positive
kaggle_plate_license_recognition,0_17_hr_png_jpg,valid,0_17_hr_png_jpg.rf.f7ed63c0e7991186bad30d9f19a91810.jpg,AI/PlateDetector/datasets/raw/kaggle_plate_license_recognition/valid/0_17_hr_png_jpg.rf.f7ed63c0e7991186bad30d9f19a91810.jpg,640,640,1,REAL,TRAIN_ONLY,license_plate,reject_plate_or_ocr_crop
kaggle_plate_license_recognition,0_18_hr_png_jpg,train,0_18_hr_png_jpg.rf.cf7e6fe73b51487c28aeef9f47c7ca65.jpg,AI/PlateDetector/datasets/raw/kaggle_plate_license_recognition/train/0_18_hr_png_jpg.rf.cf7e6fe73b51487c28aeef9f47c7ca65.jpg,640,640,1,REAL,TRAIN_ONLY,license_plate,reject_plate_or_ocr_crop
kaggle_plate_license_recognition,0_19_hr_png_jpg,train,0_19_hr_png_jpg.rf.01b6cf24c71761b6198ca8aad14f7329.jpg,AI/PlateDetector/datasets/raw/kaggle_plate_license_recognition/train/0_19_hr_png_jpg.rf.01b6cf24c71761b6198ca8aad14f7329.jpg,640,640,1,REAL,TRAIN_ONLY,license_plate,accepted_training_positive
kaggle_plate_license_recognition,0_19_hr_png_jpg,train,0_19_hr_png_jpg.rf.92d47f6deaa6d6c73ff0e37a2c9a11d3.jpg,AI/PlateDetector/datasets/raw/kaggle_plate_license_recognition/train/0_19_hr_png_jpg.rf.92d47f6deaa6d6c73ff0e37a2c9a11d3.jpg,640,640,1,REAL,TRAIN_ONLY,license_plate,accepted_training_positive
kaggle_plate_license_recognition,0_1_hr_png_jpg,train,0_1_hr_png_jpg.rf.dfd36667996b87b1c784edcc93cca491.jpg,AI/PlateDetector/datasets/raw/kaggle_plate_license_recognition/train/0_1_hr_png_jpg.rf.dfd36667996b87b1c784edcc93cca491.jpg,640,640,1,REAL,TRAIN_ONLY,license_plate,reject_plate_or_ocr_crop
kaggle_plate_license_recognition,0_20_hr_png_jpg,train,0_20_hr_png_jpg.rf.74c0fab99c7cfd65005145fb8226d5a8.jpg,AI/PlateDetector/datasets/raw/kaggle_plate_license_recognition/train/0_20_hr_png_jpg.rf.74c0fab99c7cfd65005145fb8226d5a8.jpg,640,640,1,REAL,TRAIN_ONLY,license_plate,reject_plate_or_ocr_crop
kaggle_plate_license_recognition,0_21_hr_png_jpg,train,0_21_hr_png_jpg.rf.4b7e50c2b90dd95db3d242762ce189b7.jpg,AI/PlateDetector/datasets/raw/kaggle_plate_license_recognition/train/0_21_hr_png_jpg.rf.4b7e50c2b90dd95db3d242762ce189b7.jpg,640,640,1,REAL,TRAIN_ONLY,license_plate,reject_plate_or_ocr_crop
kaggle_plate_license_recognition,0_22_hr_png_jpg,train,0_22_hr_png_jpg.rf.e1623888c6d2445916bbeb40ec593680.jpg,AI/PlateDetector/datasets/raw/kaggle_plate_license_recognition/train/0_22_hr_png_jpg.rf.e1623888c6d2445916bbeb40ec593680.jpg,640,640,1,REAL,TRAIN_ONLY,license_plate,accepted_training_positive
kaggle_plate_license_recognition,0_23_hr_png_jpg,train,0_23_hr_png_jpg.rf.b3c1c42d3e6026de4645051c34579cad.jpg,AI/PlateDetector/datasets/raw/kaggle_plate_license_recognition/train/0_23_hr_png_jpg.rf.b3c1c42d3e6026de4645051c34579cad.jpg,640,640,1,REAL,TRAIN_ONLY,license_plate,reject_plate_or_ocr_crop
kaggle_plate_license_recognition,0_2_hr_png_jpg,train,0_2_hr_png_jpg.rf.a0ccb83c609b73607b27420711e8c1b0.jpg,AI/PlateDetector/datasets/raw/kaggle_plate_license_recognition/train/0_2_hr_png_jpg.rf.a0ccb83c609b73607b27420711e8c1b0.jpg,640,640,1,REAL,TRAIN_ONLY,license_plate,reject_plate_or_ocr_crop
kaggle_plate_license_recognition,0_3_hr_png_jpg,valid,0_3_hr_png_jpg.rf.afe9d71854f89b1eaaf71d02b24c0230.jpg,AI/PlateDetector/datasets/raw/kaggle_plate_license_recognition/valid/0_3_hr_png_jpg.rf.afe9d71854f89b1eaaf71d02b24c0230.jpg,640,640,1,REAL,TRAIN_ONLY,license_plate,reject_plate_or_ocr_crop
kaggle_plate_license_recognition,0_3_hr_png_jpg,test,0_3_hr_png_jpg.rf.c679897f52689da139e29adc623291fd.jpg,AI/PlateDetector/datasets/raw/kaggle_plate_license_recognition/test/0_3_hr_png_jpg.rf.c679897f52689da139e29adc623291fd.jpg,640,640,1,REAL,TRAIN_ONLY,license_plate,reject_plate_or_ocr_crop
kaggle_plate_license_recognition,0_4_hr_png_jpg,train,0_4_hr_png_jpg.rf.144ed7faecc0a4c7ec39a2d2ef18dcfa.jpg,AI/PlateDetector/datasets/raw/kaggle_plate_license_recognition/train/0_4_hr_png_jpg.rf.144ed7faecc0a4c7ec39a2d2ef18dcfa.jpg,640,640,1,REAL,TRAIN_ONLY,license_plate,reject_plate_or_ocr_crop
kaggle_plate_license_recognition,0_5_hr_png_jpg,train,0_5_hr_png_jpg.rf.fdf62b68f43db3c53790f92ccdf13490.jpg,AI/PlateDetector/datasets/raw/kaggle_plate_license_recognition/train/0_5_hr_png_jpg.rf.fdf62b68f43db3c53790f92ccdf13490.jpg,640,640,1,REAL,TRAIN_ONLY,license_plate,reject_plate_or_ocr_crop
kaggle_plate_license_recognition,0_6_hr_png_jpg,train,0_6_hr_png_jpg.rf.b1feec9a81e1531e724c9f2448d4682b.jpg,AI/PlateDetector/datasets/raw/kaggle_plate_license_recognition/train/0_6_hr_png_jpg.rf.b1feec9a81e1531e724c9f2448d4682b.jpg,640,640,1,REAL,TRAIN_ONLY,license_plate,reject_plate_or_ocr_crop
kaggle_plate_license_recognition,0_6_hr_png_jpg,train,0_6_hr_png_jpg.rf.e817334d07cc12594d9431178b774e60.jpg,AI/PlateDetector/datasets/raw/kaggle_plate_license_recognition/train/0_6_hr_png_jpg.rf.e817334d07cc12594d9431178b774e60.jpg,640,640,1,REAL,TRAIN_ONLY,license_plate,reject_plate_or_ocr_crop
kaggle_plate_license_recognition,0_7_hr_png_jpg,train,0_7_hr_png_jpg.rf.da7b8943dc2217484380a55222ef2c09.jpg,AI/PlateDetector/datasets/raw/kaggle_plate_license_recognition/train/0_7_hr_png_jpg.rf.da7b8943dc2217484380a55222ef2c09.jpg,640,640,1,REAL,TRAIN_ONLY,license_plate,reject_plate_or_ocr_crop
kaggle_plate_license_recognition,0_8_hr_png_jpg,train,0_8_hr_png_jpg.rf.6fd08d0b2634c22cde6b9a7e59f90cbf.jpg,AI/PlateDetector/datasets/raw/kaggle_plate_license_recognition/train/0_8_hr_png_jpg.rf.6fd08d0b2634c22cde6b9a7e59f90cbf.jpg,640,640,1,REAL,TRAIN_ONLY,license_plate,reject_plate_or_ocr_crop
kaggle_plate_license_recognition,0_8_hr_png_jpg,train,0_8_hr_png_jpg.rf.81da8a9ceee695ea0e0b98bcccdccbfd.jpg,AI/PlateDetector/datasets/raw/kaggle_plate_license_recognition/train/0_8_hr_png_jpg.rf.81da8a9ceee695ea0e0b98bcccdccbfd.jpg,640,640,1,REAL,TRAIN_ONLY,license_plate,reject_plate_or_ocr_crop
kaggle_plate_license_recognition,0_9_hr_png_jpg,train,0_9_hr_png_jpg.rf.5905b0a4da899c07f4840200da2cd101.jpg,AI/PlateDetector/datasets/raw/kaggle_plate_license_recognition/train/0_9_hr_png_jpg.rf.5905b0a4da899c07f4840200da2cd101.jpg,640,640,1,REAL,TRAIN_ONLY,license_plate,reject_plate_or_ocr_crop
kaggle_plate_license_recognition,0a0a26ce-fe54-4899-bc7f-0d75233527c5_jpg,train,0a0a26ce-fe54-4899-bc7f-0d75233527c5_jpg.rf.29b150ef1782f47324cc14e88bf3a2c4.jpg,AI/PlateDetector/datasets/raw/kaggle_plate_license_recognition/train/0a0a26ce-fe54-4899-bc7f-0d75233527c5_jpg.rf.29b150ef1782f47324cc14e88bf3a2c4.jpg,640,640,1,REAL,TRAIN_ONLY,license_plate,accepted_training_positive
kaggle_plate_license_recognition,0a0a26ce-fe54-4899-bc7f-0d75233527c5_jpg,valid,0a0a26ce-fe54-4899-bc7f-0d75233527c5_jpg.rf.39ba703ea3b98ab9342496fe4bed3002.jpg,AI/PlateDetector/datasets/raw/kaggle_plate_license_recognition/valid/0a0a26ce-fe54-4899-bc7f-0d75233527c5_jpg.rf.39ba703ea3b98ab9342496fe4bed3002.jpg,640,640,1,REAL,TRAIN_ONLY,license_plate,accepted_training_positive
kaggle_plate_license_recognition,0a0a26ce-fe54-4899-bc7f-0d75233527c5_jpg,train,0a0a26ce-fe54-4899-bc7f-0d75233527c5_jpg.rf.8d364980ad1076c4d3a884ad93c060e3.jpg,AI/PlateDetector/datasets/raw/kaggle_plate_license_recognition/train/0a0a26ce-fe54-4899-bc7f-0d75233527c5_jpg.rf.8d364980ad1076c4d3a884ad93c060e3.jpg,640,640,4,REAL,TRAIN_ONLY,license_plate,reject_mosaic_collage
kaggle_plate_license_recognition,0a0a26ce-fe54-4899-bc7f-0d75233527c5_jpg,test,0a0a26ce-fe54-4899-bc7f-0d75233527c5_jpg.rf.beb99d4c8e4121312415a08fbd092fea.jpg,AI/PlateDetector/datasets/raw/kaggle_plate_license_recognition/test/0a0a26ce-fe54-4899-bc7f-0d75233527c5_jpg.rf.beb99d4c8e4121312415a08fbd092fea.jpg,640,640,1,REAL,TRAIN_ONLY,license_plate,accepted_training_positive
kaggle_plate_license_recognition,0a0a26ce-fe54-4899-bc7f-0d75233527c5_jpg,test,0a0a26ce-fe54-4899-bc7f-0d75233527c5_jpg.rf.e0b845c678ee1714857d336bf3380c29.jpg,AI/PlateDetector/datasets/raw/kaggle_plate_license_recognition/test/0a0a26ce-fe54-4899-bc7f-0d75233527c5_jpg.rf.e0b845c678ee1714857d336bf3380c29.jpg,640,640,1,REAL,TRAIN_ONLY,license_plate,accepted_training_positive
kaggle_plate_license_recognition,0a2bdc41-3f28-4ea8-b30f-74eebbe8e7ae_jpg,valid,0a2bdc41-3f28-4ea8-b30f-74eebbe8e7ae_jpg.rf.457cd20c77f82435b86c376eec571c0e.jpg,AI/PlateDetector/datasets/raw/kaggle_plate_license_recognition/valid/0a2bdc41-3f28-4ea8-b30f-74eebbe8e7ae_jpg.rf.457cd20c77f82435b86c376eec571c0e.jpg,640,640,4,REAL,TRAIN_ONLY,license_plate,reject_mosaic_collage
kaggle_plate_license_recognition,0a2bdc41-3f28-4ea8-b30f-74eebbe8e7ae_jpg,train,0a2bdc41-3f28-4ea8-b30f-74eebbe8e7ae_jpg.rf.b1e1ad6d54df459c329e04b8bb7aea19.jpg,AI/PlateDetector/datasets/raw/kaggle_plate_license_recognition/train/0a2bdc41-3f28-4ea8-b30f-74eebbe8e7ae_jpg.rf.b1e1ad6d54df459c329e04b8bb7aea19.jpg,640,640,1,REAL,TRAIN_ONLY,license_plate,accepted_training_positive
kaggle_plate_license_recognition,0a4ada79-be27-4c1e-8243-31dc9c35c134_jpg,valid,0a4ada79-be27-4c1e-8243-31dc9c35c134_jpg.rf.12f93bd519581c0ce030161d106be67b.jpg,AI/PlateDetector/datasets/raw/kaggle_plate_license_recognition/valid/0a4ada79-be27-4c1e-8243-31dc9c35c134_jpg.rf.12f93bd519581c0ce030161d106be67b.jpg,640,640,1,REAL,TRAIN_ONLY,license_plate,accepted_training_positive
kaggle_plate_license_recognition,0a4ada79-be27-4c1e-8243-31dc9c35c134_jpg,valid,0a4ada79-be27-4c1e-8243-31dc9c35c134_jpg.rf.a71819c71539e0624632986a0ba3352d.jpg,AI/PlateDetector/datasets/raw/kaggle_plate_license_recognition/valid/0a4ada79-be27-4c1e-8243-31dc9c35c134_jpg.rf.a71819c71539e0624632986a0ba3352d.jpg,640,640,1,REAL,TRAIN_ONLY,license_plate,accepted_training_positive
kaggle_plate_license_recognition,0a7512fb-29e3-4168-a064-aeeff447574d_jpg,test,0a7512fb-29e3-4168-a064-aeeff447574d_jpg.rf.02362da7e3839df4bd4ca98d4d0c2e00.jpg,AI/PlateDetector/datasets/raw/kaggle_plate_license_recognition/test/0a7512fb-29e3-4168-a064-aeeff447574d_jpg.rf.02362da7e3839df4bd4ca98d4d0c2e00.jpg,640,640,5,REAL,TRAIN_ONLY,license_plate,reject_mosaic_collage
kaggle_plate_license_recognition,0a7512fb-29e3-4168-a064-aeeff447574d_jpg,test,0a7512fb-29e3-4168-a064-aeeff447574d_jpg.rf.cbc30801f3101d0f066d94b38ec58bd1.jpg,AI/PlateDetector/datasets/raw/kaggle_plate_license_recognition/test/0a7512fb-29e3-4168-a064-aeeff447574d_jpg.rf.cbc30801f3101d0f066d94b38ec58bd1.jpg,640,640,1,REAL,TRAIN_ONLY,license_plate,accepted_training_positive
kaggle_plate_license_recognition,0a7512fb-29e3-4168-a064-aeeff447574d_jpg,valid,0a7512fb-29e3-4168-a064-aeeff447574d_jpg.rf.f5618195e07dca2b2f71e90e9f1846a6.jpg,AI/PlateDetector/datasets/raw/kaggle_plate_license_recognition/valid/0a7512fb-29e3-4168-a064-aeeff447574d_jpg.rf.f5618195e07dca2b2f71e90e9f1846a6.jpg,640,640,1,REAL,TRAIN_ONLY,license_plate,accepted_training_positive
kaggle_plate_license_recognition,0a833c1b-9dad-4250-bbe8-ede56ee6e03c_jpg,train,0a833c1b-9dad-4250-bbe8-ede56ee6e03c_jpg.rf.63fab773ea12da6db17e1c30afd746c7.jpg,AI/PlateDetector/datasets/raw/kaggle_plate_license_recognition/train/0a833c1b-9dad-4250-bbe8-ede56ee6e03c_jpg.rf.63fab773ea12da6db17e1c30afd746c7.jpg,640,640,1,REAL,TRAIN_ONLY,license_plate,accepted_training_positive
kaggle_plate_license_recognition,0a833c1b-9dad-4250-bbe8-ede56ee6e03c_jpg,train,0a833c1b-9dad-4250-bbe8-ede56ee6e03c_jpg.rf.8e5ab3f5c21a509bb2312dfd1fcde923.jpg,AI/PlateDetector/datasets/raw/kaggle_plate_license_recognition/train/0a833c1b-9dad-4250-bbe8-ede56ee6e03c_jpg.rf.8e5ab3f5c21a509bb2312dfd1fcde923.jpg,640,640,1,REAL,TRAIN_ONLY,license_plate,accepted_training_positive
kaggle_plate_license_recognition,0aa74853-a1c3-44a4-b308-354c933988aa_jpg,train,0aa74853-a1c3-44a4-b308-354c933988aa_jpg.rf.139d53e59735f04129c13277b7934b2b.jpg,AI/PlateDetector/datasets/raw/kaggle_plate_license_recognition/train/0aa74853-a1c3-44a4-b308-354c933988aa_jpg.rf.139d53e59735f04129c13277b7934b2b.jpg,640,640,2,REAL,TRAIN_ONLY,license_plate,reject_mosaic_collage
kaggle_plate_license_recognition,0aa74853-a1c3-44a4-b308-354c933988aa_jpg,train,0aa74853-a1c3-44a4-b308-354c933988aa_jpg.rf.680c90067fbd26f11b0e846122aa24fb.jpg,AI/PlateDetector/datasets/raw/kaggle_plate_license_recognition/train/0aa74853-a1c3-44a4-b308-354c933988aa_jpg.rf.680c90067fbd26f11b0e846122aa24fb.jpg,640,640,1,REAL,TRAIN_ONLY,license_plate,accepted_training_positive
kaggle_plate_license_recognition,0aa91640-eb86-4d44-9a5c-b65b90dbe97a_jpg,train,0aa91640-eb86-4d44-9a5c-b65b90dbe97a_jpg.rf.51dff357c8e67f990c5d2b9563f4fbf7.jpg,AI/PlateDetector/datasets/raw/kaggle_plate_license_recognition/train/0aa91640-eb86-4d44-9a5c-b65b90dbe97a_jpg.rf.51dff357c8e67f990c5d2b9563f4fbf7.jpg,640,640,1,REAL,TRAIN_ONLY,license_plate,accepted_training_positive
kaggle_plate_license_recognition,0ab37b31-a9e1-4943-81cd-aae4e7198026_jpg,train,0ab37b31-a9e1-4943-81cd-aae4e7198026_jpg.rf.1012ba03d1c71f2e54892a718e9f91fa.jpg,AI/PlateDetector/datasets/raw/kaggle_plate_license_recognition/train/0ab37b31-a9e1-4943-81cd-aae4e7198026_jpg.rf.1012ba03d1c71f2e54892a718e9f91fa.jpg,640,640,1,REAL,TRAIN_ONLY,license_plate,accepted_training_positive
kaggle_plate_license_recognition,0ab37b31-a9e1-4943-81cd-aae4e7198026_jpg,train,0ab37b31-a9e1-4943-81cd-aae4e7198026_jpg.rf.58169583a9df7c2c040bf4226ba0d300.jpg,AI/PlateDetector/datasets/raw/kaggle_plate_license_recognition/train/0ab37b31-a9e1-4943-81cd-aae4e7198026_jpg.rf.58169583a9df7c2c040bf4226ba0d300.jpg,640,640,1,REAL,TRAIN_ONLY,license_plate,accepted_training_positive
kaggle_plate_license_recognition,0ab37b31-a9e1-4943-81cd-aae4e7198026_jpg,train,0ab37b31-a9e1-4943-81cd-aae4e7198026_jpg.rf.5d931a586c1b612667185e494cda1c00.jpg,AI/PlateDetector/datasets/raw/kaggle_plate_license_recognition/train/0ab37b31-a9e1-4943-81cd-aae4e7198026_jpg.rf.5d931a586c1b612667185e494cda1c00.jpg,640,640,1,REAL,TRAIN_ONLY,license_plate,accepted_training_positive
kaggle_plate_license_recognition,0ab47076-3456-4314-9d81-a32a80169984_jpg,train,0ab47076-3456-4314-9d81-a32a80169984_jpg.rf.27c5dad0c00ac5c3eb04b4beabdb40ca.jpg,AI/PlateDetector/datasets/raw/kaggle_plate_license_recognition/train/0ab47076-3456-4314-9d81-a32a80169984_jpg.rf.27c5dad0c00ac5c3eb04b4beabdb40ca.jpg,640,640,1,REAL,TRAIN_ONLY,license_plate,accepted_training_positive
kaggle_plate_license_recognition,0ab47076-3456-4314-9d81-a32a80169984_jpg,valid,0ab47076-3456-4314-9d81-a32a80169984_jpg.rf.3cc3dcbc80bf92306abc5af016070a2c.jpg,AI/PlateDetector/datasets/raw/kaggle_plate_license_recognition/valid/0ab47076-3456-4314-9d81-a32a80169984_jpg.rf.3cc3dcbc80bf92306abc5af016070a2c.jpg,640,640,3,REAL,TRAIN_ONLY,license_plate,reject_mosaic_collage
kaggle_plate_license_recognition,0ab47076-3456-4314-9d81-a32a80169984_jpg,train,0ab47076-3456-4314-9d81-a32a80169984_jpg.rf.7508ff19c2beb4598c4fcd266104c67a.jpg,AI/PlateDetector/datasets/raw/kaggle_plate_license_recognition/train/0ab47076-3456-4314-9d81-a32a80169984_jpg.rf.7508ff19c2beb4598c4fcd266104c67a.jpg,640,640,1,REAL,TRAIN_ONLY,license_plate,accepted_training_positive
kaggle_plate_license_recognition,0ab6ad04-0e68-4061-999a-1b47475c22a5_jpg,train,0ab6ad04-0e68-4061-999a-1b47475c22a5_jpg.rf.11b110fb72450e7bb4fb4034e9ef94e1.jpg,AI/PlateDetector/datasets/raw/kaggle_plate_license_recognition/train/0ab6ad04-0e68-4061-999a-1b47475c22a5_jpg.rf.11b110fb72450e7bb4fb4034e9ef94e1.jpg,640,640,1,REAL,TRAIN_ONLY,license_plate,accepted_training_positive
kaggle_plate_license_recognition,0ab6ad04-0e68-4061-999a-1b47475c22a5_jpg,test,0ab6ad04-0e68-4061-999a-1b47475c22a5_jpg.rf.4d59e7d6f8a597b56a8db0d32f45899e.jpg,AI/PlateDetector/datasets/raw/kaggle_plate_license_recognition/test/0ab6ad04-0e68-4061-999a-1b47475c22a5_jpg.rf.4d59e7d6f8a597b56a8db0d32f45899e.jpg,640,640,1,REAL,TRAIN_ONLY,license_plate,accepted_training_positive
kaggle_plate_license_recognition,0ab6ad04-0e68-4061-999a-1b47475c22a5_jpg,train,0ab6ad04-0e68-4061-999a-1b47475c22a5_jpg.rf.7bb6a135745e6b6deb16fcc8445db05f.jpg,AI/PlateDetector/datasets/raw/kaggle_plate_license_recognition/train/0ab6ad04-0e68-4061-999a-1b47475c22a5_jpg.rf.7bb6a135745e6b6deb16fcc8445db05f.jpg,640,640,1,REAL,TRAIN_ONLY,license_plate,accepted_training_positive
kaggle_plate_license_recognition,0ab6ad04-0e68-4061-999a-1b47475c22a5_jpg,train,0ab6ad04-0e68-4061-999a-1b47475c22a5_jpg.rf.867eb375d65516faa12fecaec352ecdd.jpg,AI/PlateDetector/datasets/raw/kaggle_plate_license_recognition/train/0ab6ad04-0e68-4061-999a-1b47475c22a5_jpg.rf.867eb375d65516faa12fecaec352ecdd.jpg,640,640,3,REAL,TRAIN_ONLY,license_plate,reject_mosaic_collage
kaggle_plate_license_recognition,0ab6ad04-0e68-4061-999a-1b47475c22a5_jpg,valid,0ab6ad04-0e68-4061-999a-1b47475c22a5_jpg.rf.890affc7468a78988118342beb3f6d1f.jpg,AI/PlateDetector/datasets/raw/kaggle_plate_license_recognition/valid/0ab6ad04-0e68-4061-999a-1b47475c22a5_jpg.rf.890affc7468a78988118342beb3f6d1f.jpg,640,640,2,REAL,TRAIN_ONLY,license_plate,reject_mosaic_collage
kaggle_plate_license_recognition,0ab6ad04-0e68-4061-999a-1b47475c22a5_jpg,train,0ab6ad04-0e68-4061-999a-1b47475c22a5_jpg.rf.e3c3581bdeeb59878b8ea101c472999f.jpg,AI/PlateDetector/datasets/raw/kaggle_plate_license_recognition/train/0ab6ad04-0e68-4061-999a-1b47475c22a5_jpg.rf.e3c3581bdeeb59878b8ea101c472999f.jpg,640,640,3,REAL,TRAIN_ONLY,license_plate,reject_mosaic_collage
kaggle_plate_license_recognition,0af2e6a3-4ea7-4ab6-a4ab-8382b8533375_jpg,train,0af2e6a3-4ea7-4ab6-a4ab-8382b8533375_jpg.rf.061864c66aac348378928e1b3d3b896f.jpg,AI/PlateDetector/datasets/raw/kaggle_plate_license_recognition/train/0af2e6a3-4ea7-4ab6-a4ab-8382b8533375_jpg.rf.061864c66aac348378928e1b3d3b896f.jpg,640,640,1,REAL,TRAIN_ONLY,license_plate,accepted_training_positive
kaggle_plate_license_recognition,0af2e6a3-4ea7-4ab6-a4ab-8382b8533375_jpg,train,0af2e6a3-4ea7-4ab6-a4ab-8382b8533375_jpg.rf.19a61b65418974878bcd1927add1dec0.jpg,AI/PlateDetector/datasets/raw/kaggle_plate_license_recognition/train/0af2e6a3-4ea7-4ab6-a4ab-8382b8533375_jpg.rf.19a61b65418974878bcd1927add1dec0.jpg,640,640,1,REAL,TRAIN_ONLY,license_plate,accepted_training_positive
kaggle_plate_license_recognition,0af39d30-64c3-44f7-a5de-2ea676f02381_jpg,test,0af39d30-64c3-44f7-a5de-2ea676f02381_jpg.rf.1169dbade98c5db515bf0ebe7a5862d0.jpg,AI/PlateDetector/datasets/raw/kaggle_plate_license_recognition/test/0af39d30-64c3-44f7-a5de-2ea676f02381_jpg.rf.1169dbade98c5db515bf0ebe7a5862d0.jpg,640,640,1,REAL,TRAIN_ONLY,license_plate,accepted_training_positive
kaggle_plate_license_recognition,0af39d30-64c3-44f7-a5de-2ea676f02381_jpg,valid,0af39d30-64c3-44f7-a5de-2ea676f02381_jpg.rf.7795449f1dbaea73bd5f803af20844d0.jpg,AI/PlateDetector/datasets/raw/kaggle_plate_license_recognition/valid/0af39d30-64c3-44f7-a5de-2ea676f02381_jpg.rf.7795449f1dbaea73bd5f803af20844d0.jpg,640,640,1,REAL,TRAIN_ONLY,license_plate,accepted_training_positive
kaggle_plate_license_recognition,0b00249f-96cd-4852-b9a5-5701f81d9f62_jpg,train,0b00249f-96cd-4852-b9a5-5701f81d9f62_jpg.rf.52d40b5e8a51d9c50867227c186a082b.jpg,AI/PlateDetector/datasets/raw/kaggle_plate_license_recognition/train/0b00249f-96cd-4852-b9a5-5701f81d9f62_jpg.rf.52d40b5e8a51d9c50867227c186a082b.jpg,640,640,1,REAL,TRAIN_ONLY,license_plate,accepted_training_positive
kaggle_plate_license_recognition,0b684845-8284-4015-bd84-2495db69eea1_jpg,valid,0b684845-8284-4015-bd84-2495db69eea1_jpg.rf.78288c9b54cf8642acda6c258cb6eec6.jpg,AI/PlateDetector/datasets/raw/kaggle_plate_license_recognition/valid/0b684845-8284-4015-bd84-2495db69eea1_jpg.rf.78288c9b54cf8642acda6c258cb6eec6.jpg,640,640,1,REAL,TRAIN_ONLY,license_plate,accepted_training_positive
kaggle_plate_license_recognition,0b684845-8284-4015-bd84-2495db69eea1_jpg,test,0b684845-8284-4015-bd84-2495db69eea1_jpg.rf.abfa97f1d6d44ed4ea700c43140b0afd.jpg,AI/PlateDetector/datasets/raw/kaggle_plate_license_recognition/test/0b684845-8284-4015-bd84-2495db69eea1_jpg.rf.abfa97f1d6d44ed4ea700c43140b0afd.jpg,640,640,4,REAL,TRAIN_ONLY,license_plate,reject_mosaic_collage
kaggle_plate_license_recognition,0b684845-8284-4015-bd84-2495db69eea1_jpg,train,0b684845-8284-4015-bd84-2495db69eea1_jpg.rf.daff96b71976f7cac0243ebd5e428541.jpg,AI/PlateDetector/datasets/raw/kaggle_plate_license_recognition/train/0b684845-8284-4015-bd84-2495db69eea1_jpg.rf.daff96b71976f7cac0243ebd5e428541.jpg,640,640,1,REAL,TRAIN_ONLY,license_plate,accepted_training_positive
kaggle_plate_license_recognition,0b8e31b4-fa34-4b55-81c6-10e0daa248a8_jpg,test,0b8e31b4-fa34-4b55-81c6-10e0daa248a8_jpg.rf.9d55841363842ffab3fb4216cc7a3ce2.jpg,AI/PlateDetector/datasets/raw/kaggle_plate_license_recognition/test/0b8e31b4-fa34-4b55-81c6-10e0daa248a8_jpg.rf.9d55841363842ffab3fb4216cc7a3ce2.jpg,640,640,1,REAL,TRAIN_ONLY,license_plate,accepted_training_positive
kaggle_plate_license_recognition,0ba0aa78-a3f8-43a3-9b72-0f47b34ecc94_jpg,train,0ba0aa78-a3f8-43a3-9b72-0f47b34ecc94_jpg.rf.251a3c997b03db9200aa2c1c1a8c4382.jpg,AI/PlateDetector/datasets/raw/kaggle_plate_license_recognition/train/0ba0aa78-a3f8-43a3-9b72-0f47b34ecc94_jpg.rf.251a3c997b03db9200aa2c1c1a8c4382.jpg,640,640,1,REAL,TRAIN_ONLY,license_plate,reject_plate_or_ocr_crop
kaggle_plate_license_recognition,0ba0aa78-a3f8-43a3-9b72-0f47b34ecc94_jpg,valid,0ba0aa78-a3f8-43a3-9b72-0f47b34ecc94_jpg.rf.49eef80686bcd8670e6ee086c6fa4b2c.jpg,AI/PlateDetector/datasets/raw/kaggle_plate_license_recognition/valid/0ba0aa78-a3f8-43a3-9b72-0f47b34ecc94_jpg.rf.49eef80686bcd8670e6ee086c6fa4b2c.jpg,640,640,1,REAL,TRAIN_ONLY,license_plate,reject_plate_or_ocr_crop
kaggle_plate_license_recognition,0ba0aa78-a3f8-43a3-9b72-0f47b34ecc94_jpg,train,0ba0aa78-a3f8-43a3-9b72-0f47b34ecc94_jpg.rf.5ee64caa0abf02ff25edd5a5a9157015.jpg,AI/PlateDetector/datasets/raw/kaggle_plate_license_recognition/train/0ba0aa78-a3f8-43a3-9b72-0f47b34ecc94_jpg.rf.5ee64caa0abf02ff25edd5a5a9157015.jpg,640,640,1,REAL,TRAIN_ONLY,license_plate,reject_plate_or_ocr_crop
kaggle_plate_license_recognition,0ba0aa78-a3f8-43a3-9b72-0f47b34ecc94_jpg,train,0ba0aa78-a3f8-43a3-9b72-0f47b34ecc94_jpg.rf.633bc6656f6590473778a601b69a495b.jpg,AI/PlateDetector/datasets/raw/kaggle_plate_license_recognition/train/0ba0aa78-a3f8-43a3-9b72-0f47b34ecc94_jpg.rf.633bc6656f6590473778a601b69a495b.jpg,640,640,4,REAL,TRAIN_ONLY,license_plate,reject_mosaic_collage
kaggle_plate_license_recognition,0ba0aa78-a3f8-43a3-9b72-0f47b34ecc94_jpg,train,0ba0aa78-a3f8-43a3-9b72-0f47b34ecc94_jpg.rf.e78b1026a0b477b4c7b8a5dd31005f95.jpg,AI/PlateDetector/datasets/raw/kaggle_plate_license_recognition/train/0ba0aa78-a3f8-43a3-9b72-0f47b34ecc94_jpg.rf.e78b1026a0b477b4c7b8a5dd31005f95.jpg,640,640,4,REAL,TRAIN_ONLY,license_plate,reject_mosaic_collage
kaggle_plate_license_recognition,0baafb32-0841-422f-ae14-ef5c9b7c2dee_jpg,train,0baafb32-0841-422f-ae14-ef5c9b7c2dee_jpg.rf.062fdc62e642ef017a0ed16bfaa6aadf.jpg,AI/PlateDetector/datasets/raw/kaggle_plate_license_recognition/train/0baafb32-0841-422f-ae14-ef5c9b7c2dee_jpg.rf.062fdc62e642ef017a0ed16bfaa6aadf.jpg,640,640,1,REAL,TRAIN_ONLY,license_plate,accepted_training_positive
kaggle_plate_license_recognition,0baafb32-0841-422f-ae14-ef5c9b7c2dee_jpg,train,0baafb32-0841-422f-ae14-ef5c9b7c2dee_jpg.rf.9bef1d32af3bbcbe2aee860f6fbeabcd.jpg,AI/PlateDetector/datasets/raw/kaggle_plate_license_recognition/train/0baafb32-0841-422f-ae14-ef5c9b7c2dee_jpg.rf.9bef1d32af3bbcbe2aee860f6fbeabcd.jpg,640,640,4,REAL,TRAIN_ONLY,license_plate,reject_mosaic_collage
kaggle_plate_license_recognition,0baafb32-0841-422f-ae14-ef5c9b7c2dee_jpg,train,0baafb32-0841-422f-ae14-ef5c9b7c2dee_jpg.rf.cbe1367c1128a0d25e9586c1161774bc.jpg,AI/PlateDetector/datasets/raw/kaggle_plate_license_recognition/train/0baafb32-0841-422f-ae14-ef5c9b7c2dee_jpg.rf.cbe1367c1128a0d25e9586c1161774bc.jpg,640,640,4,REAL,TRAIN_ONLY,license_plate,reject_mosaic_collage
kaggle_plate_license_recognition,0bae52ad-a0c4-4cca-91bb-1fc71c0d24c5_jpg,valid,0bae52ad-a0c4-4cca-91bb-1fc71c0d24c5_jpg.rf.0ddfdc9eb9876ef790e982140725d3d6.jpg,AI/PlateDetector/datasets/raw/kaggle_plate_license_recognition/valid/0bae52ad-a0c4-4cca-91bb-1fc71c0d24c5_jpg.rf.0ddfdc9eb9876ef790e982140725d3d6.jpg,640,640,1,REAL,TRAIN_ONLY,license_plate,accepted_training_positive
kaggle_plate_license_recognition,0bae52ad-a0c4-4cca-91bb-1fc71c0d24c5_jpg,train,0bae52ad-a0c4-4cca-91bb-1fc71c0d24c5_jpg.rf.ab1365c07da960fbccf4135b6178f05d.jpg,AI/PlateDetector/datasets/raw/kaggle_plate_license_recognition/train/0bae52ad-a0c4-4cca-91bb-1fc71c0d24c5_jpg.rf.ab1365c07da960fbccf4135b6178f05d.jpg,640,640,1,REAL,TRAIN_ONLY,license_plate,accepted_training_positive
kaggle_plate_license_recognition,0bae52ad-a0c4-4cca-91bb-1fc71c0d24c5_jpg,valid,0bae52ad-a0c4-4cca-91bb-1fc71c0d24c5_jpg.rf.e541d46460740f448c051b43df05e860.jpg,AI/PlateDetector/datasets/raw/kaggle_plate_license_recognition/valid/0bae52ad-a0c4-4cca-91bb-1fc71c0d24c5_jpg.rf.e541d46460740f448c051b43df05e860.jpg,640,640,4,REAL,TRAIN_ONLY,license_plate,reject_mosaic_collage
kaggle_plate_license_recognition,0bb136d8-41f0-4517-b94c-0b0f26e07d3c_jpg,valid,0bb136d8-41f0-4517-b94c-0b0f26e07d3c_jpg.rf.d5440d5e1e894340057aa2bc81bd65ef.jpg,AI/PlateDetector/datasets/raw/kaggle_plate_license_recognition/valid/0bb136d8-41f0-4517-b94c-0b0f26e07d3c_jpg.rf.d5440d5e1e894340057aa2bc81bd65ef.jpg,640,640,4,REAL,TRAIN_ONLY,license_plate,reject_mosaic_collage
kaggle_plate_license_recognition,0bc12f56-a96e-48ef-a91c-d67b66167e55_jpg,train,0bc12f56-a96e-48ef-a91c-d67b66167e55_jpg.rf.1f5017c92ee905b80ef06999279133d7.jpg,AI/PlateDetector/datasets/raw/kaggle_plate_license_recognition/train/0bc12f56-a96e-48ef-a91c-d67b66167e55_jpg.rf.1f5017c92ee905b80ef06999279133d7.jpg,640,640,1,REAL,TRAIN_ONLY,license_plate,reject_plate_or_ocr_crop
kaggle_plate_license_recognition,0bc56866-37ab-44fe-9b2e-90874c3e6a02_jpg,test,0bc56866-37ab-44fe-9b2e-90874c3e6a02_jpg.rf.02a4388a26063e4d57bd38d502dbeb6f.jpg,AI/PlateDetector/datasets/raw/kaggle_plate_license_recognition/test/0bc56866-37ab-44fe-9b2e-90874c3e6a02_jpg.rf.02a4388a26063e4d57bd38d502dbeb6f.jpg,640,640,1,REAL,TRAIN_ONLY,license_plate,reject_plate_or_ocr_crop
kaggle_plate_license_recognition,0bc56866-37ab-44fe-9b2e-90874c3e6a02_jpg,test,0bc56866-37ab-44fe-9b2e-90874c3e6a02_jpg.rf.102d1a0c2386bf5a50788ef661ee10ad.jpg,AI/PlateDetector/datasets/raw/kaggle_plate_license_recognition/test/0bc56866-37ab-44fe-9b2e-90874c3e6a02_jpg.rf.102d1a0c2386bf5a50788ef661ee10ad.jpg,640,640,1,REAL,TRAIN_ONLY,license_plate,reject_plate_or_ocr_crop
kaggle_plate_license_recognition,0bc56866-37ab-44fe-9b2e-90874c3e6a02_jpg,valid,0bc56866-37ab-44fe-9b2e-90874c3e6a02_jpg.rf.13c560c3e7fbdc82bb3cdf11c5270675.jpg,AI/PlateDetector/datasets/raw/kaggle_plate_license_recognition/valid/0bc56866-37ab-44fe-9b2e-90874c3e6a02_jpg.rf.13c560c3e7fbdc82bb3cdf11c5270675.jpg,640,640,3,REAL,TRAIN_ONLY,license_plate,reject_mosaic_collage
kaggle_plate_license_recognition,0bc938ee-0844-428f-98fb-0a99397c93dd_jpg,train,0bc938ee-0844-428f-98fb-0a99397c93dd_jpg.rf.3c58c50a011eb9d38d097f061d7fb16d.jpg,AI/PlateDetector/datasets/raw/kaggle_plate_license_recognition/train/0bc938ee-0844-428f-98fb-0a99397c93dd_jpg.rf.3c58c50a011eb9d38d097f061d7fb16d.jpg,640,640,1,REAL,TRAIN_ONLY,license_plate,accepted_training_positive
kaggle_plate_license_recognition,0bf35accf04af9f9_jpg,train,0bf35accf04af9f9_jpg.rf.6ba81de8456c5a65cef0961660c778ff.jpg,AI/PlateDetector/datasets/raw/kaggle_plate_license_recognition/train/0bf35accf04af9f9_jpg.rf.6ba81de8456c5a65cef0961660c778ff.jpg,640,640,1,REAL,TRAIN_ONLY,license_plate,reject_plate_or_ocr_crop
kaggle_plate_license_recognition,0bf35accf04af9f9_jpg,train,0bf35accf04af9f9_jpg.rf.c443207e3a6a4c38b233698a904dc739.jpg,AI/PlateDetector/datasets/raw/kaggle_plate_license_recognition/train/0bf35accf04af9f9_jpg.rf.c443207e3a6a4c38b233698a904dc739.jpg,640,640,1,REAL,TRAIN_ONLY,license_plate,reject_plate_or_ocr_crop
kaggle_plate_license_recognition,0bf9cfd5-2bf2-4c39-b116-3aa6016c1b93_jpg,train,0bf9cfd5-2bf2-4c39-b116-3aa6016c1b93_jpg.rf.b632bb0af5dbbe07df6c52cf119e461f.jpg,AI/PlateDetector/datasets/raw/kaggle_plate_license_recognition/train/0bf9cfd5-2bf2-4c39-b116-3aa6016c1b93_jpg.rf.b632bb0af5dbbe07df6c52cf119e461f.jpg,640,640,1,REAL,TRAIN_ONLY,license_plate,accepted_training_positive
kaggle_plate_license_recognition,0bf9cfd5-2bf2-4c39-b116-3aa6016c1b93_jpg,train,0bf9cfd5-2bf2-4c39-b116-3aa6016c1b93_jpg.rf.db1cbec4ba85137dda04f2122ece88a6.jpg,AI/PlateDetector/datasets/raw/kaggle_plate_license_recognition/train/0bf9cfd5-2bf2-4c39-b116-3aa6016c1b93_jpg.rf.db1cbec4ba85137dda04f2122ece88a6.jpg,640,640,1,REAL,TRAIN_ONLY,license_plate,accepted_training_positive
kaggle_plate_license_recognition,0bf9cfd5-2bf2-4c39-b116-3aa6016c1b93_jpg,train,0bf9cfd5-2bf2-4c39-b116-3aa6016c1b93_jpg.rf.e303446164c4d3b03a787f6527b1bf1d.jpg,AI/PlateDetector/datasets/raw/kaggle_plate_license_recognition/train/0bf9cfd5-2bf2-4c39-b116-3aa6016c1b93_jpg.rf.e303446164c4d3b03a787f6527b1bf1d.jpg,640,640,4,REAL,TRAIN_ONLY,license_plate,reject_mosaic_collage
kaggle_plate_license_recognition,0c0505d1-d3b3-4d54-b18d-ea2eaee9386d_jpg,train,0c0505d1-d3b3-4d54-b18d-ea2eaee9386d_jpg.rf.d32b1221e26a891031b9993df87c268d.jpg,AI/PlateDetector/datasets/raw/kaggle_plate_license_recognition/train/0c0505d1-d3b3-4d54-b18d-ea2eaee9386d_jpg.rf.d32b1221e26a891031b9993df87c268d.jpg,640,640,2,REAL,TRAIN_ONLY,license_plate,accepted_training_positive
kaggle_plate_license_recognition,0c090580-6358-4605-aba1-9d4608154de2_jpg,train,0c090580-6358-4605-aba1-9d4608154de2_jpg.rf.490650e0ad942318cc4f4957e2567149.jpg,AI/PlateDetector/datasets/raw/kaggle_plate_license_recognition/train/0c090580-6358-4605-aba1-9d4608154de2_jpg.rf.490650e0ad942318cc4f4957e2567149.jpg,640,640,1,REAL,TRAIN_ONLY,license_plate,accepted_training_positive
kaggle_plate_license_recognition,0c514644-5fd8-475c-b6d0-43436399c59d_jpg,train,0c514644-5fd8-475c-b6d0-43436399c59d_jpg.rf.17f848b019653677167fc248011fbe89.jpg,AI/PlateDetector/datasets/raw/kaggle_plate_license_recognition/train/0c514644-5fd8-475c-b6d0-43436399c59d_jpg.rf.17f848b019653677167fc248011fbe89.jpg,640,640,1,REAL,TRAIN_ONLY,license_plate,accepted_training_positive
kaggle_plate_license_recognition,0c514644-5fd8-475c-b6d0-43436399c59d_jpg,train,0c514644-5fd8-475c-b6d0-43436399c59d_jpg.rf.78a74cb3586eeef924eaa70fac861ad2.jpg,AI/PlateDetector/datasets/raw/kaggle_plate_license_recognition/train/0c514644-5fd8-475c-b6d0-43436399c59d_jpg.rf.78a74cb3586eeef924eaa70fac861ad2.jpg,640,640,1,REAL,TRAIN_ONLY,license_plate,accepted_training_positive
kaggle_plate_license_recognition,0c514644-5fd8-475c-b6d0-43436399c59d_jpg,test,0c514644-5fd8-475c-b6d0-43436399c59d_jpg.rf.9bc1ef40f8916522b132c47dc9fe615c.jpg,AI/PlateDetector/datasets/raw/kaggle_plate_license_recognition/test/0c514644-5fd8-475c-b6d0-43436399c59d_jpg.rf.9bc1ef40f8916522b132c47dc9fe615c.jpg,640,640,1,REAL,TRAIN_ONLY,license_plate,accepted_training_positive
kaggle_plate_license_recognition,0c514644-5fd8-475c-b6d0-43436399c59d_jpg,train,0c514644-5fd8-475c-b6d0-43436399c59d_jpg.rf.9c54610c9b2daeac791a360ae4b15115.jpg,AI/PlateDetector/datasets/raw/kaggle_plate_license_recognition/train/0c514644-5fd8-475c-b6d0-43436399c59d_jpg.rf.9c54610c9b2daeac791a360ae4b15115.jpg,640,640,1,REAL,TRAIN_ONLY,license_plate,accepted_training_positive
kaggle_plate_license_recognition,0c570f3d-1643-4531-8d3c-6ffcb3fd6487_jpg,train,0c570f3d-1643-4531-8d3c-6ffcb3fd6487_jpg.rf.1402a8a39374eec70bffe9268370018f.jpg,AI/PlateDetector/datasets/raw/kaggle_plate_license_recognition/train/0c570f3d-1643-4531-8d3c-6ffcb3fd6487_jpg.rf.1402a8a39374eec70bffe9268370018f.jpg,640,640,4,REAL,TRAIN_ONLY,license_plate,reject_mosaic_collage
kaggle_plate_license_recognition,0c570f3d-1643-4531-8d3c-6ffcb3fd6487_jpg,train,0c570f3d-1643-4531-8d3c-6ffcb3fd6487_jpg.rf.4e9a7674285502f811f2ef1441079749.jpg,AI/PlateDetector/datasets/raw/kaggle_plate_license_recognition/train/0c570f3d-1643-4531-8d3c-6ffcb3fd6487_jpg.rf.4e9a7674285502f811f2ef1441079749.jpg,640,640,1,REAL,TRAIN_ONLY,license_plate,accepted_training_positive
kaggle_plate_license_recognition,0c570f3d-1643-4531-8d3c-6ffcb3fd6487_jpg,valid,0c570f3d-1643-4531-8d3c-6ffcb3fd6487_jpg.rf.ce9faa40a35b4277d9459876cd5f1169.jpg,AI/PlateDetector/datasets/raw/kaggle_plate_license_recognition/valid/0c570f3d-1643-4531-8d3c-6ffcb3fd6487_jpg.rf.ce9faa40a35b4277d9459876cd5f1169.jpg,640,640,4,REAL,TRAIN_ONLY,license_plate,reject_mosaic_collage
kaggle_plate_license_recognition,0c6354e9-6668-4351-92ea-0d9a81f6e5e6_jpg,train,0c6354e9-6668-4351-92ea-0d9a81f6e5e6_jpg.rf.0c34833670f3bf5c795c12782056e620.jpg,AI/PlateDetector/datasets/raw/kaggle_plate_license_recognition/train/0c6354e9-6668-4351-92ea-0d9a81f6e5e6_jpg.rf.0c34833670f3bf5c795c12782056e620.jpg,640,640,4,REAL,TRAIN_ONLY,license_plate,reject_mosaic_collage
kaggle_plate_license_recognition,0c6354e9-6668-4351-92ea-0d9a81f6e5e6_jpg,train,0c6354e9-6668-4351-92ea-0d9a81f6e5e6_jpg.rf.84bdf870803a47acd8942414da9d82aa.jpg,AI/PlateDetector/datasets/raw/kaggle_plate_license_recognition/train/0c6354e9-6668-4351-92ea-0d9a81f6e5e6_jpg.rf.84bdf870803a47acd8942414da9d82aa.jpg,640,640,1,REAL,TRAIN_ONLY,license_plate,accepted_training_positive
kaggle_plate_license_recognition,0c66200c-90bc-49a8-a560-db684298057b_jpg,valid,0c66200c-90bc-49a8-a560-db684298057b_jpg.rf.2266212988fa2e2c4d59a8c9ed75b6bb.jpg,AI/PlateDetector/datasets/raw/kaggle_plate_license_recognition/valid/0c66200c-90bc-49a8-a560-db684298057b_jpg.rf.2266212988fa2e2c4d59a8c9ed75b6bb.jpg,640,640,1,REAL,TRAIN_ONLY,license_plate,accepted_training_positive
kaggle_plate_license_recognition,0c66200c-90bc-49a8-a560-db684298057b_jpg,valid,0c66200c-90bc-49a8-a560-db684298057b_jpg.rf.3de4ec083fdf4e9e9fe14228a7d9030d.jpg,AI/PlateDetector/datasets/raw/kaggle_plate_license_recognition/valid/0c66200c-90bc-49a8-a560-db684298057b_jpg.rf.3de4ec083fdf4e9e9fe14228a7d9030d.jpg,640,640,3,REAL,TRAIN_ONLY,license_plate,reject_mosaic_collage
kaggle_plate_license_recognition,0c66200c-90bc-49a8-a560-db684298057b_jpg,train,0c66200c-90bc-49a8-a560-db684298057b_jpg.rf.91afa0805b8761e8122ea9afbdd1d08c.jpg,AI/PlateDetector/datasets/raw/kaggle_plate_license_recognition/train/0c66200c-90bc-49a8-a560-db684298057b_jpg.rf.91afa0805b8761e8122ea9afbdd1d08c.jpg,640,640,1,REAL,TRAIN_ONLY,license_plate,accepted_training_positive
kaggle_plate_license_recognition,0c66200c-90bc-49a8-a560-db684298057b_jpg,train,0c66200c-90bc-49a8-a560-db684298057b_jpg.rf.995e99bacc55607c7575361e9a2be4d6.jpg,AI/PlateDetector/datasets/raw/kaggle_plate_license_recognition/train/0c66200c-90bc-49a8-a560-db684298057b_jpg.rf.995e99bacc55607c7575361e9a2be4d6.jpg,640,640,1,REAL,TRAIN_ONLY,license_plate,accepted_training_positive
kaggle_plate_license_recognition,0c721292-8fb5-4461-9afc-e9cab1bc6c83_jpg,train,0c721292-8fb5-4461-9afc-e9cab1bc6c83_jpg.rf.0de9076f47a9c2169b92cd1f80160e0e.jpg,AI/PlateDetector/datasets/raw/kaggle_plate_license_recognition/train/0c721292-8fb5-4461-9afc-e9cab1bc6c83_jpg.rf.0de9076f47a9c2169b92cd1f80160e0e.jpg,640,640,3,REAL,TRAIN_ONLY,license_plate,reject_mosaic_collage
kaggle_plate_license_recognition,0c721292-8fb5-4461-9afc-e9cab1bc6c83_jpg,test,0c721292-8fb5-4461-9afc-e9cab1bc6c83_jpg.rf.2878610e264d155d4f551dc4bbe00ddd.jpg,AI/PlateDetector/datasets/raw/kaggle_plate_license_recognition/test/0c721292-8fb5-4461-9afc-e9cab1bc6c83_jpg.rf.2878610e264d155d4f551dc4bbe00ddd.jpg,640,640,1,REAL,TRAIN_ONLY,license_plate,accepted_training_positive
kaggle_plate_license_recognition,0c721292-8fb5-4461-9afc-e9cab1bc6c83_jpg,train,0c721292-8fb5-4461-9afc-e9cab1bc6c83_jpg.rf.e0c136f9e8643bf8783c4cc3d7659561.jpg,AI/PlateDetector/datasets/raw/kaggle_plate_license_recognition/train/0c721292-8fb5-4461-9afc-e9cab1bc6c83_jpg.rf.e0c136f9e8643bf8783c4cc3d7659561.jpg,640,640,1,REAL,TRAIN_ONLY,license_plate,accepted_training_positive
kaggle_plate_license_recognition,0c73139e-9b6b-483a-8363-1bd40a904489_jpg,train,0c73139e-9b6b-483a-8363-1bd40a904489_jpg.rf.8c698aefa3b2e8643d6fe48dd7e50798.jpg,AI/PlateDetector/datasets/raw/kaggle_plate_license_recognition/train/0c73139e-9b6b-483a-8363-1bd40a904489_jpg.rf.8c698aefa3b2e8643d6fe48dd7e50798.jpg,640,640,3,REAL,TRAIN_ONLY,license_plate,reject_mosaic_collage
kaggle_plate_license_recognition,0c73139e-9b6b-483a-8363-1bd40a904489_jpg,test,0c73139e-9b6b-483a-8363-1bd40a904489_jpg.rf.a027b740598799a51d99d27f8ae34faa.jpg,AI/PlateDetector/datasets/raw/kaggle_plate_license_recognition/test/0c73139e-9b6b-483a-8363-1bd40a904489_jpg.rf.a027b740598799a51d99d27f8ae34faa.jpg,640,640,1,REAL,TRAIN_ONLY,license_plate,accepted_training_positive
kaggle_plate_license_recognition,0c7484c9-93ec-46be-9779-d08f7d6d810d_jpg,valid,0c7484c9-93ec-46be-9779-d08f7d6d810d_jpg.rf.3249d5c1f83a92dc3520d61eab5e9b81.jpg,AI/PlateDetector/datasets/raw/kaggle_plate_license_recognition/valid/0c7484c9-93ec-46be-9779-d08f7d6d810d_jpg.rf.3249d5c1f83a92dc3520d61eab5e9b81.jpg,640,640,3,REAL,TRAIN_ONLY,license_plate,reject_mosaic_collage
kaggle_plate_license_recognition,0c82cb85-5522-45a7-a130-5e3479f8c800_jpg,valid,0c82cb85-5522-45a7-a130-5e3479f8c800_jpg.rf.5c096d6d50d1255ed143c310964ae6dc.jpg,AI/PlateDetector/datasets/raw/kaggle_plate_license_recognition/valid/0c82cb85-5522-45a7-a130-5e3479f8c800_jpg.rf.5c096d6d50d1255ed143c310964ae6dc.jpg,640,640,1,REAL,TRAIN_ONLY,license_plate,accepted_training_positive
kaggle_plate_license_recognition,0c82f9fc-0288-4293-afec-20bcd8d1a8da_jpg,train,0c82f9fc-0288-4293-afec-20bcd8d1a8da_jpg.rf.0226f6dce6d17fd1dc41ff54046e8789.jpg,AI/PlateDetector/datasets/raw/kaggle_plate_license_recognition/train/0c82f9fc-0288-4293-afec-20bcd8d1a8da_jpg.rf.0226f6dce6d17fd1dc41ff54046e8789.jpg,640,640,1,REAL,TRAIN_ONLY,license_plate,accepted_training_positive
kaggle_plate_license_recognition,0c82f9fc-0288-4293-afec-20bcd8d1a8da_jpg,train,0c82f9fc-0288-4293-afec-20bcd8d1a8da_jpg.rf.15dd30e484bb57876aa4fd6bbed7be5f.jpg,AI/PlateDetector/datasets/raw/kaggle_plate_license_recognition/train/0c82f9fc-0288-4293-afec-20bcd8d1a8da_jpg.rf.15dd30e484bb57876aa4fd6bbed7be5f.jpg,640,640,1,REAL,TRAIN_ONLY,license_plate,accepted_training_positive
kaggle_plate_license_recognition,0ca390fc-5960-4e38-a4bc-3dcd9f32582e_jpg,train,0ca390fc-5960-4e38-a4bc-3dcd9f32582e_jpg.rf.17b326e4c8f6bb1eceb03db7ce55ad22.jpg,AI/PlateDetector/datasets/raw/kaggle_plate_license_recognition/train/0ca390fc-5960-4e38-a4bc-3dcd9f32582e_jpg.rf.17b326e4c8f6bb1eceb03db7ce55ad22.jpg,640,640,4,REAL,TRAIN_ONLY,license_plate,reject_mosaic_collage
kaggle_plate_license_recognition,0ca390fc-5960-4e38-a4bc-3dcd9f32582e_jpg,train,0ca390fc-5960-4e38-a4bc-3dcd9f32582e_jpg.rf.700e90d82b808a14d6325d7e3320dc0e.jpg,AI/PlateDetector/datasets/raw/kaggle_plate_license_recognition/train/0ca390fc-5960-4e38-a4bc-3dcd9f32582e_jpg.rf.700e90d82b808a14d6325d7e3320dc0e.jpg,640,640,4,REAL,TRAIN_ONLY,license_plate,reject_mosaic_collage
kaggle_plate_license_recognition,0ca390fc-5960-4e38-a4bc-3dcd9f32582e_jpg,train,0ca390fc-5960-4e38-a4bc-3dcd9f32582e_jpg.rf.7fde4d8b5fab4c6b31a99d0ecf0119c7.jpg,AI/PlateDetector/datasets/raw/kaggle_plate_license_recognition/train/0ca390fc-5960-4e38-a4bc-3dcd9f32582e_jpg.rf.7fde4d8b5fab4c6b31a99d0ecf0119c7.jpg,640,640,1,REAL,TRAIN_ONLY,license_plate,reject_plate_or_ocr_crop
kaggle_plate_license_recognition,0cc12d2b-8c6c-4674-9def-d3cd3bf551f6_jpg,train,0cc12d2b-8c6c-4674-9def-d3cd3bf551f6_jpg.rf.7ae798121e2c547744c2ff6697cef94f.jpg,AI/PlateDetector/datasets/raw/kaggle_plate_license_recognition/train/0cc12d2b-8c6c-4674-9def-d3cd3bf551f6_jpg.rf.7ae798121e2c547744c2ff6697cef94f.jpg,640,640,1,REAL,TRAIN_ONLY,license_plate,accepted_training_positive
kaggle_plate_license_recognition,0cca62d3-b11b-44ef-b3ff-ae782c0bf7cf_jpg,train,0cca62d3-b11b-44ef-b3ff-ae782c0bf7cf_jpg.rf.749703163cf957a2b73a12479f080927.jpg,AI/PlateDetector/datasets/raw/kaggle_plate_license_recognition/train/0cca62d3-b11b-44ef-b3ff-ae782c0bf7cf_jpg.rf.749703163cf957a2b73a12479f080927.jpg,640,640,3,REAL,TRAIN_ONLY,license_plate,reject_mosaic_collage
kaggle_plate_license_recognition,0cca62d3-b11b-44ef-b3ff-ae782c0bf7cf_jpg,train,0cca62d3-b11b-44ef-b3ff-ae782c0bf7cf_jpg.rf.9d4899e8460f5b5ad110bffe91f687a3.jpg,AI/PlateDetector/datasets/raw/kaggle_plate_license_recognition/train/0cca62d3-b11b-44ef-b3ff-ae782c0bf7cf_jpg.rf.9d4899e8460f5b5ad110bffe91f687a3.jpg,640,640,3,REAL,TRAIN_ONLY,license_plate,reject_mosaic_collage
kaggle_plate_license_recognition,0cca62d3-b11b-44ef-b3ff-ae782c0bf7cf_jpg,train,0cca62d3-b11b-44ef-b3ff-ae782c0bf7cf_jpg.rf.9d986ca4979368b78f2ea6963e7255ea.jpg,AI/PlateDetector/datasets/raw/kaggle_plate_license_recognition/train/0cca62d3-b11b-44ef-b3ff-ae782c0bf7cf_jpg.rf.9d986ca4979368b78f2ea6963e7255ea.jpg,640,640,1,REAL,TRAIN_ONLY,license_plate,reject_plate_or_ocr_crop
kaggle_plate_license_recognition,0cca62d3-b11b-44ef-b3ff-ae782c0bf7cf_jpg,train,0cca62d3-b11b-44ef-b3ff-ae782c0bf7cf_jpg.rf.dabd9564f2e0cc6950b5ca078790f503.jpg,AI/PlateDetector/datasets/raw/kaggle_plate_license_recognition/train/0cca62d3-b11b-44ef-b3ff-ae782c0bf7cf_jpg.rf.dabd9564f2e0cc6950b5ca078790f503.jpg,640,640,1,REAL,TRAIN_ONLY,license_plate,reject_plate_or_ocr_crop
kaggle_plate_license_recognition,0ccd6b18-705e-48f3-b0df-0cb4797bc515_jpg,train,0ccd6b18-705e-48f3-b0df-0cb4797bc515_jpg.rf.0f0098b0d7698e36be8dde4cf1a4cb5d.jpg,AI/PlateDetector/datasets/raw/kaggle_plate_license_recognition/train/0ccd6b18-705e-48f3-b0df-0cb4797bc515_jpg.rf.0f0098b0d7698e36be8dde4cf1a4cb5d.jpg,640,640,1,REAL,TRAIN_ONLY,license_plate,accepted_training_positive
kaggle_plate_license_recognition,0ccd6b18-705e-48f3-b0df-0cb4797bc515_jpg,valid,0ccd6b18-705e-48f3-b0df-0cb4797bc515_jpg.rf.194b2d4abd34c782f6c4bae138905e77.jpg,AI/PlateDetector/datasets/raw/kaggle_plate_license_recognition/valid/0ccd6b18-705e-48f3-b0df-0cb4797bc515_jpg.rf.194b2d4abd34c782f6c4bae138905e77.jpg,640,640,1,REAL,TRAIN_ONLY,license_plate,accepted_training_positive
kaggle_plate_license_recognition,0ccd6b18-705e-48f3-b0df-0cb4797bc515_jpg,train,0ccd6b18-705e-48f3-b0df-0cb4797bc515_jpg.rf.31d6fcff0d795d895c597b05b46392c6.jpg,AI/PlateDetector/datasets/raw/kaggle_plate_license_recognition/train/0ccd6b18-705e-48f3-b0df-0cb4797bc515_jpg.rf.31d6fcff0d795d895c597b05b46392c6.jpg,640,640,3,REAL,TRAIN_ONLY,license_plate,reject_mosaic_collage
kaggle_plate_license_recognition,0ccd6b18-705e-48f3-b0df-0cb4797bc515_jpg,train,0ccd6b18-705e-48f3-b0df-0cb4797bc515_jpg.rf.6660ed05155df991279c0aba45cbb3d2.jpg,AI/PlateDetector/datasets/raw/kaggle_plate_license_recognition/train/0ccd6b18-705e-48f3-b0df-0cb4797bc515_jpg.rf.6660ed05155df991279c0aba45cbb3d2.jpg,640,640,3,REAL,TRAIN_ONLY,license_plate,reject_mosaic_collage
kaggle_plate_license_recognition,0ccd6b18-705e-48f3-b0df-0cb4797bc515_jpg,train,0ccd6b18-705e-48f3-b0df-0cb4797bc515_jpg.rf.863c2b061a00ff913cb543a7ffd0d62e.jpg,AI/PlateDetector/datasets/raw/kaggle_plate_license_recognition/train/0ccd6b18-705e-48f3-b0df-0cb4797bc515_jpg.rf.863c2b061a00ff913cb543a7ffd0d62e.jpg,640,640,1,REAL,TRAIN_ONLY,license_plate,accepted_training_positive
kaggle_plate_license_recognition,0cdae528456599ed_jpg,train,0cdae528456599ed_jpg.rf.6f4e634f96d7c8974e4a33042653089b.jpg,AI/PlateDetector/datasets/raw/kaggle_plate_license_recognition/train/0cdae528456599ed_jpg.rf.6f4e634f96d7c8974e4a33042653089b.jpg,640,640,1,REAL,TRAIN_ONLY,license_plate,reject_plate_or_ocr_crop
kaggle_plate_license_recognition,0cfcf734-1182-4404-9d50-1602f2204ec8_jpg,valid,0cfcf734-1182-4404-9d50-1602f2204ec8_jpg.rf.15fc913340a21d020ea2cd37fded565c.jpg,AI/PlateDetector/datasets/raw/kaggle_plate_license_recognition/valid/0cfcf734-1182-4404-9d50-1602f2204ec8_jpg.rf.15fc913340a21d020ea2cd37fded565c.jpg,640,640,1,REAL,TRAIN_ONLY,license_plate,accepted_training_positive
kaggle_plate_license_recognition,0d0564d8-62c4-46d6-9c1b-38abb4ad78d6_jpg,train,0d0564d8-62c4-46d6-9c1b-38abb4ad78d6_jpg.rf.3b1e52a92c2f60fb6cef4e288b6bb89c.jpg,AI/PlateDetector/datasets/raw/kaggle_plate_license_recognition/train/0d0564d8-62c4-46d6-9c1b-38abb4ad78d6_jpg.rf.3b1e52a92c2f60fb6cef4e288b6bb89c.jpg,640,640,1,REAL,TRAIN_ONLY,license_plate,accepted_training_positive
kaggle_plate_license_recognition,0d0564d8-62c4-46d6-9c1b-38abb4ad78d6_jpg,train,0d0564d8-62c4-46d6-9c1b-38abb4ad78d6_jpg.rf.8931bc0419799ba10944ac958a2be709.jpg,AI/PlateDetector/datasets/raw/kaggle_plate_license_recognition/train/0d0564d8-62c4-46d6-9c1b-38abb4ad78d6_jpg.rf.8931bc0419799ba10944ac958a2be709.jpg,640,640,1,REAL,TRAIN_ONLY,license_plate,accepted_training_positive
kaggle_plate_license_recognition,0d0564d8-62c4-46d6-9c1b-38abb4ad78d6_jpg,train,0d0564d8-62c4-46d6-9c1b-38abb4ad78d6_jpg.rf.c3a8ff5714d985f14d14351fba574169.jpg,AI/PlateDetector/datasets/raw/kaggle_plate_license_recognition/train/0d0564d8-62c4-46d6-9c1b-38abb4ad78d6_jpg.rf.c3a8ff5714d985f14d14351fba574169.jpg,640,640,1,REAL,TRAIN_ONLY,license_plate,accepted_training_positive
kaggle_plate_license_recognition,0d056ff0-c51e-48af-b9a8-9a01613480b3_jpg,valid,0d056ff0-c51e-48af-b9a8-9a01613480b3_jpg.rf.9849ab8ac57de5c61e3d33ff50fec0f4.jpg,AI/PlateDetector/datasets/raw/kaggle_plate_license_recognition/valid/0d056ff0-c51e-48af-b9a8-9a01613480b3_jpg.rf.9849ab8ac57de5c61e3d33ff50fec0f4.jpg,640,640,1,REAL,TRAIN_ONLY,license_plate,accepted_training_positive
kaggle_plate_license_recognition,0d056ff0-c51e-48af-b9a8-9a01613480b3_jpg,train,0d056ff0-c51e-48af-b9a8-9a01613480b3_jpg.rf.bf0a932f92c342ada3e1cad8ff05772c.jpg,AI/PlateDetector/datasets/raw/kaggle_plate_license_recognition/train/0d056ff0-c51e-48af-b9a8-9a01613480b3_jpg.rf.bf0a932f92c342ada3e1cad8ff05772c.jpg,640,640,1,REAL,TRAIN_ONLY,license_plate,accepted_training_positive
kaggle_plate_license_recognition,0d056ff0-c51e-48af-b9a8-9a01613480b3_jpg,train,0d056ff0-c51e-48af-b9a8-9a01613480b3_jpg.rf.e35540894298f783a1f258555353b2b0.jpg,AI/PlateDetector/datasets/raw/kaggle_plate_license_recognition/train/0d056ff0-c51e-48af-b9a8-9a01613480b3_jpg.rf.e35540894298f783a1f258555353b2b0.jpg,640,640,1,REAL,TRAIN_ONLY,license_plate,accepted_training_positive
kaggle_plate_license_recognition,0d146003-732b-497a-b02f-79d874abb035_jpg,train,0d146003-732b-497a-b02f-79d874abb035_jpg.rf.8362173f82e17ea72e56cee693113fef.jpg,AI/PlateDetector/datasets/raw/kaggle_plate_license_recognition/train/0d146003-732b-497a-b02f-79d874abb035_jpg.rf.8362173f82e17ea72e56cee693113fef.jpg,640,640,4,REAL,TRAIN_ONLY,license_plate,reject_mosaic_collage
kaggle_plate_license_recognition,0d1c47d2-42c5-42d4-857b-e996177b0b69_jpg,test,0d1c47d2-42c5-42d4-857b-e996177b0b69_jpg.rf.67188ca2092629327753942afa5fdbab.jpg,AI/PlateDetector/datasets/raw/kaggle_plate_license_recognition/test/0d1c47d2-42c5-42d4-857b-e996177b0b69_jpg.rf.67188ca2092629327753942afa5fdbab.jpg,640,640,4,REAL,TRAIN_ONLY,license_plate,reject_mosaic_collage
kaggle_plate_license_recognition,0d1c47d2-42c5-42d4-857b-e996177b0b69_jpg,train,0d1c47d2-42c5-42d4-857b-e996177b0b69_jpg.rf.9cf7bec06c0bdc56f5d58abf9fa9347b.jpg,AI/PlateDetector/datasets/raw/kaggle_plate_license_recognition/train/0d1c47d2-42c5-42d4-857b-e996177b0b69_jpg.rf.9cf7bec06c0bdc56f5d58abf9fa9347b.jpg,640,640,4,REAL,TRAIN_ONLY,license_plate,reject_mosaic_collage
kaggle_plate_license_recognition,0d28fb4e2d131b1d_jpg,valid,0d28fb4e2d131b1d_jpg.rf.c5a52e7a7e5352f1c58cb91bce79ff22.jpg,AI/PlateDetector/datasets/raw/kaggle_plate_license_recognition/valid/0d28fb4e2d131b1d_jpg.rf.c5a52e7a7e5352f1c58cb91bce79ff22.jpg,640,640,1,REAL,TRAIN_ONLY,license_plate,reject_plate_or_ocr_crop
kaggle_plate_license_recognition,0d3da2fb-1b05-4f1f-a740-6822ed0bce20_jpg,valid,0d3da2fb-1b05-4f1f-a740-6822ed0bce20_jpg.rf.24da051ba8bd7c991d0f15331dae09fd.jpg,AI/PlateDetector/datasets/raw/kaggle_plate_license_recognition/valid/0d3da2fb-1b05-4f1f-a740-6822ed0bce20_jpg.rf.24da051ba8bd7c991d0f15331dae09fd.jpg,640,640,3,REAL,TRAIN_ONLY,license_plate,reject_mosaic_collage
kaggle_plate_license_recognition,0d3da2fb-1b05-4f1f-a740-6822ed0bce20_jpg,valid,0d3da2fb-1b05-4f1f-a740-6822ed0bce20_jpg.rf.2f7ac75bc966bcf8c83fe7945a4c590e.jpg,AI/PlateDetector/datasets/raw/kaggle_plate_license_recognition/valid/0d3da2fb-1b05-4f1f-a740-6822ed0bce20_jpg.rf.2f7ac75bc966bcf8c83fe7945a4c590e.jpg,640,640,3,REAL,TRAIN_ONLY,license_plate,reject_mosaic_collage
kaggle_plate_license_recognition,0d3da2fb-1b05-4f1f-a740-6822ed0bce20_jpg,train,0d3da2fb-1b05-4f1f-a740-6822ed0bce20_jpg.rf.5af3b48ee6a5a1aace32fa3ddefb1b66.jpg,AI/PlateDetector/datasets/raw/kaggle_plate_license_recognition/train/0d3da2fb-1b05-4f1f-a740-6822ed0bce20_jpg.rf.5af3b48ee6a5a1aace32fa3ddefb1b66.jpg,640,640,1,REAL,TRAIN_ONLY,license_plate,accepted_training_positive
kaggle_plate_license_recognition,0d3da2fb-1b05-4f1f-a740-6822ed0bce20_jpg,train,0d3da2fb-1b05-4f1f-a740-6822ed0bce20_jpg.rf.f2b38c4978dfaa8e958481cbc04c18fc.jpg,AI/PlateDetector/datasets/raw/kaggle_plate_license_recognition/train/0d3da2fb-1b05-4f1f-a740-6822ed0bce20_jpg.rf.f2b38c4978dfaa8e958481cbc04c18fc.jpg,640,640,3,REAL,TRAIN_ONLY,license_plate,reject_mosaic_collage
kaggle_plate_license_recognition,0d88e0e6-4914-4a69-9383-1a1b31762ea1_jpg,train,0d88e0e6-4914-4a69-9383-1a1b31762ea1_jpg.rf.9040705374e04378c71aa8f6a87e18de.jpg,AI/PlateDetector/datasets/raw/kaggle_plate_license_recognition/train/0d88e0e6-4914-4a69-9383-1a1b31762ea1_jpg.rf.9040705374e04378c71aa8f6a87e18de.jpg,640,640,1,REAL,TRAIN_ONLY,license_plate,accepted_training_positive
kaggle_plate_license_recognition,0da5d8bc-b4ee-4ed4-abd6-35737e89eb14_jpg,train,0da5d8bc-b4ee-4ed4-abd6-35737e89eb14_jpg.rf.f7cf9205d86343645d589883cbff493f.jpg,AI/PlateDetector/datasets/raw/kaggle_plate_license_recognition/train/0da5d8bc-b4ee-4ed4-abd6-35737e89eb14_jpg.rf.f7cf9205d86343645d589883cbff493f.jpg,640,640,1,REAL,TRAIN_ONLY,license_plate,accepted_training_positive
kaggle_plate_license_recognition,0dc72cde-2c7c-4ac8-8b04-187914f68f2b_jpg,train,0dc72cde-2c7c-4ac8-8b04-187914f68f2b_jpg.rf.52abcee1d680dc2ab383d2d9e2ac43bf.jpg,AI/PlateDetector/datasets/raw/kaggle_plate_license_recognition/train/0dc72cde-2c7c-4ac8-8b04-187914f68f2b_jpg.rf.52abcee1d680dc2ab383d2d9e2ac43bf.jpg,640,640,1,REAL,TRAIN_ONLY,license_plate,accepted_training_positive
kaggle_plate_license_recognition,0dc72cde-2c7c-4ac8-8b04-187914f68f2b_jpg,valid,0dc72cde-2c7c-4ac8-8b04-187914f68f2b_jpg.rf.7e1edab6aec3224daaecc6212dc891a9.jpg,AI/PlateDetector/datasets/raw/kaggle_plate_license_recognition/valid/0dc72cde-2c7c-4ac8-8b04-187914f68f2b_jpg.rf.7e1edab6aec3224daaecc6212dc891a9.jpg,640,640,3,REAL,TRAIN_ONLY,license_plate,reject_mosaic_collage
kaggle_plate_license_recognition,0dc72cde-2c7c-4ac8-8b04-187914f68f2b_jpg,train,0dc72cde-2c7c-4ac8-8b04-187914f68f2b_jpg.rf.99e8ca7509deaffa878720af950796b6.jpg,AI/PlateDetector/datasets/raw/kaggle_plate_license_recognition/train/0dc72cde-2c7c-4ac8-8b04-187914f68f2b_jpg.rf.99e8ca7509deaffa878720af950796b6.jpg,640,640,3,REAL,TRAIN_ONLY,license_plate,reject_mosaic_collage
kaggle_plate_license_recognition,0dc72cde-2c7c-4ac8-8b04-187914f68f2b_jpg,train,0dc72cde-2c7c-4ac8-8b04-187914f68f2b_jpg.rf.af145bf919ac114475972dd8b1c8e767.jpg,AI/PlateDetector/datasets/raw/kaggle_plate_license_recognition/train/0dc72cde-2c7c-4ac8-8b04-187914f68f2b_jpg.rf.af145bf919ac114475972dd8b1c8e767.jpg,640,640,1,REAL,TRAIN_ONLY,license_plate,accepted_training_positive
kaggle_plate_license_recognition,0debe68fda27731a_jpg,train,0debe68fda27731a_jpg.rf.3741fba7c95b430a2e798ddab2eb3a97.jpg,AI/PlateDetector/datasets/raw/kaggle_plate_license_recognition/train/0debe68fda27731a_jpg.rf.3741fba7c95b430a2e798ddab2eb3a97.jpg,640,640,1,REAL,TRAIN_ONLY,license_plate,reject_plate_or_ocr_crop
kaggle_plate_license_recognition,0debe68fda27731a_jpg,train,0debe68fda27731a_jpg.rf.d0a7bc42a4f86409cc8284d722060fbf.jpg,AI/PlateDetector/datasets/raw/kaggle_plate_license_recognition/train/0debe68fda27731a_jpg.rf.d0a7bc42a4f86409cc8284d722060fbf.jpg,640,640,1,REAL,TRAIN_ONLY,license_plate,reject_plate_or_ocr_crop
kaggle_plate_license_recognition,0df07f67-50f0-4730-bab8-576ad26b6ee9_jpg,train,0df07f67-50f0-4730-bab8-576ad26b6ee9_jpg.rf.027f8311fa556d0ba2755e482d69a930.jpg,AI/PlateDetector/datasets/raw/kaggle_plate_license_recognition/train/0df07f67-50f0-4730-bab8-576ad26b6ee9_jpg.rf.027f8311fa556d0ba2755e482d69a930.jpg,640,640,4,REAL,TRAIN_ONLY,license_plate,reject_mosaic_collage
kaggle_plate_license_recognition,0df07f67-50f0-4730-bab8-576ad26b6ee9_jpg,train,0df07f67-50f0-4730-bab8-576ad26b6ee9_jpg.rf.200e1ed4615f44cb869dbee3bafe873d.jpg,AI/PlateDetector/datasets/raw/kaggle_plate_license_recognition/train/0df07f67-50f0-4730-bab8-576ad26b6ee9_jpg.rf.200e1ed4615f44cb869dbee3bafe873d.jpg,640,640,1,REAL,TRAIN_ONLY,license_plate,accepted_training_positive
kaggle_plate_license_recognition,0df07f67-50f0-4730-bab8-576ad26b6ee9_jpg,train,0df07f67-50f0-4730-bab8-576ad26b6ee9_jpg.rf.3b9ece249fb04fc1164eb5a13ba337b7.jpg,AI/PlateDetector/datasets/raw/kaggle_plate_license_recognition/train/0df07f67-50f0-4730-bab8-576ad26b6ee9_jpg.rf.3b9ece249fb04fc1164eb5a13ba337b7.jpg,640,640,1,REAL,TRAIN_ONLY,license_plate,accepted_training_positive
kaggle_plate_license_recognition,0df07f67-50f0-4730-bab8-576ad26b6ee9_jpg,train,0df07f67-50f0-4730-bab8-576ad26b6ee9_jpg.rf.62b36facbe040df57e03359fec30bb8f.jpg,AI/PlateDetector/datasets/raw/kaggle_plate_license_recognition/train/0df07f67-50f0-4730-bab8-576ad26b6ee9_jpg.rf.62b36facbe040df57e03359fec30bb8f.jpg,640,640,4,REAL,TRAIN_ONLY,license_plate,reject_mosaic_collage
kaggle_plate_license_recognition,0df9ddce-e86d-4832-9982-3af0336137ad_jpg,valid,0df9ddce-e86d-4832-9982-3af0336137ad_jpg.rf.05d89d8ac3bbfdaf7b7850e67e6edbd2.jpg,AI/PlateDetector/datasets/raw/kaggle_plate_license_recognition/valid/0df9ddce-e86d-4832-9982-3af0336137ad_jpg.rf.05d89d8ac3bbfdaf7b7850e67e6edbd2.jpg,640,640,1,REAL,TRAIN_ONLY,license_plate,accepted_training_positive
kaggle_plate_license_recognition,0df9ddce-e86d-4832-9982-3af0336137ad_jpg,train,0df9ddce-e86d-4832-9982-3af0336137ad_jpg.rf.55ffd09ff750892dfba2091a8a956450.jpg,AI/PlateDetector/datasets/raw/kaggle_plate_license_recognition/train/0df9ddce-e86d-4832-9982-3af0336137ad_jpg.rf.55ffd09ff750892dfba2091a8a956450.jpg,640,640,3,REAL,TRAIN_ONLY,license_plate,reject_mosaic_collage
kaggle_plate_license_recognition,0df9ddce-e86d-4832-9982-3af0336137ad_jpg,train,0df9ddce-e86d-4832-9982-3af0336137ad_jpg.rf.9b84c4fe26c57e4cf653bc7bde5814ad.jpg,AI/PlateDetector/datasets/raw/kaggle_plate_license_recognition/train/0df9ddce-e86d-4832-9982-3af0336137ad_jpg.rf.9b84c4fe26c57e4cf653bc7bde5814ad.jpg,640,640,1,REAL,TRAIN_ONLY,license_plate,accepted_training_positive
kaggle_plate_license_recognition,0df9ddce-e86d-4832-9982-3af0336137ad_jpg,valid,0df9ddce-e86d-4832-9982-3af0336137ad_jpg.rf.bc0f318f458a6f182af23570d25e66c2.jpg,AI/PlateDetector/datasets/raw/kaggle_plate_license_recognition/valid/0df9ddce-e86d-4832-9982-3af0336137ad_jpg.rf.bc0f318f458a6f182af23570d25e66c2.jpg,640,640,1,REAL,TRAIN_ONLY,license_plate,accepted_training_positive
kaggle_plate_license_recognition,0e15da9f-57f3-4f15-a7bf-bdd8bfdbc97b_jpg,train,0e15da9f-57f3-4f15-a7bf-bdd8bfdbc97b_jpg.rf.3604bb4ddd8708b831c39e974bb9fd8b.jpg,AI/PlateDetector/datasets/raw/kaggle_plate_license_recognition/train/0e15da9f-57f3-4f15-a7bf-bdd8bfdbc97b_jpg.rf.3604bb4ddd8708b831c39e974bb9fd8b.jpg,640,640,4,REAL,TRAIN_ONLY,license_plate,reject_mosaic_collage
kaggle_plate_license_recognition,0e15da9f-57f3-4f15-a7bf-bdd8bfdbc97b_jpg,train,0e15da9f-57f3-4f15-a7bf-bdd8bfdbc97b_jpg.rf.5a59ed065562eb9e218e631b253fa4df.jpg,AI/PlateDetector/datasets/raw/kaggle_plate_license_recognition/train/0e15da9f-57f3-4f15-a7bf-bdd8bfdbc97b_jpg.rf.5a59ed065562eb9e218e631b253fa4df.jpg,640,640,1,REAL,TRAIN_ONLY,license_plate,reject_plate_or_ocr_crop
kaggle_plate_license_recognition,0e1f8f89-3cac-4221-b1d2-d28da44c49e4_jpg,train,0e1f8f89-3cac-4221-b1d2-d28da44c49e4_jpg.rf.0b1dca60750c5c65683b814c17f8c6e9.jpg,AI/PlateDetector/datasets/raw/kaggle_plate_license_recognition/train/0e1f8f89-3cac-4221-b1d2-d28da44c49e4_jpg.rf.0b1dca60750c5c65683b814c17f8c6e9.jpg,640,640,1,REAL,TRAIN_ONLY,license_plate,accepted_training_positive
kaggle_plate_license_recognition,0e1f8f89-3cac-4221-b1d2-d28da44c49e4_jpg,train,0e1f8f89-3cac-4221-b1d2-d28da44c49e4_jpg.rf.33ff311a4da25700f1dc20db4f02e0b3.jpg,AI/PlateDetector/datasets/raw/kaggle_plate_license_recognition/train/0e1f8f89-3cac-4221-b1d2-d28da44c49e4_jpg.rf.33ff311a4da25700f1dc20db4f02e0b3.jpg,640,640,1,REAL,TRAIN_ONLY,license_plate,accepted_training_positive
kaggle_plate_license_recognition,0e1f8f89-3cac-4221-b1d2-d28da44c49e4_jpg,test,0e1f8f89-3cac-4221-b1d2-d28da44c49e4_jpg.rf.e370fc0884c1c97626f4484f545833a3.jpg,AI/PlateDetector/datasets/raw/kaggle_plate_license_recognition/test/0e1f8f89-3cac-4221-b1d2-d28da44c49e4_jpg.rf.e370fc0884c1c97626f4484f545833a3.jpg,640,640,1,REAL,TRAIN_ONLY,license_plate,accepted_training_positive
kaggle_plate_license_recognition,0e221ec5-6706-4af2-9e42-fbb71851257c_jpg,train,0e221ec5-6706-4af2-9e42-fbb71851257c_jpg.rf.185ebdcaa042e3a5a0e9591dd57178df.jpg,AI/PlateDetector/datasets/raw/kaggle_plate_license_recognition/train/0e221ec5-6706-4af2-9e42-fbb71851257c_jpg.rf.185ebdcaa042e3a5a0e9591dd57178df.jpg,640,640,1,REAL,TRAIN_ONLY,license_plate,accepted_training_positive
kaggle_plate_license_recognition,0e221ec5-6706-4af2-9e42-fbb71851257c_jpg,train,0e221ec5-6706-4af2-9e42-fbb71851257c_jpg.rf.3d3106c1892d963ff1e48f29d7370805.jpg,AI/PlateDetector/datasets/raw/kaggle_plate_license_recognition/train/0e221ec5-6706-4af2-9e42-fbb71851257c_jpg.rf.3d3106c1892d963ff1e48f29d7370805.jpg,640,640,1,REAL,TRAIN_ONLY,license_plate,accepted_training_positive
kaggle_plate_license_recognition,0e221ec5-6706-4af2-9e42-fbb71851257c_jpg,train,0e221ec5-6706-4af2-9e42-fbb71851257c_jpg.rf.a990c3983de706192cb817a2c3f7a668.jpg,AI/PlateDetector/datasets/raw/kaggle_plate_license_recognition/train/0e221ec5-6706-4af2-9e42-fbb71851257c_jpg.rf.a990c3983de706192cb817a2c3f7a668.jpg,640,640,1,REAL,TRAIN_ONLY,license_plate,accepted_training_positive
kaggle_plate_license_recognition,0e221ec5-6706-4af2-9e42-fbb71851257c_jpg,valid,0e221ec5-6706-4af2-9e42-fbb71851257c_jpg.rf.cad19e498bd7501ff818bb014d3816f8.jpg,AI/PlateDetector/datasets/raw/kaggle_plate_license_recognition/valid/0e221ec5-6706-4af2-9e42-fbb71851257c_jpg.rf.cad19e498bd7501ff818bb014d3816f8.jpg,640,640,1,REAL,TRAIN_ONLY,license_plate,accepted_training_positive
kaggle_plate_license_recognition,0e28f9be-0ca4-456e-9e1f-2b3d5f0b49d3_jpg,train,0e28f9be-0ca4-456e-9e1f-2b3d5f0b49d3_jpg.rf.0aac14049465eb75b80b491a445ee43f.jpg,AI/PlateDetector/datasets/raw/kaggle_plate_license_recognition/train/0e28f9be-0ca4-456e-9e1f-2b3d5f0b49d3_jpg.rf.0aac14049465eb75b80b491a445ee43f.jpg,640,640,1,REAL,TRAIN_ONLY,license_plate,accepted_training_positive
kaggle_plate_license_recognition,0e40616d-3f31-4621-bf7c-038fa27e0fd5_jpg,valid,0e40616d-3f31-4621-bf7c-038fa27e0fd5_jpg.rf.c2ebe5d168e2fd4e631a70222ae7ed27.jpg,AI/PlateDetector/datasets/raw/kaggle_plate_license_recognition/valid/0e40616d-3f31-4621-bf7c-038fa27e0fd5_jpg.rf.c2ebe5d168e2fd4e631a70222ae7ed27.jpg,640,640,1,REAL,TRAIN_ONLY,license_plate,accepted_training_positive
kaggle_plate_license_recognition,0e617f1eb453ebfe_jpg,valid,0e617f1eb453ebfe_jpg.rf.be08caa349b861321c405f762b05327b.jpg,AI/PlateDetector/datasets/raw/kaggle_plate_license_recognition/valid/0e617f1eb453ebfe_jpg.rf.be08caa349b861321c405f762b05327b.jpg,640,640,1,REAL,TRAIN_ONLY,license_plate,reject_plate_or_ocr_crop
kaggle_plate_license_recognition,0e617f1eb453ebfe_jpg,train,0e617f1eb453ebfe_jpg.rf.bedf42e6b62097c0399ab1399ab98065.jpg,AI/PlateDetector/datasets/raw/kaggle_plate_license_recognition/train/0e617f1eb453ebfe_jpg.rf.bedf42e6b62097c0399ab1399ab98065.jpg,640,640,1,REAL,TRAIN_ONLY,license_plate,reject_plate_or_ocr_crop
kaggle_plate_license_recognition,0e67d3d6-7325-4363-8f10-d01c4e9d1395_jpg,test,0e67d3d6-7325-4363-8f10-d01c4e9d1395_jpg.rf.f3ae58385ea11421655b71aef376fb6e.jpg,AI/PlateDetector/datasets/raw/kaggle_plate_license_recognition/test/0e67d3d6-7325-4363-8f10-d01c4e9d1395_jpg.rf.f3ae58385ea11421655b71aef376fb6e.jpg,640,640,4,REAL,TRAIN_ONLY,license_plate,reject_mosaic_collage
kaggle_plate_license_recognition,0e781d61-e061-492c-a66c-d80616b5ae6e_jpg,train,0e781d61-e061-492c-a66c-d80616b5ae6e_jpg.rf.3905cb81e671846f7f2f29324429b976.jpg,AI/PlateDetector/datasets/raw/kaggle_plate_license_recognition/train/0e781d61-e061-492c-a66c-d80616b5ae6e_jpg.rf.3905cb81e671846f7f2f29324429b976.jpg,640,640,1,REAL,TRAIN_ONLY,license_plate,accepted_training_positive
kaggle_plate_license_recognition,0e86e5b11fdb3eab2_jpg,train,0e86e5b11fdb3eab2_jpg.rf.1b66dab6e0a30c56066f5a9f44114a3c.jpg,AI/PlateDetector/datasets/raw/kaggle_plate_license_recognition/train/0e86e5b11fdb3eab2_jpg.rf.1b66dab6e0a30c56066f5a9f44114a3c.jpg,640,640,1,REAL,TRAIN_ONLY,license_plate,reject_plate_or_ocr_crop
kaggle_plate_license_recognition,0e86e5b11fdb3eab2_jpg,train,0e86e5b11fdb3eab2_jpg.rf.f41e45a7986be6a1aa81aff2a2855420.jpg,AI/PlateDetector/datasets/raw/kaggle_plate_license_recognition/train/0e86e5b11fdb3eab2_jpg.rf.f41e45a7986be6a1aa81aff2a2855420.jpg,640,640,1,REAL,TRAIN_ONLY,license_plate,reject_plate_or_ocr_crop
kaggle_plate_license_recognition,0e86e5b11fdb3eab_jpg,valid,0e86e5b11fdb3eab_jpg.rf.22850496aac967fec3ee7277a5a004e0.jpg,AI/PlateDetector/datasets/raw/kaggle_plate_license_recognition/valid/0e86e5b11fdb3eab_jpg.rf.22850496aac967fec3ee7277a5a004e0.jpg,640,640,1,REAL,TRAIN_ONLY,license_plate,reject_plate_or_ocr_crop
kaggle_plate_license_recognition,0e97554e-4742-42e9-8be9-096fbe16aa03_jpg,test,0e97554e-4742-42e9-8be9-096fbe16aa03_jpg.rf.4e4dc40c75140a80531380ed78cbdabb.jpg,AI/PlateDetector/datasets/raw/kaggle_plate_license_recognition/test/0e97554e-4742-42e9-8be9-096fbe16aa03_jpg.rf.4e4dc40c75140a80531380ed78cbdabb.jpg,640,640,1,REAL,TRAIN_ONLY,license_plate,accepted_training_positive
kaggle_plate_license_recognition,0ea1b423-577d-4b28-a820-16332c647cb9_jpg,test,0ea1b423-577d-4b28-a820-16332c647cb9_jpg.rf.61d52862660dedc08e797607b12c4ed5.jpg,AI/PlateDetector/datasets/raw/kaggle_plate_license_recognition/test/0ea1b423-577d-4b28-a820-16332c647cb9_jpg.rf.61d52862660dedc08e797607b12c4ed5.jpg,640,640,2,REAL,TRAIN_ONLY,license_plate,reject_mosaic_collage
kaggle_plate_license_recognition,0ea1b423-577d-4b28-a820-16332c647cb9_jpg,train,0ea1b423-577d-4b28-a820-16332c647cb9_jpg.rf.894cfb46bdf042d632927d07cc27ca7a.jpg,AI/PlateDetector/datasets/raw/kaggle_plate_license_recognition/train/0ea1b423-577d-4b28-a820-16332c647cb9_jpg.rf.894cfb46bdf042d632927d07cc27ca7a.jpg,640,640,1,REAL,TRAIN_ONLY,license_plate,accepted_training_positive
kaggle_plate_license_recognition,0ebf63ee-3987-41b6-8748-c724c65dba89_jpg,valid,0ebf63ee-3987-41b6-8748-c724c65dba89_jpg.rf.b6cb2fd1a52ab3f8771035c39e0890a3.jpg,AI/PlateDetector/datasets/raw/kaggle_plate_license_recognition/valid/0ebf63ee-3987-41b6-8748-c724c65dba89_jpg.rf.b6cb2fd1a52ab3f8771035c39e0890a3.jpg,640,640,1,REAL,TRAIN_ONLY,license_plate,reject_plate_or_ocr_crop
kaggle_plate_license_recognition,0ecee0dd32848030_jpg,train,0ecee0dd32848030_jpg.rf.1fc88b596fc3182601e2678401e77b4f.jpg,AI/PlateDetector/datasets/raw/kaggle_plate_license_recognition/train/0ecee0dd32848030_jpg.rf.1fc88b596fc3182601e2678401e77b4f.jpg,640,640,1,REAL,TRAIN_ONLY,license_plate,reject_plate_or_ocr_crop
kaggle_plate_license_recognition,0f0b2004-d7fe-4792-9394-7a5470ac39c3_jpg,test,0f0b2004-d7fe-4792-9394-7a5470ac39c3_jpg.rf.6346a37c64303e46f306fe0ac869619c.jpg,AI/PlateDetector/datasets/raw/kaggle_plate_license_recognition/test/0f0b2004-d7fe-4792-9394-7a5470ac39c3_jpg.rf.6346a37c64303e46f306fe0ac869619c.jpg,640,640,4,REAL,TRAIN_ONLY,license_plate,reject_mosaic_collage
kaggle_plate_license_recognition,0f367e41-dd0d-4695-96a3-635fbf94e73e_jpg,train,0f367e41-dd0d-4695-96a3-635fbf94e73e_jpg.rf.076f21fd97cadeab24aa3e3724802a17.jpg,AI/PlateDetector/datasets/raw/kaggle_plate_license_recognition/train/0f367e41-dd0d-4695-96a3-635fbf94e73e_jpg.rf.076f21fd97cadeab24aa3e3724802a17.jpg,640,640,1,REAL,TRAIN_ONLY,license_plate,accepted_training_positive
kaggle_plate_license_recognition,0f367e41-dd0d-4695-96a3-635fbf94e73e_jpg,valid,0f367e41-dd0d-4695-96a3-635fbf94e73e_jpg.rf.610186bc07146c98267688194f7a2540.jpg,AI/PlateDetector/datasets/raw/kaggle_plate_license_recognition/valid/0f367e41-dd0d-4695-96a3-635fbf94e73e_jpg.rf.610186bc07146c98267688194f7a2540.jpg,640,640,3,REAL,TRAIN_ONLY,license_plate,reject_mosaic_collage
kaggle_plate_license_recognition,0f367e41-dd0d-4695-96a3-635fbf94e73e_jpg,train,0f367e41-dd0d-4695-96a3-635fbf94e73e_jpg.rf.71e286eafda366e552b8a2ce702e19d1.jpg,AI/PlateDetector/datasets/raw/kaggle_plate_license_recognition/train/0f367e41-dd0d-4695-96a3-635fbf94e73e_jpg.rf.71e286eafda366e552b8a2ce702e19d1.jpg,640,640,1,REAL,TRAIN_ONLY,license_plate,accepted_training_positive
kaggle_plate_license_recognition,0f367e41-dd0d-4695-96a3-635fbf94e73e_jpg,valid,0f367e41-dd0d-4695-96a3-635fbf94e73e_jpg.rf.ac5dc77fb1517fa5203c1dafd3f3b24a.jpg,AI/PlateDetector/datasets/raw/kaggle_plate_license_recognition/valid/0f367e41-dd0d-4695-96a3-635fbf94e73e_jpg.rf.ac5dc77fb1517fa5203c1dafd3f3b24a.jpg,640,640,1,REAL,TRAIN_ONLY,license_plate,accepted_training_positive
kaggle_plate_license_recognition,0f367e41-dd0d-4695-96a3-635fbf94e73e_jpg,train,0f367e41-dd0d-4695-96a3-635fbf94e73e_jpg.rf.ccc1f9a996c71e1f7a8dfc0e7e473bb8.jpg,AI/PlateDetector/datasets/raw/kaggle_plate_license_recognition/train/0f367e41-dd0d-4695-96a3-635fbf94e73e_jpg.rf.ccc1f9a996c71e1f7a8dfc0e7e473bb8.jpg,640,640,3,REAL,TRAIN_ONLY,license_plate,reject_mosaic_collage
kaggle_plate_license_recognition,0f54bc26-9b88-44a6-811a-2bf1461c828c_jpg,train,0f54bc26-9b88-44a6-811a-2bf1461c828c_jpg.rf.5f01262b7e2796fd3aa213f68f83a24e.jpg,AI/PlateDetector/datasets/raw/kaggle_plate_license_recognition/train/0f54bc26-9b88-44a6-811a-2bf1461c828c_jpg.rf.5f01262b7e2796fd3aa213f68f83a24e.jpg,640,640,4,REAL,TRAIN_ONLY,license_plate,reject_mosaic_collage
kaggle_plate_license_recognition,0f72df0e-cb33-4caa-88ad-df0307358eee_jpg,train,0f72df0e-cb33-4caa-88ad-df0307358eee_jpg.rf.fc75e0c66127e769ff129901be603cea.jpg,AI/PlateDetector/datasets/raw/kaggle_plate_license_recognition/train/0f72df0e-cb33-4caa-88ad-df0307358eee_jpg.rf.fc75e0c66127e769ff129901be603cea.jpg,640,640,1,REAL,TRAIN_ONLY,license_plate,reject_plate_or_ocr_crop
kaggle_plate_license_recognition,0f7a47da-f799-476a-9873-31c278c5f9a5_jpg,train,0f7a47da-f799-476a-9873-31c278c5f9a5_jpg.rf.f7cf6abf5ffa8cafeb5ab93b5793eeb0.jpg,AI/PlateDetector/datasets/raw/kaggle_plate_license_recognition/train/0f7a47da-f799-476a-9873-31c278c5f9a5_jpg.rf.f7cf6abf5ffa8cafeb5ab93b5793eeb0.jpg,640,640,1,REAL,TRAIN_ONLY,license_plate,accepted_training_positive
kaggle_plate_license_recognition,0f7f4f92-5a87-4272-9621-5eece0b32bd0_jpg,train,0f7f4f92-5a87-4272-9621-5eece0b32bd0_jpg.rf.3aa86a24b5e3c9ae85ada8e784c3a7cb.jpg,AI/PlateDetector/datasets/raw/kaggle_plate_license_recognition/train/0f7f4f92-5a87-4272-9621-5eece0b32bd0_jpg.rf.3aa86a24b5e3c9ae85ada8e784c3a7cb.jpg,640,640,3,REAL,TRAIN_ONLY,license_plate,reject_mosaic_collage
kaggle_plate_license_recognition,0f7f4f92-5a87-4272-9621-5eece0b32bd0_jpg,train,0f7f4f92-5a87-4272-9621-5eece0b32bd0_jpg.rf.6b661846382e69e3a9e0ac4f46294470.jpg,AI/PlateDetector/datasets/raw/kaggle_plate_license_recognition/train/0f7f4f92-5a87-4272-9621-5eece0b32bd0_jpg.rf.6b661846382e69e3a9e0ac4f46294470.jpg,640,640,3,REAL,TRAIN_ONLY,license_plate,reject_mosaic_collage
kaggle_plate_license_recognition,0f7f4f92-5a87-4272-9621-5eece0b32bd0_jpg,train,0f7f4f92-5a87-4272-9621-5eece0b32bd0_jpg.rf.769847585e65028ed3e820a963084628.jpg,AI/PlateDetector/datasets/raw/kaggle_plate_license_recognition/train/0f7f4f92-5a87-4272-9621-5eece0b32bd0_jpg.rf.769847585e65028ed3e820a963084628.jpg,640,640,3,REAL,TRAIN_ONLY,license_plate,reject_mosaic_collage
kaggle_plate_license_recognition,0f7f4f92-5a87-4272-9621-5eece0b32bd0_jpg,train,0f7f4f92-5a87-4272-9621-5eece0b32bd0_jpg.rf.a11bef52781a93436e045a4e36ec923f.jpg,AI/PlateDetector/datasets/raw/kaggle_plate_license_recognition/train/0f7f4f92-5a87-4272-9621-5eece0b32bd0_jpg.rf.a11bef52781a93436e045a4e36ec923f.jpg,640,640,4,REAL,TRAIN_ONLY,license_plate,reject_mosaic_collage
kaggle_plate_license_recognition,0f7f4f92-5a87-4272-9621-5eece0b32bd0_jpg,valid,0f7f4f92-5a87-4272-9621-5eece0b32bd0_jpg.rf.ea359f3827338810e9e381bc681ce442.jpg,AI/PlateDetector/datasets/raw/kaggle_plate_license_recognition/valid/0f7f4f92-5a87-4272-9621-5eece0b32bd0_jpg.rf.ea359f3827338810e9e381bc681ce442.jpg,640,640,1,REAL,TRAIN_ONLY,license_plate,accepted_training_positive
kaggle_plate_license_recognition,0f8411ed-0d96-433b-98da-aa7a3388cf0e_jpg,train,0f8411ed-0d96-433b-98da-aa7a3388cf0e_jpg.rf.e5d253ee936fb40e5373f7102db3c045.jpg,AI/PlateDetector/datasets/raw/kaggle_plate_license_recognition/train/0f8411ed-0d96-433b-98da-aa7a3388cf0e_jpg.rf.e5d253ee936fb40e5373f7102db3c045.jpg,640,640,4,REAL,TRAIN_ONLY,license_plate,reject_mosaic_collage
kaggle_plate_license_recognition,0fc545ce-6973-47d5-8209-a0521cccaafe_jpg,valid,0fc545ce-6973-47d5-8209-a0521cccaafe_jpg.rf.84e501375bd70f8d6b8327f0e9e23839.jpg,AI/PlateDetector/datasets/raw/kaggle_plate_license_recognition/valid/0fc545ce-6973-47d5-8209-a0521cccaafe_jpg.rf.84e501375bd70f8d6b8327f0e9e23839.jpg,640,640,1,REAL,TRAIN_ONLY,license_plate,accepted_training_positive
kaggle_plate_license_recognition,0fc545ce-6973-47d5-8209-a0521cccaafe_jpg,train,0fc545ce-6973-47d5-8209-a0521cccaafe_jpg.rf.d3358210d140b09e7769eda3e6085078.jpg,AI/PlateDetector/datasets/raw/kaggle_plate_license_recognition/train/0fc545ce-6973-47d5-8209-a0521cccaafe_jpg.rf.d3358210d140b09e7769eda3e6085078.jpg,640,640,1,REAL,TRAIN_ONLY,license_plate,accepted_training_positive
kaggle_plate_license_recognition,0fe31c33-a38a-4160-bfe7-6ec527e8e3f0_jpg,train,0fe31c33-a38a-4160-bfe7-6ec527e8e3f0_jpg.rf.adc79038c4a3013bc91ebf37bc220066.jpg,AI/PlateDetector/datasets/raw/kaggle_plate_license_recognition/train/0fe31c33-a38a-4160-bfe7-6ec527e8e3f0_jpg.rf.adc79038c4a3013bc91ebf37bc220066.jpg,640,640,1,REAL,TRAIN_ONLY,license_plate,reject_plate_or_ocr_crop
kaggle_plate_license_recognition,0fe53fa2-0975-43a9-9c5e-6001fa84298f_jpg,train,0fe53fa2-0975-43a9-9c5e-6001fa84298f_jpg.rf.08a00132abbe6b50e7a105035b76f539.jpg,AI/PlateDetector/datasets/raw/kaggle_plate_license_recognition/train/0fe53fa2-0975-43a9-9c5e-6001fa84298f_jpg.rf.08a00132abbe6b50e7a105035b76f539.jpg,640,640,1,REAL,TRAIN_ONLY,license_plate,accepted_training_positive
kaggle_plate_license_recognition,0fe53fa2-0975-43a9-9c5e-6001fa84298f_jpg,train,0fe53fa2-0975-43a9-9c5e-6001fa84298f_jpg.rf.99679281f7ee0d27e779a9c854f97929.jpg,AI/PlateDetector/datasets/raw/kaggle_plate_license_recognition/train/0fe53fa2-0975-43a9-9c5e-6001fa84298f_jpg.rf.99679281f7ee0d27e779a9c854f97929.jpg,640,640,1,REAL,TRAIN_ONLY,license_plate,accepted_training_positive
kaggle_plate_license_recognition,0ff7c353-56ed-46fb-a5d9-44042051fe86_jpg,train,0ff7c353-56ed-46fb-a5d9-44042051fe86_jpg.rf.0c1b03e97fd1761a0acf168cf794b7a7.jpg,AI/PlateDetector/datasets/raw/kaggle_plate_license_recognition/train/0ff7c353-56ed-46fb-a5d9-44042051fe86_jpg.rf.0c1b03e97fd1761a0acf168cf794b7a7.jpg,640,640,1,REAL,TRAIN_ONLY,license_plate,accepted_training_positive
kaggle_plate_license_recognition,0ff7c353-56ed-46fb-a5d9-44042051fe86_jpg,train,0ff7c353-56ed-46fb-a5d9-44042051fe86_jpg.rf.18fd29b2d35914926c7e40f72e114f5c.jpg,AI/PlateDetector/datasets/raw/kaggle_plate_license_recognition/train/0ff7c353-56ed-46fb-a5d9-44042051fe86_jpg.rf.18fd29b2d35914926c7e40f72e114f5c.jpg,640,640,1,REAL,TRAIN_ONLY,license_plate,accepted_training_positive
kaggle_plate_license_recognition,0ff7c353-56ed-46fb-a5d9-44042051fe86_jpg,train,0ff7c353-56ed-46fb-a5d9-44042051fe86_jpg.rf.990f57942fcd1254303c85de9b5f156f.jpg,AI/PlateDetector/datasets/raw/kaggle_plate_license_recognition/train/0ff7c353-56ed-46fb-a5d9-44042051fe86_jpg.rf.990f57942fcd1254303c85de9b5f156f.jpg,640,640,4,REAL,TRAIN_ONLY,license_plate,reject_mosaic_collage
kaggle_plate_license_recognition,0h288a1h6gna1_jpg,train,0h288a1h6gna1_jpg.rf.4578dc5d1fd85bdbd7448ab20f07cb2e.jpg,AI/PlateDetector/datasets/raw/kaggle_plate_license_recognition/train/0h288a1h6gna1_jpg.rf.4578dc5d1fd85bdbd7448ab20f07cb2e.jpg,640,640,3,REAL,TRAIN_ONLY,license_plate,reject_mosaic_collage
kaggle_plate_license_recognition,0h288a1h6gna1_jpg,train,0h288a1h6gna1_jpg.rf.8511bb7b75d8ea7e583d7d485eebd55f.jpg,AI/PlateDetector/datasets/raw/kaggle_plate_license_recognition/train/0h288a1h6gna1_jpg.rf.8511bb7b75d8ea7e583d7d485eebd55f.jpg,640,640,1,REAL,TRAIN_ONLY,license_plate,accepted_training_positive
kaggle_plate_license_recognition,0h288a1h6gna1_jpg,train,0h288a1h6gna1_jpg.rf.f0fd3dd757a2480ddea4579fa90544c3.jpg,AI/PlateDetector/datasets/raw/kaggle_plate_license_recognition/train/0h288a1h6gna1_jpg.rf.f0fd3dd757a2480ddea4579fa90544c3.jpg,640,640,1,REAL,TRAIN_ONLY,license_plate,accepted_training_positive
kaggle_plate_license_recognition,0wa1p1qvveoa1_jpg,train,0wa1p1qvveoa1_jpg.rf.68dde0b54bb8f853a4d554c729690a72.jpg,AI/PlateDetector/datasets/raw/kaggle_plate_license_recognition/train/0wa1p1qvveoa1_jpg.rf.68dde0b54bb8f853a4d554c729690a72.jpg,640,640,1,REAL,TRAIN_ONLY,license_plate,accepted_training_positive
kaggle_plate_license_recognition,102c956b-4dc3-40a2-bda6-ee0341406047_jpg,test,102c956b-4dc3-40a2-bda6-ee0341406047_jpg.rf.5e3e9b304b33e0fe7ea794a7899d71eb.jpg,AI/PlateDetector/datasets/raw/kaggle_plate_license_recognition/test/102c956b-4dc3-40a2-bda6-ee0341406047_jpg.rf.5e3e9b304b33e0fe7ea794a7899d71eb.jpg,640,640,1,REAL,TRAIN_ONLY,license_plate,accepted_training_positive
kaggle_plate_license_recognition,102c956b-4dc3-40a2-bda6-ee0341406047_jpg,valid,102c956b-4dc3-40a2-bda6-ee0341406047_jpg.rf.99c9713f0de5f27c87ce76345774a21e.jpg,AI/PlateDetector/datasets/raw/kaggle_plate_license_recognition/valid/102c956b-4dc3-40a2-bda6-ee0341406047_jpg.rf.99c9713f0de5f27c87ce76345774a21e.jpg,640,640,2,REAL,TRAIN_ONLY,license_plate,reject_mosaic_collage
kaggle_plate_license_recognition,102c956b-4dc3-40a2-bda6-ee0341406047_jpg,valid,102c956b-4dc3-40a2-bda6-ee0341406047_jpg.rf.b1ef078d18ac3e2b2ae4e83b8c4e5ecf.jpg,AI/PlateDetector/datasets/raw/kaggle_plate_license_recognition/valid/102c956b-4dc3-40a2-bda6-ee0341406047_jpg.rf.b1ef078d18ac3e2b2ae4e83b8c4e5ecf.jpg,640,640,1,REAL,TRAIN_ONLY,license_plate,accepted_training_positive
kaggle_plate_license_recognition,102c956b-4dc3-40a2-bda6-ee0341406047_jpg,train,102c956b-4dc3-40a2-bda6-ee0341406047_jpg.rf.de382353fedd3f13d90abfb50ff39c18.jpg,AI/PlateDetector/datasets/raw/kaggle_plate_license_recognition/train/102c956b-4dc3-40a2-bda6-ee0341406047_jpg.rf.de382353fedd3f13d90abfb50ff39c18.jpg,640,640,2,REAL,TRAIN_ONLY,license_plate,reject_mosaic_collage
kaggle_plate_license_recognition,105917c4-a3b8-4b9f-a79d-6218056c5e70_jpg,train,105917c4-a3b8-4b9f-a79d-6218056c5e70_jpg.rf.6ac2e7d311bfe0c47a47b5f809270360.jpg,AI/PlateDetector/datasets/raw/kaggle_plate_license_recognition/train/105917c4-a3b8-4b9f-a79d-6218056c5e70_jpg.rf.6ac2e7d311bfe0c47a47b5f809270360.jpg,640,640,1,REAL,TRAIN_ONLY,license_plate,accepted_training_positive
kaggle_plate_license_recognition,105917c4-a3b8-4b9f-a79d-6218056c5e70_jpg,train,105917c4-a3b8-4b9f-a79d-6218056c5e70_jpg.rf.a70b55118bc3c2904570cea840eedaa9.jpg,AI/PlateDetector/datasets/raw/kaggle_plate_license_recognition/train/105917c4-a3b8-4b9f-a79d-6218056c5e70_jpg.rf.a70b55118bc3c2904570cea840eedaa9.jpg,640,640,1,REAL,TRAIN_ONLY,license_plate,accepted_training_positive
kaggle_plate_license_recognition,105c5381-5cd3-4bcd-b8bd-2dc8c66c9e20_jpg,train,105c5381-5cd3-4bcd-b8bd-2dc8c66c9e20_jpg.rf.27cd9d088a6606b332877f006afe2d40.jpg,AI/PlateDetector/datasets/raw/kaggle_plate_license_recognition/train/105c5381-5cd3-4bcd-b8bd-2dc8c66c9e20_jpg.rf.27cd9d088a6606b332877f006afe2d40.jpg,640,640,1,REAL,TRAIN_ONLY,license_plate,accepted_training_positive
kaggle_plate_license_recognition,105c5381-5cd3-4bcd-b8bd-2dc8c66c9e20_jpg,train,105c5381-5cd3-4bcd-b8bd-2dc8c66c9e20_jpg.rf.4463d6545b82c145a7f6fb00475a3491.jpg,AI/PlateDetector/datasets/raw/kaggle_plate_license_recognition/train/105c5381-5cd3-4bcd-b8bd-2dc8c66c9e20_jpg.rf.4463d6545b82c145a7f6fb00475a3491.jpg,640,640,1,REAL,TRAIN_ONLY,license_plate,accepted_training_positive
kaggle_plate_license_recognition,10_JPG_jpg,train,10_JPG_jpg.rf.7454e7c91d81fd6e29f7f9e160c80de4.jpg,AI/PlateDetector/datasets/raw/kaggle_plate_license_recognition/train/10_JPG_jpg.rf.7454e7c91d81fd6e29f7f9e160c80de4.jpg,640,640,1,REAL,TRAIN_ONLY,license_plate,reject_plate_or_ocr_crop
kaggle_plate_license_recognition,11906f971e8ac49a_jpg,valid,11906f971e8ac49a_jpg.rf.422eb777d26a1fbb37b524f687616a6b.jpg,AI/PlateDetector/datasets/raw/kaggle_plate_license_recognition/valid/11906f971e8ac49a_jpg.rf.422eb777d26a1fbb37b524f687616a6b.jpg,640,640,1,REAL,TRAIN_ONLY,license_plate,reject_plate_or_ocr_crop
kaggle_plate_license_recognition,11906f971e8ac49a_jpg,valid,11906f971e8ac49a_jpg.rf.d57b600b822754d4fd5b07bdce3837e7.jpg,AI/PlateDetector/datasets/raw/kaggle_plate_license_recognition/valid/11906f971e8ac49a_jpg.rf.d57b600b822754d4fd5b07bdce3837e7.jpg,640,640,1,REAL,TRAIN_ONLY,license_plate,reject_plate_or_ocr_crop
kaggle_plate_license_recognition,119910df6c55fbeb2_jpg,train,119910df6c55fbeb2_jpg.rf.eaac1af0857150556a363e7a5d44c96f.jpg,AI/PlateDetector/datasets/raw/kaggle_plate_license_recognition/train/119910df6c55fbeb2_jpg.rf.eaac1af0857150556a363e7a5d44c96f.jpg,640,640,1,REAL,TRAIN_ONLY,license_plate,reject_plate_or_ocr_crop
kaggle_plate_license_recognition,119910df6c55fbeb_jpg,train,119910df6c55fbeb_jpg.rf.73776da7aafac055826c6e420283b1f7.jpg,AI/PlateDetector/datasets/raw/kaggle_plate_license_recognition/train/119910df6c55fbeb_jpg.rf.73776da7aafac055826c6e420283b1f7.jpg,640,640,1,REAL,TRAIN_ONLY,license_plate,reject_plate_or_ocr_crop
kaggle_plate_license_recognition,1240d349079699b73_jpg,train,1240d349079699b73_jpg.rf.a6cba074735948cca3dd9cd250c480f3.jpg,AI/PlateDetector/datasets/raw/kaggle_plate_license_recognition/train/1240d349079699b73_jpg.rf.a6cba074735948cca3dd9cd250c480f3.jpg,640,640,1,REAL,TRAIN_ONLY,license_plate,reject_plate_or_ocr_crop
kaggle_plate_license_recognition,1267fa87133063733_jpg,train,1267fa87133063733_jpg.rf.949963f8f233b2bf757335d2d11b3529.jpg,AI/PlateDetector/datasets/raw/kaggle_plate_license_recognition/train/1267fa87133063733_jpg.rf.949963f8f233b2bf757335d2d11b3529.jpg,640,640,1,REAL,TRAIN_ONLY,license_plate,reject_plate_or_ocr_crop
kaggle_plate_license_recognition,129831908-624x3142_jpg,train,129831908-624x3142_jpg.rf.6dbb56dccf5ec72f6cf67e1539a8008d.jpg,AI/PlateDetector/datasets/raw/kaggle_plate_license_recognition/train/129831908-624x3142_jpg.rf.6dbb56dccf5ec72f6cf67e1539a8008d.jpg,640,640,1,REAL,TRAIN_ONLY,license_plate,reject_plate_or_ocr_crop
kaggle_plate_license_recognition,129831908-624x3142_jpg,train,129831908-624x3142_jpg.rf.942b6f2c824daba3e95f4070455da7c6.jpg,AI/PlateDetector/datasets/raw/kaggle_plate_license_recognition/train/129831908-624x3142_jpg.rf.942b6f2c824daba3e95f4070455da7c6.jpg,640,640,1,REAL,TRAIN_ONLY,license_plate,reject_plate_or_ocr_crop
kaggle_plate_license_recognition,130_0002_jpg,train,130_0002_jpg.rf.27afe582d14f90feb6cc7145e0cff314.jpg,AI/PlateDetector/datasets/raw/kaggle_plate_license_recognition/train/130_0002_jpg.rf.27afe582d14f90feb6cc7145e0cff314.jpg,640,640,4,REAL,TRAIN_ONLY,license_plate,reject_mosaic_collage
kaggle_plate_license_recognition,130_0002_jpg,valid,130_0002_jpg.rf.e4ee5c30f0636fca9ffddf26e384cd90.jpg,AI/PlateDetector/datasets/raw/kaggle_plate_license_recognition/valid/130_0002_jpg.rf.e4ee5c30f0636fca9ffddf26e384cd90.jpg,640,640,4,REAL,TRAIN_ONLY,license_plate,reject_mosaic_collage
kaggle_plate_license_recognition,130_0003_jpg,test,130_0003_jpg.rf.31e1c313cbbd4c8e1792c7cc089728f8.jpg,AI/PlateDetector/datasets/raw/kaggle_plate_license_recognition/test/130_0003_jpg.rf.31e1c313cbbd4c8e1792c7cc089728f8.jpg,640,640,3,REAL,TRAIN_ONLY,license_plate,reject_mosaic_collage
kaggle_plate_license_recognition,130_0004_jpg,train,130_0004_jpg.rf.131683325923b2120be04965e0bc4954.jpg,AI/PlateDetector/datasets/raw/kaggle_plate_license_recognition/train/130_0004_jpg.rf.131683325923b2120be04965e0bc4954.jpg,640,640,1,REAL,TRAIN_ONLY,license_plate,reject_plate_or_ocr_crop
kaggle_plate_license_recognition,130_0004_jpg,train,130_0004_jpg.rf.30d51bf4d2f839cfa2b270e9e266c846.jpg,AI/PlateDetector/datasets/raw/kaggle_plate_license_recognition/train/130_0004_jpg.rf.30d51bf4d2f839cfa2b270e9e266c846.jpg,640,640,3,REAL,TRAIN_ONLY,license_plate,reject_mosaic_collage
kaggle_plate_license_recognition,130_0004_jpg,train,130_0004_jpg.rf.fe152c341a607b7e759946cedc516de8.jpg,AI/PlateDetector/datasets/raw/kaggle_plate_license_recognition/train/130_0004_jpg.rf.fe152c341a607b7e759946cedc516de8.jpg,640,640,3,REAL,TRAIN_ONLY,license_plate,reject_mosaic_collage
kaggle_plate_license_recognition,130_0005_jpg,train,130_0005_jpg.rf.27dc85fafeb14b343eac676694bc9411.jpg,AI/PlateDetector/datasets/raw/kaggle_plate_license_recognition/train/130_0005_jpg.rf.27dc85fafeb14b343eac676694bc9411.jpg,640,640,4,REAL,TRAIN_ONLY,license_plate,reject_mosaic_collage
kaggle_plate_license_recognition,130_0005_jpg,train,130_0005_jpg.rf.7a4b7d10f1939d462bff2da97e559446.jpg,AI/PlateDetector/datasets/raw/kaggle_plate_license_recognition/train/130_0005_jpg.rf.7a4b7d10f1939d462bff2da97e559446.jpg,640,640,4,REAL,TRAIN_ONLY,license_plate,reject_mosaic_collage
kaggle_plate_license_recognition,130_0006_jpg,train,130_0006_jpg.rf.7f5bc2c814581577be91d3f525656a1e.jpg,AI/PlateDetector/datasets/raw/kaggle_plate_license_recognition/train/130_0006_jpg.rf.7f5bc2c814581577be91d3f525656a1e.jpg,640,640,1,REAL,TRAIN_ONLY,license_plate,reject_plate_or_ocr_crop
kaggle_plate_license_recognition,130_0006_jpg,valid,130_0006_jpg.rf.996f83e8fdfa0bf3b56d41be91180d68.jpg,AI/PlateDetector/datasets/raw/kaggle_plate_license_recognition/valid/130_0006_jpg.rf.996f83e8fdfa0bf3b56d41be91180d68.jpg,640,640,3,REAL,TRAIN_ONLY,license_plate,reject_mosaic_collage
kaggle_plate_license_recognition,130_0006_jpg,valid,130_0006_jpg.rf.a688931ae7392fd37921e0b37417fa25.jpg,AI/PlateDetector/datasets/raw/kaggle_plate_license_recognition/valid/130_0006_jpg.rf.a688931ae7392fd37921e0b37417fa25.jpg,640,640,1,REAL,TRAIN_ONLY,license_plate,reject_plate_or_ocr_crop
kaggle_plate_license_recognition,130_0006_jpg,valid,130_0006_jpg.rf.d65edc05d10131ea5855965d20783fc5.jpg,AI/PlateDetector/datasets/raw/kaggle_plate_license_recognition/valid/130_0006_jpg.rf.d65edc05d10131ea5855965d20783fc5.jpg,640,640,3,REAL,TRAIN_ONLY,license_plate,reject_mosaic_collage
kaggle_plate_license_recognition,130_0009_jpg,train,130_0009_jpg.rf.c9bc06418b588d13a27c091b4ac1784f.jpg,AI/PlateDetector/datasets/raw/kaggle_plate_license_recognition/train/130_0009_jpg.rf.c9bc06418b588d13a27c091b4ac1784f.jpg,640,640,2,REAL,TRAIN_ONLY,license_plate,reject_mosaic_collage
kaggle_plate_license_recognition,130_0011_jpg,train,130_0011_jpg.rf.5efabb84f1ca2e0a6b6062c1baf19784.jpg,AI/PlateDetector/datasets/raw/kaggle_plate_license_recognition/train/130_0011_jpg.rf.5efabb84f1ca2e0a6b6062c1baf19784.jpg,640,640,4,REAL,TRAIN_ONLY,license_plate,reject_mosaic_collage
kaggle_plate_license_recognition,130_0014_jpg,train,130_0014_jpg.rf.f1919ab28d0b9431e0cb7b74ce95d954.jpg,AI/PlateDetector/datasets/raw/kaggle_plate_license_recognition/train/130_0014_jpg.rf.f1919ab28d0b9431e0cb7b74ce95d954.jpg,640,640,1,REAL,TRAIN_ONLY,license_plate,accepted_training_positive
kaggle_plate_license_recognition,130_0015_jpg,train,130_0015_jpg.rf.1f02a447128fdd5a0d426fbd5f3b5074.jpg,AI/PlateDetector/datasets/raw/kaggle_plate_license_recognition/train/130_0015_jpg.rf.1f02a447128fdd5a0d426fbd5f3b5074.jpg,640,640,3,REAL,TRAIN_ONLY,license_plate,reject_mosaic_collage
kaggle_plate_license_recognition,130_0017_jpg,train,130_0017_jpg.rf.63e8e189ad8a0f29570c5172ad131aab.jpg,AI/PlateDetector/datasets/raw/kaggle_plate_license_recognition/train/130_0017_jpg.rf.63e8e189ad8a0f29570c5172ad131aab.jpg,640,640,1,REAL,TRAIN_ONLY,license_plate,reject_plate_or_ocr_crop
kaggle_plate_license_recognition,130_0017_jpg,train,130_0017_jpg.rf.c2d6a8d28d2f1221f612d3d93a27e99c.jpg,AI/PlateDetector/datasets/raw/kaggle_plate_license_recognition/train/130_0017_jpg.rf.c2d6a8d28d2f1221f612d3d93a27e99c.jpg,640,640,3,REAL,TRAIN_ONLY,license_plate,reject_mosaic_collage
kaggle_plate_license_recognition,130_0017_jpg,train,130_0017_jpg.rf.e7c6c3118c7e5ecd5e3d2119a1c76c5d.jpg,AI/PlateDetector/datasets/raw/kaggle_plate_license_recognition/train/130_0017_jpg.rf.e7c6c3118c7e5ecd5e3d2119a1c76c5d.jpg,640,640,4,REAL,TRAIN_ONLY,license_plate,reject_mosaic_collage
kaggle_plate_license_recognition,130_0018_jpg,train,130_0018_jpg.rf.901eef5d1dd32987a272ea5717a8b124.jpg,AI/PlateDetector/datasets/raw/kaggle_plate_license_recognition/train/130_0018_jpg.rf.901eef5d1dd32987a272ea5717a8b124.jpg,640,640,3,REAL,TRAIN_ONLY,license_plate,reject_mosaic_collage
kaggle_plate_license_recognition,130_0018_jpg,train,130_0018_jpg.rf.9bd6f18892846b95b7bbc7ecca1afc01.jpg,AI/PlateDetector/datasets/raw/kaggle_plate_license_recognition/train/130_0018_jpg.rf.9bd6f18892846b95b7bbc7ecca1afc01.jpg,640,640,1,REAL,TRAIN_ONLY,license_plate,accepted_training_positive
kaggle_plate_license_recognition,130_0018_jpg,valid,130_0018_jpg.rf.f91dd9716f7af63cad8b404bf6b21f91.jpg,AI/PlateDetector/datasets/raw/kaggle_plate_license_recognition/valid/130_0018_jpg.rf.f91dd9716f7af63cad8b404bf6b21f91.jpg,640,640,1,REAL,TRAIN_ONLY,license_plate,accepted_training_positive
kaggle_plate_license_recognition,130_0018_jpg,train,130_0018_jpg.rf.fc9b186648143a57d9dbd2cae8a2f255.jpg,AI/PlateDetector/datasets/raw/kaggle_plate_license_recognition/train/130_0018_jpg.rf.fc9b186648143a57d9dbd2cae8a2f255.jpg,640,640,3,REAL,TRAIN_ONLY,license_plate,reject_mosaic_collage
kaggle_plate_license_recognition,130_0019_jpg,train,130_0019_jpg.rf.8016fdb89d0d687e09dd26a6c45629f7.jpg,AI/PlateDetector/datasets/raw/kaggle_plate_license_recognition/train/130_0019_jpg.rf.8016fdb89d0d687e09dd26a6c45629f7.jpg,640,640,4,REAL,TRAIN_ONLY,license_plate,reject_mosaic_collage
kaggle_plate_license_recognition,130_0020_jpg,valid,130_0020_jpg.rf.eb438e3acac42ce2efd2d253748723a3.jpg,AI/PlateDetector/datasets/raw/kaggle_plate_license_recognition/valid/130_0020_jpg.rf.eb438e3acac42ce2efd2d253748723a3.jpg,640,640,4,REAL,TRAIN_ONLY,license_plate,reject_mosaic_collage
kaggle_plate_license_recognition,130_0020_jpg,train,130_0020_jpg.rf.eb9e9dd5f895c8138e9c89e82ce9f8aa.jpg,AI/PlateDetector/datasets/raw/kaggle_plate_license_recognition/train/130_0020_jpg.rf.eb9e9dd5f895c8138e9c89e82ce9f8aa.jpg,640,640,1,REAL,TRAIN_ONLY,license_plate,reject_plate_or_ocr_crop
kaggle_plate_license_recognition,130_0021_jpg,train,130_0021_jpg.rf.cf6e74c4871a2df496d00f2c9c4e2cf8.jpg,AI/PlateDetector/datasets/raw/kaggle_plate_license_recognition/train/130_0021_jpg.rf.cf6e74c4871a2df496d00f2c9c4e2cf8.jpg,640,640,3,REAL,TRAIN_ONLY,license_plate,reject_mosaic_collage
kaggle_plate_license_recognition,130_0025_jpg,valid,130_0025_jpg.rf.4c652b639319b388a017e6ead97d3316.jpg,AI/PlateDetector/datasets/raw/kaggle_plate_license_recognition/valid/130_0025_jpg.rf.4c652b639319b388a017e6ead97d3316.jpg,640,640,4,REAL,TRAIN_ONLY,license_plate,reject_mosaic_collage
kaggle_plate_license_recognition,130_0025_jpg,train,130_0025_jpg.rf.63329937b8544990cca3c51d3b21850f.jpg,AI/PlateDetector/datasets/raw/kaggle_plate_license_recognition/train/130_0025_jpg.rf.63329937b8544990cca3c51d3b21850f.jpg,640,640,4,REAL,TRAIN_ONLY,license_plate,reject_mosaic_collage
kaggle_plate_license_recognition,130_0025_jpg,valid,130_0025_jpg.rf.a6621d48008cf2991e546df462fc00d6.jpg,AI/PlateDetector/datasets/raw/kaggle_plate_license_recognition/valid/130_0025_jpg.rf.a6621d48008cf2991e546df462fc00d6.jpg,640,640,1,REAL,TRAIN_ONLY,license_plate,reject_plate_or_ocr_crop
kaggle_plate_license_recognition,130_0027_jpg,valid,130_0027_jpg.rf.2cdd6983c4963bd10ff4d41c7d7cefbe.jpg,AI/PlateDetector/datasets/raw/kaggle_plate_license_recognition/valid/130_0027_jpg.rf.2cdd6983c4963bd10ff4d41c7d7cefbe.jpg,640,640,4,REAL,TRAIN_ONLY,license_plate,reject_mosaic_collage
kaggle_plate_license_recognition,130_0027_jpg,test,130_0027_jpg.rf.da5338e1a93ac7967aff789f6d0f2fc2.jpg,AI/PlateDetector/datasets/raw/kaggle_plate_license_recognition/test/130_0027_jpg.rf.da5338e1a93ac7967aff789f6d0f2fc2.jpg,640,640,3,REAL,TRAIN_ONLY,license_plate,reject_mosaic_collage
kaggle_plate_license_recognition,130_0028_jpg,train,130_0028_jpg.rf.f167795e646d9b6903f86156da3a22e7.jpg,AI/PlateDetector/datasets/raw/kaggle_plate_license_recognition/train/130_0028_jpg.rf.f167795e646d9b6903f86156da3a22e7.jpg,640,640,1,REAL,TRAIN_ONLY,license_plate,reject_plate_or_ocr_crop
kaggle_plate_license_recognition,130_0031_jpg,valid,130_0031_jpg.rf.4654e987df260f74cd61b460279eb383.jpg,AI/PlateDetector/datasets/raw/kaggle_plate_license_recognition/valid/130_0031_jpg.rf.4654e987df260f74cd61b460279eb383.jpg,640,640,4,REAL,TRAIN_ONLY,license_plate,reject_mosaic_collage
kaggle_plate_license_recognition,130_0032_jpg,train,130_0032_jpg.rf.9dffcbc236fe18d6f0bebc2f7414e648.jpg,AI/PlateDetector/datasets/raw/kaggle_plate_license_recognition/train/130_0032_jpg.rf.9dffcbc236fe18d6f0bebc2f7414e648.jpg,640,640,3,REAL,TRAIN_ONLY,license_plate,reject_mosaic_collage
kaggle_plate_license_recognition,130_0032_jpg,train,130_0032_jpg.rf.f5bfe42f88a81e3b818466c1e0619351.jpg,AI/PlateDetector/datasets/raw/kaggle_plate_license_recognition/train/130_0032_jpg.rf.f5bfe42f88a81e3b818466c1e0619351.jpg,640,640,3,REAL,TRAIN_ONLY,license_plate,reject_mosaic_collage
kaggle_plate_license_recognition,130_0034_jpg,train,130_0034_jpg.rf.1026f96c919ee9c5263a8db88c16e85e.jpg,AI/PlateDetector/datasets/raw/kaggle_plate_license_recognition/train/130_0034_jpg.rf.1026f96c919ee9c5263a8db88c16e85e.jpg,640,640,2,REAL,TRAIN_ONLY,license_plate,reject_mosaic_collage
kaggle_plate_license_recognition,130_0036_jpg,valid,130_0036_jpg.rf.43509bb7145e619c577f985b5c7b5d9d.jpg,AI/PlateDetector/datasets/raw/kaggle_plate_license_recognition/valid/130_0036_jpg.rf.43509bb7145e619c577f985b5c7b5d9d.jpg,640,640,3,REAL,TRAIN_ONLY,license_plate,reject_mosaic_collage
kaggle_plate_license_recognition,130_0036_jpg,train,130_0036_jpg.rf.4c789b5338e4c8384ce99145e614cb04.jpg,AI/PlateDetector/datasets/raw/kaggle_plate_license_recognition/train/130_0036_jpg.rf.4c789b5338e4c8384ce99145e614cb04.jpg,640,640,1,REAL,TRAIN_ONLY,license_plate,reject_plate_or_ocr_crop
kaggle_plate_license_recognition,130_0039_jpg,train,130_0039_jpg.rf.8ddfecaf93a401b1bc9ed588b635046a.jpg,AI/PlateDetector/datasets/raw/kaggle_plate_license_recognition/train/130_0039_jpg.rf.8ddfecaf93a401b1bc9ed588b635046a.jpg,640,640,4,REAL,TRAIN_ONLY,license_plate,reject_mosaic_collage
kaggle_plate_license_recognition,130_0040_jpg,train,130_0040_jpg.rf.38f62132992837536c18f636f10f338d.jpg,AI/PlateDetector/datasets/raw/kaggle_plate_license_recognition/train/130_0040_jpg.rf.38f62132992837536c18f636f10f338d.jpg,640,640,4,REAL,TRAIN_ONLY,license_plate,reject_mosaic_collage
kaggle_plate_license_recognition,130_0041_jpg,test,130_0041_jpg.rf.5d8c6808060a6201635706073a0500a8.jpg,AI/PlateDetector/datasets/raw/kaggle_plate_license_recognition/test/130_0041_jpg.rf.5d8c6808060a6201635706073a0500a8.jpg,640,640,1,REAL,TRAIN_ONLY,license_plate,reject_plate_or_ocr_crop
kaggle_plate_license_recognition,130_0041_jpg,test,130_0041_jpg.rf.d9989113633fbb8e0d7f55458799eba6.jpg,AI/PlateDetector/datasets/raw/kaggle_plate_license_recognition/test/130_0041_jpg.rf.d9989113633fbb8e0d7f55458799eba6.jpg,640,640,3,REAL,TRAIN_ONLY,license_plate,reject_mosaic_collage
kaggle_plate_license_recognition,130_0042_jpg,valid,130_0042_jpg.rf.1ef9124192180e8cd908c884fa2b8d30.jpg,AI/PlateDetector/datasets/raw/kaggle_plate_license_recognition/valid/130_0042_jpg.rf.1ef9124192180e8cd908c884fa2b8d30.jpg,640,640,1,REAL,TRAIN_ONLY,license_plate,reject_plate_or_ocr_crop
kaggle_plate_license_recognition,130_0043_jpg,train,130_0043_jpg.rf.473e755ff22060730814c57db4bb3ab3.jpg,AI/PlateDetector/datasets/raw/kaggle_plate_license_recognition/train/130_0043_jpg.rf.473e755ff22060730814c57db4bb3ab3.jpg,640,640,4,REAL,TRAIN_ONLY,license_plate,reject_mosaic_collage
kaggle_plate_license_recognition,130_0043_jpg,valid,130_0043_jpg.rf.912e7a149aef308ffe8cedbd0810f5a6.jpg,AI/PlateDetector/datasets/raw/kaggle_plate_license_recognition/valid/130_0043_jpg.rf.912e7a149aef308ffe8cedbd0810f5a6.jpg,640,640,1,REAL,TRAIN_ONLY,license_plate,reject_plate_or_ocr_crop
kaggle_plate_license_recognition,130_0044_jpg,train,130_0044_jpg.rf.e100b9c5f7124f453d146cf6785f9210.jpg,AI/PlateDetector/datasets/raw/kaggle_plate_license_recognition/train/130_0044_jpg.rf.e100b9c5f7124f453d146cf6785f9210.jpg,640,640,1,REAL,TRAIN_ONLY,license_plate,reject_plate_or_ocr_crop
kaggle_plate_license_recognition,130_0047_jpg,train,130_0047_jpg.rf.bd157cb2464c3b69a675dd1d13ba52a2.jpg,AI/PlateDetector/datasets/raw/kaggle_plate_license_recognition/train/130_0047_jpg.rf.bd157cb2464c3b69a675dd1d13ba52a2.jpg,640,640,4,REAL,TRAIN_ONLY,license_plate,reject_mosaic_collage
kaggle_plate_license_recognition,130_0049_jpg,train,130_0049_jpg.rf.4a04e6d7d54c97015f5fe88cf08e49fe.jpg,AI/PlateDetector/datasets/raw/kaggle_plate_license_recognition/train/130_0049_jpg.rf.4a04e6d7d54c97015f5fe88cf08e49fe.jpg,640,640,2,REAL,TRAIN_ONLY,license_plate,reject_mosaic_collage
kaggle_plate_license_recognition,130_0049_jpg,train,130_0049_jpg.rf.83183a1a9df4a6e6c423068cdb0aad24.jpg,AI/PlateDetector/datasets/raw/kaggle_plate_license_recognition/train/130_0049_jpg.rf.83183a1a9df4a6e6c423068cdb0aad24.jpg,640,640,2,REAL,TRAIN_ONLY,license_plate,reject_mosaic_collage
kaggle_plate_license_recognition,130_0052_jpg,train,130_0052_jpg.rf.18a66711a0939542cabaa62f2e7a495b.jpg,AI/PlateDetector/datasets/raw/kaggle_plate_license_recognition/train/130_0052_jpg.rf.18a66711a0939542cabaa62f2e7a495b.jpg,640,640,1,REAL,TRAIN_ONLY,license_plate,reject_plate_or_ocr_crop
kaggle_plate_license_recognition,130_0056_jpg,train,130_0056_jpg.rf.786ee8e36b161fc57898d72c9c89af52.jpg,AI/PlateDetector/datasets/raw/kaggle_plate_license_recognition/train/130_0056_jpg.rf.786ee8e36b161fc57898d72c9c89af52.jpg,640,640,1,REAL,TRAIN_ONLY,license_plate,accepted_training_positive
kaggle_plate_license_recognition,130_0056_jpg,valid,130_0056_jpg.rf.8b307e37488ec2a2f58b65fbb3696ae7.jpg,AI/PlateDetector/datasets/raw/kaggle_plate_license_recognition/valid/130_0056_jpg.rf.8b307e37488ec2a2f58b65fbb3696ae7.jpg,640,640,2,REAL,TRAIN_ONLY,license_plate,reject_mosaic_collage
kaggle_plate_license_recognition,1366_5212_jpg,train,1366_5212_jpg.rf.4d9d6667727e7c50bbba78ac19168e8b.jpg,AI/PlateDetector/datasets/raw/kaggle_plate_license_recognition/train/1366_5212_jpg.rf.4d9d6667727e7c50bbba78ac19168e8b.jpg,640,640,1,REAL,TRAIN_ONLY,license_plate,reject_plate_or_ocr_crop
kaggle_plate_license_recognition,1366_5212_jpg,test,1366_5212_jpg.rf.7f67aca47a38481914c061f68b3d63b8.jpg,AI/PlateDetector/datasets/raw/kaggle_plate_license_recognition/test/1366_5212_jpg.rf.7f67aca47a38481914c061f68b3d63b8.jpg,640,640,1,REAL,TRAIN_ONLY,license_plate,reject_plate_or_ocr_crop
kaggle_plate_license_recognition,13_JPG_jpg,train,13_JPG_jpg.rf.434be95108eb05bf05e3e074676d5da2.jpg,AI/PlateDetector/datasets/raw/kaggle_plate_license_recognition/train/13_JPG_jpg.rf.434be95108eb05bf05e3e074676d5da2.jpg,640,640,1,REAL,TRAIN_ONLY,license_plate,reject_plate_or_ocr_crop
kaggle_plate_license_recognition,13_JPG_jpg,train,13_JPG_jpg.rf.5b9efd86d77ce602783e9a25dba1da25.jpg,AI/PlateDetector/datasets/raw/kaggle_plate_license_recognition/train/13_JPG_jpg.rf.5b9efd86d77ce602783e9a25dba1da25.jpg,640,640,1,REAL,TRAIN_ONLY,license_plate,reject_plate_or_ocr_crop
kaggle_plate_license_recognition,14e7131592f6e5214_jpg,train,14e7131592f6e5214_jpg.rf.0eaf64354be82996d52688bbe260d00a.jpg,AI/PlateDetector/datasets/raw/kaggle_plate_license_recognition/train/14e7131592f6e5214_jpg.rf.0eaf64354be82996d52688bbe260d00a.jpg,640,640,1,REAL,TRAIN_ONLY,license_plate,reject_plate_or_ocr_crop
kaggle_plate_license_recognition,14e7131592f6e5214_jpg,train,14e7131592f6e5214_jpg.rf.40569645617c7154f15dbd84a39a28b0.jpg,AI/PlateDetector/datasets/raw/kaggle_plate_license_recognition/train/14e7131592f6e5214_jpg.rf.40569645617c7154f15dbd84a39a28b0.jpg,640,640,1,REAL,TRAIN_ONLY,license_plate,reject_plate_or_ocr_crop
kaggle_plate_license_recognition,14e7131592f6e5214_jpg,valid,14e7131592f6e5214_jpg.rf.55e4fedc1aaded147c53f6b632f5b156.jpg,AI/PlateDetector/datasets/raw/kaggle_plate_license_recognition/valid/14e7131592f6e5214_jpg.rf.55e4fedc1aaded147c53f6b632f5b156.jpg,640,640,1,REAL,TRAIN_ONLY,license_plate,reject_plate_or_ocr_crop
kaggle_plate_license_recognition,15_JPG_jpg,train,15_JPG_jpg.rf.8e1ec40add6b34b6a66cf4998be4ffc1.jpg,AI/PlateDetector/datasets/raw/kaggle_plate_license_recognition/train/15_JPG_jpg.rf.8e1ec40add6b34b6a66cf4998be4ffc1.jpg,640,640,1,REAL,TRAIN_ONLY,license_plate,reject_plate_or_ocr_crop
kaggle_plate_license_recognition,15a6fbbb17c67ee3_jpg,train,15a6fbbb17c67ee3_jpg.rf.2aa4f490ed01fa1c5122086f040a762d.jpg,AI/PlateDetector/datasets/raw/kaggle_plate_license_recognition/train/15a6fbbb17c67ee3_jpg.rf.2aa4f490ed01fa1c5122086f040a762d.jpg,640,640,1,REAL,TRAIN_ONLY,license_plate,reject_plate_or_ocr_crop
kaggle_plate_license_recognition,15f91494a2400c1f_jpg,valid,15f91494a2400c1f_jpg.rf.e51215aafa1c2097f4e38e3d32fb0acd.jpg,AI/PlateDetector/datasets/raw/kaggle_plate_license_recognition/valid/15f91494a2400c1f_jpg.rf.e51215aafa1c2097f4e38e3d32fb0acd.jpg,640,640,1,REAL,TRAIN_ONLY,license_plate,reject_plate_or_ocr_crop
kaggle_plate_license_recognition,16f8ea04bafc8e13_jpg,train,16f8ea04bafc8e13_jpg.rf.19196ea5d648f86b83376eeb28e993a2.jpg,AI/PlateDetector/datasets/raw/kaggle_plate_license_recognition/train/16f8ea04bafc8e13_jpg.rf.19196ea5d648f86b83376eeb28e993a2.jpg,640,640,1,REAL,TRAIN_ONLY,license_plate,reject_plate_or_ocr_crop
kaggle_plate_license_recognition,16f8ea04bafc8e13_jpg,train,16f8ea04bafc8e13_jpg.rf.6723c8e05a4abdb9f71a96097a1284c6.jpg,AI/PlateDetector/datasets/raw/kaggle_plate_license_recognition/train/16f8ea04bafc8e13_jpg.rf.6723c8e05a4abdb9f71a96097a1284c6.jpg,640,640,1,REAL,TRAIN_ONLY,license_plate,reject_plate_or_ocr_crop
kaggle_plate_license_recognition,1748b273998217d33_jpg,train,1748b273998217d33_jpg.rf.8fe532fdb4a2b9bb430c903ce382b56c.jpg,AI/PlateDetector/datasets/raw/kaggle_plate_license_recognition/train/1748b273998217d33_jpg.rf.8fe532fdb4a2b9bb430c903ce382b56c.jpg,640,640,1,REAL,TRAIN_ONLY,license_plate,reject_plate_or_ocr_crop
kaggle_plate_license_recognition,178910e402ae8caf_jpg,train,178910e402ae8caf_jpg.rf.b0735e21d09166f280dc4bbc3d3e1de0.jpg,AI/PlateDetector/datasets/raw/kaggle_plate_license_recognition/train/178910e402ae8caf_jpg.rf.b0735e21d09166f280dc4bbc3d3e1de0.jpg,640,640,1,REAL,TRAIN_ONLY,license_plate,reject_plate_or_ocr_crop
kaggle_plate_license_recognition,17b9eb3b18a86ac4_jpg,train,17b9eb3b18a86ac4_jpg.rf.7c421b3f65fe8c3329d580c27275bae7.jpg,AI/PlateDetector/datasets/raw/kaggle_plate_license_recognition/train/17b9eb3b18a86ac4_jpg.rf.7c421b3f65fe8c3329d580c27275bae7.jpg,640,640,1,REAL,TRAIN_ONLY,license_plate,reject_plate_or_ocr_crop
kaggle_plate_license_recognition,17cceae78dbeff46_jpg,test,17cceae78dbeff46_jpg.rf.41c64446902c74ca2fd98462ab5e450a.jpg,AI/PlateDetector/datasets/raw/kaggle_plate_license_recognition/test/17cceae78dbeff46_jpg.rf.41c64446902c74ca2fd98462ab5e450a.jpg,640,640,1,REAL,TRAIN_ONLY,license_plate,reject_plate_or_ocr_crop
kaggle_plate_license_recognition,17cceae78dbeff46_jpg,test,17cceae78dbeff46_jpg.rf.99c23672eb8cbfe631ba91dc68d4d6f0.jpg,AI/PlateDetector/datasets/raw/kaggle_plate_license_recognition/test/17cceae78dbeff46_jpg.rf.99c23672eb8cbfe631ba91dc68d4d6f0.jpg,640,640,1,REAL,TRAIN_ONLY,license_plate,reject_plate_or_ocr_crop
kaggle_plate_license_recognition,182c66d744f0f930_jpg,train,182c66d744f0f930_jpg.rf.c826baf326e3740e56847667bfe1458c.jpg,AI/PlateDetector/datasets/raw/kaggle_plate_license_recognition/train/182c66d744f0f930_jpg.rf.c826baf326e3740e56847667bfe1458c.jpg,640,640,1,REAL,TRAIN_ONLY,license_plate,reject_plate_or_ocr_crop
kaggle_plate_license_recognition,19c66ebb43651480_jpg,train,19c66ebb43651480_jpg.rf.c7c76ed0a8eaec856b35921b0b711cb8.jpg,AI/PlateDetector/datasets/raw/kaggle_plate_license_recognition/train/19c66ebb43651480_jpg.rf.c7c76ed0a8eaec856b35921b0b711cb8.jpg,640,640,1,REAL,TRAIN_ONLY,license_plate,reject_plate_or_ocr_crop
kaggle_plate_license_recognition,19de08ab37bf6dae2_jpg,train,19de08ab37bf6dae2_jpg.rf.4d25c92b648076bfa48cd9e78aa1a7c9.jpg,AI/PlateDetector/datasets/raw/kaggle_plate_license_recognition/train/19de08ab37bf6dae2_jpg.rf.4d25c92b648076bfa48cd9e78aa1a7c9.jpg,640,640,1,REAL,TRAIN_ONLY,license_plate,reject_plate_or_ocr_crop
kaggle_plate_license_recognition,19de08ab37bf6dae2_jpg,train,19de08ab37bf6dae2_jpg.rf.96f5725f129525cf509021df64c1ed7d.jpg,AI/PlateDetector/datasets/raw/kaggle_plate_license_recognition/train/19de08ab37bf6dae2_jpg.rf.96f5725f129525cf509021df64c1ed7d.jpg,640,640,1,REAL,TRAIN_ONLY,license_plate,reject_plate_or_ocr_crop
kaggle_plate_license_recognition,19gl841j49na1_jpg,train,19gl841j49na1_jpg.rf.81ef1b3a910bb70705d855eae397688c.jpg,AI/PlateDetector/datasets/raw/kaggle_plate_license_recognition/train/19gl841j49na1_jpg.rf.81ef1b3a910bb70705d855eae397688c.jpg,640,640,1,REAL,TRAIN_ONLY,license_plate,accepted_training_positive
kaggle_plate_license_recognition,19gl841j49na1_jpg,test,19gl841j49na1_jpg.rf.86c8c9bd121e02c01bd6ae33ec81800f.jpg,AI/PlateDetector/datasets/raw/kaggle_plate_license_recognition/test/19gl841j49na1_jpg.rf.86c8c9bd121e02c01bd6ae33ec81800f.jpg,640,640,1,REAL,TRAIN_ONLY,license_plate,accepted_training_positive
kaggle_plate_license_recognition,19gl841j49na1_jpg,train,19gl841j49na1_jpg.rf.d383dc8fa8c187046aef36227c5c0cf0.jpg,AI/PlateDetector/datasets/raw/kaggle_plate_license_recognition/train/19gl841j49na1_jpg.rf.d383dc8fa8c187046aef36227c5c0cf0.jpg,640,640,4,REAL,TRAIN_ONLY,license_plate,reject_mosaic_collage
kaggle_plate_license_recognition,1b311a22d440a1952_jpg,valid,1b311a22d440a1952_jpg.rf.8dbc5084ffb2547d3e9623cbd566c3cd.jpg,AI/PlateDetector/datasets/raw/kaggle_plate_license_recognition/valid/1b311a22d440a1952_jpg.rf.8dbc5084ffb2547d3e9623cbd566c3cd.jpg,640,640,1,REAL,TRAIN_ONLY,license_plate,reject_plate_or_ocr_crop
kaggle_plate_license_recognition,1bf38d56ef2b80ac_jpg,valid,1bf38d56ef2b80ac_jpg.rf.a373b3a29da58a126db04e75ddee1e40.jpg,AI/PlateDetector/datasets/raw/kaggle_plate_license_recognition/valid/1bf38d56ef2b80ac_jpg.rf.a373b3a29da58a126db04e75ddee1e40.jpg,640,640,1,REAL,TRAIN_ONLY,license_plate,reject_plate_or_ocr_crop
kaggle_plate_license_recognition,1c8a75de9611dfb23_jpg,train,1c8a75de9611dfb23_jpg.rf.a6746381c96c0e8332b7eee127083549.jpg,AI/PlateDetector/datasets/raw/kaggle_plate_license_recognition/train/1c8a75de9611dfb23_jpg.rf.a6746381c96c0e8332b7eee127083549.jpg,640,640,1,REAL,TRAIN_ONLY,license_plate,reject_plate_or_ocr_crop
kaggle_plate_license_recognition,1e85c9b874a607eb_jpg,valid,1e85c9b874a607eb_jpg.rf.d5990abe5ee25535891a94cf11f58e36.jpg,AI/PlateDetector/datasets/raw/kaggle_plate_license_recognition/valid/1e85c9b874a607eb_jpg.rf.d5990abe5ee25535891a94cf11f58e36.jpg,640,640,1,REAL,TRAIN_ONLY,license_plate,reject_plate_or_ocr_crop
kaggle_plate_license_recognition,1f0b5ba19d2b8cb42_jpg,train,1f0b5ba19d2b8cb42_jpg.rf.09b7aff8fc6563e8332eeb5ad5b3936c.jpg,AI/PlateDetector/datasets/raw/kaggle_plate_license_recognition/train/1f0b5ba19d2b8cb42_jpg.rf.09b7aff8fc6563e8332eeb5ad5b3936c.jpg,640,640,1,REAL,TRAIN_ONLY,license_plate,reject_plate_or_ocr_crop
kaggle_plate_license_recognition,1f0b5ba19d2b8cb42_jpg,train,1f0b5ba19d2b8cb42_jpg.rf.0c2760b67299222b798e0d769a53b6a9.jpg,AI/PlateDetector/datasets/raw/kaggle_plate_license_recognition/train/1f0b5ba19d2b8cb42_jpg.rf.0c2760b67299222b798e0d769a53b6a9.jpg,640,640,1,REAL,TRAIN_ONLY,license_plate,reject_plate_or_ocr_crop
kaggle_plate_license_recognition,1f0b5ba19d2b8cb42_jpg,train,1f0b5ba19d2b8cb42_jpg.rf.35ddd0242bec05d0db0f8089239a45f5.jpg,AI/PlateDetector/datasets/raw/kaggle_plate_license_recognition/train/1f0b5ba19d2b8cb42_jpg.rf.35ddd0242bec05d0db0f8089239a45f5.jpg,640,640,1,REAL,TRAIN_ONLY,license_plate,reject_plate_or_ocr_crop
kaggle_plate_license_recognition,1k9uinoun9ha1_jpg,test,1k9uinoun9ha1_jpg.rf.1a35ac65df068a9c0da71a0edc88d714.jpg,AI/PlateDetector/datasets/raw/kaggle_plate_license_recognition/test/1k9uinoun9ha1_jpg.rf.1a35ac65df068a9c0da71a0edc88d714.jpg,640,640,1,REAL,TRAIN_ONLY,license_plate,accepted_training_positive
kaggle_plate_license_recognition,1msfk054tmha1_jpg,valid,1msfk054tmha1_jpg.rf.00ae3d7fda306471fa32007f4e3e6b95.jpg,AI/PlateDetector/datasets/raw/kaggle_plate_license_recognition/valid/1msfk054tmha1_jpg.rf.00ae3d7fda306471fa32007f4e3e6b95.jpg,640,640,1,REAL,TRAIN_ONLY,license_plate,accepted_training_positive
kaggle_plate_license_recognition,1msfk054tmha1_jpg,train,1msfk054tmha1_jpg.rf.3f834802e60f7f1360a46a6175cfd021.jpg,AI/PlateDetector/datasets/raw/kaggle_plate_license_recognition/train/1msfk054tmha1_jpg.rf.3f834802e60f7f1360a46a6175cfd021.jpg,640,640,4,REAL,TRAIN_ONLY,license_plate,reject_mosaic_collage
kaggle_plate_license_recognition,1msfk054tmha1_jpg,test,1msfk054tmha1_jpg.rf.884c53ba7f26c2ee8713a054595c5fb5.jpg,AI/PlateDetector/datasets/raw/kaggle_plate_license_recognition/test/1msfk054tmha1_jpg.rf.884c53ba7f26c2ee8713a054595c5fb5.jpg,640,640,1,REAL,TRAIN_ONLY,license_plate,accepted_training_positive
kaggle_plate_license_recognition,1msfk054tmha1_jpg,train,1msfk054tmha1_jpg.rf.9cb38f229334e3bdf45f83b5be481023.jpg,AI/PlateDetector/datasets/raw/kaggle_plate_license_recognition/train/1msfk054tmha1_jpg.rf.9cb38f229334e3bdf45f83b5be481023.jpg,640,640,1,REAL,TRAIN_ONLY,license_plate,accepted_training_positive
kaggle_plate_license_recognition,1msfk054tmha1_jpg,test,1msfk054tmha1_jpg.rf.c86cb6aeda4751c456059cc351cbff74.jpg,AI/PlateDetector/datasets/raw/kaggle_plate_license_recognition/test/1msfk054tmha1_jpg.rf.c86cb6aeda4751c456059cc351cbff74.jpg,640,640,1,REAL,TRAIN_ONLY,license_plate,accepted_training_positive
kaggle_plate_license_recognition,1msfk054tmha1_jpg,train,1msfk054tmha1_jpg.rf.cd7b8d3166457767fbdfa0a8db449467.jpg,AI/PlateDetector/datasets/raw/kaggle_plate_license_recognition/train/1msfk054tmha1_jpg.rf.cd7b8d3166457767fbdfa0a8db449467.jpg,640,640,1,REAL,TRAIN_ONLY,license_plate,accepted_training_positive
kaggle_plate_license_recognition,1qbox1dtstna1_jpg,valid,1qbox1dtstna1_jpg.rf.2b2773da3674e585d328f5a0dfb820d6.jpg,AI/PlateDetector/datasets/raw/kaggle_plate_license_recognition/valid/1qbox1dtstna1_jpg.rf.2b2773da3674e585d328f5a0dfb820d6.jpg,640,640,1,REAL,TRAIN_ONLY,license_plate,accepted_training_positive
kaggle_plate_license_recognition,1qbox1dtstna1_jpg,train,1qbox1dtstna1_jpg.rf.dc182a75e148499902838f0d295b2481.jpg,AI/PlateDetector/datasets/raw/kaggle_plate_license_recognition/train/1qbox1dtstna1_jpg.rf.dc182a75e148499902838f0d295b2481.jpg,640,640,5,REAL,TRAIN_ONLY,license_plate,reject_mosaic_collage
kaggle_plate_license_recognition,1uvkqab6fmha1_jpg,train,1uvkqab6fmha1_jpg.rf.3882211d66405762b47a9c46f6b65d81.jpg,AI/PlateDetector/datasets/raw/kaggle_plate_license_recognition/train/1uvkqab6fmha1_jpg.rf.3882211d66405762b47a9c46f6b65d81.jpg,640,640,1,REAL,TRAIN_ONLY,license_plate,accepted_training_positive
kaggle_plate_license_recognition,1uvkqab6fmha1_jpg,train,1uvkqab6fmha1_jpg.rf.6558f2287bb448e993e195de79fece22.jpg,AI/PlateDetector/datasets/raw/kaggle_plate_license_recognition/train/1uvkqab6fmha1_jpg.rf.6558f2287bb448e993e195de79fece22.jpg,640,640,3,REAL,TRAIN_ONLY,license_plate,reject_mosaic_collage
kaggle_plate_license_recognition,200cc83349a73f1f_jpg,train,200cc83349a73f1f_jpg.rf.4307e5ec2d81a15a9bdd4a44217929f9.jpg,AI/PlateDetector/datasets/raw/kaggle_plate_license_recognition/train/200cc83349a73f1f_jpg.rf.4307e5ec2d81a15a9bdd4a44217929f9.jpg,640,640,1,REAL,TRAIN_ONLY,license_plate,reject_plate_or_ocr_crop
kaggle_plate_license_recognition,200cc83349a73f1f_jpg,valid,200cc83349a73f1f_jpg.rf.4e4e386a6e7603bf0210f70010a2e499.jpg,AI/PlateDetector/datasets/raw/kaggle_plate_license_recognition/valid/200cc83349a73f1f_jpg.rf.4e4e386a6e7603bf0210f70010a2e499.jpg,640,640,1,REAL,TRAIN_ONLY,license_plate,reject_plate_or_ocr_crop
kaggle_plate_license_recognition,200cc83349a73f1f_jpg,valid,200cc83349a73f1f_jpg.rf.55a75b1d81bdca04013f7843c6f2f4d7.jpg,AI/PlateDetector/datasets/raw/kaggle_plate_license_recognition/valid/200cc83349a73f1f_jpg.rf.55a75b1d81bdca04013f7843c6f2f4d7.jpg,640,640,1,REAL,TRAIN_ONLY,license_plate,reject_plate_or_ocr_crop
kaggle_plate_license_recognition,2019021812391284914_jpg,train,2019021812391284914_jpg.rf.f281e10d2273490f30940a3ffbfb3683.jpg,AI/PlateDetector/datasets/raw/kaggle_plate_license_recognition/train/2019021812391284914_jpg.rf.f281e10d2273490f30940a3ffbfb3683.jpg,640,640,1,REAL,TRAIN_ONLY,license_plate,reject_plate_or_ocr_crop
kaggle_plate_license_recognition,204afbec912e51b82_jpg,train,204afbec912e51b82_jpg.rf.36b84364d1a17da97803734b1097f117.jpg,AI/PlateDetector/datasets/raw/kaggle_plate_license_recognition/train/204afbec912e51b82_jpg.rf.36b84364d1a17da97803734b1097f117.jpg,640,640,1,REAL,TRAIN_ONLY,license_plate,reject_plate_or_ocr_crop
kaggle_plate_license_recognition,204afbec912e51b8_jpg,valid,204afbec912e51b8_jpg.rf.0bc5e995bfcb1b875e0027668054952e.jpg,AI/PlateDetector/datasets/raw/kaggle_plate_license_recognition/valid/204afbec912e51b8_jpg.rf.0bc5e995bfcb1b875e0027668054952e.jpg,640,640,1,REAL,TRAIN_ONLY,license_plate,reject_plate_or_ocr_crop
kaggle_plate_license_recognition,204afbec912e51b8_jpg,valid,204afbec912e51b8_jpg.rf.50d402c89f3c793f66070e3b2c3b616f.jpg,AI/PlateDetector/datasets/raw/kaggle_plate_license_recognition/valid/204afbec912e51b8_jpg.rf.50d402c89f3c793f66070e3b2c3b616f.jpg,640,640,1,REAL,TRAIN_ONLY,license_plate,reject_plate_or_ocr_crop
kaggle_plate_license_recognition,204afbec912e51b8_jpg,train,204afbec912e51b8_jpg.rf.db2a4187fc7db1f3e7edbecfb6653fc1.jpg,AI/PlateDetector/datasets/raw/kaggle_plate_license_recognition/train/204afbec912e51b8_jpg.rf.db2a4187fc7db1f3e7edbecfb6653fc1.jpg,640,640,1,REAL,TRAIN_ONLY,license_plate,reject_plate_or_ocr_crop
kaggle_plate_license_recognition,206e46d7f7618d64_jpg,train,206e46d7f7618d64_jpg.rf.c4e9f716a55c71261959165abd6c8cb4.jpg,AI/PlateDetector/datasets/raw/kaggle_plate_license_recognition/train/206e46d7f7618d64_jpg.rf.c4e9f716a55c71261959165abd6c8cb4.jpg,640,640,1,REAL,TRAIN_ONLY,license_plate,reject_plate_or_ocr_crop
kaggle_plate_license_recognition,2188390e889587ae_jpg,train,2188390e889587ae_jpg.rf.b0bd7daa66c29d5f7e40602648d08864.jpg,AI/PlateDetector/datasets/raw/kaggle_plate_license_recognition/train/2188390e889587ae_jpg.rf.b0bd7daa66c29d5f7e40602648d08864.jpg,640,640,1,REAL,TRAIN_ONLY,license_plate,reject_plate_or_ocr_crop
kaggle_plate_license_recognition,2188390e889587ae_jpg,train,2188390e889587ae_jpg.rf.b9abdb3847981cdf7b1a0471c1557c12.jpg,AI/PlateDetector/datasets/raw/kaggle_plate_license_recognition/train/2188390e889587ae_jpg.rf.b9abdb3847981cdf7b1a0471c1557c12.jpg,640,640,1,REAL,TRAIN_ONLY,license_plate,reject_plate_or_ocr_crop
kaggle_plate_license_recognition,2190dbba242efd0f_jpg,valid,2190dbba242efd0f_jpg.rf.1cee4de6f5c3c2d0621ff7e8cc9e76c7.jpg,AI/PlateDetector/datasets/raw/kaggle_plate_license_recognition/valid/2190dbba242efd0f_jpg.rf.1cee4de6f5c3c2d0621ff7e8cc9e76c7.jpg,640,640,1,REAL,TRAIN_ONLY,license_plate,reject_plate_or_ocr_crop
kaggle_plate_license_recognition,2190dbba242efd0f_jpg,test,2190dbba242efd0f_jpg.rf.998d00b01fc5406a17d7dc5c550c8f5b.jpg,AI/PlateDetector/datasets/raw/kaggle_plate_license_recognition/test/2190dbba242efd0f_jpg.rf.998d00b01fc5406a17d7dc5c550c8f5b.jpg,640,640,1,REAL,TRAIN_ONLY,license_plate,reject_plate_or_ocr_crop
kaggle_plate_license_recognition,21debc3dc31a9b3c_jpg,valid,21debc3dc31a9b3c_jpg.rf.417ed5ab5d1e59ab1ed1b9fe1ab19dd5.jpg,AI/PlateDetector/datasets/raw/kaggle_plate_license_recognition/valid/21debc3dc31a9b3c_jpg.rf.417ed5ab5d1e59ab1ed1b9fe1ab19dd5.jpg,640,640,1,REAL,TRAIN_ONLY,license_plate,reject_plate_or_ocr_crop
kaggle_plate_license_recognition,21f39a1828e9f534_jpg,valid,21f39a1828e9f534_jpg.rf.66c723f1aa525f10bbcce618fdfc76e2.jpg,AI/PlateDetector/datasets/raw/kaggle_plate_license_recognition/valid/21f39a1828e9f534_jpg.rf.66c723f1aa525f10bbcce618fdfc76e2.jpg,640,640,1,REAL,TRAIN_ONLY,license_plate,reject_plate_or_ocr_crop
kaggle_plate_license_recognition,21x4z3qcxmfa1_jpg,train,21x4z3qcxmfa1_jpg.rf.2184f83113048608edcb545b89136371.jpg,AI/PlateDetector/datasets/raw/kaggle_plate_license_recognition/train/21x4z3qcxmfa1_jpg.rf.2184f83113048608edcb545b89136371.jpg,640,640,1,REAL,TRAIN_ONLY,license_plate,accepted_training_positive
kaggle_plate_license_recognition,21x4z3qcxmfa1_jpg,train,21x4z3qcxmfa1_jpg.rf.2f2d67461215588f4d9abe6a1f3e7cc9.jpg,AI/PlateDetector/datasets/raw/kaggle_plate_license_recognition/train/21x4z3qcxmfa1_jpg.rf.2f2d67461215588f4d9abe6a1f3e7cc9.jpg,640,640,1,REAL,TRAIN_ONLY,license_plate,accepted_training_positive
kaggle_plate_license_recognition,21x4z3qcxmfa1_jpg,train,21x4z3qcxmfa1_jpg.rf.45da9745509e76768a40ab78a5667945.jpg,AI/PlateDetector/datasets/raw/kaggle_plate_license_recognition/train/21x4z3qcxmfa1_jpg.rf.45da9745509e76768a40ab78a5667945.jpg,640,640,1,REAL,TRAIN_ONLY,license_plate,accepted_training_positive
kaggle_plate_license_recognition,21x4z3qcxmfa1_jpg,train,21x4z3qcxmfa1_jpg.rf.ab8da8707112a3ada0d52657263e3522.jpg,AI/PlateDetector/datasets/raw/kaggle_plate_license_recognition/train/21x4z3qcxmfa1_jpg.rf.ab8da8707112a3ada0d52657263e3522.jpg,640,640,3,REAL,TRAIN_ONLY,license_plate,reject_mosaic_collage
kaggle_plate_license_recognition,22deb87614a920e62_jpg,train,22deb87614a920e62_jpg.rf.c09ca1d97a2699448c2d2c066b10cea2.jpg,AI/PlateDetector/datasets/raw/kaggle_plate_license_recognition/train/22deb87614a920e62_jpg.rf.c09ca1d97a2699448c2d2c066b10cea2.jpg,640,640,1,REAL,TRAIN_ONLY,license_plate,reject_plate_or_ocr_crop
kaggle_plate_license_recognition,23094dc0fb0202ad3_jpg,train,23094dc0fb0202ad3_jpg.rf.899714522a4a808cdf9e8a0881ef919b.jpg,AI/PlateDetector/datasets/raw/kaggle_plate_license_recognition/train/23094dc0fb0202ad3_jpg.rf.899714522a4a808cdf9e8a0881ef919b.jpg,640,640,1,REAL,TRAIN_ONLY,license_plate,reject_plate_or_ocr_crop
kaggle_plate_license_recognition,23094dc0fb0202ad3_jpg,train,23094dc0fb0202ad3_jpg.rf.96ac70240cca8bc33c1f2429445fd934.jpg,AI/PlateDetector/datasets/raw/kaggle_plate_license_recognition/train/23094dc0fb0202ad3_jpg.rf.96ac70240cca8bc33c1f2429445fd934.jpg,640,640,1,REAL,TRAIN_ONLY,license_plate,reject_plate_or_ocr_crop
kaggle_plate_license_recognition,23e067be38ab1d132_jpg,train,23e067be38ab1d132_jpg.rf.6ed65965aa38721882ffb452c81b61cb.jpg,AI/PlateDetector/datasets/raw/kaggle_plate_license_recognition/train/23e067be38ab1d132_jpg.rf.6ed65965aa38721882ffb452c81b61cb.jpg,640,640,1,REAL,TRAIN_ONLY,license_plate,reject_plate_or_ocr_crop
kaggle_plate_license_recognition,244b79e1e29e152c_jpg,test,244b79e1e29e152c_jpg.rf.99c97503b1f48f3497bb890c5955f5d4.jpg,AI/PlateDetector/datasets/raw/kaggle_plate_license_recognition/test/244b79e1e29e152c_jpg.rf.99c97503b1f48f3497bb890c5955f5d4.jpg,640,640,1,REAL,TRAIN_ONLY,license_plate,reject_plate_or_ocr_crop
kaggle_plate_license_recognition,24c1fc0bf63da8153_jpg,valid,24c1fc0bf63da8153_jpg.rf.d22180a19068ce111ad8012abaf0e689.jpg,AI/PlateDetector/datasets/raw/kaggle_plate_license_recognition/valid/24c1fc0bf63da8153_jpg.rf.d22180a19068ce111ad8012abaf0e689.jpg,640,640,1,REAL,TRAIN_ONLY,license_plate,reject_plate_or_ocr_crop
kaggle_plate_license_recognition,258f7cc321f38fd1_jpg,train,258f7cc321f38fd1_jpg.rf.f29367392f07c8b3093ff1ca0e56b7de.jpg,AI/PlateDetector/datasets/raw/kaggle_plate_license_recognition/train/258f7cc321f38fd1_jpg.rf.f29367392f07c8b3093ff1ca0e56b7de.jpg,640,640,1,REAL,TRAIN_ONLY,license_plate,reject_plate_or_ocr_crop
kaggle_plate_license_recognition,26824b17ee478dd9_jpg,valid,26824b17ee478dd9_jpg.rf.0135a1c0b419eec5cafa38c2a86f3f0c.jpg,AI/PlateDetector/datasets/raw/kaggle_plate_license_recognition/valid/26824b17ee478dd9_jpg.rf.0135a1c0b419eec5cafa38c2a86f3f0c.jpg,640,640,1,REAL,TRAIN_ONLY,license_plate,reject_plate_or_ocr_crop
kaggle_plate_license_recognition,26836bb8230afdc3_jpg,train,26836bb8230afdc3_jpg.rf.a2c12444af7d358b87854db92a2d5e26.jpg,AI/PlateDetector/datasets/raw/kaggle_plate_license_recognition/train/26836bb8230afdc3_jpg.rf.a2c12444af7d358b87854db92a2d5e26.jpg,640,640,1,REAL,TRAIN_ONLY,license_plate,reject_plate_or_ocr_crop
kaggle_plate_license_recognition,26b93b15d7a5daf4_jpg,train,26b93b15d7a5daf4_jpg.rf.1ea21338976ec9a1850ce5e137a1a1b1.jpg,AI/PlateDetector/datasets/raw/kaggle_plate_license_recognition/train/26b93b15d7a5daf4_jpg.rf.1ea21338976ec9a1850ce5e137a1a1b1.jpg,640,640,1,REAL,TRAIN_ONLY,license_plate,reject_plate_or_ocr_crop
kaggle_plate_license_recognition,26c4446a0d22a969_jpg,test,26c4446a0d22a969_jpg.rf.50d05789249f875d5b50dff6d2c1154c.jpg,AI/PlateDetector/datasets/raw/kaggle_plate_license_recognition/test/26c4446a0d22a969_jpg.rf.50d05789249f875d5b50dff6d2c1154c.jpg,640,640,1,REAL,TRAIN_ONLY,license_plate,reject_plate_or_ocr_crop
kaggle_plate_license_recognition,279450e0720aaff0_jpg,train,279450e0720aaff0_jpg.rf.e15046965da72fdbbc6ddaa9d579ea68.jpg,AI/PlateDetector/datasets/raw/kaggle_plate_license_recognition/train/279450e0720aaff0_jpg.rf.e15046965da72fdbbc6ddaa9d579ea68.jpg,640,640,1,REAL,TRAIN_ONLY,license_plate,reject_plate_or_ocr_crop
kaggle_plate_license_recognition,27ce58684dfb54fc_jpg,train,27ce58684dfb54fc_jpg.rf.5d83c37bb6528442b6e6b279487a2b52.jpg,AI/PlateDetector/datasets/raw/kaggle_plate_license_recognition/train/27ce58684dfb54fc_jpg.rf.5d83c37bb6528442b6e6b279487a2b52.jpg,640,640,1,REAL,TRAIN_ONLY,license_plate,reject_plate_or_ocr_crop
kaggle_plate_license_recognition,27f1c036cde16edb_jpg,train,27f1c036cde16edb_jpg.rf.e7825eec04281099d20afd6b7df2793c.jpg,AI/PlateDetector/datasets/raw/kaggle_plate_license_recognition/train/27f1c036cde16edb_jpg.rf.e7825eec04281099d20afd6b7df2793c.jpg,640,640,1,REAL,TRAIN_ONLY,license_plate,reject_plate_or_ocr_crop
kaggle_plate_license_recognition,2845cf8d499dde6b2_jpg,valid,2845cf8d499dde6b2_jpg.rf.ffe0d92b6d284274510cbefe359a7f75.jpg,AI/PlateDetector/datasets/raw/kaggle_plate_license_recognition/valid/2845cf8d499dde6b2_jpg.rf.ffe0d92b6d284274510cbefe359a7f75.jpg,640,640,1,REAL,TRAIN_ONLY,license_plate,reject_plate_or_ocr_crop
kaggle_plate_license_recognition,28b404db192bc9d92_jpg,train,28b404db192bc9d92_jpg.rf.d0de70091edd2ee8e5167d6d7d2ef744.jpg,AI/PlateDetector/datasets/raw/kaggle_plate_license_recognition/train/28b404db192bc9d92_jpg.rf.d0de70091edd2ee8e5167d6d7d2ef744.jpg,640,640,1,REAL,TRAIN_ONLY,license_plate,reject_plate_or_ocr_crop
kaggle_plate_license_recognition,28c3e616ffdabbba_jpg,train,28c3e616ffdabbba_jpg.rf.3bf14ead3f58315ba0e6446c0148dd31.jpg,AI/PlateDetector/datasets/raw/kaggle_plate_license_recognition/train/28c3e616ffdabbba_jpg.rf.3bf14ead3f58315ba0e6446c0148dd31.jpg,640,640,1,REAL,TRAIN_ONLY,license_plate,reject_plate_or_ocr_crop
kaggle_plate_license_recognition,28c3e616ffdabbba_jpg,valid,28c3e616ffdabbba_jpg.rf.70f97c85fc3ac2fba1e1cae074ddc598.jpg,AI/PlateDetector/datasets/raw/kaggle_plate_license_recognition/valid/28c3e616ffdabbba_jpg.rf.70f97c85fc3ac2fba1e1cae074ddc598.jpg,640,640,1,REAL,TRAIN_ONLY,license_plate,reject_plate_or_ocr_crop
kaggle_plate_license_recognition,29bb36a378256c24_jpg,valid,29bb36a378256c24_jpg.rf.149e1958aa50f41b84ff0cd17ee793d4.jpg,AI/PlateDetector/datasets/raw/kaggle_plate_license_recognition/valid/29bb36a378256c24_jpg.rf.149e1958aa50f41b84ff0cd17ee793d4.jpg,640,640,1,REAL,TRAIN_ONLY,license_plate,reject_plate_or_ocr_crop
kaggle_plate_license_recognition,2ab4c6b99428d2822_jpg,train,2ab4c6b99428d2822_jpg.rf.8c8c95c9cbcd7032a4caca9f718a43c5.jpg,AI/PlateDetector/datasets/raw/kaggle_plate_license_recognition/train/2ab4c6b99428d2822_jpg.rf.8c8c95c9cbcd7032a4caca9f718a43c5.jpg,640,640,1,REAL,TRAIN_ONLY,license_plate,reject_plate_or_ocr_crop
kaggle_plate_license_recognition,2cf4a9a868d53231_jpg,valid,2cf4a9a868d53231_jpg.rf.45b7b3c0176408de27903d14f2ef62c4.jpg,AI/PlateDetector/datasets/raw/kaggle_plate_license_recognition/valid/2cf4a9a868d53231_jpg.rf.45b7b3c0176408de27903d14f2ef62c4.jpg,640,640,1,REAL,TRAIN_ONLY,license_plate,reject_plate_or_ocr_crop
kaggle_plate_license_recognition,2d2b3918691efd8c_jpg,test,2d2b3918691efd8c_jpg.rf.81521974597e919e082c2cc559dde4ad.jpg,AI/PlateDetector/datasets/raw/kaggle_plate_license_recognition/test/2d2b3918691efd8c_jpg.rf.81521974597e919e082c2cc559dde4ad.jpg,640,640,1,REAL,TRAIN_ONLY,license_plate,reject_plate_or_ocr_crop
kaggle_plate_license_recognition,2e507b1b576467b4_jpg,train,2e507b1b576467b4_jpg.rf.e692b1563489030b78fc65d99a47d7bb.jpg,AI/PlateDetector/datasets/raw/kaggle_plate_license_recognition/train/2e507b1b576467b4_jpg.rf.e692b1563489030b78fc65d99a47d7bb.jpg,640,640,1,REAL,TRAIN_ONLY,license_plate,reject_plate_or_ocr_crop
kaggle_plate_license_recognition,2f5553228ebcdc37_jpg,train,2f5553228ebcdc37_jpg.rf.0412398672b57c77c5afe794a8ab2750.jpg,AI/PlateDetector/datasets/raw/kaggle_plate_license_recognition/train/2f5553228ebcdc37_jpg.rf.0412398672b57c77c5afe794a8ab2750.jpg,640,640,1,REAL,TRAIN_ONLY,license_plate,reject_plate_or_ocr_crop
kaggle_plate_license_recognition,2f5553228ebcdc37_jpg,train,2f5553228ebcdc37_jpg.rf.a3b1658bccba7330669995e9731ecab6.jpg,AI/PlateDetector/datasets/raw/kaggle_plate_license_recognition/train/2f5553228ebcdc37_jpg.rf.a3b1658bccba7330669995e9731ecab6.jpg,640,640,1,REAL,TRAIN_ONLY,license_plate,reject_plate_or_ocr_crop
kaggle_plate_license_recognition,2fwtoshqayaa1_jpg,valid,2fwtoshqayaa1_jpg.rf.004a018847f59e4c7bdb412b255ff7d1.jpg,AI/PlateDetector/datasets/raw/kaggle_plate_license_recognition/valid/2fwtoshqayaa1_jpg.rf.004a018847f59e4c7bdb412b255ff7d1.jpg,640,640,4,REAL,TRAIN_ONLY,license_plate,reject_mosaic_collage
kaggle_plate_license_recognition,2fwtoshqayaa1_jpg,train,2fwtoshqayaa1_jpg.rf.85a217a52f4ad73425b896c371422deb.jpg,AI/PlateDetector/datasets/raw/kaggle_plate_license_recognition/train/2fwtoshqayaa1_jpg.rf.85a217a52f4ad73425b896c371422deb.jpg,640,640,1,REAL,TRAIN_ONLY,license_plate,accepted_training_positive
kaggle_plate_license_recognition,2qwexcctm9oa1_jpg,train,2qwexcctm9oa1_jpg.rf.23f8baf77ad6cf9da0651c9b412ccedd.jpg,AI/PlateDetector/datasets/raw/kaggle_plate_license_recognition/train/2qwexcctm9oa1_jpg.rf.23f8baf77ad6cf9da0651c9b412ccedd.jpg,640,640,1,REAL,TRAIN_ONLY,license_plate,accepted_training_positive
kaggle_plate_license_recognition,2qwexcctm9oa1_jpg,train,2qwexcctm9oa1_jpg.rf.52492e51cee969789d26ac2e6ff85a70.jpg,AI/PlateDetector/datasets/raw/kaggle_plate_license_recognition/train/2qwexcctm9oa1_jpg.rf.52492e51cee969789d26ac2e6ff85a70.jpg,640,640,1,REAL,TRAIN_ONLY,license_plate,accepted_training_positive
kaggle_plate_license_recognition,2qwexcctm9oa1_jpg,train,2qwexcctm9oa1_jpg.rf.b81b21110fe3c7150803b92edf64aec2.jpg,AI/PlateDetector/datasets/raw/kaggle_plate_license_recognition/train/2qwexcctm9oa1_jpg.rf.b81b21110fe3c7150803b92edf64aec2.jpg,640,640,1,REAL,TRAIN_ONLY,license_plate,accepted_training_positive
kaggle_plate_license_recognition,2wrrbogu87la1_jpg,train,2wrrbogu87la1_jpg.rf.17df49fd9f8f11d1343f2c81a9b8bf94.jpg,AI/PlateDetector/datasets/raw/kaggle_plate_license_recognition/train/2wrrbogu87la1_jpg.rf.17df49fd9f8f11d1343f2c81a9b8bf94.jpg,640,640,1,REAL,TRAIN_ONLY,license_plate,accepted_training_positive
kaggle_plate_license_recognition,2wrrbogu87la1_jpg,test,2wrrbogu87la1_jpg.rf.515a6f4a3ed2ef2423fec12558957bb4.jpg,AI/PlateDetector/datasets/raw/kaggle_plate_license_recognition/test/2wrrbogu87la1_jpg.rf.515a6f4a3ed2ef2423fec12558957bb4.jpg,640,640,1,REAL,TRAIN_ONLY,license_plate,accepted_training_positive
kaggle_plate_license_recognition,2wrrbogu87la1_jpg,train,2wrrbogu87la1_jpg.rf.b1e2992f29081cd03306e6e4a22f9589.jpg,AI/PlateDetector/datasets/raw/kaggle_plate_license_recognition/train/2wrrbogu87la1_jpg.rf.b1e2992f29081cd03306e6e4a22f9589.jpg,640,640,1,REAL,TRAIN_ONLY,license_plate,accepted_training_positive
kaggle_plate_license_recognition,2xzi19udwjba1_jpg,valid,2xzi19udwjba1_jpg.rf.5396f58bd0f0d7d7984a3b89946f4892.jpg,AI/PlateDetector/datasets/raw/kaggle_plate_license_recognition/valid/2xzi19udwjba1_jpg.rf.5396f58bd0f0d7d7984a3b89946f4892.jpg,640,640,1,REAL,TRAIN_ONLY,license_plate,accepted_training_positive
kaggle_plate_license_recognition,2xzi19udwjba1_jpg,train,2xzi19udwjba1_jpg.rf.58457079b1cd4071bae4252f1082b93c.jpg,AI/PlateDetector/datasets/raw/kaggle_plate_license_recognition/train/2xzi19udwjba1_jpg.rf.58457079b1cd4071bae4252f1082b93c.jpg,640,640,1,REAL,TRAIN_ONLY,license_plate,accepted_training_positive
kaggle_plate_license_recognition,2xzi19udwjba1_jpg,train,2xzi19udwjba1_jpg.rf.e0e6317fcc87f7f2ac6bbbfab210ab1a.jpg,AI/PlateDetector/datasets/raw/kaggle_plate_license_recognition/train/2xzi19udwjba1_jpg.rf.e0e6317fcc87f7f2ac6bbbfab210ab1a.jpg,640,640,1,REAL,TRAIN_ONLY,license_plate,accepted_training_positive
kaggle_plate_license_recognition,3180fsf3e5oa1_jpg,train,3180fsf3e5oa1_jpg.rf.597c1b34fbe91be84ec3930c1e41d615.jpg,AI/PlateDetector/datasets/raw/kaggle_plate_license_recognition/train/3180fsf3e5oa1_jpg.rf.597c1b34fbe91be84ec3930c1e41d615.jpg,640,640,1,REAL,TRAIN_ONLY,license_plate,accepted_training_positive
kaggle_plate_license_recognition,31nyka5gwhca1_jpg,train,31nyka5gwhca1_jpg.rf.4623e0e970c84e214624c0ccd72ba0c1.jpg,AI/PlateDetector/datasets/raw/kaggle_plate_license_recognition/train/31nyka5gwhca1_jpg.rf.4623e0e970c84e214624c0ccd72ba0c1.jpg,640,640,1,REAL,TRAIN_ONLY,license_plate,accepted_training_positive
kaggle_plate_license_recognition,31nyka5gwhca1_jpg,train,31nyka5gwhca1_jpg.rf.7115e570ca6e23e37ffcba41d518337e.jpg,AI/PlateDetector/datasets/raw/kaggle_plate_license_recognition/train/31nyka5gwhca1_jpg.rf.7115e570ca6e23e37ffcba41d518337e.jpg,640,640,1,REAL,TRAIN_ONLY,license_plate,accepted_training_positive
kaggle_plate_license_recognition,31nyka5gwhca1_jpg,train,31nyka5gwhca1_jpg.rf.99c1dc7cbf7476a8075b61b34146ff88.jpg,AI/PlateDetector/datasets/raw/kaggle_plate_license_recognition/train/31nyka5gwhca1_jpg.rf.99c1dc7cbf7476a8075b61b34146ff88.jpg,640,640,1,REAL,TRAIN_ONLY,license_plate,accepted_training_positive
kaggle_plate_license_recognition,328d7563585d30852_jpg,valid,328d7563585d30852_jpg.rf.ea62417d0b7f84306648d79d2412f87b.jpg,AI/PlateDetector/datasets/raw/kaggle_plate_license_recognition/valid/328d7563585d30852_jpg.rf.ea62417d0b7f84306648d79d2412f87b.jpg,640,640,1,REAL,TRAIN_ONLY,license_plate,reject_plate_or_ocr_crop
kaggle_plate_license_recognition,339448c0d2710f562_jpg,train,339448c0d2710f562_jpg.rf.8dbcdde8fb391c6fd7bb15ad0b62e0c1.jpg,AI/PlateDetector/datasets/raw/kaggle_plate_license_recognition/train/339448c0d2710f562_jpg.rf.8dbcdde8fb391c6fd7bb15ad0b62e0c1.jpg,640,640,1,REAL,TRAIN_ONLY,license_plate,reject_plate_or_ocr_crop
kaggle_plate_license_recognition,34999e909748e2f7_jpg,train,34999e909748e2f7_jpg.rf.31b5b879d7c0f1b8e94b0d0ff40509e6.jpg,AI/PlateDetector/datasets/raw/kaggle_plate_license_recognition/train/34999e909748e2f7_jpg.rf.31b5b879d7c0f1b8e94b0d0ff40509e6.jpg,640,640,1,REAL,TRAIN_ONLY,license_plate,reject_plate_or_ocr_crop
kaggle_plate_license_recognition,34l5ua6ptufa1_jpg,train,34l5ua6ptufa1_jpg.rf.175ac80ba928a9924ed12f2c776b2fe8.jpg,AI/PlateDetector/datasets/raw/kaggle_plate_license_recognition/train/34l5ua6ptufa1_jpg.rf.175ac80ba928a9924ed12f2c776b2fe8.jpg,640,640,1,REAL,TRAIN_ONLY,license_plate,accepted_training_positive
kaggle_plate_license_recognition,34l5ua6ptufa1_jpg,train,34l5ua6ptufa1_jpg.rf.3809181f21aca7ca1c0e8a5a6fbc02b1.jpg,AI/PlateDetector/datasets/raw/kaggle_plate_license_recognition/train/34l5ua6ptufa1_jpg.rf.3809181f21aca7ca1c0e8a5a6fbc02b1.jpg,640,640,1,REAL,TRAIN_ONLY,license_plate,accepted_training_positive
kaggle_plate_license_recognition,350d7a0fe55b2508_jpg,valid,350d7a0fe55b2508_jpg.rf.17c2acb4d8e2819c8eeef15964143a28.jpg,AI/PlateDetector/datasets/raw/kaggle_plate_license_recognition/valid/350d7a0fe55b2508_jpg.rf.17c2acb4d8e2819c8eeef15964143a28.jpg,640,640,1,REAL,TRAIN_ONLY,license_plate,reject_plate_or_ocr_crop
kaggle_plate_license_recognition,350d7a0fe55b2508_jpg,train,350d7a0fe55b2508_jpg.rf.51b5f7585e6144eafc22bdd009e0a767.jpg,AI/PlateDetector/datasets/raw/kaggle_plate_license_recognition/train/350d7a0fe55b2508_jpg.rf.51b5f7585e6144eafc22bdd009e0a767.jpg,640,640,1,REAL,TRAIN_ONLY,license_plate,reject_plate_or_ocr_crop
kaggle_plate_license_recognition,35b98e1165d78582_jpg,valid,35b98e1165d78582_jpg.rf.3114cf8f7edb2c7a03a567f4b454ebf8.jpg,AI/PlateDetector/datasets/raw/kaggle_plate_license_recognition/valid/35b98e1165d78582_jpg.rf.3114cf8f7edb2c7a03a567f4b454ebf8.jpg,640,640,1,REAL,TRAIN_ONLY,license_plate,reject_plate_or_ocr_crop
kaggle_plate_license_recognition,35b98e1165d78582_jpg,train,35b98e1165d78582_jpg.rf.870eb0c07afeb750fd491c595d7e1ad3.jpg,AI/PlateDetector/datasets/raw/kaggle_plate_license_recognition/train/35b98e1165d78582_jpg.rf.870eb0c07afeb750fd491c595d7e1ad3.jpg,640,640,1,REAL,TRAIN_ONLY,license_plate,reject_plate_or_ocr_crop
kaggle_plate_license_recognition,362a0fbb2a933887_jpg,train,362a0fbb2a933887_jpg.rf.180e2509c257ff87f15a5631036b3bc8.jpg,AI/PlateDetector/datasets/raw/kaggle_plate_license_recognition/train/362a0fbb2a933887_jpg.rf.180e2509c257ff87f15a5631036b3bc8.jpg,640,640,1,REAL,TRAIN_ONLY,license_plate,reject_plate_or_ocr_crop
kaggle_plate_license_recognition,36auaeejilka1_jpg,train,36auaeejilka1_jpg.rf.002cacd4aa2ffc5407b7e20fd3c5ada1.jpg,AI/PlateDetector/datasets/raw/kaggle_plate_license_recognition/train/36auaeejilka1_jpg.rf.002cacd4aa2ffc5407b7e20fd3c5ada1.jpg,640,640,1,REAL,TRAIN_ONLY,license_plate,accepted_training_positive
kaggle_plate_license_recognition,385601554afdbb00_jpg,train,385601554afdbb00_jpg.rf.e588bbf5b73dd2300b1f1de84d47c908.jpg,AI/PlateDetector/datasets/raw/kaggle_plate_license_recognition/train/385601554afdbb00_jpg.rf.e588bbf5b73dd2300b1f1de84d47c908.jpg,640,640,1,REAL,TRAIN_ONLY,license_plate,reject_plate_or_ocr_crop
kaggle_plate_license_recognition,386df61eb273220f2_jpg,train,386df61eb273220f2_jpg.rf.de848700574bf93693b7df5951f4610a.jpg,AI/PlateDetector/datasets/raw/kaggle_plate_license_recognition/train/386df61eb273220f2_jpg.rf.de848700574bf93693b7df5951f4610a.jpg,640,640,1,REAL,TRAIN_ONLY,license_plate,reject_plate_or_ocr_crop
kaggle_plate_license_recognition,38e7fa7b7158ffde5_jpg,train,38e7fa7b7158ffde5_jpg.rf.378c607db54081776a3e441c105efe6c.jpg,AI/PlateDetector/datasets/raw/kaggle_plate_license_recognition/train/38e7fa7b7158ffde5_jpg.rf.378c607db54081776a3e441c105efe6c.jpg,640,640,1,REAL,TRAIN_ONLY,license_plate,reject_plate_or_ocr_crop
kaggle_plate_license_recognition,391e8f182e73a8c2_jpg,valid,391e8f182e73a8c2_jpg.rf.22667094db504dea3d0329f46a4b618b.jpg,AI/PlateDetector/datasets/raw/kaggle_plate_license_recognition/valid/391e8f182e73a8c2_jpg.rf.22667094db504dea3d0329f46a4b618b.jpg,640,640,1,REAL,TRAIN_ONLY,license_plate,reject_plate_or_ocr_crop
kaggle_plate_license_recognition,39bae3d26d682465_jpg,test,39bae3d26d682465_jpg.rf.18a8095be6e856526504750e0a4df089.jpg,AI/PlateDetector/datasets/raw/kaggle_plate_license_recognition/test/39bae3d26d682465_jpg.rf.18a8095be6e856526504750e0a4df089.jpg,640,640,1,REAL,TRAIN_ONLY,license_plate,reject_plate_or_ocr_crop
kaggle_plate_license_recognition,39cbaab2ac223d94_jpg,train,39cbaab2ac223d94_jpg.rf.34926e8ec08d7e5c42aa888e82474533.jpg,AI/PlateDetector/datasets/raw/kaggle_plate_license_recognition/train/39cbaab2ac223d94_jpg.rf.34926e8ec08d7e5c42aa888e82474533.jpg,640,640,1,REAL,TRAIN_ONLY,license_plate,reject_plate_or_ocr_crop
kaggle_plate_license_recognition,39fdd58fa6bf8551_jpg,test,39fdd58fa6bf8551_jpg.rf.62dc12c0ca280573876f6a7104affbe1.jpg,AI/PlateDetector/datasets/raw/kaggle_plate_license_recognition/test/39fdd58fa6bf8551_jpg.rf.62dc12c0ca280573876f6a7104affbe1.jpg,640,640,1,REAL,TRAIN_ONLY,license_plate,reject_plate_or_ocr_crop
kaggle_plate_license_recognition,39fdd58fa6bf8551_jpg,train,39fdd58fa6bf8551_jpg.rf.63f155c4da3523683ccfa57920896796.jpg,AI/PlateDetector/datasets/raw/kaggle_plate_license_recognition/train/39fdd58fa6bf8551_jpg.rf.63f155c4da3523683ccfa57920896796.jpg,640,640,1,REAL,TRAIN_ONLY,license_plate,reject_plate_or_ocr_crop
kaggle_plate_license_recognition,3a54b5a73b139f63_jpg,train,3a54b5a73b139f63_jpg.rf.7c690fd495c39eda0ae5f66a459136ed.jpg,AI/PlateDetector/datasets/raw/kaggle_plate_license_recognition/train/3a54b5a73b139f63_jpg.rf.7c690fd495c39eda0ae5f66a459136ed.jpg,640,640,1,REAL,TRAIN_ONLY,license_plate,reject_plate_or_ocr_crop
kaggle_plate_license_recognition,3a54b5a73b139f63_jpg,train,3a54b5a73b139f63_jpg.rf.d213e3ba4c146f478a53cea8cabf4730.jpg,AI/PlateDetector/datasets/raw/kaggle_plate_license_recognition/train/3a54b5a73b139f63_jpg.rf.d213e3ba4c146f478a53cea8cabf4730.jpg,640,640,1,REAL,TRAIN_ONLY,license_plate,reject_plate_or_ocr_crop
kaggle_plate_license_recognition,3a9bcf9c7c0d35663_jpg,train,3a9bcf9c7c0d35663_jpg.rf.e158bbaf00f2f0e0dfb640b4f53f87ae.jpg,AI/PlateDetector/datasets/raw/kaggle_plate_license_recognition/train/3a9bcf9c7c0d35663_jpg.rf.e158bbaf00f2f0e0dfb640b4f53f87ae.jpg,640,640,1,REAL,TRAIN_ONLY,license_plate,reject_plate_or_ocr_crop
kaggle_plate_license_recognition,3abo4pwl8ana1_jpg,train,3abo4pwl8ana1_jpg.rf.534aaf2ff428febb546426149ee4bac4.jpg,AI/PlateDetector/datasets/raw/kaggle_plate_license_recognition/train/3abo4pwl8ana1_jpg.rf.534aaf2ff428febb546426149ee4bac4.jpg,640,640,1,REAL,TRAIN_ONLY,license_plate,accepted_training_positive
kaggle_plate_license_recognition,3abo4pwl8ana1_jpg,valid,3abo4pwl8ana1_jpg.rf.a1f8611e21dd2acf0058c784efa74a10.jpg,AI/PlateDetector/datasets/raw/kaggle_plate_license_recognition/valid/3abo4pwl8ana1_jpg.rf.a1f8611e21dd2acf0058c784efa74a10.jpg,640,640,1,REAL,TRAIN_ONLY,license_plate,accepted_training_positive
kaggle_plate_license_recognition,3b103cb5f17203ca_jpg,valid,3b103cb5f17203ca_jpg.rf.bccb9519965db5e895cf9d9620a77233.jpg,AI/PlateDetector/datasets/raw/kaggle_plate_license_recognition/valid/3b103cb5f17203ca_jpg.rf.bccb9519965db5e895cf9d9620a77233.jpg,640,640,1,REAL,TRAIN_ONLY,license_plate,reject_plate_or_ocr_crop
kaggle_plate_license_recognition,3b52726fd1fbd0f6_jpg,valid,3b52726fd1fbd0f6_jpg.rf.4b6fe11a283ce08f6e763d4421b61d73.jpg,AI/PlateDetector/datasets/raw/kaggle_plate_license_recognition/valid/3b52726fd1fbd0f6_jpg.rf.4b6fe11a283ce08f6e763d4421b61d73.jpg,640,640,1,REAL,TRAIN_ONLY,license_plate,reject_plate_or_ocr_crop
kaggle_plate_license_recognition,3b5v88mliyca1_jpg,test,3b5v88mliyca1_jpg.rf.572b640d628b0677fa83ab1698f502cd.jpg,AI/PlateDetector/datasets/raw/kaggle_plate_license_recognition/test/3b5v88mliyca1_jpg.rf.572b640d628b0677fa83ab1698f502cd.jpg,640,640,1,REAL,TRAIN_ONLY,license_plate,accepted_training_positive
kaggle_plate_license_recognition,3bbovepfz2la1_jpg,train,3bbovepfz2la1_jpg.rf.778b4f0bb702d20ff281e12e87fa67d9.jpg,AI/PlateDetector/datasets/raw/kaggle_plate_license_recognition/train/3bbovepfz2la1_jpg.rf.778b4f0bb702d20ff281e12e87fa67d9.jpg,640,640,1,REAL,TRAIN_ONLY,license_plate,accepted_training_positive
kaggle_plate_license_recognition,3bbovepfz2la1_jpg,train,3bbovepfz2la1_jpg.rf.e7c9c1e1c53312df1f5a276d4348fd7e.jpg,AI/PlateDetector/datasets/raw/kaggle_plate_license_recognition/train/3bbovepfz2la1_jpg.rf.e7c9c1e1c53312df1f5a276d4348fd7e.jpg,640,640,1,REAL,TRAIN_ONLY,license_plate,accepted_training_positive
kaggle_plate_license_recognition,3caa425417a0db1e_jpg,train,3caa425417a0db1e_jpg.rf.18d38ae2bca16c468879b6d98ac928e6.jpg,AI/PlateDetector/datasets/raw/kaggle_plate_license_recognition/train/3caa425417a0db1e_jpg.rf.18d38ae2bca16c468879b6d98ac928e6.jpg,640,640,1,REAL,TRAIN_ONLY,license_plate,reject_plate_or_ocr_crop
kaggle_plate_license_recognition,3cf3697f58431a47_jpg,train,3cf3697f58431a47_jpg.rf.bfd750891c16f0a54b1e12685ed73106.jpg,AI/PlateDetector/datasets/raw/kaggle_plate_license_recognition/train/3cf3697f58431a47_jpg.rf.bfd750891c16f0a54b1e12685ed73106.jpg,640,640,1,REAL,TRAIN_ONLY,license_plate,reject_plate_or_ocr_crop
kaggle_plate_license_recognition,3e6161e638c59073_jpg,train,3e6161e638c59073_jpg.rf.be25fdf99c5d347edda025c8ce2c5efd.jpg,AI/PlateDetector/datasets/raw/kaggle_plate_license_recognition/train/3e6161e638c59073_jpg.rf.be25fdf99c5d347edda025c8ce2c5efd.jpg,640,640,1,REAL,TRAIN_ONLY,license_plate,reject_plate_or_ocr_crop
kaggle_plate_license_recognition,3f0a616b91cad80a_jpg,train,3f0a616b91cad80a_jpg.rf.95e5a43fc7b23a5d3ccb13d63576b4fb.jpg,AI/PlateDetector/datasets/raw/kaggle_plate_license_recognition/train/3f0a616b91cad80a_jpg.rf.95e5a43fc7b23a5d3ccb13d63576b4fb.jpg,640,640,1,REAL,TRAIN_ONLY,license_plate,reject_plate_or_ocr_crop
kaggle_plate_license_recognition,3vqna87qsmma1_jpg,valid,3vqna87qsmma1_jpg.rf.0569b4777b48292c5461cb89adb98012.jpg,AI/PlateDetector/datasets/raw/kaggle_plate_license_recognition/valid/3vqna87qsmma1_jpg.rf.0569b4777b48292c5461cb89adb98012.jpg,640,640,1,REAL,TRAIN_ONLY,license_plate,accepted_training_positive
kaggle_plate_license_recognition,400px-Chinese_license_plate_Beijing_E4BAACKE280A2P8922_jpg,train,400px-Chinese_license_plate_Beijing_E4BAACKE280A2P8922_jpg.rf.8d6005cc6f932cc644cf439aeee6f54f.jpg,AI/PlateDetector/datasets/raw/kaggle_plate_license_recognition/train/400px-Chinese_license_plate_Beijing_E4BAACKE280A2P8922_jpg.rf.8d6005cc6f932cc644cf439aeee6f54f.jpg,640,640,1,REAL,TRAIN_ONLY,license_plate,reject_plate_or_ocr_crop
kaggle_plate_license_recognition,4148b2126f0986a4_jpg,valid,4148b2126f0986a4_jpg.rf.34e9231cce36298786d728b4e744a840.jpg,AI/PlateDetector/datasets/raw/kaggle_plate_license_recognition/valid/4148b2126f0986a4_jpg.rf.34e9231cce36298786d728b4e744a840.jpg,640,640,1,REAL,TRAIN_ONLY,license_plate,reject_plate_or_ocr_crop
kaggle_plate_license_recognition,419f8a15e8c72891_jpg,train,419f8a15e8c72891_jpg.rf.d7bb45533d444543209d05e5eb3c209e.jpg,AI/PlateDetector/datasets/raw/kaggle_plate_license_recognition/train/419f8a15e8c72891_jpg.rf.d7bb45533d444543209d05e5eb3c209e.jpg,640,640,1,REAL,TRAIN_ONLY,license_plate,reject_plate_or_ocr_crop
kaggle_plate_license_recognition,41f301cd60049938_jpg,train,41f301cd60049938_jpg.rf.44f5be076d8c052469cbd6b7ceaaf581.jpg,AI/PlateDetector/datasets/raw/kaggle_plate_license_recognition/train/41f301cd60049938_jpg.rf.44f5be076d8c052469cbd6b7ceaaf581.jpg,640,640,1,REAL,TRAIN_ONLY,license_plate,reject_plate_or_ocr_crop
kaggle_plate_license_recognition,41f301cd60049938_jpg,valid,41f301cd60049938_jpg.rf.6c870ebc71552f4565e23686f28b3c85.jpg,AI/PlateDetector/datasets/raw/kaggle_plate_license_recognition/valid/41f301cd60049938_jpg.rf.6c870ebc71552f4565e23686f28b3c85.jpg,640,640,1,REAL,TRAIN_ONLY,license_plate,reject_plate_or_ocr_crop
kaggle_plate_license_recognition,422b9f766e9e2e63_jpg,valid,422b9f766e9e2e63_jpg.rf.2d8138f4db7cd5ddef0f0b12323706b3.jpg,AI/PlateDetector/datasets/raw/kaggle_plate_license_recognition/valid/422b9f766e9e2e63_jpg.rf.2d8138f4db7cd5ddef0f0b12323706b3.jpg,640,640,1,REAL,TRAIN_ONLY,license_plate,reject_plate_or_ocr_crop
kaggle_plate_license_recognition,42556fa9984cfd38_jpg,test,42556fa9984cfd38_jpg.rf.92dc5e3cb4894b25b73fb34c5bd09266.jpg,AI/PlateDetector/datasets/raw/kaggle_plate_license_recognition/test/42556fa9984cfd38_jpg.rf.92dc5e3cb4894b25b73fb34c5bd09266.jpg,640,640,1,REAL,TRAIN_ONLY,license_plate,reject_plate_or_ocr_crop
kaggle_plate_license_recognition,42556fa9984cfd38_jpg,train,42556fa9984cfd38_jpg.rf.a3892e87c5a09c3eb435a20b384a52cc.jpg,AI/PlateDetector/datasets/raw/kaggle_plate_license_recognition/train/42556fa9984cfd38_jpg.rf.a3892e87c5a09c3eb435a20b384a52cc.jpg,640,640,1,REAL,TRAIN_ONLY,license_plate,reject_plate_or_ocr_crop
kaggle_plate_license_recognition,42ap97bwjxea1_jpg,train,42ap97bwjxea1_jpg.rf.5a78dd4f75d482b5a13425ba9dcaae57.jpg,AI/PlateDetector/datasets/raw/kaggle_plate_license_recognition/train/42ap97bwjxea1_jpg.rf.5a78dd4f75d482b5a13425ba9dcaae57.jpg,640,640,1,REAL,TRAIN_ONLY,license_plate,accepted_training_positive
kaggle_plate_license_recognition,42bf9b49052d69ac2_jpg,train,42bf9b49052d69ac2_jpg.rf.dfde03ef00707baed67e9f31b470f30f.jpg,AI/PlateDetector/datasets/raw/kaggle_plate_license_recognition/train/42bf9b49052d69ac2_jpg.rf.dfde03ef00707baed67e9f31b470f30f.jpg,640,640,1,REAL,TRAIN_ONLY,license_plate,reject_plate_or_ocr_crop
kaggle_plate_license_recognition,42bf9b49052d69ac2_jpg,train,42bf9b49052d69ac2_jpg.rf.fb95a8b491fb2ce369597154f4d7d37d.jpg,AI/PlateDetector/datasets/raw/kaggle_plate_license_recognition/train/42bf9b49052d69ac2_jpg.rf.fb95a8b491fb2ce369597154f4d7d37d.jpg,640,640,1,REAL,TRAIN_ONLY,license_plate,reject_plate_or_ocr_crop
kaggle_plate_license_recognition,42d862ef330cf0ea_jpg,train,42d862ef330cf0ea_jpg.rf.172e74ac832db2b76b38f3165f317be8.jpg,AI/PlateDetector/datasets/raw/kaggle_plate_license_recognition/train/42d862ef330cf0ea_jpg.rf.172e74ac832db2b76b38f3165f317be8.jpg,640,640,1,REAL,TRAIN_ONLY,license_plate,reject_plate_or_ocr_crop
kaggle_plate_license_recognition,434324b18714711d_jpg,valid,434324b18714711d_jpg.rf.7fe3ae1fc1ba366825cd1273d1212cc6.jpg,AI/PlateDetector/datasets/raw/kaggle_plate_license_recognition/valid/434324b18714711d_jpg.rf.7fe3ae1fc1ba366825cd1273d1212cc6.jpg,640,640,1,REAL,TRAIN_ONLY,license_plate,reject_plate_or_ocr_crop
kaggle_plate_license_recognition,43a34a91a1e1c169_jpg,train,43a34a91a1e1c169_jpg.rf.79ac5ff14f46577dadb28cc0ed0f2c3c.jpg,AI/PlateDetector/datasets/raw/kaggle_plate_license_recognition/train/43a34a91a1e1c169_jpg.rf.79ac5ff14f46577dadb28cc0ed0f2c3c.jpg,640,640,1,REAL,TRAIN_ONLY,license_plate,reject_plate_or_ocr_crop
kaggle_plate_license_recognition,43bb9d63d72beb932_jpg,train,43bb9d63d72beb932_jpg.rf.e1c550c314337fdbad5b9000c9ca71b5.jpg,AI/PlateDetector/datasets/raw/kaggle_plate_license_recognition/train/43bb9d63d72beb932_jpg.rf.e1c550c314337fdbad5b9000c9ca71b5.jpg,640,640,1,REAL,TRAIN_ONLY,license_plate,reject_plate_or_ocr_crop
kaggle_plate_license_recognition,4458147ecbb5d9df_jpg,train,4458147ecbb5d9df_jpg.rf.25173ddff678602dd10590f46cc892b2.jpg,AI/PlateDetector/datasets/raw/kaggle_plate_license_recognition/train/4458147ecbb5d9df_jpg.rf.25173ddff678602dd10590f46cc892b2.jpg,640,640,1,REAL,TRAIN_ONLY,license_plate,reject_plate_or_ocr_crop
kaggle_plate_license_recognition,4554471bb782a3db_jpg,train,4554471bb782a3db_jpg.rf.2a27528befe02de1e5ed294ae0a49cad.jpg,AI/PlateDetector/datasets/raw/kaggle_plate_license_recognition/train/4554471bb782a3db_jpg.rf.2a27528befe02de1e5ed294ae0a49cad.jpg,640,640,1,REAL,TRAIN_ONLY,license_plate,reject_plate_or_ocr_crop
kaggle_plate_license_recognition,45948c8f21f3c8ee2_jpg,valid,45948c8f21f3c8ee2_jpg.rf.a144e7863c06e0cd64811969bec0edd0.jpg,AI/PlateDetector/datasets/raw/kaggle_plate_license_recognition/valid/45948c8f21f3c8ee2_jpg.rf.a144e7863c06e0cd64811969bec0edd0.jpg,640,640,1,REAL,TRAIN_ONLY,license_plate,reject_plate_or_ocr_crop
kaggle_plate_license_recognition,45bca23ac6dd641f_jpg,train,45bca23ac6dd641f_jpg.rf.e4ad5c7dbf37d91625c216348be3599c.jpg,AI/PlateDetector/datasets/raw/kaggle_plate_license_recognition/train/45bca23ac6dd641f_jpg.rf.e4ad5c7dbf37d91625c216348be3599c.jpg,640,640,1,REAL,TRAIN_ONLY,license_plate,reject_plate_or_ocr_crop
kaggle_plate_license_recognition,46800f411123504c2_jpg,train,46800f411123504c2_jpg.rf.f6ee55a6a93acf9a28d47e3d11cdd79a.jpg,AI/PlateDetector/datasets/raw/kaggle_plate_license_recognition/train/46800f411123504c2_jpg.rf.f6ee55a6a93acf9a28d47e3d11cdd79a.jpg,640,640,1,REAL,TRAIN_ONLY,license_plate,reject_plate_or_ocr_crop
kaggle_plate_license_recognition,46800f411123504c_jpg,train,46800f411123504c_jpg.rf.f0856a836da7e1281c2870155bb0fbc7.jpg,AI/PlateDetector/datasets/raw/kaggle_plate_license_recognition/train/46800f411123504c_jpg.rf.f0856a836da7e1281c2870155bb0fbc7.jpg,640,640,1,REAL,TRAIN_ONLY,license_plate,reject_plate_or_ocr_crop
kaggle_plate_license_recognition,46cc02e19877e491_jpg,train,46cc02e19877e491_jpg.rf.2474a7208a9affef7ffbc12ed1180964.jpg,AI/PlateDetector/datasets/raw/kaggle_plate_license_recognition/train/46cc02e19877e491_jpg.rf.2474a7208a9affef7ffbc12ed1180964.jpg,640,640,1,REAL,TRAIN_ONLY,license_plate,reject_plate_or_ocr_crop
kaggle_plate_license_recognition,46cc02e19877e491_jpg,train,46cc02e19877e491_jpg.rf.f820ad44aea527a89c7a59bfcf83346f.jpg,AI/PlateDetector/datasets/raw/kaggle_plate_license_recognition/train/46cc02e19877e491_jpg.rf.f820ad44aea527a89c7a59bfcf83346f.jpg,640,640,1,REAL,TRAIN_ONLY,license_plate,reject_plate_or_ocr_crop
kaggle_plate_license_recognition,475de07c59d35a04_jpg,train,475de07c59d35a04_jpg.rf.893821d872e88e14d614232d4b3400d6.jpg,AI/PlateDetector/datasets/raw/kaggle_plate_license_recognition/train/475de07c59d35a04_jpg.rf.893821d872e88e14d614232d4b3400d6.jpg,640,640,1,REAL,TRAIN_ONLY,license_plate,reject_plate_or_ocr_crop
kaggle_plate_license_recognition,47aqrq78ezma1_jpg,train,47aqrq78ezma1_jpg.rf.138c4c4778688653c80b22eb80ecd183.jpg,AI/PlateDetector/datasets/raw/kaggle_plate_license_recognition/train/47aqrq78ezma1_jpg.rf.138c4c4778688653c80b22eb80ecd183.jpg,640,640,1,REAL,TRAIN_ONLY,license_plate,accepted_training_positive
kaggle_plate_license_recognition,47aqrq78ezma1_jpg,train,47aqrq78ezma1_jpg.rf.2889876f8b95072c5a5f78512234f9e1.jpg,AI/PlateDetector/datasets/raw/kaggle_plate_license_recognition/train/47aqrq78ezma1_jpg.rf.2889876f8b95072c5a5f78512234f9e1.jpg,640,640,1,REAL,TRAIN_ONLY,license_plate,accepted_training_positive
kaggle_plate_license_recognition,47aqrq78ezma1_jpg,train,47aqrq78ezma1_jpg.rf.814bddcec304658c631b27237f7353a3.jpg,AI/PlateDetector/datasets/raw/kaggle_plate_license_recognition/train/47aqrq78ezma1_jpg.rf.814bddcec304658c631b27237f7353a3.jpg,640,640,2,REAL,TRAIN_ONLY,license_plate,reject_mosaic_collage
kaggle_plate_license_recognition,47aqrq78ezma1_jpg,train,47aqrq78ezma1_jpg.rf.ada6143498f126f6f3e9ffe473cd312a.jpg,AI/PlateDetector/datasets/raw/kaggle_plate_license_recognition/train/47aqrq78ezma1_jpg.rf.ada6143498f126f6f3e9ffe473cd312a.jpg,640,640,1,REAL,TRAIN_ONLY,license_plate,accepted_training_positive
kaggle_plate_license_recognition,47aqrq78ezma1_jpg,valid,47aqrq78ezma1_jpg.rf.f8dba869c9c78fafcc9556e1e2f67a20.jpg,AI/PlateDetector/datasets/raw/kaggle_plate_license_recognition/valid/47aqrq78ezma1_jpg.rf.f8dba869c9c78fafcc9556e1e2f67a20.jpg,640,640,1,REAL,TRAIN_ONLY,license_plate,accepted_training_positive
kaggle_plate_license_recognition,47uvqaycdbha1_jpg,test,47uvqaycdbha1_jpg.rf.ae32d421f561060942ad2d2d7324a161.jpg,AI/PlateDetector/datasets/raw/kaggle_plate_license_recognition/test/47uvqaycdbha1_jpg.rf.ae32d421f561060942ad2d2d7324a161.jpg,640,640,1,REAL,TRAIN_ONLY,license_plate,accepted_training_positive
kaggle_plate_license_recognition,48ecdb0f5aefb1f52_jpg,train,48ecdb0f5aefb1f52_jpg.rf.a17507fbd9b8ec9704417c96ee37185b.jpg,AI/PlateDetector/datasets/raw/kaggle_plate_license_recognition/train/48ecdb0f5aefb1f52_jpg.rf.a17507fbd9b8ec9704417c96ee37185b.jpg,640,640,1,REAL,TRAIN_ONLY,license_plate,reject_plate_or_ocr_crop
kaggle_plate_license_recognition,492f6d607aae58c1_jpg,test,492f6d607aae58c1_jpg.rf.08f095ee48ec833bb894239439a1cbcb.jpg,AI/PlateDetector/datasets/raw/kaggle_plate_license_recognition/test/492f6d607aae58c1_jpg.rf.08f095ee48ec833bb894239439a1cbcb.jpg,640,640,1,REAL,TRAIN_ONLY,license_plate,reject_plate_or_ocr_crop
kaggle_plate_license_recognition,492f6d607aae58c1_jpg,train,492f6d607aae58c1_jpg.rf.cdfb167f20d307071c1add2d065b562e.jpg,AI/PlateDetector/datasets/raw/kaggle_plate_license_recognition/train/492f6d607aae58c1_jpg.rf.cdfb167f20d307071c1add2d065b562e.jpg,640,640,1,REAL,TRAIN_ONLY,license_plate,reject_plate_or_ocr_crop
kaggle_plate_license_recognition,49bee9a12f582b3f_jpg,train,49bee9a12f582b3f_jpg.rf.b57886c97be06689aecdf608d143c1d1.jpg,AI/PlateDetector/datasets/raw/kaggle_plate_license_recognition/train/49bee9a12f582b3f_jpg.rf.b57886c97be06689aecdf608d143c1d1.jpg,640,640,1,REAL,TRAIN_ONLY,license_plate,reject_plate_or_ocr_crop
kaggle_plate_license_recognition,4a2e3925bc5e8832_jpg,train,4a2e3925bc5e8832_jpg.rf.ee333bac4fdf0d72b006705b36d244ee.jpg,AI/PlateDetector/datasets/raw/kaggle_plate_license_recognition/train/4a2e3925bc5e8832_jpg.rf.ee333bac4fdf0d72b006705b36d244ee.jpg,640,640,1,REAL,TRAIN_ONLY,license_plate,reject_plate_or_ocr_crop
kaggle_plate_license_recognition,4a8742b982437dd4_jpg,test,4a8742b982437dd4_jpg.rf.e238ecc84f83dda0ff0052a3d922340a.jpg,AI/PlateDetector/datasets/raw/kaggle_plate_license_recognition/test/4a8742b982437dd4_jpg.rf.e238ecc84f83dda0ff0052a3d922340a.jpg,640,640,1,REAL,TRAIN_ONLY,license_plate,reject_plate_or_ocr_crop
kaggle_plate_license_recognition,4ae33ba768e75cf82_jpg,test,4ae33ba768e75cf82_jpg.rf.1d9294dd08fadf9654ed63078e0dec51.jpg,AI/PlateDetector/datasets/raw/kaggle_plate_license_recognition/test/4ae33ba768e75cf82_jpg.rf.1d9294dd08fadf9654ed63078e0dec51.jpg,640,640,1,REAL,TRAIN_ONLY,license_plate,reject_plate_or_ocr_crop
kaggle_plate_license_recognition,4ae33ba768e75cf83_jpg,train,4ae33ba768e75cf83_jpg.rf.4ebc722e38c243bfcac26539ac96e15c.jpg,AI/PlateDetector/datasets/raw/kaggle_plate_license_recognition/train/4ae33ba768e75cf83_jpg.rf.4ebc722e38c243bfcac26539ac96e15c.jpg,640,640,1,REAL,TRAIN_ONLY,license_plate,reject_plate_or_ocr_crop
kaggle_plate_license_recognition,4ae33ba768e75cf83_jpg,train,4ae33ba768e75cf83_jpg.rf.a0b1b79743ea1bce1bf402b7bbc18ca8.jpg,AI/PlateDetector/datasets/raw/kaggle_plate_license_recognition/train/4ae33ba768e75cf83_jpg.rf.a0b1b79743ea1bce1bf402b7bbc18ca8.jpg,640,640,1,REAL,TRAIN_ONLY,license_plate,reject_plate_or_ocr_crop
kaggle_plate_license_recognition,4af97d6829b28adb_jpg,train,4af97d6829b28adb_jpg.rf.4e3bf66cb190f6ee9a0f8306670c8d27.jpg,AI/PlateDetector/datasets/raw/kaggle_plate_license_recognition/train/4af97d6829b28adb_jpg.rf.4e3bf66cb190f6ee9a0f8306670c8d27.jpg,640,640,1,REAL,TRAIN_ONLY,license_plate,reject_plate_or_ocr_crop
kaggle_plate_license_recognition,4ba18991ade1fb2c_jpg,train,4ba18991ade1fb2c_jpg.rf.62863a4629e0ff5c2724c1830f90a21f.jpg,AI/PlateDetector/datasets/raw/kaggle_plate_license_recognition/train/4ba18991ade1fb2c_jpg.rf.62863a4629e0ff5c2724c1830f90a21f.jpg,640,640,1,REAL,TRAIN_ONLY,license_plate,reject_plate_or_ocr_crop
kaggle_plate_license_recognition,4be91b2f445e4ec1_jpg,valid,4be91b2f445e4ec1_jpg.rf.896395014e86438530453578b6569ed4.jpg,AI/PlateDetector/datasets/raw/kaggle_plate_license_recognition/valid/4be91b2f445e4ec1_jpg.rf.896395014e86438530453578b6569ed4.jpg,640,640,1,REAL,TRAIN_ONLY,license_plate,reject_plate_or_ocr_crop
kaggle_plate_license_recognition,4d1om12ximja1_jpg,valid,4d1om12ximja1_jpg.rf.4b327ebe15302cd25429fa481afa5e34.jpg,AI/PlateDetector/datasets/raw/kaggle_plate_license_recognition/valid/4d1om12ximja1_jpg.rf.4b327ebe15302cd25429fa481afa5e34.jpg,640,640,1,REAL,TRAIN_ONLY,license_plate,accepted_training_positive
kaggle_plate_license_recognition,4d1om12ximja1_jpg,train,4d1om12ximja1_jpg.rf.c68c711ad10ccb6ee0f3a121fa7f2b86.jpg,AI/PlateDetector/datasets/raw/kaggle_plate_license_recognition/train/4d1om12ximja1_jpg.rf.c68c711ad10ccb6ee0f3a121fa7f2b86.jpg,640,640,1,REAL,TRAIN_ONLY,license_plate,accepted_training_positive
kaggle_plate_license_recognition,4d540cbb08b3ce7c3_jpg,test,4d540cbb08b3ce7c3_jpg.rf.423fd152c6b0005fb9356e2e44603ad6.jpg,AI/PlateDetector/datasets/raw/kaggle_plate_license_recognition/test/4d540cbb08b3ce7c3_jpg.rf.423fd152c6b0005fb9356e2e44603ad6.jpg,640,640,1,REAL,TRAIN_ONLY,license_plate,reject_plate_or_ocr_crop
kaggle_plate_license_recognition,4d540cbb08b3ce7c3_jpg,train,4d540cbb08b3ce7c3_jpg.rf.67869176e8795b15f9b65c857840aa64.jpg,AI/PlateDetector/datasets/raw/kaggle_plate_license_recognition/train/4d540cbb08b3ce7c3_jpg.rf.67869176e8795b15f9b65c857840aa64.jpg,640,640,1,REAL,TRAIN_ONLY,license_plate,reject_plate_or_ocr_crop
kaggle_plate_license_recognition,4d71c003e4ad14793_jpg,train,4d71c003e4ad14793_jpg.rf.87e09f0d167a008cb8f6adf9e4030f3b.jpg,AI/PlateDetector/datasets/raw/kaggle_plate_license_recognition/train/4d71c003e4ad14793_jpg.rf.87e09f0d167a008cb8f6adf9e4030f3b.jpg,640,640,1,REAL,TRAIN_ONLY,license_plate,reject_plate_or_ocr_crop
kaggle_plate_license_recognition,4d71c003e4ad1479_jpg,train,4d71c003e4ad1479_jpg.rf.1d108b466158bea7b32c495a8eab69ff.jpg,AI/PlateDetector/datasets/raw/kaggle_plate_license_recognition/train/4d71c003e4ad1479_jpg.rf.1d108b466158bea7b32c495a8eab69ff.jpg,640,640,1,REAL,TRAIN_ONLY,license_plate,reject_plate_or_ocr_crop
kaggle_plate_license_recognition,4daaf9ef1d7a5ce2_jpg,valid,4daaf9ef1d7a5ce2_jpg.rf.0fb3a0e3b8afc6cc24351564f563e17d.jpg,AI/PlateDetector/datasets/raw/kaggle_plate_license_recognition/valid/4daaf9ef1d7a5ce2_jpg.rf.0fb3a0e3b8afc6cc24351564f563e17d.jpg,640,640,1,REAL,TRAIN_ONLY,license_plate,reject_plate_or_ocr_crop
kaggle_plate_license_recognition,4daaf9ef1d7a5ce2_jpg,train,4daaf9ef1d7a5ce2_jpg.rf.48da332e56c6cc0c28530de12b6b83d7.jpg,AI/PlateDetector/datasets/raw/kaggle_plate_license_recognition/train/4daaf9ef1d7a5ce2_jpg.rf.48da332e56c6cc0c28530de12b6b83d7.jpg,640,640,1,REAL,TRAIN_ONLY,license_plate,reject_plate_or_ocr_crop
kaggle_plate_license_recognition,4daaf9ef1d7a5ce2_jpg,train,4daaf9ef1d7a5ce2_jpg.rf.5819d517bfdba7ca6ff04c3723971a9f.jpg,AI/PlateDetector/datasets/raw/kaggle_plate_license_recognition/train/4daaf9ef1d7a5ce2_jpg.rf.5819d517bfdba7ca6ff04c3723971a9f.jpg,640,640,1,REAL,TRAIN_ONLY,license_plate,reject_plate_or_ocr_crop
kaggle_plate_license_recognition,4ddbda7cfe9e96f33_jpg,train,4ddbda7cfe9e96f33_jpg.rf.96b3d39c6309815634b5f480b957fb6b.jpg,AI/PlateDetector/datasets/raw/kaggle_plate_license_recognition/train/4ddbda7cfe9e96f33_jpg.rf.96b3d39c6309815634b5f480b957fb6b.jpg,640,640,1,REAL,TRAIN_ONLY,license_plate,reject_plate_or_ocr_crop
kaggle_plate_license_recognition,4onkhaa2opca1_jpg,train,4onkhaa2opca1_jpg.rf.316faeb0d3b8ef6dbe211af14b64b242.jpg,AI/PlateDetector/datasets/raw/kaggle_plate_license_recognition/train/4onkhaa2opca1_jpg.rf.316faeb0d3b8ef6dbe211af14b64b242.jpg,640,640,1,REAL,TRAIN_ONLY,license_plate,accepted_training_positive
kaggle_plate_license_recognition,4onkhaa2opca1_jpg,test,4onkhaa2opca1_jpg.rf.76404c7482738553b7e0954951a41a96.jpg,AI/PlateDetector/datasets/raw/kaggle_plate_license_recognition/test/4onkhaa2opca1_jpg.rf.76404c7482738553b7e0954951a41a96.jpg,640,640,1,REAL,TRAIN_ONLY,license_plate,accepted_training_positive
kaggle_plate_license_recognition,4onkhaa2opca1_jpg,train,4onkhaa2opca1_jpg.rf.e45fbcd830b68f318545ac8de5711b94.jpg,AI/PlateDetector/datasets/raw/kaggle_plate_license_recognition/train/4onkhaa2opca1_jpg.rf.e45fbcd830b68f318545ac8de5711b94.jpg,640,640,1,REAL,TRAIN_ONLY,license_plate,accepted_training_positive
kaggle_plate_license_recognition,4ut3jn8d3uga1_jpg,valid,4ut3jn8d3uga1_jpg.rf.1e770479ae93398e650b2d7c504a095b.jpg,AI/PlateDetector/datasets/raw/kaggle_plate_license_recognition/valid/4ut3jn8d3uga1_jpg.rf.1e770479ae93398e650b2d7c504a095b.jpg,640,640,1,REAL,TRAIN_ONLY,license_plate,accepted_training_positive
kaggle_plate_license_recognition,4ut3jn8d3uga1_jpg,valid,4ut3jn8d3uga1_jpg.rf.a52a3746cbb585f18518631a5ed17c4d.jpg,AI/PlateDetector/datasets/raw/kaggle_plate_license_recognition/valid/4ut3jn8d3uga1_jpg.rf.a52a3746cbb585f18518631a5ed17c4d.jpg,640,640,1,REAL,TRAIN_ONLY,license_plate,accepted_training_positive
kaggle_plate_license_recognition,504528c051c06fd1_jpg,train,504528c051c06fd1_jpg.rf.31371def068991f880b2b63e3ee1f613.jpg,AI/PlateDetector/datasets/raw/kaggle_plate_license_recognition/train/504528c051c06fd1_jpg.rf.31371def068991f880b2b63e3ee1f613.jpg,640,640,1,REAL,TRAIN_ONLY,license_plate,reject_plate_or_ocr_crop
kaggle_plate_license_recognition,50eb85e52c0599c62_jpg,valid,50eb85e52c0599c62_jpg.rf.4c3e92b318d6a7561fe10bcd1a1d0ac2.jpg,AI/PlateDetector/datasets/raw/kaggle_plate_license_recognition/valid/50eb85e52c0599c62_jpg.rf.4c3e92b318d6a7561fe10bcd1a1d0ac2.jpg,640,640,1,REAL,TRAIN_ONLY,license_plate,reject_plate_or_ocr_crop
kaggle_plate_license_recognition,51f17f0ecd40ee02_jpg,train,51f17f0ecd40ee02_jpg.rf.2184914a8f530f636f3ad5ce1e2c922a.jpg,AI/PlateDetector/datasets/raw/kaggle_plate_license_recognition/train/51f17f0ecd40ee02_jpg.rf.2184914a8f530f636f3ad5ce1e2c922a.jpg,640,640,1,REAL,TRAIN_ONLY,license_plate,reject_plate_or_ocr_crop
kaggle_plate_license_recognition,51f17f0ecd40ee02_jpg,train,51f17f0ecd40ee02_jpg.rf.e621980f801c2630b81f1b22345fe665.jpg,AI/PlateDetector/datasets/raw/kaggle_plate_license_recognition/train/51f17f0ecd40ee02_jpg.rf.e621980f801c2630b81f1b22345fe665.jpg,640,640,1,REAL,TRAIN_ONLY,license_plate,reject_plate_or_ocr_crop
kaggle_plate_license_recognition,51o11j5480na1_jpg,valid,51o11j5480na1_jpg.rf.4776ff279012ea619c9c998fc7dcc154.jpg,AI/PlateDetector/datasets/raw/kaggle_plate_license_recognition/valid/51o11j5480na1_jpg.rf.4776ff279012ea619c9c998fc7dcc154.jpg,640,640,1,REAL,TRAIN_ONLY,license_plate,accepted_training_positive
kaggle_plate_license_recognition,5362510dd1d55b2c2_jpg,train,5362510dd1d55b2c2_jpg.rf.c12b3c3a03f1d5cbe0bfe59ee9fa55ed.jpg,AI/PlateDetector/datasets/raw/kaggle_plate_license_recognition/train/5362510dd1d55b2c2_jpg.rf.c12b3c3a03f1d5cbe0bfe59ee9fa55ed.jpg,640,640,1,REAL,TRAIN_ONLY,license_plate,reject_plate_or_ocr_crop
kaggle_plate_license_recognition,53ac2a0e209e98df_jpg,train,53ac2a0e209e98df_jpg.rf.abd7c27a8adfc749effd085d467d20f2.jpg,AI/PlateDetector/datasets/raw/kaggle_plate_license_recognition/train/53ac2a0e209e98df_jpg.rf.abd7c27a8adfc749effd085d467d20f2.jpg,640,640,1,REAL,TRAIN_ONLY,license_plate,reject_plate_or_ocr_crop
kaggle_plate_license_recognition,53ad98b12752ad164_jpg,train,53ad98b12752ad164_jpg.rf.1a813ea7be7c4702de8de9c8162bf8e5.jpg,AI/PlateDetector/datasets/raw/kaggle_plate_license_recognition/train/53ad98b12752ad164_jpg.rf.1a813ea7be7c4702de8de9c8162bf8e5.jpg,640,640,1,REAL,TRAIN_ONLY,license_plate,reject_plate_or_ocr_crop
kaggle_plate_license_recognition,546d30e4299caf762_jpg,train,546d30e4299caf762_jpg.rf.cc4860bbf00a76e9777ddc036618cb48.jpg,AI/PlateDetector/datasets/raw/kaggle_plate_license_recognition/train/546d30e4299caf762_jpg.rf.cc4860bbf00a76e9777ddc036618cb48.jpg,640,640,1,REAL,TRAIN_ONLY,license_plate,reject_plate_or_ocr_crop
kaggle_plate_license_recognition,54abd8a584bdb9472_jpg,train,54abd8a584bdb9472_jpg.rf.16fab38e7d926a996cf5da33336d0240.jpg,AI/PlateDetector/datasets/raw/kaggle_plate_license_recognition/train/54abd8a584bdb9472_jpg.rf.16fab38e7d926a996cf5da33336d0240.jpg,640,640,1,REAL,TRAIN_ONLY,license_plate,reject_plate_or_ocr_crop
kaggle_plate_license_recognition,54abd8a584bdb9472_jpg,train,54abd8a584bdb9472_jpg.rf.c9520764d50bbed3df2b1d972ce0c1e9.jpg,AI/PlateDetector/datasets/raw/kaggle_plate_license_recognition/train/54abd8a584bdb9472_jpg.rf.c9520764d50bbed3df2b1d972ce0c1e9.jpg,640,640,1,REAL,TRAIN_ONLY,license_plate,reject_plate_or_ocr_crop
kaggle_plate_license_recognition,56251ffef06be4f9_jpg,train,56251ffef06be4f9_jpg.rf.254c48c69eb381b75404a80811ced286.jpg,AI/PlateDetector/datasets/raw/kaggle_plate_license_recognition/train/56251ffef06be4f9_jpg.rf.254c48c69eb381b75404a80811ced286.jpg,640,640,1,REAL,TRAIN_ONLY,license_plate,reject_plate_or_ocr_crop
kaggle_plate_license_recognition,5641e6ad7d2600f22_jpg,train,5641e6ad7d2600f22_jpg.rf.df9fb7b6e1524eb477462d3326e7c1b3.jpg,AI/PlateDetector/datasets/raw/kaggle_plate_license_recognition/train/5641e6ad7d2600f22_jpg.rf.df9fb7b6e1524eb477462d3326e7c1b3.jpg,640,640,1,REAL,TRAIN_ONLY,license_plate,reject_plate_or_ocr_crop
kaggle_plate_license_recognition,565fc421d31bd10c2_jpg,train,565fc421d31bd10c2_jpg.rf.a9e98cdbd1990f1366b391b4a64484d2.jpg,AI/PlateDetector/datasets/raw/kaggle_plate_license_recognition/train/565fc421d31bd10c2_jpg.rf.a9e98cdbd1990f1366b391b4a64484d2.jpg,640,640,1,REAL,TRAIN_ONLY,license_plate,reject_plate_or_ocr_crop
kaggle_plate_license_recognition,5762a0ce1549ed542_jpg,train,5762a0ce1549ed542_jpg.rf.bd5b340ba8596f351705a78d0757de72.jpg,AI/PlateDetector/datasets/raw/kaggle_plate_license_recognition/train/5762a0ce1549ed542_jpg.rf.bd5b340ba8596f351705a78d0757de72.jpg,640,640,1,REAL,TRAIN_ONLY,license_plate,reject_plate_or_ocr_crop
kaggle_plate_license_recognition,58d1693ead449c0a_jpg,train,58d1693ead449c0a_jpg.rf.7fb7c4c48c4fb1280b77e5d97edee613.jpg,AI/PlateDetector/datasets/raw/kaggle_plate_license_recognition/train/58d1693ead449c0a_jpg.rf.7fb7c4c48c4fb1280b77e5d97edee613.jpg,640,640,1,REAL,TRAIN_ONLY,license_plate,reject_plate_or_ocr_crop
kaggle_plate_license_recognition,59547d4ad611d455_jpg,valid,59547d4ad611d455_jpg.rf.01e540155ca5ef67309f0aa9adef3d1c.jpg,AI/PlateDetector/datasets/raw/kaggle_plate_license_recognition/valid/59547d4ad611d455_jpg.rf.01e540155ca5ef67309f0aa9adef3d1c.jpg,640,640,1,REAL,TRAIN_ONLY,license_plate,reject_plate_or_ocr_crop
kaggle_plate_license_recognition,59ac9c33ae36cfe92_jpg,train,59ac9c33ae36cfe92_jpg.rf.31171121f542b5d5849d3f250dd04a8a.jpg,AI/PlateDetector/datasets/raw/kaggle_plate_license_recognition/train/59ac9c33ae36cfe92_jpg.rf.31171121f542b5d5849d3f250dd04a8a.jpg,640,640,1,REAL,TRAIN_ONLY,license_plate,reject_plate_or_ocr_crop
kaggle_plate_license_recognition,59ac9c33ae36cfe9_jpg,train,59ac9c33ae36cfe9_jpg.rf.25c48112cc922942b1949723a786c945.jpg,AI/PlateDetector/datasets/raw/kaggle_plate_license_recognition/train/59ac9c33ae36cfe9_jpg.rf.25c48112cc922942b1949723a786c945.jpg,640,640,1,REAL,TRAIN_ONLY,license_plate,reject_plate_or_ocr_crop
kaggle_plate_license_recognition,5a96f5e1f9be8d42_jpg,valid,5a96f5e1f9be8d42_jpg.rf.213b3b36bdf8c5ba6b5e4d323676ac57.jpg,AI/PlateDetector/datasets/raw/kaggle_plate_license_recognition/valid/5a96f5e1f9be8d42_jpg.rf.213b3b36bdf8c5ba6b5e4d323676ac57.jpg,640,640,1,REAL,TRAIN_ONLY,license_plate,reject_plate_or_ocr_crop
kaggle_plate_license_recognition,5ad7445156bad85a_jpg,valid,5ad7445156bad85a_jpg.rf.2289e9391812d9e1c237abdd3abf6da8.jpg,AI/PlateDetector/datasets/raw/kaggle_plate_license_recognition/valid/5ad7445156bad85a_jpg.rf.2289e9391812d9e1c237abdd3abf6da8.jpg,640,640,1,REAL,TRAIN_ONLY,license_plate,reject_plate_or_ocr_crop
kaggle_plate_license_recognition,5c544330d831e4063_jpg,valid,5c544330d831e4063_jpg.rf.54b6454e7db3cda696c835e0c6365a18.jpg,AI/PlateDetector/datasets/raw/kaggle_plate_license_recognition/valid/5c544330d831e4063_jpg.rf.54b6454e7db3cda696c835e0c6365a18.jpg,640,640,1,REAL,TRAIN_ONLY,license_plate,reject_plate_or_ocr_crop
kaggle_plate_license_recognition,5c544330d831e4063_jpg,train,5c544330d831e4063_jpg.rf.71f1d0897d03537eb2b4e0bd1bc7d60b.jpg,AI/PlateDetector/datasets/raw/kaggle_plate_license_recognition/train/5c544330d831e4063_jpg.rf.71f1d0897d03537eb2b4e0bd1bc7d60b.jpg,640,640,1,REAL,TRAIN_ONLY,license_plate,reject_plate_or_ocr_crop
kaggle_plate_license_recognition,5cdeb04b62661870_jpg,valid,5cdeb04b62661870_jpg.rf.527bc6ebd91023492d7ba0aa2cd0a3fe.jpg,AI/PlateDetector/datasets/raw/kaggle_plate_license_recognition/valid/5cdeb04b62661870_jpg.rf.527bc6ebd91023492d7ba0aa2cd0a3fe.jpg,640,640,1,REAL,TRAIN_ONLY,license_plate,reject_plate_or_ocr_crop
kaggle_plate_license_recognition,5d03df41d8b152c72_jpg,valid,5d03df41d8b152c72_jpg.rf.faa6678f3dba8745c47df28d54f6b670.jpg,AI/PlateDetector/datasets/raw/kaggle_plate_license_recognition/valid/5d03df41d8b152c72_jpg.rf.faa6678f3dba8745c47df28d54f6b670.jpg,640,640,1,REAL,TRAIN_ONLY,license_plate,reject_plate_or_ocr_crop
kaggle_plate_license_recognition,5e8291e30b3ff7ac_jpg,valid,5e8291e30b3ff7ac_jpg.rf.273779e20c51c95b363fdfd96e033a90.jpg,AI/PlateDetector/datasets/raw/kaggle_plate_license_recognition/valid/5e8291e30b3ff7ac_jpg.rf.273779e20c51c95b363fdfd96e033a90.jpg,640,640,1,REAL,TRAIN_ONLY,license_plate,reject_plate_or_ocr_crop
kaggle_plate_license_recognition,5e8291e30b3ff7ac_jpg,train,5e8291e30b3ff7ac_jpg.rf.533a85722501c2910ceccca2d301ee30.jpg,AI/PlateDetector/datasets/raw/kaggle_plate_license_recognition/train/5e8291e30b3ff7ac_jpg.rf.533a85722501c2910ceccca2d301ee30.jpg,640,640,1,REAL,TRAIN_ONLY,license_plate,reject_plate_or_ocr_crop
kaggle_plate_license_recognition,5ecc9ac8c0912dbc_jpg,train,5ecc9ac8c0912dbc_jpg.rf.e9d7c653b1b5cf85cfb7f3d2547f5725.jpg,AI/PlateDetector/datasets/raw/kaggle_plate_license_recognition/train/5ecc9ac8c0912dbc_jpg.rf.e9d7c653b1b5cf85cfb7f3d2547f5725.jpg,640,640,1,REAL,TRAIN_ONLY,license_plate,reject_plate_or_ocr_crop
kaggle_plate_license_recognition,5ecc9ac8c0912dbc_jpg,train,5ecc9ac8c0912dbc_jpg.rf.f6ab2fdb0a73bc70b04717cd25964061.jpg,AI/PlateDetector/datasets/raw/kaggle_plate_license_recognition/train/5ecc9ac8c0912dbc_jpg.rf.f6ab2fdb0a73bc70b04717cd25964061.jpg,640,640,1,REAL,TRAIN_ONLY,license_plate,reject_plate_or_ocr_crop
kaggle_plate_license_recognition,5ee45d8ad87d97302_jpg,valid,5ee45d8ad87d97302_jpg.rf.7bd56add0df188a7f1092836c316d6ba.jpg,AI/PlateDetector/datasets/raw/kaggle_plate_license_recognition/valid/5ee45d8ad87d97302_jpg.rf.7bd56add0df188a7f1092836c316d6ba.jpg,640,640,1,REAL,TRAIN_ONLY,license_plate,reject_plate_or_ocr_crop
kaggle_plate_license_recognition,5f0f9c6659959b522_jpg,train,5f0f9c6659959b522_jpg.rf.7e1c28d1e2cee0f89babaa43d3e951fe.jpg,AI/PlateDetector/datasets/raw/kaggle_plate_license_recognition/train/5f0f9c6659959b522_jpg.rf.7e1c28d1e2cee0f89babaa43d3e951fe.jpg,640,640,1,REAL,TRAIN_ONLY,license_plate,reject_plate_or_ocr_crop
kaggle_plate_license_recognition,5f0f9c6659959b522_jpg,train,5f0f9c6659959b522_jpg.rf.e15fa596673a51768c1b1eb8f7dd1a87.jpg,AI/PlateDetector/datasets/raw/kaggle_plate_license_recognition/train/5f0f9c6659959b522_jpg.rf.e15fa596673a51768c1b1eb8f7dd1a87.jpg,640,640,1,REAL,TRAIN_ONLY,license_plate,reject_plate_or_ocr_crop
kaggle_plate_license_recognition,5f2c4f6623ef323e_jpg,train,5f2c4f6623ef323e_jpg.rf.c03d8492cc641076196ca6f4fca0935b.jpg,AI/PlateDetector/datasets/raw/kaggle_plate_license_recognition/train/5f2c4f6623ef323e_jpg.rf.c03d8492cc641076196ca6f4fca0935b.jpg,640,640,1,REAL,TRAIN_ONLY,license_plate,reject_plate_or_ocr_crop
kaggle_plate_license_recognition,5f84971e3fe33531_jpg,train,5f84971e3fe33531_jpg.rf.4af2c47f1e554089ee98be5ff58812b2.jpg,AI/PlateDetector/datasets/raw/kaggle_plate_license_recognition/train/5f84971e3fe33531_jpg.rf.4af2c47f1e554089ee98be5ff58812b2.jpg,640,640,1,REAL,TRAIN_ONLY,license_plate,reject_plate_or_ocr_crop
kaggle_plate_license_recognition,5hbatsdpugla1_jpg,train,5hbatsdpugla1_jpg.rf.64eebdd3859b19d299af7ffe0b47a477.jpg,AI/PlateDetector/datasets/raw/kaggle_plate_license_recognition/train/5hbatsdpugla1_jpg.rf.64eebdd3859b19d299af7ffe0b47a477.jpg,640,640,1,REAL,TRAIN_ONLY,license_plate,accepted_training_positive
kaggle_plate_license_recognition,60dd7070c63f56a3_jpg,train,60dd7070c63f56a3_jpg.rf.f645b1710204ccbecb62ab514d073665.jpg,AI/PlateDetector/datasets/raw/kaggle_plate_license_recognition/train/60dd7070c63f56a3_jpg.rf.f645b1710204ccbecb62ab514d073665.jpg,640,640,1,REAL,TRAIN_ONLY,license_plate,reject_plate_or_ocr_crop
kaggle_plate_license_recognition,6153c8e0e2678c082_jpg,train,6153c8e0e2678c082_jpg.rf.9452598f530afdf43fd9d94c51a02e74.jpg,AI/PlateDetector/datasets/raw/kaggle_plate_license_recognition/train/6153c8e0e2678c082_jpg.rf.9452598f530afdf43fd9d94c51a02e74.jpg,640,640,1,REAL,TRAIN_ONLY,license_plate,reject_plate_or_ocr_crop
kaggle_plate_license_recognition,6175ff16efcda3f6_jpg,train,6175ff16efcda3f6_jpg.rf.580abcf39275485f8f813581ed05bac3.jpg,AI/PlateDetector/datasets/raw/kaggle_plate_license_recognition/train/6175ff16efcda3f6_jpg.rf.580abcf39275485f8f813581ed05bac3.jpg,640,640,1,REAL,TRAIN_ONLY,license_plate,reject_plate_or_ocr_crop
kaggle_plate_license_recognition,61d6bb6503fadf61_jpg,train,61d6bb6503fadf61_jpg.rf.f182139ddb6e65eb273e63e25e5b0142.jpg,AI/PlateDetector/datasets/raw/kaggle_plate_license_recognition/train/61d6bb6503fadf61_jpg.rf.f182139ddb6e65eb273e63e25e5b0142.jpg,640,640,1,REAL,TRAIN_ONLY,license_plate,reject_plate_or_ocr_crop
kaggle_plate_license_recognition,61do0lolkgla1_jpg,train,61do0lolkgla1_jpg.rf.0a4302ae9cc7a0267a9aafaf120ff806.jpg,AI/PlateDetector/datasets/raw/kaggle_plate_license_recognition/train/61do0lolkgla1_jpg.rf.0a4302ae9cc7a0267a9aafaf120ff806.jpg,640,640,4,REAL,TRAIN_ONLY,license_plate,reject_mosaic_collage
kaggle_plate_license_recognition,61do0lolkgla1_jpg,valid,61do0lolkgla1_jpg.rf.f4001fe24999961d33a21fc52f00bf36.jpg,AI/PlateDetector/datasets/raw/kaggle_plate_license_recognition/valid/61do0lolkgla1_jpg.rf.f4001fe24999961d33a21fc52f00bf36.jpg,640,640,1,REAL,TRAIN_ONLY,license_plate,accepted_training_positive
kaggle_plate_license_recognition,61ec03bf3a057298_jpg,train,61ec03bf3a057298_jpg.rf.6b83eb53b945d5ab88cfaa14bab703c0.jpg,AI/PlateDetector/datasets/raw/kaggle_plate_license_recognition/train/61ec03bf3a057298_jpg.rf.6b83eb53b945d5ab88cfaa14bab703c0.jpg,640,640,1,REAL,TRAIN_ONLY,license_plate,reject_plate_or_ocr_crop
kaggle_plate_license_recognition,61ec03bf3a057298_jpg,test,61ec03bf3a057298_jpg.rf.9bb21e9138eb7c6abc454a8373a5baa9.jpg,AI/PlateDetector/datasets/raw/kaggle_plate_license_recognition/test/61ec03bf3a057298_jpg.rf.9bb21e9138eb7c6abc454a8373a5baa9.jpg,640,640,1,REAL,TRAIN_ONLY,license_plate,reject_plate_or_ocr_crop
kaggle_plate_license_recognition,63b4b694f00812c1_jpg,train,63b4b694f00812c1_jpg.rf.0226313f3aebe0e3bb12bc88c5974101.jpg,AI/PlateDetector/datasets/raw/kaggle_plate_license_recognition/train/63b4b694f00812c1_jpg.rf.0226313f3aebe0e3bb12bc88c5974101.jpg,640,640,1,REAL,TRAIN_ONLY,license_plate,reject_plate_or_ocr_crop
kaggle_plate_license_recognition,63bc998b7e482ac4_jpg,train,63bc998b7e482ac4_jpg.rf.b372fa0c10e14ac9d863edcf7eaa4f52.jpg,AI/PlateDetector/datasets/raw/kaggle_plate_license_recognition/train/63bc998b7e482ac4_jpg.rf.b372fa0c10e14ac9d863edcf7eaa4f52.jpg,640,640,1,REAL,TRAIN_ONLY,license_plate,reject_plate_or_ocr_crop
kaggle_plate_license_recognition,63bd054a68448c3b2_jpg,train,63bd054a68448c3b2_jpg.rf.8a585d18739355f43c948991a339bef8.jpg,AI/PlateDetector/datasets/raw/kaggle_plate_license_recognition/train/63bd054a68448c3b2_jpg.rf.8a585d18739355f43c948991a339bef8.jpg,640,640,1,REAL,TRAIN_ONLY,license_plate,reject_plate_or_ocr_crop
kaggle_plate_license_recognition,63d2181c2276c644_jpg,train,63d2181c2276c644_jpg.rf.011d10f8ce43253e118107a4de0a90fb.jpg,AI/PlateDetector/datasets/raw/kaggle_plate_license_recognition/train/63d2181c2276c644_jpg.rf.011d10f8ce43253e118107a4de0a90fb.jpg,640,640,1,REAL,TRAIN_ONLY,license_plate,reject_plate_or_ocr_crop
kaggle_plate_license_recognition,63d2181c2276c644_jpg,train,63d2181c2276c644_jpg.rf.985d45608d7af9028d8907c38fa559fd.jpg,AI/PlateDetector/datasets/raw/kaggle_plate_license_recognition/train/63d2181c2276c644_jpg.rf.985d45608d7af9028d8907c38fa559fd.jpg,640,640,1,REAL,TRAIN_ONLY,license_plate,reject_plate_or_ocr_crop
kaggle_plate_license_recognition,6426922ce233b562_jpg,train,6426922ce233b562_jpg.rf.b75b4a0961b074f0346a5c9fe2846ab4.jpg,AI/PlateDetector/datasets/raw/kaggle_plate_license_recognition/train/6426922ce233b562_jpg.rf.b75b4a0961b074f0346a5c9fe2846ab4.jpg,640,640,1,REAL,TRAIN_ONLY,license_plate,reject_plate_or_ocr_crop
kaggle_plate_license_recognition,6464c61ec39dfac4_jpg,train,6464c61ec39dfac4_jpg.rf.632fb199ff6b9d2d60051451781b6426.jpg,AI/PlateDetector/datasets/raw/kaggle_plate_license_recognition/train/6464c61ec39dfac4_jpg.rf.632fb199ff6b9d2d60051451781b6426.jpg,640,640,1,REAL,TRAIN_ONLY,license_plate,reject_plate_or_ocr_crop
kaggle_plate_license_recognition,646857ac606ed374_jpg,test,646857ac606ed374_jpg.rf.114bd201b750f97d1d0752b7e4249f24.jpg,AI/PlateDetector/datasets/raw/kaggle_plate_license_recognition/test/646857ac606ed374_jpg.rf.114bd201b750f97d1d0752b7e4249f24.jpg,640,640,1,REAL,TRAIN_ONLY,license_plate,reject_plate_or_ocr_crop
kaggle_plate_license_recognition,64a48cc22a4eb6b82_jpg,train,64a48cc22a4eb6b82_jpg.rf.dcf198721985f407189674ef1ff6424d.jpg,AI/PlateDetector/datasets/raw/kaggle_plate_license_recognition/train/64a48cc22a4eb6b82_jpg.rf.dcf198721985f407189674ef1ff6424d.jpg,640,640,1,REAL,TRAIN_ONLY,license_plate,reject_plate_or_ocr_crop
kaggle_plate_license_recognition,6520279c853247d5_jpg,train,6520279c853247d5_jpg.rf.53c57bc4033796e12478e5a0232f1232.jpg,AI/PlateDetector/datasets/raw/kaggle_plate_license_recognition/train/6520279c853247d5_jpg.rf.53c57bc4033796e12478e5a0232f1232.jpg,640,640,1,REAL,TRAIN_ONLY,license_plate,reject_plate_or_ocr_crop
kaggle_plate_license_recognition,65406a744bcc778e2_jpg,train,65406a744bcc778e2_jpg.rf.9fe8f70911033cf9e94d169cfe9a872a.jpg,AI/PlateDetector/datasets/raw/kaggle_plate_license_recognition/train/65406a744bcc778e2_jpg.rf.9fe8f70911033cf9e94d169cfe9a872a.jpg,640,640,1,REAL,TRAIN_ONLY,license_plate,reject_plate_or_ocr_crop
kaggle_plate_license_recognition,65f3e212c61987a2_jpg,test,65f3e212c61987a2_jpg.rf.186450d45d42b7b3e67b975b0838cf59.jpg,AI/PlateDetector/datasets/raw/kaggle_plate_license_recognition/test/65f3e212c61987a2_jpg.rf.186450d45d42b7b3e67b975b0838cf59.jpg,640,640,1,REAL,TRAIN_ONLY,license_plate,reject_plate_or_ocr_crop
kaggle_plate_license_recognition,66144e8ccb6114bc_jpg,train,66144e8ccb6114bc_jpg.rf.feabbfe77128f80bb256e6470b064d6e.jpg,AI/PlateDetector/datasets/raw/kaggle_plate_license_recognition/train/66144e8ccb6114bc_jpg.rf.feabbfe77128f80bb256e6470b064d6e.jpg,640,640,1,REAL,TRAIN_ONLY,license_plate,reject_plate_or_ocr_crop
kaggle_plate_license_recognition,663b93c50992687d3_jpg,train,663b93c50992687d3_jpg.rf.6bc85b39fa3368628997b852415322c1.jpg,AI/PlateDetector/datasets/raw/kaggle_plate_license_recognition/train/663b93c50992687d3_jpg.rf.6bc85b39fa3368628997b852415322c1.jpg,640,640,1,REAL,TRAIN_ONLY,license_plate,reject_plate_or_ocr_crop
kaggle_plate_license_recognition,671b5b58fa8607f12_jpg,valid,671b5b58fa8607f12_jpg.rf.47fe57d2d37b98bcb6478029baed01ee.jpg,AI/PlateDetector/datasets/raw/kaggle_plate_license_recognition/valid/671b5b58fa8607f12_jpg.rf.47fe57d2d37b98bcb6478029baed01ee.jpg,640,640,1,REAL,TRAIN_ONLY,license_plate,reject_plate_or_ocr_crop
kaggle_plate_license_recognition,671b5b58fa8607f12_jpg,test,671b5b58fa8607f12_jpg.rf.a3f4f4c7f5c4d5d69544f9defca2affa.jpg,AI/PlateDetector/datasets/raw/kaggle_plate_license_recognition/test/671b5b58fa8607f12_jpg.rf.a3f4f4c7f5c4d5d69544f9defca2affa.jpg,640,640,1,REAL,TRAIN_ONLY,license_plate,reject_plate_or_ocr_crop
kaggle_plate_license_recognition,671b5b58fa8607f12_jpg,valid,671b5b58fa8607f12_jpg.rf.df898c167ccebf8167e0a44d4d0903d3.jpg,AI/PlateDetector/datasets/raw/kaggle_plate_license_recognition/valid/671b5b58fa8607f12_jpg.rf.df898c167ccebf8167e0a44d4d0903d3.jpg,640,640,1,REAL,TRAIN_ONLY,license_plate,reject_plate_or_ocr_crop
kaggle_plate_license_recognition,67bfd80a41b6c25a_jpg,train,67bfd80a41b6c25a_jpg.rf.68920540cd3c139699b8a5eaa66ef7b8.jpg,AI/PlateDetector/datasets/raw/kaggle_plate_license_recognition/train/67bfd80a41b6c25a_jpg.rf.68920540cd3c139699b8a5eaa66ef7b8.jpg,640,640,1,REAL,TRAIN_ONLY,license_plate,reject_plate_or_ocr_crop
kaggle_plate_license_recognition,67bfd80a41b6c25a_jpg,valid,67bfd80a41b6c25a_jpg.rf.d49b1df180a9f18b2d900cb687872e0d.jpg,AI/PlateDetector/datasets/raw/kaggle_plate_license_recognition/valid/67bfd80a41b6c25a_jpg.rf.d49b1df180a9f18b2d900cb687872e0d.jpg,640,640,1,REAL,TRAIN_ONLY,license_plate,reject_plate_or_ocr_crop
kaggle_plate_license_recognition,697ba5a67e19f77a_jpg,train,697ba5a67e19f77a_jpg.rf.729389e9bb19c5dfe6464a00d55e5d60.jpg,AI/PlateDetector/datasets/raw/kaggle_plate_license_recognition/train/697ba5a67e19f77a_jpg.rf.729389e9bb19c5dfe6464a00d55e5d60.jpg,640,640,1,REAL,TRAIN_ONLY,license_plate,reject_plate_or_ocr_crop
kaggle_plate_license_recognition,69af330282f0c3b6_jpg,train,69af330282f0c3b6_jpg.rf.e3f888d8b0f57f93e6fa1bbb64af6d8f.jpg,AI/PlateDetector/datasets/raw/kaggle_plate_license_recognition/train/69af330282f0c3b6_jpg.rf.e3f888d8b0f57f93e6fa1bbb64af6d8f.jpg,640,640,2,REAL,TRAIN_ONLY,license_plate,reject_plate_or_ocr_crop
kaggle_plate_license_recognition,69d4b6de2e2b3d30_jpg,valid,69d4b6de2e2b3d30_jpg.rf.304b275704834dc566f09bbd90862ffb.jpg,AI/PlateDetector/datasets/raw/kaggle_plate_license_recognition/valid/69d4b6de2e2b3d30_jpg.rf.304b275704834dc566f09bbd90862ffb.jpg,640,640,1,REAL,TRAIN_ONLY,license_plate,reject_plate_or_ocr_crop
kaggle_plate_license_recognition,69d4b6de2e2b3d30_jpg,train,69d4b6de2e2b3d30_jpg.rf.46ab6fdc21f1d17c255b12c12072726f.jpg,AI/PlateDetector/datasets/raw/kaggle_plate_license_recognition/train/69d4b6de2e2b3d30_jpg.rf.46ab6fdc21f1d17c255b12c12072726f.jpg,640,640,1,REAL,TRAIN_ONLY,license_plate,reject_plate_or_ocr_crop
kaggle_plate_license_recognition,69ff376c92b69dc02_jpg,train,69ff376c92b69dc02_jpg.rf.968fb1777a91a0788355be5a32bf0125.jpg,AI/PlateDetector/datasets/raw/kaggle_plate_license_recognition/train/69ff376c92b69dc02_jpg.rf.968fb1777a91a0788355be5a32bf0125.jpg,640,640,1,REAL,TRAIN_ONLY,license_plate,reject_plate_or_ocr_crop
kaggle_plate_license_recognition,6a17c7fd56af8fae_jpg,train,6a17c7fd56af8fae_jpg.rf.07d43560956fcb909073d5475bf14cba.jpg,AI/PlateDetector/datasets/raw/kaggle_plate_license_recognition/train/6a17c7fd56af8fae_jpg.rf.07d43560956fcb909073d5475bf14cba.jpg,640,640,1,REAL,TRAIN_ONLY,license_plate,reject_plate_or_ocr_crop
kaggle_plate_license_recognition,6a309e95ae6915742_jpg,test,6a309e95ae6915742_jpg.rf.9243a529ad572842616b482de1293344.jpg,AI/PlateDetector/datasets/raw/kaggle_plate_license_recognition/test/6a309e95ae6915742_jpg.rf.9243a529ad572842616b482de1293344.jpg,640,640,1,REAL,TRAIN_ONLY,license_plate,reject_plate_or_ocr_crop
kaggle_plate_license_recognition,6a309e95ae691574_jpg,valid,6a309e95ae691574_jpg.rf.c2eea456d3be4dbe742a34d629c28e9c.jpg,AI/PlateDetector/datasets/raw/kaggle_plate_license_recognition/valid/6a309e95ae691574_jpg.rf.c2eea456d3be4dbe742a34d629c28e9c.jpg,640,640,1,REAL,TRAIN_ONLY,license_plate,reject_plate_or_ocr_crop
kaggle_plate_license_recognition,6a373e78c5753c40_jpg,train,6a373e78c5753c40_jpg.rf.e829ab6e11c78869ec0f5f6d960ea98f.jpg,AI/PlateDetector/datasets/raw/kaggle_plate_license_recognition/train/6a373e78c5753c40_jpg.rf.e829ab6e11c78869ec0f5f6d960ea98f.jpg,640,640,1,REAL,TRAIN_ONLY,license_plate,reject_plate_or_ocr_crop
kaggle_plate_license_recognition,6a83427897b0304a2_jpg,train,6a83427897b0304a2_jpg.rf.9d36cea5af3fdd3765e761d1461f6834.jpg,AI/PlateDetector/datasets/raw/kaggle_plate_license_recognition/train/6a83427897b0304a2_jpg.rf.9d36cea5af3fdd3765e761d1461f6834.jpg,640,640,1,REAL,TRAIN_ONLY,license_plate,reject_plate_or_ocr_crop
kaggle_plate_license_recognition,6b708624be367211_jpg,train,6b708624be367211_jpg.rf.a97ddad3a4b829482f43073213be29e9.jpg,AI/PlateDetector/datasets/raw/kaggle_plate_license_recognition/train/6b708624be367211_jpg.rf.a97ddad3a4b829482f43073213be29e9.jpg,640,640,1,REAL,TRAIN_ONLY,license_plate,reject_plate_or_ocr_crop
kaggle_plate_license_recognition,6b934c2fedcf1518_jpg,test,6b934c2fedcf1518_jpg.rf.1ba5c3f8fc51f0e8a86a2fe8c1ec1314.jpg,AI/PlateDetector/datasets/raw/kaggle_plate_license_recognition/test/6b934c2fedcf1518_jpg.rf.1ba5c3f8fc51f0e8a86a2fe8c1ec1314.jpg,640,640,1,REAL,TRAIN_ONLY,license_plate,reject_plate_or_ocr_crop
kaggle_plate_license_recognition,6b934c2fedcf1518_jpg,valid,6b934c2fedcf1518_jpg.rf.99367692e9c15858cf49e72344910fe0.jpg,AI/PlateDetector/datasets/raw/kaggle_plate_license_recognition/valid/6b934c2fedcf1518_jpg.rf.99367692e9c15858cf49e72344910fe0.jpg,640,640,1,REAL,TRAIN_ONLY,license_plate,reject_plate_or_ocr_crop
kaggle_plate_license_recognition,6c092d5c7056b9e52_jpg,valid,6c092d5c7056b9e52_jpg.rf.5caeff6df83e2ba6c75ec36fe65216a0.jpg,AI/PlateDetector/datasets/raw/kaggle_plate_license_recognition/valid/6c092d5c7056b9e52_jpg.rf.5caeff6df83e2ba6c75ec36fe65216a0.jpg,640,640,1,REAL,TRAIN_ONLY,license_plate,reject_plate_or_ocr_crop
kaggle_plate_license_recognition,6c2ea949c7d751e52_jpg,valid,6c2ea949c7d751e52_jpg.rf.a57d15469889367583ed6ee0a43a19d2.jpg,AI/PlateDetector/datasets/raw/kaggle_plate_license_recognition/valid/6c2ea949c7d751e52_jpg.rf.a57d15469889367583ed6ee0a43a19d2.jpg,640,640,1,REAL,TRAIN_ONLY,license_plate,reject_plate_or_ocr_crop
kaggle_plate_license_recognition,6d491dfdeb7b5e60_jpg,valid,6d491dfdeb7b5e60_jpg.rf.5032546e8111f4a6e6cc7e5748c17629.jpg,AI/PlateDetector/datasets/raw/kaggle_plate_license_recognition/valid/6d491dfdeb7b5e60_jpg.rf.5032546e8111f4a6e6cc7e5748c17629.jpg,640,640,1,REAL,TRAIN_ONLY,license_plate,reject_plate_or_ocr_crop
kaggle_plate_license_recognition,6d99d28e0cf11e163_jpg,train,6d99d28e0cf11e163_jpg.rf.43a0a75aba60b47c7e0346ed0a6afd83.jpg,AI/PlateDetector/datasets/raw/kaggle_plate_license_recognition/train/6d99d28e0cf11e163_jpg.rf.43a0a75aba60b47c7e0346ed0a6afd83.jpg,640,640,1,REAL,TRAIN_ONLY,license_plate,reject_plate_or_ocr_crop
kaggle_plate_license_recognition,6e7402bf669e8e4a2_jpg,valid,6e7402bf669e8e4a2_jpg.rf.1cbb3d6b07bf241362ab29e830f67a8a.jpg,AI/PlateDetector/datasets/raw/kaggle_plate_license_recognition/valid/6e7402bf669e8e4a2_jpg.rf.1cbb3d6b07bf241362ab29e830f67a8a.jpg,640,640,1,REAL,TRAIN_ONLY,license_plate,reject_plate_or_ocr_crop
kaggle_plate_license_recognition,6efb985b5ff745152_jpg,test,6efb985b5ff745152_jpg.rf.8d06eab7d52b745aa4506c0cd312027b.jpg,AI/PlateDetector/datasets/raw/kaggle_plate_license_recognition/test/6efb985b5ff745152_jpg.rf.8d06eab7d52b745aa4506c0cd312027b.jpg,640,640,1,REAL,TRAIN_ONLY,license_plate,reject_plate_or_ocr_crop
kaggle_plate_license_recognition,6k5yofm5stna1_jpg,train,6k5yofm5stna1_jpg.rf.6fb294dd1dd3d1b252452e0e9fb52118.jpg,AI/PlateDetector/datasets/raw/kaggle_plate_license_recognition/train/6k5yofm5stna1_jpg.rf.6fb294dd1dd3d1b252452e0e9fb52118.jpg,640,640,1,REAL,TRAIN_ONLY,license_plate,accepted_training_positive
kaggle_plate_license_recognition,6k5yofm5stna1_jpg,test,6k5yofm5stna1_jpg.rf.7009aa654e11724a9a23fcc42bb49466.jpg,AI/PlateDetector/datasets/raw/kaggle_plate_license_recognition/test/6k5yofm5stna1_jpg.rf.7009aa654e11724a9a23fcc42bb49466.jpg,640,640,1,REAL,TRAIN_ONLY,license_plate,accepted_training_positive
kaggle_plate_license_recognition,6k5yofm5stna1_jpg,train,6k5yofm5stna1_jpg.rf.887a0bbb625732e2e22da5e62bb76f40.jpg,AI/PlateDetector/datasets/raw/kaggle_plate_license_recognition/train/6k5yofm5stna1_jpg.rf.887a0bbb625732e2e22da5e62bb76f40.jpg,640,640,1,REAL,TRAIN_ONLY,license_plate,accepted_training_positive
kaggle_plate_license_recognition,6kryid75ytka1_jpg,train,6kryid75ytka1_jpg.rf.4f02a6b22f1e6affc565063d39db6ad1.jpg,AI/PlateDetector/datasets/raw/kaggle_plate_license_recognition/train/6kryid75ytka1_jpg.rf.4f02a6b22f1e6affc565063d39db6ad1.jpg,640,640,1,REAL,TRAIN_ONLY,license_plate,accepted_training_positive
kaggle_plate_license_recognition,6kryid75ytka1_jpg,train,6kryid75ytka1_jpg.rf.e8d1308c39e447b33db4315e180c2239.jpg,AI/PlateDetector/datasets/raw/kaggle_plate_license_recognition/train/6kryid75ytka1_jpg.rf.e8d1308c39e447b33db4315e180c2239.jpg,640,640,1,REAL,TRAIN_ONLY,license_plate,accepted_training_positive
kaggle_plate_license_recognition,6kryid75ytka1_jpg,train,6kryid75ytka1_jpg.rf.f97d6cc13107645fd2f915e6f49dbe21.jpg,AI/PlateDetector/datasets/raw/kaggle_plate_license_recognition/train/6kryid75ytka1_jpg.rf.f97d6cc13107645fd2f915e6f49dbe21.jpg,640,640,1,REAL,TRAIN_ONLY,license_plate,accepted_training_positive
kaggle_plate_license_recognition,6tojxy6qmeka1_jpg,valid,6tojxy6qmeka1_jpg.rf.5f11817dceef7f2c4c819b72b776f108.jpg,AI/PlateDetector/datasets/raw/kaggle_plate_license_recognition/valid/6tojxy6qmeka1_jpg.rf.5f11817dceef7f2c4c819b72b776f108.jpg,640,640,1,REAL,TRAIN_ONLY,license_plate,accepted_training_positive
kaggle_plate_license_recognition,6tojxy6qmeka1_jpg,valid,6tojxy6qmeka1_jpg.rf.940cd5238a144600c8777e0fef9ff11b.jpg,AI/PlateDetector/datasets/raw/kaggle_plate_license_recognition/valid/6tojxy6qmeka1_jpg.rf.940cd5238a144600c8777e0fef9ff11b.jpg,640,640,1,REAL,TRAIN_ONLY,license_plate,accepted_training_positive
kaggle_plate_license_recognition,6zval7k05nfa1_jpg,train,6zval7k05nfa1_jpg.rf.41b7440febdcf3797fc65c1659971197.jpg,AI/PlateDetector/datasets/raw/kaggle_plate_license_recognition/train/6zval7k05nfa1_jpg.rf.41b7440febdcf3797fc65c1659971197.jpg,640,640,1,REAL,TRAIN_ONLY,license_plate,accepted_training_positive
kaggle_plate_license_recognition,6zval7k05nfa1_jpg,test,6zval7k05nfa1_jpg.rf.9ab17e16dd5245865f01686e09912053.jpg,AI/PlateDetector/datasets/raw/kaggle_plate_license_recognition/test/6zval7k05nfa1_jpg.rf.9ab17e16dd5245865f01686e09912053.jpg,640,640,1,REAL,TRAIN_ONLY,license_plate,accepted_training_positive
kaggle_plate_license_recognition,6zval7k05nfa1_jpg,train,6zval7k05nfa1_jpg.rf.f1b8d53f66560a7d350d7a2d490610e9.jpg,AI/PlateDetector/datasets/raw/kaggle_plate_license_recognition/train/6zval7k05nfa1_jpg.rf.f1b8d53f66560a7d350d7a2d490610e9.jpg,640,640,4,REAL,TRAIN_ONLY,license_plate,reject_mosaic_collage
kaggle_plate_license_recognition,707c0c0f4263a281_jpg,train,707c0c0f4263a281_jpg.rf.c9841d9e0e7c195fc24426b1e8c92c22.jpg,AI/PlateDetector/datasets/raw/kaggle_plate_license_recognition/train/707c0c0f4263a281_jpg.rf.c9841d9e0e7c195fc24426b1e8c92c22.jpg,640,640,1,REAL,TRAIN_ONLY,license_plate,reject_plate_or_ocr_crop
kaggle_plate_license_recognition,71ey50gtegma1_jpg,train,71ey50gtegma1_jpg.rf.b4068ddd3a5c772eea14f89b001f9045.jpg,AI/PlateDetector/datasets/raw/kaggle_plate_license_recognition/train/71ey50gtegma1_jpg.rf.b4068ddd3a5c772eea14f89b001f9045.jpg,640,640,1,REAL,TRAIN_ONLY,license_plate,accepted_training_positive
kaggle_plate_license_recognition,72aefb28e771e050_jpg,train,72aefb28e771e050_jpg.rf.f4b367b23e60c51aea114164f15669ef.jpg,AI/PlateDetector/datasets/raw/kaggle_plate_license_recognition/train/72aefb28e771e050_jpg.rf.f4b367b23e60c51aea114164f15669ef.jpg,640,640,1,REAL,TRAIN_ONLY,license_plate,reject_plate_or_ocr_crop
kaggle_plate_license_recognition,73301ba02a34c27f_jpg,train,73301ba02a34c27f_jpg.rf.3c5e09ae3ba8117729520529832ca61c.jpg,AI/PlateDetector/datasets/raw/kaggle_plate_license_recognition/train/73301ba02a34c27f_jpg.rf.3c5e09ae3ba8117729520529832ca61c.jpg,640,640,1,REAL,TRAIN_ONLY,license_plate,reject_plate_or_ocr_crop
kaggle_plate_license_recognition,73301ba02a34c27f_jpg,test,73301ba02a34c27f_jpg.rf.873a0ffd95b8ada1fc4c53a0b1edf63f.jpg,AI/PlateDetector/datasets/raw/kaggle_plate_license_recognition/test/73301ba02a34c27f_jpg.rf.873a0ffd95b8ada1fc4c53a0b1edf63f.jpg,640,640,1,REAL,TRAIN_ONLY,license_plate,reject_plate_or_ocr_crop
kaggle_plate_license_recognition,73bba7d7f439b76f2_jpg,train,73bba7d7f439b76f2_jpg.rf.c094605edc3d96a8708fff11102077b6.jpg,AI/PlateDetector/datasets/raw/kaggle_plate_license_recognition/train/73bba7d7f439b76f2_jpg.rf.c094605edc3d96a8708fff11102077b6.jpg,640,640,1,REAL,TRAIN_ONLY,license_plate,reject_plate_or_ocr_crop
kaggle_plate_license_recognition,74cd85a269e2b2f6_jpg,valid,74cd85a269e2b2f6_jpg.rf.ab7955f171c78f97e01beab110ad9ac9.jpg,AI/PlateDetector/datasets/raw/kaggle_plate_license_recognition/valid/74cd85a269e2b2f6_jpg.rf.ab7955f171c78f97e01beab110ad9ac9.jpg,640,640,1,REAL,TRAIN_ONLY,license_plate,reject_plate_or_ocr_crop
kaggle_plate_license_recognition,752f4d6f39f930ea_jpg,test,752f4d6f39f930ea_jpg.rf.f568e583f03ebfa5a5a5ede06f0ef1b9.jpg,AI/PlateDetector/datasets/raw/kaggle_plate_license_recognition/test/752f4d6f39f930ea_jpg.rf.f568e583f03ebfa5a5a5ede06f0ef1b9.jpg,640,640,1,REAL,TRAIN_ONLY,license_plate,reject_plate_or_ocr_crop
kaggle_plate_license_recognition,752f4d6f39f930ea_jpg,train,752f4d6f39f930ea_jpg.rf.f8b3ce31347daafe1e46dc6a75ecf305.jpg,AI/PlateDetector/datasets/raw/kaggle_plate_license_recognition/train/752f4d6f39f930ea_jpg.rf.f8b3ce31347daafe1e46dc6a75ecf305.jpg,640,640,1,REAL,TRAIN_ONLY,license_plate,reject_plate_or_ocr_crop
kaggle_plate_license_recognition,75zYjIR8Mh11i3i6GSO6LNrn180hDjYvOSbifuinK8A_jpg,train,75zYjIR8Mh11i3i6GSO6LNrn180hDjYvOSbifuinK8A_jpg.rf.7f4439ee4f06c9d898dd6f9733adc6a7.jpg,AI/PlateDetector/datasets/raw/kaggle_plate_license_recognition/train/75zYjIR8Mh11i3i6GSO6LNrn180hDjYvOSbifuinK8A_jpg.rf.7f4439ee4f06c9d898dd6f9733adc6a7.jpg,640,640,4,REAL,TRAIN_ONLY,license_plate,reject_mosaic_collage
kaggle_plate_license_recognition,75zYjIR8Mh11i3i6GSO6LNrn180hDjYvOSbifuinK8A_jpg,train,75zYjIR8Mh11i3i6GSO6LNrn180hDjYvOSbifuinK8A_jpg.rf.cc0b763ae49210f09b1f69876bcfb5be.jpg,AI/PlateDetector/datasets/raw/kaggle_plate_license_recognition/train/75zYjIR8Mh11i3i6GSO6LNrn180hDjYvOSbifuinK8A_jpg.rf.cc0b763ae49210f09b1f69876bcfb5be.jpg,640,640,1,REAL,TRAIN_ONLY,license_plate,accepted_training_positive
kaggle_plate_license_recognition,76951f4b050690c8_jpg,valid,76951f4b050690c8_jpg.rf.a9d6e2f5f328e1b8a2bea7781cfaa3cb.jpg,AI/PlateDetector/datasets/raw/kaggle_plate_license_recognition/valid/76951f4b050690c8_jpg.rf.a9d6e2f5f328e1b8a2bea7781cfaa3cb.jpg,640,640,1,REAL,TRAIN_ONLY,license_plate,reject_plate_or_ocr_crop
kaggle_plate_license_recognition,76951f4b050690c8_jpg,valid,76951f4b050690c8_jpg.rf.de8f2e7b298846d4b7dd9e64191de509.jpg,AI/PlateDetector/datasets/raw/kaggle_plate_license_recognition/valid/76951f4b050690c8_jpg.rf.de8f2e7b298846d4b7dd9e64191de509.jpg,640,640,1,REAL,TRAIN_ONLY,license_plate,reject_plate_or_ocr_crop
kaggle_plate_license_recognition,7696kmyx4fla1_jpg,train,7696kmyx4fla1_jpg.rf.f0c79858765495599f602f9ce0f93db0.jpg,AI/PlateDetector/datasets/raw/kaggle_plate_license_recognition/train/7696kmyx4fla1_jpg.rf.f0c79858765495599f602f9ce0f93db0.jpg,640,640,1,REAL,TRAIN_ONLY,license_plate,accepted_training_positive
kaggle_plate_license_recognition,76e3036b647e831f_jpg,train,76e3036b647e831f_jpg.rf.20d4e069c2632c77d17a2d82ccc0044c.jpg,AI/PlateDetector/datasets/raw/kaggle_plate_license_recognition/train/76e3036b647e831f_jpg.rf.20d4e069c2632c77d17a2d82ccc0044c.jpg,640,640,1,REAL,TRAIN_ONLY,license_plate,reject_plate_or_ocr_crop
kaggle_plate_license_recognition,77fca0f5d5333485_jpg,train,77fca0f5d5333485_jpg.rf.9332584b2d66b5b81e73394f37ceb406.jpg,AI/PlateDetector/datasets/raw/kaggle_plate_license_recognition/train/77fca0f5d5333485_jpg.rf.9332584b2d66b5b81e73394f37ceb406.jpg,640,640,1,REAL,TRAIN_ONLY,license_plate,reject_plate_or_ocr_crop
kaggle_plate_license_recognition,77wli7ve42ia1_jpg,train,77wli7ve42ia1_jpg.rf.0be573fcdd5c17c1c14654881020f1ad.jpg,AI/PlateDetector/datasets/raw/kaggle_plate_license_recognition/train/77wli7ve42ia1_jpg.rf.0be573fcdd5c17c1c14654881020f1ad.jpg,640,640,1,REAL,TRAIN_ONLY,license_plate,accepted_training_positive
kaggle_plate_license_recognition,784ef84e26874fdd_jpg,train,784ef84e26874fdd_jpg.rf.ba3279062826dfe662e5474c3ce20737.jpg,AI/PlateDetector/datasets/raw/kaggle_plate_license_recognition/train/784ef84e26874fdd_jpg.rf.ba3279062826dfe662e5474c3ce20737.jpg,640,640,1,REAL,TRAIN_ONLY,license_plate,reject_plate_or_ocr_crop
kaggle_plate_license_recognition,7894736b28194c51_jpg,train,7894736b28194c51_jpg.rf.6ae84fe2a71ca434ad92b87fd3c2e373.jpg,AI/PlateDetector/datasets/raw/kaggle_plate_license_recognition/train/7894736b28194c51_jpg.rf.6ae84fe2a71ca434ad92b87fd3c2e373.jpg,640,640,1,REAL,TRAIN_ONLY,license_plate,reject_plate_or_ocr_crop
kaggle_plate_license_recognition,797c1c804f70812b2_jpg,train,797c1c804f70812b2_jpg.rf.f0ee878f6143ea91a21492c1e2058e12.jpg,AI/PlateDetector/datasets/raw/kaggle_plate_license_recognition/train/797c1c804f70812b2_jpg.rf.f0ee878f6143ea91a21492c1e2058e12.jpg,640,640,1,REAL,TRAIN_ONLY,license_plate,reject_plate_or_ocr_crop
kaggle_plate_license_recognition,798665a0ccab36cb_jpg,train,798665a0ccab36cb_jpg.rf.968d3342da84029e2a4cb055a9c21cbb.jpg,AI/PlateDetector/datasets/raw/kaggle_plate_license_recognition/train/798665a0ccab36cb_jpg.rf.968d3342da84029e2a4cb055a9c21cbb.jpg,640,640,1,REAL,TRAIN_ONLY,license_plate,reject_plate_or_ocr_crop
kaggle_plate_license_recognition,7a166d07c573ac8b_jpg,train,7a166d07c573ac8b_jpg.rf.cd61ce7844845d563fa137cbc1115b04.jpg,AI/PlateDetector/datasets/raw/kaggle_plate_license_recognition/train/7a166d07c573ac8b_jpg.rf.cd61ce7844845d563fa137cbc1115b04.jpg,640,640,1,REAL,TRAIN_ONLY,license_plate,reject_plate_or_ocr_crop
kaggle_plate_license_recognition,7a333fab503a15d6_jpg,train,7a333fab503a15d6_jpg.rf.88763752d302e64373da4d44980b24f5.jpg,AI/PlateDetector/datasets/raw/kaggle_plate_license_recognition/train/7a333fab503a15d6_jpg.rf.88763752d302e64373da4d44980b24f5.jpg,640,640,1,REAL,TRAIN_ONLY,license_plate,reject_plate_or_ocr_crop
kaggle_plate_license_recognition,7ab240973288a405_jpg,train,7ab240973288a405_jpg.rf.ac2a4e9d32e0044f88f3c8c611c2d752.jpg,AI/PlateDetector/datasets/raw/kaggle_plate_license_recognition/train/7ab240973288a405_jpg.rf.ac2a4e9d32e0044f88f3c8c611c2d752.jpg,640,640,1,REAL,TRAIN_ONLY,license_plate,reject_plate_or_ocr_crop
kaggle_plate_license_recognition,7ab5bc1640831419_jpg,valid,7ab5bc1640831419_jpg.rf.facdb59e2ac61a6da768ba93b77f8cfd.jpg,AI/PlateDetector/datasets/raw/kaggle_plate_license_recognition/valid/7ab5bc1640831419_jpg.rf.facdb59e2ac61a6da768ba93b77f8cfd.jpg,640,640,1,REAL,TRAIN_ONLY,license_plate,reject_plate_or_ocr_crop
kaggle_plate_license_recognition,7b404570b67dccba_jpg,train,7b404570b67dccba_jpg.rf.06429aadde3a93c52af5d92a65230450.jpg,AI/PlateDetector/datasets/raw/kaggle_plate_license_recognition/train/7b404570b67dccba_jpg.rf.06429aadde3a93c52af5d92a65230450.jpg,640,640,1,REAL,TRAIN_ONLY,license_plate,reject_plate_or_ocr_crop
kaggle_plate_license_recognition,7b404570b67dccba_jpg,valid,7b404570b67dccba_jpg.rf.49c906821a46dc9892006c37134fdc56.jpg,AI/PlateDetector/datasets/raw/kaggle_plate_license_recognition/valid/7b404570b67dccba_jpg.rf.49c906821a46dc9892006c37134fdc56.jpg,640,640,1,REAL,TRAIN_ONLY,license_plate,reject_plate_or_ocr_crop
kaggle_plate_license_recognition,7b404570b67dccba_jpg,train,7b404570b67dccba_jpg.rf.78a54054ff6dabf2dea94b1c31716e7e.jpg,AI/PlateDetector/datasets/raw/kaggle_plate_license_recognition/train/7b404570b67dccba_jpg.rf.78a54054ff6dabf2dea94b1c31716e7e.jpg,640,640,1,REAL,TRAIN_ONLY,license_plate,reject_plate_or_ocr_crop
kaggle_plate_license_recognition,7c8d819535713e66_jpg,train,7c8d819535713e66_jpg.rf.80d9bf302b3a7f7e6178e6aefffcdfcc.jpg,AI/PlateDetector/datasets/raw/kaggle_plate_license_recognition/train/7c8d819535713e66_jpg.rf.80d9bf302b3a7f7e6178e6aefffcdfcc.jpg,640,640,1,REAL,TRAIN_ONLY,license_plate,reject_plate_or_ocr_crop
kaggle_plate_license_recognition,7c8d819535713e66_jpg,test,7c8d819535713e66_jpg.rf.a0843501d05863a81b230a2e659d0919.jpg,AI/PlateDetector/datasets/raw/kaggle_plate_license_recognition/test/7c8d819535713e66_jpg.rf.a0843501d05863a81b230a2e659d0919.jpg,640,640,1,REAL,TRAIN_ONLY,license_plate,reject_plate_or_ocr_crop
kaggle_plate_license_recognition,7cbc7ee444622a66_jpg,train,7cbc7ee444622a66_jpg.rf.69dbe349ba35101771f685f4d4ff2c09.jpg,AI/PlateDetector/datasets/raw/kaggle_plate_license_recognition/train/7cbc7ee444622a66_jpg.rf.69dbe349ba35101771f685f4d4ff2c09.jpg,640,640,1,REAL,TRAIN_ONLY,license_plate,reject_plate_or_ocr_crop
kaggle_plate_license_recognition,7fa5416e38eed0a3_jpg,train,7fa5416e38eed0a3_jpg.rf.4e81f2c8a982763f40e0d196f27a908f.jpg,AI/PlateDetector/datasets/raw/kaggle_plate_license_recognition/train/7fa5416e38eed0a3_jpg.rf.4e81f2c8a982763f40e0d196f27a908f.jpg,640,640,1,REAL,TRAIN_ONLY,license_plate,reject_plate_or_ocr_crop
kaggle_plate_license_recognition,7fa5416e38eed0a3_jpg,train,7fa5416e38eed0a3_jpg.rf.88e669f3c32f6fc1c9dc8b8df98f36e4.jpg,AI/PlateDetector/datasets/raw/kaggle_plate_license_recognition/train/7fa5416e38eed0a3_jpg.rf.88e669f3c32f6fc1c9dc8b8df98f36e4.jpg,640,640,1,REAL,TRAIN_ONLY,license_plate,reject_plate_or_ocr_crop
kaggle_plate_license_recognition,7g12v72r1vga1_jpg,train,7g12v72r1vga1_jpg.rf.9322470ffb364590ccf16aff71808a73.jpg,AI/PlateDetector/datasets/raw/kaggle_plate_license_recognition/train/7g12v72r1vga1_jpg.rf.9322470ffb364590ccf16aff71808a73.jpg,640,640,1,REAL,TRAIN_ONLY,license_plate,accepted_training_positive
kaggle_plate_license_recognition,7g12v72r1vga1_jpg,valid,7g12v72r1vga1_jpg.rf.d164fa89891a820f903904651fd3fdc1.jpg,AI/PlateDetector/datasets/raw/kaggle_plate_license_recognition/valid/7g12v72r1vga1_jpg.rf.d164fa89891a820f903904651fd3fdc1.jpg,640,640,4,REAL,TRAIN_ONLY,license_plate,reject_mosaic_collage
kaggle_plate_license_recognition,7ijxq29z7qea1_jpg,valid,7ijxq29z7qea1_jpg.rf.45dd6b4e1af3eee041eef71f2139b3aa.jpg,AI/PlateDetector/datasets/raw/kaggle_plate_license_recognition/valid/7ijxq29z7qea1_jpg.rf.45dd6b4e1af3eee041eef71f2139b3aa.jpg,640,640,1,REAL,TRAIN_ONLY,license_plate,reject_mosaic_collage
kaggle_plate_license_recognition,7ijxq29z7qea1_jpg,train,7ijxq29z7qea1_jpg.rf.e3bfcd7494007235755a6acd9dc1133b.jpg,AI/PlateDetector/datasets/raw/kaggle_plate_license_recognition/train/7ijxq29z7qea1_jpg.rf.e3bfcd7494007235755a6acd9dc1133b.jpg,640,640,1,REAL,TRAIN_ONLY,license_plate,accepted_training_positive
kaggle_plate_license_recognition,7ocnpsitp0oa1_jpg,valid,7ocnpsitp0oa1_jpg.rf.22c5e8b534c5629e8a15ff2e7c938f2e.jpg,AI/PlateDetector/datasets/raw/kaggle_plate_license_recognition/valid/7ocnpsitp0oa1_jpg.rf.22c5e8b534c5629e8a15ff2e7c938f2e.jpg,640,640,1,REAL,TRAIN_ONLY,license_plate,accepted_training_positive
kaggle_plate_license_recognition,7ocnpsitp0oa1_jpg,train,7ocnpsitp0oa1_jpg.rf.e3fa91c436a8c5ea16db2fdcc2a4bb24.jpg,AI/PlateDetector/datasets/raw/kaggle_plate_license_recognition/train/7ocnpsitp0oa1_jpg.rf.e3fa91c436a8c5ea16db2fdcc2a4bb24.jpg,640,640,4,REAL,TRAIN_ONLY,license_plate,reject_mosaic_collage
kaggle_plate_license_recognition,7uiom7ezxcoa1_jpg,train,7uiom7ezxcoa1_jpg.rf.1393a60f598c4396e363430631941954.jpg,AI/PlateDetector/datasets/raw/kaggle_plate_license_recognition/train/7uiom7ezxcoa1_jpg.rf.1393a60f598c4396e363430631941954.jpg,640,640,1,REAL,TRAIN_ONLY,license_plate,accepted_training_positive
kaggle_plate_license_recognition,7uiom7ezxcoa1_jpg,train,7uiom7ezxcoa1_jpg.rf.53bcbf4f2bf9e7fc795cc9b6dafb9fec.jpg,AI/PlateDetector/datasets/raw/kaggle_plate_license_recognition/train/7uiom7ezxcoa1_jpg.rf.53bcbf4f2bf9e7fc795cc9b6dafb9fec.jpg,640,640,1,REAL,TRAIN_ONLY,license_plate,accepted_training_positive
kaggle_plate_license_recognition,7uiom7ezxcoa1_jpg,valid,7uiom7ezxcoa1_jpg.rf.6491f4dfcb1c955aea203600726d17e1.jpg,AI/PlateDetector/datasets/raw/kaggle_plate_license_recognition/valid/7uiom7ezxcoa1_jpg.rf.6491f4dfcb1c955aea203600726d17e1.jpg,640,640,1,REAL,TRAIN_ONLY,license_plate,accepted_training_positive
kaggle_plate_license_recognition,7uiom7ezxcoa1_jpg,train,7uiom7ezxcoa1_jpg.rf.b484d4217fa7ebd08391bea8d660cc00.jpg,AI/PlateDetector/datasets/raw/kaggle_plate_license_recognition/train/7uiom7ezxcoa1_jpg.rf.b484d4217fa7ebd08391bea8d660cc00.jpg,640,640,1,REAL,TRAIN_ONLY,license_plate,accepted_training_positive
kaggle_plate_license_recognition,803732bc9ddc64c5_jpg,train,803732bc9ddc64c5_jpg.rf.eafad8936ddec390d0d19d246f47c4fd.jpg,AI/PlateDetector/datasets/raw/kaggle_plate_license_recognition/train/803732bc9ddc64c5_jpg.rf.eafad8936ddec390d0d19d246f47c4fd.jpg,640,640,1,REAL,TRAIN_ONLY,license_plate,reject_plate_or_ocr_crop
kaggle_plate_license_recognition,819dcc28c86cd8a02_jpg,train,819dcc28c86cd8a02_jpg.rf.b3c2131bf3c9bc2041cfea28b165b7b4.jpg,AI/PlateDetector/datasets/raw/kaggle_plate_license_recognition/train/819dcc28c86cd8a02_jpg.rf.b3c2131bf3c9bc2041cfea28b165b7b4.jpg,640,640,1,REAL,TRAIN_ONLY,license_plate,reject_plate_or_ocr_crop
kaggle_plate_license_recognition,82ae72b4699e1ebf2_jpg,valid,82ae72b4699e1ebf2_jpg.rf.f1db4bf6b8ce1040f0ed7b265fe9f3ed.jpg,AI/PlateDetector/datasets/raw/kaggle_plate_license_recognition/valid/82ae72b4699e1ebf2_jpg.rf.f1db4bf6b8ce1040f0ed7b265fe9f3ed.jpg,640,640,1,REAL,TRAIN_ONLY,license_plate,reject_plate_or_ocr_crop
kaggle_plate_license_recognition,83b8affddffc4aeb2_jpg,train,83b8affddffc4aeb2_jpg.rf.aa6dafc176c3bf571901b41304e6744e.jpg,AI/PlateDetector/datasets/raw/kaggle_plate_license_recognition/train/83b8affddffc4aeb2_jpg.rf.aa6dafc176c3bf571901b41304e6744e.jpg,640,640,1,REAL,TRAIN_ONLY,license_plate,reject_plate_or_ocr_crop
kaggle_plate_license_recognition,83b8affddffc4aeb2_jpg,valid,83b8affddffc4aeb2_jpg.rf.eac8437bd1935545e51425f1d31f7407.jpg,AI/PlateDetector/datasets/raw/kaggle_plate_license_recognition/valid/83b8affddffc4aeb2_jpg.rf.eac8437bd1935545e51425f1d31f7407.jpg,640,640,1,REAL,TRAIN_ONLY,license_plate,reject_plate_or_ocr_crop
kaggle_plate_license_recognition,841e71je61ha1_jpg,train,841e71je61ha1_jpg.rf.56e41eca5d9beeac552bfb737b15c0ab.jpg,AI/PlateDetector/datasets/raw/kaggle_plate_license_recognition/train/841e71je61ha1_jpg.rf.56e41eca5d9beeac552bfb737b15c0ab.jpg,640,640,4,REAL,TRAIN_ONLY,license_plate,reject_mosaic_collage
kaggle_plate_license_recognition,841e71je61ha1_jpg,train,841e71je61ha1_jpg.rf.6f0c2b666c0117dd9837e9b43fb7f185.jpg,AI/PlateDetector/datasets/raw/kaggle_plate_license_recognition/train/841e71je61ha1_jpg.rf.6f0c2b666c0117dd9837e9b43fb7f185.jpg,640,640,1,REAL,TRAIN_ONLY,license_plate,accepted_training_positive
kaggle_plate_license_recognition,841e71je61ha1_jpg,train,841e71je61ha1_jpg.rf.d45247a10dc6a0d84061165e94284f4b.jpg,AI/PlateDetector/datasets/raw/kaggle_plate_license_recognition/train/841e71je61ha1_jpg.rf.d45247a10dc6a0d84061165e94284f4b.jpg,640,640,1,REAL,TRAIN_ONLY,license_plate,accepted_training_positive
kaggle_plate_license_recognition,84c23b89f96fec632_jpg,train,84c23b89f96fec632_jpg.rf.5a077059755f0e050fe62dd978e32965.jpg,AI/PlateDetector/datasets/raw/kaggle_plate_license_recognition/train/84c23b89f96fec632_jpg.rf.5a077059755f0e050fe62dd978e32965.jpg,640,640,1,REAL,TRAIN_ONLY,license_plate,reject_plate_or_ocr_crop
kaggle_plate_license_recognition,84c23b89f96fec632_jpg,train,84c23b89f96fec632_jpg.rf.d075cc6071826c706b8a6d7741540baa.jpg,AI/PlateDetector/datasets/raw/kaggle_plate_license_recognition/train/84c23b89f96fec632_jpg.rf.d075cc6071826c706b8a6d7741540baa.jpg,640,640,1,REAL,TRAIN_ONLY,license_plate,reject_plate_or_ocr_crop
kaggle_plate_license_recognition,84e12f6ef944963e_jpg,valid,84e12f6ef944963e_jpg.rf.b8d11da31c12c729b61f6a848cd9b999.jpg,AI/PlateDetector/datasets/raw/kaggle_plate_license_recognition/valid/84e12f6ef944963e_jpg.rf.b8d11da31c12c729b61f6a848cd9b999.jpg,640,640,1,REAL,TRAIN_ONLY,license_plate,reject_plate_or_ocr_crop
kaggle_plate_license_recognition,84e4e8cc146594fd_jpg,test,84e4e8cc146594fd_jpg.rf.4a0f5413426a043917f6a6eeea4db756.jpg,AI/PlateDetector/datasets/raw/kaggle_plate_license_recognition/test/84e4e8cc146594fd_jpg.rf.4a0f5413426a043917f6a6eeea4db756.jpg,640,640,1,REAL,TRAIN_ONLY,license_plate,reject_plate_or_ocr_crop
kaggle_plate_license_recognition,8586524a23df6213_jpg,train,8586524a23df6213_jpg.rf.b246d32326cf2458d8dea973c654f4b1.jpg,AI/PlateDetector/datasets/raw/kaggle_plate_license_recognition/train/8586524a23df6213_jpg.rf.b246d32326cf2458d8dea973c654f4b1.jpg,640,640,1,REAL,TRAIN_ONLY,license_plate,reject_plate_or_ocr_crop
kaggle_plate_license_recognition,85913231988e2c76_jpg,train,85913231988e2c76_jpg.rf.794ad639dc5e18d4aa31feb965ee5773.jpg,AI/PlateDetector/datasets/raw/kaggle_plate_license_recognition/train/85913231988e2c76_jpg.rf.794ad639dc5e18d4aa31feb965ee5773.jpg,640,640,1,REAL,TRAIN_ONLY,license_plate,reject_plate_or_ocr_crop
kaggle_plate_license_recognition,85913231988e2c76_jpg,train,85913231988e2c76_jpg.rf.84da0fb1504df32b57ab80eaef7c0c35.jpg,AI/PlateDetector/datasets/raw/kaggle_plate_license_recognition/train/85913231988e2c76_jpg.rf.84da0fb1504df32b57ab80eaef7c0c35.jpg,640,640,1,REAL,TRAIN_ONLY,license_plate,reject_plate_or_ocr_crop
kaggle_plate_license_recognition,86b4392ca8825ec5_jpg,train,86b4392ca8825ec5_jpg.rf.ab698d45dd4fdfda05b598b42bf970d1.jpg,AI/PlateDetector/datasets/raw/kaggle_plate_license_recognition/train/86b4392ca8825ec5_jpg.rf.ab698d45dd4fdfda05b598b42bf970d1.jpg,640,640,1,REAL,TRAIN_ONLY,license_plate,reject_plate_or_ocr_crop
kaggle_plate_license_recognition,86da6c1d8445ddf1_jpg,train,86da6c1d8445ddf1_jpg.rf.5c979832e9110e9469b47e8a1452e3e7.jpg,AI/PlateDetector/datasets/raw/kaggle_plate_license_recognition/train/86da6c1d8445ddf1_jpg.rf.5c979832e9110e9469b47e8a1452e3e7.jpg,640,640,1,REAL,TRAIN_ONLY,license_plate,reject_plate_or_ocr_crop
kaggle_plate_license_recognition,86da6c1d8445ddf1_jpg,train,86da6c1d8445ddf1_jpg.rf.fff55b803636e2d1d187f9dfbf17beef.jpg,AI/PlateDetector/datasets/raw/kaggle_plate_license_recognition/train/86da6c1d8445ddf1_jpg.rf.fff55b803636e2d1d187f9dfbf17beef.jpg,640,640,1,REAL,TRAIN_ONLY,license_plate,reject_plate_or_ocr_crop
kaggle_plate_license_recognition,87196b228bba6f27_jpg,train,87196b228bba6f27_jpg.rf.0a799d763dafb47d1d88357f948888b5.jpg,AI/PlateDetector/datasets/raw/kaggle_plate_license_recognition/train/87196b228bba6f27_jpg.rf.0a799d763dafb47d1d88357f948888b5.jpg,640,640,1,REAL,TRAIN_ONLY,license_plate,reject_plate_or_ocr_crop
kaggle_plate_license_recognition,87196b228bba6f27_jpg,valid,87196b228bba6f27_jpg.rf.70c60fcf1eb549cb2474940651541b92.jpg,AI/PlateDetector/datasets/raw/kaggle_plate_license_recognition/valid/87196b228bba6f27_jpg.rf.70c60fcf1eb549cb2474940651541b92.jpg,640,640,1,REAL,TRAIN_ONLY,license_plate,reject_plate_or_ocr_crop
kaggle_plate_license_recognition,8768991f810c2406_jpg,train,8768991f810c2406_jpg.rf.741c57f87e362be87572b09a30b0bc07.jpg,AI/PlateDetector/datasets/raw/kaggle_plate_license_recognition/train/8768991f810c2406_jpg.rf.741c57f87e362be87572b09a30b0bc07.jpg,640,640,1,REAL,TRAIN_ONLY,license_plate,reject_plate_or_ocr_crop
kaggle_plate_license_recognition,88aea056d5d00212_jpg,train,88aea056d5d00212_jpg.rf.cc689a72321468eee80177254d59760c.jpg,AI/PlateDetector/datasets/raw/kaggle_plate_license_recognition/train/88aea056d5d00212_jpg.rf.cc689a72321468eee80177254d59760c.jpg,640,640,1,REAL,TRAIN_ONLY,license_plate,reject_plate_or_ocr_crop
kaggle_plate_license_recognition,88fc866f92860d70_jpg,test,88fc866f92860d70_jpg.rf.d4620207c44434351319328419b9221a.jpg,AI/PlateDetector/datasets/raw/kaggle_plate_license_recognition/test/88fc866f92860d70_jpg.rf.d4620207c44434351319328419b9221a.jpg,640,640,1,REAL,TRAIN_ONLY,license_plate,reject_plate_or_ocr_crop
kaggle_plate_license_recognition,88ffde61af1b4d33_jpg,train,88ffde61af1b4d33_jpg.rf.b2abf7d53ec08617bb1a660b1b9d3e3b.jpg,AI/PlateDetector/datasets/raw/kaggle_plate_license_recognition/train/88ffde61af1b4d33_jpg.rf.b2abf7d53ec08617bb1a660b1b9d3e3b.jpg,640,640,1,REAL,TRAIN_ONLY,license_plate,reject_plate_or_ocr_crop
kaggle_plate_license_recognition,88ffde61af1b4d33_jpg,train,88ffde61af1b4d33_jpg.rf.edc5c6252ad41cdb6f82400e3b43f196.jpg,AI/PlateDetector/datasets/raw/kaggle_plate_license_recognition/train/88ffde61af1b4d33_jpg.rf.edc5c6252ad41cdb6f82400e3b43f196.jpg,640,640,1,REAL,TRAIN_ONLY,license_plate,reject_plate_or_ocr_crop
kaggle_plate_license_recognition,8931d8e4ba89ed62_jpg,test,8931d8e4ba89ed62_jpg.rf.132252a9d34fa998cf860f787ab2e4f0.jpg,AI/PlateDetector/datasets/raw/kaggle_plate_license_recognition/test/8931d8e4ba89ed62_jpg.rf.132252a9d34fa998cf860f787ab2e4f0.jpg,640,640,1,REAL,TRAIN_ONLY,license_plate,reject_plate_or_ocr_crop
kaggle_plate_license_recognition,89a97e5bfd92cc58_jpg,train,89a97e5bfd92cc58_jpg.rf.d5717ef7e31746eac2db021fe402b997.jpg,AI/PlateDetector/datasets/raw/kaggle_plate_license_recognition/train/89a97e5bfd92cc58_jpg.rf.d5717ef7e31746eac2db021fe402b997.jpg,640,640,1,REAL,TRAIN_ONLY,license_plate,reject_plate_or_ocr_crop
kaggle_plate_license_recognition,8_JPG_jpg,valid,8_JPG_jpg.rf.8c1bed9c83fd400d433a9d5beb6f7e01.jpg,AI/PlateDetector/datasets/raw/kaggle_plate_license_recognition/valid/8_JPG_jpg.rf.8c1bed9c83fd400d433a9d5beb6f7e01.jpg,640,640,1,REAL,TRAIN_ONLY,license_plate,reject_plate_or_ocr_crop
kaggle_plate_license_recognition,8a51df666e137f93_jpg,valid,8a51df666e137f93_jpg.rf.068aa82bc3f9a81ba419d1c3f7bc4310.jpg,AI/PlateDetector/datasets/raw/kaggle_plate_license_recognition/valid/8a51df666e137f93_jpg.rf.068aa82bc3f9a81ba419d1c3f7bc4310.jpg,640,640,1,REAL,TRAIN_ONLY,license_plate,reject_plate_or_ocr_crop
kaggle_plate_license_recognition,8a54a2f342d0bbef_jpg,train,8a54a2f342d0bbef_jpg.rf.23d6af8ea200085f5b421504b6694896.jpg,AI/PlateDetector/datasets/raw/kaggle_plate_license_recognition/train/8a54a2f342d0bbef_jpg.rf.23d6af8ea200085f5b421504b6694896.jpg,640,640,1,REAL,TRAIN_ONLY,license_plate,reject_plate_or_ocr_crop
kaggle_plate_license_recognition,8af3da6b199c45dc_jpg,train,8af3da6b199c45dc_jpg.rf.751d66ebdf6eb45c47c656c6d057ac83.jpg,AI/PlateDetector/datasets/raw/kaggle_plate_license_recognition/train/8af3da6b199c45dc_jpg.rf.751d66ebdf6eb45c47c656c6d057ac83.jpg,640,640,1,REAL,TRAIN_ONLY,license_plate,reject_plate_or_ocr_crop
kaggle_plate_license_recognition,8b22b073a752a0bd_jpg,train,8b22b073a752a0bd_jpg.rf.944c9156773efbe5e08e6daf0ae89f2d.jpg,AI/PlateDetector/datasets/raw/kaggle_plate_license_recognition/train/8b22b073a752a0bd_jpg.rf.944c9156773efbe5e08e6daf0ae89f2d.jpg,640,640,1,REAL,TRAIN_ONLY,license_plate,reject_plate_or_ocr_crop
kaggle_plate_license_recognition,8b816de3adf115e02_jpg,train,8b816de3adf115e02_jpg.rf.dd45504f0e0b65fa2ae378d3a68db313.jpg,AI/PlateDetector/datasets/raw/kaggle_plate_license_recognition/train/8b816de3adf115e02_jpg.rf.dd45504f0e0b65fa2ae378d3a68db313.jpg,640,640,1,REAL,TRAIN_ONLY,license_plate,reject_plate_or_ocr_crop
kaggle_plate_license_recognition,8bb155b77538022b_jpg,valid,8bb155b77538022b_jpg.rf.4a8df9d2a987a084c8e855ba64282e23.jpg,AI/PlateDetector/datasets/raw/kaggle_plate_license_recognition/valid/8bb155b77538022b_jpg.rf.4a8df9d2a987a084c8e855ba64282e23.jpg,640,640,1,REAL,TRAIN_ONLY,license_plate,reject_plate_or_ocr_crop
kaggle_plate_license_recognition,8cba07a2e3548b9f_jpg,train,8cba07a2e3548b9f_jpg.rf.a5e8de1b27cdf9db7084f16ce400187d.jpg,AI/PlateDetector/datasets/raw/kaggle_plate_license_recognition/train/8cba07a2e3548b9f_jpg.rf.a5e8de1b27cdf9db7084f16ce400187d.jpg,640,640,1,REAL,TRAIN_ONLY,license_plate,reject_plate_or_ocr_crop
kaggle_plate_license_recognition,8cdcb833ef1ef049_jpg,train,8cdcb833ef1ef049_jpg.rf.057b2c2154b83cf66e81738df14424eb.jpg,AI/PlateDetector/datasets/raw/kaggle_plate_license_recognition/train/8cdcb833ef1ef049_jpg.rf.057b2c2154b83cf66e81738df14424eb.jpg,640,640,1,REAL,TRAIN_ONLY,license_plate,reject_plate_or_ocr_crop
kaggle_plate_license_recognition,8cf5fae6ee7660a7_jpg,train,8cf5fae6ee7660a7_jpg.rf.28a271493856d4579c9bb71ffc8bce28.jpg,AI/PlateDetector/datasets/raw/kaggle_plate_license_recognition/train/8cf5fae6ee7660a7_jpg.rf.28a271493856d4579c9bb71ffc8bce28.jpg,640,640,1,REAL,TRAIN_ONLY,license_plate,reject_plate_or_ocr_crop
kaggle_plate_license_recognition,8d3c5be12ec7eaf82_jpg,train,8d3c5be12ec7eaf82_jpg.rf.469543a6584fd9538e1964df0c676d96.jpg,AI/PlateDetector/datasets/raw/kaggle_plate_license_recognition/train/8d3c5be12ec7eaf82_jpg.rf.469543a6584fd9538e1964df0c676d96.jpg,640,640,1,REAL,TRAIN_ONLY,license_plate,reject_plate_or_ocr_crop
kaggle_plate_license_recognition,8d3c5be12ec7eaf82_jpg,train,8d3c5be12ec7eaf82_jpg.rf.d96d4229b3a8343b68777de66c95bd8f.jpg,AI/PlateDetector/datasets/raw/kaggle_plate_license_recognition/train/8d3c5be12ec7eaf82_jpg.rf.d96d4229b3a8343b68777de66c95bd8f.jpg,640,640,1,REAL,TRAIN_ONLY,license_plate,reject_plate_or_ocr_crop
kaggle_plate_license_recognition,8dfeeb78ccd8fcd6_jpg,valid,8dfeeb78ccd8fcd6_jpg.rf.3252a67f3f3bff0e1ddbdf8e49632dce.jpg,AI/PlateDetector/datasets/raw/kaggle_plate_license_recognition/valid/8dfeeb78ccd8fcd6_jpg.rf.3252a67f3f3bff0e1ddbdf8e49632dce.jpg,640,640,1,REAL,TRAIN_ONLY,license_plate,reject_plate_or_ocr_crop
kaggle_plate_license_recognition,8f7c0d235669f753_jpg,train,8f7c0d235669f753_jpg.rf.ad56cb19b053cb0f51afc1ed740d3096.jpg,AI/PlateDetector/datasets/raw/kaggle_plate_license_recognition/train/8f7c0d235669f753_jpg.rf.ad56cb19b053cb0f51afc1ed740d3096.jpg,640,640,1,REAL,TRAIN_ONLY,license_plate,reject_plate_or_ocr_crop
kaggle_plate_license_recognition,8i4tjjo711aa1_jpg,train,8i4tjjo711aa1_jpg.rf.004a4953e5f74d93227d82c1564240a1.jpg,AI/PlateDetector/datasets/raw/kaggle_plate_license_recognition/train/8i4tjjo711aa1_jpg.rf.004a4953e5f74d93227d82c1564240a1.jpg,640,640,1,REAL,TRAIN_ONLY,license_plate,accepted_training_positive
kaggle_plate_license_recognition,8i4tjjo711aa1_jpg,train,8i4tjjo711aa1_jpg.rf.6c4205a14b6c1248f8a2662b17e29922.jpg,AI/PlateDetector/datasets/raw/kaggle_plate_license_recognition/train/8i4tjjo711aa1_jpg.rf.6c4205a14b6c1248f8a2662b17e29922.jpg,640,640,2,REAL,TRAIN_ONLY,license_plate,reject_mosaic_collage
kaggle_plate_license_recognition,8p0bc3skp0aa1_jpg,train,8p0bc3skp0aa1_jpg.rf.5df12e58214fbb5d3facb5ea6f0ff9ca.jpg,AI/PlateDetector/datasets/raw/kaggle_plate_license_recognition/train/8p0bc3skp0aa1_jpg.rf.5df12e58214fbb5d3facb5ea6f0ff9ca.jpg,640,640,1,REAL,TRAIN_ONLY,license_plate,accepted_training_positive
kaggle_plate_license_recognition,8p0bc3skp0aa1_jpg,train,8p0bc3skp0aa1_jpg.rf.6f6d20b51acabcef373318da612606b4.jpg,AI/PlateDetector/datasets/raw/kaggle_plate_license_recognition/train/8p0bc3skp0aa1_jpg.rf.6f6d20b51acabcef373318da612606b4.jpg,640,640,1,REAL,TRAIN_ONLY,license_plate,accepted_training_positive
kaggle_plate_license_recognition,8p0bc3skp0aa1_jpg,train,8p0bc3skp0aa1_jpg.rf.7793372d3eb0d2259abbdeb4cb1aeb9f.jpg,AI/PlateDetector/datasets/raw/kaggle_plate_license_recognition/train/8p0bc3skp0aa1_jpg.rf.7793372d3eb0d2259abbdeb4cb1aeb9f.jpg,640,640,1,REAL,TRAIN_ONLY,license_plate,accepted_training_positive
kaggle_plate_license_recognition,8wnvejw1btja1_jpg,train,8wnvejw1btja1_jpg.rf.c776a887b26d8baf4d7754646cb1b5c9.jpg,AI/PlateDetector/datasets/raw/kaggle_plate_license_recognition/train/8wnvejw1btja1_jpg.rf.c776a887b26d8baf4d7754646cb1b5c9.jpg,640,640,3,REAL,TRAIN_ONLY,license_plate,reject_mosaic_collage
kaggle_plate_license_recognition,901e8e666268ee632_jpg,test,901e8e666268ee632_jpg.rf.afef03f45a77a22a5e98a7b232b6d070.jpg,AI/PlateDetector/datasets/raw/kaggle_plate_license_recognition/test/901e8e666268ee632_jpg.rf.afef03f45a77a22a5e98a7b232b6d070.jpg,640,640,1,REAL,TRAIN_ONLY,license_plate,reject_plate_or_ocr_crop
kaggle_plate_license_recognition,9043ad76eb11af473_jpg,valid,9043ad76eb11af473_jpg.rf.e456058a5c1718f9efa0238bbc733084.jpg,AI/PlateDetector/datasets/raw/kaggle_plate_license_recognition/valid/9043ad76eb11af473_jpg.rf.e456058a5c1718f9efa0238bbc733084.jpg,640,640,1,REAL,TRAIN_ONLY,license_plate,reject_plate_or_ocr_crop
kaggle_plate_license_recognition,9147afa742d5ba6b2_jpg,train,9147afa742d5ba6b2_jpg.rf.785474e9bf63530bf317366ab2a2bd4c.jpg,AI/PlateDetector/datasets/raw/kaggle_plate_license_recognition/train/9147afa742d5ba6b2_jpg.rf.785474e9bf63530bf317366ab2a2bd4c.jpg,640,640,1,REAL,TRAIN_ONLY,license_plate,reject_plate_or_ocr_crop
kaggle_plate_license_recognition,91800f7037cf38df_jpg,train,91800f7037cf38df_jpg.rf.11d40cbb0bcf79307cd19e65773e8752.jpg,AI/PlateDetector/datasets/raw/kaggle_plate_license_recognition/train/91800f7037cf38df_jpg.rf.11d40cbb0bcf79307cd19e65773e8752.jpg,640,640,1,REAL,TRAIN_ONLY,license_plate,reject_plate_or_ocr_crop
kaggle_plate_license_recognition,91800f7037cf38df_jpg,train,91800f7037cf38df_jpg.rf.9a1105414d7470bcaa982f95168ecf01.jpg,AI/PlateDetector/datasets/raw/kaggle_plate_license_recognition/train/91800f7037cf38df_jpg.rf.9a1105414d7470bcaa982f95168ecf01.jpg,640,640,1,REAL,TRAIN_ONLY,license_plate,reject_plate_or_ocr_crop
kaggle_plate_license_recognition,922ea9c0d11b109e_jpg,train,922ea9c0d11b109e_jpg.rf.c8315a3097e8334a172ad56504327bb7.jpg,AI/PlateDetector/datasets/raw/kaggle_plate_license_recognition/train/922ea9c0d11b109e_jpg.rf.c8315a3097e8334a172ad56504327bb7.jpg,640,640,1,REAL,TRAIN_ONLY,license_plate,reject_plate_or_ocr_crop
kaggle_plate_license_recognition,928313be5ed8d80d_jpg,train,928313be5ed8d80d_jpg.rf.725dbcd4384f3d6a03f9e1fb9b0bd8c9.jpg,AI/PlateDetector/datasets/raw/kaggle_plate_license_recognition/train/928313be5ed8d80d_jpg.rf.725dbcd4384f3d6a03f9e1fb9b0bd8c9.jpg,640,640,1,REAL,TRAIN_ONLY,license_plate,reject_plate_or_ocr_crop
kaggle_plate_license_recognition,928313be5ed8d80d_jpg,train,928313be5ed8d80d_jpg.rf.cda9ec7817a0fc328e1602884283f146.jpg,AI/PlateDetector/datasets/raw/kaggle_plate_license_recognition/train/928313be5ed8d80d_jpg.rf.cda9ec7817a0fc328e1602884283f146.jpg,640,640,1,REAL,TRAIN_ONLY,license_plate,reject_plate_or_ocr_crop
kaggle_plate_license_recognition,92e01bad2ac831e4_jpg,train,92e01bad2ac831e4_jpg.rf.f8c9b63beeaa94332fac9ad72f1de136.jpg,AI/PlateDetector/datasets/raw/kaggle_plate_license_recognition/train/92e01bad2ac831e4_jpg.rf.f8c9b63beeaa94332fac9ad72f1de136.jpg,640,640,1,REAL,TRAIN_ONLY,license_plate,reject_plate_or_ocr_crop
kaggle_plate_license_recognition,93051c579008acc9_jpg,train,93051c579008acc9_jpg.rf.6fc81c72333ac226af925da2cb5c2576.jpg,AI/PlateDetector/datasets/raw/kaggle_plate_license_recognition/train/93051c579008acc9_jpg.rf.6fc81c72333ac226af925da2cb5c2576.jpg,640,640,1,REAL,TRAIN_ONLY,license_plate,reject_plate_or_ocr_crop
kaggle_plate_license_recognition,93051c579008acc9_jpg,train,93051c579008acc9_jpg.rf.b844358362f8640477066d62f79db984.jpg,AI/PlateDetector/datasets/raw/kaggle_plate_license_recognition/train/93051c579008acc9_jpg.rf.b844358362f8640477066d62f79db984.jpg,640,640,1,REAL,TRAIN_ONLY,license_plate,reject_plate_or_ocr_crop
kaggle_plate_license_recognition,944281d0485869f0_jpg,train,944281d0485869f0_jpg.rf.6bbc07d49b403961263e460d40e56a32.jpg,AI/PlateDetector/datasets/raw/kaggle_plate_license_recognition/train/944281d0485869f0_jpg.rf.6bbc07d49b403961263e460d40e56a32.jpg,640,640,1,REAL,TRAIN_ONLY,license_plate,reject_plate_or_ocr_crop
kaggle_plate_license_recognition,950873bf63f022fd_jpg,test,950873bf63f022fd_jpg.rf.78b8434001ec89bbaf3de54a2a9519c7.jpg,AI/PlateDetector/datasets/raw/kaggle_plate_license_recognition/test/950873bf63f022fd_jpg.rf.78b8434001ec89bbaf3de54a2a9519c7.jpg,640,640,1,REAL,TRAIN_ONLY,license_plate,reject_plate_or_ocr_crop
kaggle_plate_license_recognition,951fa24638b560772_jpg,valid,951fa24638b560772_jpg.rf.27d9cff06dace5d332a7ecd334654800.jpg,AI/PlateDetector/datasets/raw/kaggle_plate_license_recognition/valid/951fa24638b560772_jpg.rf.27d9cff06dace5d332a7ecd334654800.jpg,640,640,1,REAL,TRAIN_ONLY,license_plate,reject_plate_or_ocr_crop
kaggle_plate_license_recognition,951fa24638b560772_jpg,train,951fa24638b560772_jpg.rf.873c513021fbd10ee466f7a5bacb3c2d.jpg,AI/PlateDetector/datasets/raw/kaggle_plate_license_recognition/train/951fa24638b560772_jpg.rf.873c513021fbd10ee466f7a5bacb3c2d.jpg,640,640,1,REAL,TRAIN_ONLY,license_plate,reject_plate_or_ocr_crop
kaggle_plate_license_recognition,971c3933eee6f7963_jpg,train,971c3933eee6f7963_jpg.rf.12b20bf80feb8f481ac1252fe9d7a524.jpg,AI/PlateDetector/datasets/raw/kaggle_plate_license_recognition/train/971c3933eee6f7963_jpg.rf.12b20bf80feb8f481ac1252fe9d7a524.jpg,640,640,1,REAL,TRAIN_ONLY,license_plate,reject_plate_or_ocr_crop
kaggle_plate_license_recognition,9743ca96f51abca1_jpg,train,9743ca96f51abca1_jpg.rf.ac90942cde16eb21d4691badf88df371.jpg,AI/PlateDetector/datasets/raw/kaggle_plate_license_recognition/train/9743ca96f51abca1_jpg.rf.ac90942cde16eb21d4691badf88df371.jpg,640,640,1,REAL,TRAIN_ONLY,license_plate,reject_plate_or_ocr_crop
kaggle_plate_license_recognition,97b686ec6c5613cf2_jpg,train,97b686ec6c5613cf2_jpg.rf.3ed35db01a20f0211061d5812f05658d.jpg,AI/PlateDetector/datasets/raw/kaggle_plate_license_recognition/train/97b686ec6c5613cf2_jpg.rf.3ed35db01a20f0211061d5812f05658d.jpg,640,640,1,REAL,TRAIN_ONLY,license_plate,reject_plate_or_ocr_crop
kaggle_plate_license_recognition,97b686ec6c5613cf2_jpg,train,97b686ec6c5613cf2_jpg.rf.5b3b6e1eae21a49c9bfd72dabc47ce39.jpg,AI/PlateDetector/datasets/raw/kaggle_plate_license_recognition/train/97b686ec6c5613cf2_jpg.rf.5b3b6e1eae21a49c9bfd72dabc47ce39.jpg,640,640,1,REAL,TRAIN_ONLY,license_plate,reject_plate_or_ocr_crop
kaggle_plate_license_recognition,98_jpg,train,98_jpg.rf.58ad31bfcc315ef20195469cd84daa4d.jpg,AI/PlateDetector/datasets/raw/kaggle_plate_license_recognition/train/98_jpg.rf.58ad31bfcc315ef20195469cd84daa4d.jpg,640,640,1,REAL,TRAIN_ONLY,license_plate,reject_plate_or_ocr_crop
kaggle_plate_license_recognition,98de8a5f54e450fb_jpg,train,98de8a5f54e450fb_jpg.rf.00e075e4f83690a15d26ac556c827d78.jpg,AI/PlateDetector/datasets/raw/kaggle_plate_license_recognition/train/98de8a5f54e450fb_jpg.rf.00e075e4f83690a15d26ac556c827d78.jpg,640,640,1,REAL,TRAIN_ONLY,license_plate,reject_plate_or_ocr_crop
kaggle_plate_license_recognition,98de8a5f54e450fb_jpg,test,98de8a5f54e450fb_jpg.rf.6083693145e3197d8fa47ec4005f2099.jpg,AI/PlateDetector/datasets/raw/kaggle_plate_license_recognition/test/98de8a5f54e450fb_jpg.rf.6083693145e3197d8fa47ec4005f2099.jpg,640,640,1,REAL,TRAIN_ONLY,license_plate,reject_plate_or_ocr_crop
kaggle_plate_license_recognition,98de8a5f54e450fb_jpg,train,98de8a5f54e450fb_jpg.rf.7b424bfcbcda27685aed53796b2cd5e5.jpg,AI/PlateDetector/datasets/raw/kaggle_plate_license_recognition/train/98de8a5f54e450fb_jpg.rf.7b424bfcbcda27685aed53796b2cd5e5.jpg,640,640,1,REAL,TRAIN_ONLY,license_plate,reject_plate_or_ocr_crop
kaggle_plate_license_recognition,98f9pszw8mfa1_jpg,valid,98f9pszw8mfa1_jpg.rf.0847954bb7ef85b779f7dbb4d4aa2a79.jpg,AI/PlateDetector/datasets/raw/kaggle_plate_license_recognition/valid/98f9pszw8mfa1_jpg.rf.0847954bb7ef85b779f7dbb4d4aa2a79.jpg,640,640,1,REAL,TRAIN_ONLY,license_plate,accepted_training_positive
kaggle_plate_license_recognition,98f9pszw8mfa1_jpg,train,98f9pszw8mfa1_jpg.rf.526f1d3f4a2d90fb4e7ec5a130121c52.jpg,AI/PlateDetector/datasets/raw/kaggle_plate_license_recognition/train/98f9pszw8mfa1_jpg.rf.526f1d3f4a2d90fb4e7ec5a130121c52.jpg,640,640,1,REAL,TRAIN_ONLY,license_plate,accepted_training_positive
kaggle_plate_license_recognition,98f9pszw8mfa1_jpg,valid,98f9pszw8mfa1_jpg.rf.5e3e0f5a79cfc7d1e0579143a2ea530e.jpg,AI/PlateDetector/datasets/raw/kaggle_plate_license_recognition/valid/98f9pszw8mfa1_jpg.rf.5e3e0f5a79cfc7d1e0579143a2ea530e.jpg,640,640,4,REAL,TRAIN_ONLY,license_plate,reject_mosaic_collage
kaggle_plate_license_recognition,98f9pszw8mfa1_jpg,train,98f9pszw8mfa1_jpg.rf.865dbcd16b968914dd7005e349ccb025.jpg,AI/PlateDetector/datasets/raw/kaggle_plate_license_recognition/train/98f9pszw8mfa1_jpg.rf.865dbcd16b968914dd7005e349ccb025.jpg,640,640,1,REAL,TRAIN_ONLY,license_plate,accepted_training_positive
kaggle_plate_license_recognition,98fzhwj5xuga1_jpg,train,98fzhwj5xuga1_jpg.rf.3ab97d505a495755339634199588fdaf.jpg,AI/PlateDetector/datasets/raw/kaggle_plate_license_recognition/train/98fzhwj5xuga1_jpg.rf.3ab97d505a495755339634199588fdaf.jpg,640,640,1,REAL,TRAIN_ONLY,license_plate,accepted_training_positive
kaggle_plate_license_recognition,98fzhwj5xuga1_jpg,train,98fzhwj5xuga1_jpg.rf.4087dccb0aa076ca4ec1070f606061e5.jpg,AI/PlateDetector/datasets/raw/kaggle_plate_license_recognition/train/98fzhwj5xuga1_jpg.rf.4087dccb0aa076ca4ec1070f606061e5.jpg,640,640,1,REAL,TRAIN_ONLY,license_plate,accepted_training_positive
kaggle_plate_license_recognition,98fzhwj5xuga1_jpg,train,98fzhwj5xuga1_jpg.rf.c71b377db820e3adbd68e171344bde37.jpg,AI/PlateDetector/datasets/raw/kaggle_plate_license_recognition/train/98fzhwj5xuga1_jpg.rf.c71b377db820e3adbd68e171344bde37.jpg,640,640,1,REAL,TRAIN_ONLY,license_plate,reject_mosaic_collage
kaggle_plate_license_recognition,9900c6b96080db462_jpg,train,9900c6b96080db462_jpg.rf.c7f7919078ff65ea376ff4f5ee0974b3.jpg,AI/PlateDetector/datasets/raw/kaggle_plate_license_recognition/train/9900c6b96080db462_jpg.rf.c7f7919078ff65ea376ff4f5ee0974b3.jpg,640,640,1,REAL,TRAIN_ONLY,license_plate,reject_plate_or_ocr_crop
kaggle_plate_license_recognition,993abc979fdec771_jpg,train,993abc979fdec771_jpg.rf.8470a1697eafa8c932f02a8b13cdce43.jpg,AI/PlateDetector/datasets/raw/kaggle_plate_license_recognition/train/993abc979fdec771_jpg.rf.8470a1697eafa8c932f02a8b13cdce43.jpg,640,640,1,REAL,TRAIN_ONLY,license_plate,reject_plate_or_ocr_crop
kaggle_plate_license_recognition,993b14c44ddc5696_jpg,train,993b14c44ddc5696_jpg.rf.0dfc0d6f062a7cfa4bd142f251aaf868.jpg,AI/PlateDetector/datasets/raw/kaggle_plate_license_recognition/train/993b14c44ddc5696_jpg.rf.0dfc0d6f062a7cfa4bd142f251aaf868.jpg,640,640,1,REAL,TRAIN_ONLY,license_plate,reject_plate_or_ocr_crop
kaggle_plate_license_recognition,9PMmNr8ktgb3IEgxVivgI2pEQtcxZC89Fh3K1vtC_0c_jpg,valid,9PMmNr8ktgb3IEgxVivgI2pEQtcxZC89Fh3K1vtC_0c_jpg.rf.9833b7e748322d656707ce134afdec7e.jpg,AI/PlateDetector/datasets/raw/kaggle_plate_license_recognition/valid/9PMmNr8ktgb3IEgxVivgI2pEQtcxZC89Fh3K1vtC_0c_jpg.rf.9833b7e748322d656707ce134afdec7e.jpg,640,640,1,REAL,TRAIN_ONLY,license_plate,accepted_training_positive
kaggle_plate_license_recognition,9PMmNr8ktgb3IEgxVivgI2pEQtcxZC89Fh3K1vtC_0c_jpg,train,9PMmNr8ktgb3IEgxVivgI2pEQtcxZC89Fh3K1vtC_0c_jpg.rf.cb123fbda33ee5947fc26147bebf69e6.jpg,AI/PlateDetector/datasets/raw/kaggle_plate_license_recognition/train/9PMmNr8ktgb3IEgxVivgI2pEQtcxZC89Fh3K1vtC_0c_jpg.rf.cb123fbda33ee5947fc26147bebf69e6.jpg,640,640,1,REAL,TRAIN_ONLY,license_plate,accepted_training_positive
kaggle_plate_license_recognition,9PMmNr8ktgb3IEgxVivgI2pEQtcxZC89Fh3K1vtC_0c_jpg,train,9PMmNr8ktgb3IEgxVivgI2pEQtcxZC89Fh3K1vtC_0c_jpg.rf.edc55692788015d7761e0fecdac797c6.jpg,AI/PlateDetector/datasets/raw/kaggle_plate_license_recognition/train/9PMmNr8ktgb3IEgxVivgI2pEQtcxZC89Fh3K1vtC_0c_jpg.rf.edc55692788015d7761e0fecdac797c6.jpg,640,640,1,REAL,TRAIN_ONLY,license_plate,accepted_training_positive
kaggle_plate_license_recognition,9_JPG_jpg,train,9_JPG_jpg.rf.f62f452cee0383013082fdb0fdb573be.jpg,AI/PlateDetector/datasets/raw/kaggle_plate_license_recognition/train/9_JPG_jpg.rf.f62f452cee0383013082fdb0fdb573be.jpg,640,640,1,REAL,TRAIN_ONLY,license_plate,reject_plate_or_ocr_crop
kaggle_plate_license_recognition,9aa652a511dbfaae2_jpg,valid,9aa652a511dbfaae2_jpg.rf.85ebf0ebfd453cf25874927c54d769bf.jpg,AI/PlateDetector/datasets/raw/kaggle_plate_license_recognition/valid/9aa652a511dbfaae2_jpg.rf.85ebf0ebfd453cf25874927c54d769bf.jpg,640,640,1,REAL,TRAIN_ONLY,license_plate,reject_plate_or_ocr_crop
kaggle_plate_license_recognition,9aa652a511dbfaae2_jpg,train,9aa652a511dbfaae2_jpg.rf.ca82a9e44590083ef523e5bdb7da9865.jpg,AI/PlateDetector/datasets/raw/kaggle_plate_license_recognition/train/9aa652a511dbfaae2_jpg.rf.ca82a9e44590083ef523e5bdb7da9865.jpg,640,640,1,REAL,TRAIN_ONLY,license_plate,reject_plate_or_ocr_crop
kaggle_plate_license_recognition,9b572d440182f1d12_jpg,valid,9b572d440182f1d12_jpg.rf.e386f8613fc7fc36b5b52ab43208a88d.jpg,AI/PlateDetector/datasets/raw/kaggle_plate_license_recognition/valid/9b572d440182f1d12_jpg.rf.e386f8613fc7fc36b5b52ab43208a88d.jpg,640,640,1,REAL,TRAIN_ONLY,license_plate,reject_plate_or_ocr_crop
kaggle_plate_license_recognition,9bd39517dd842592_jpg,train,9bd39517dd842592_jpg.rf.175684b96bf05a72de993e549671d35b.jpg,AI/PlateDetector/datasets/raw/kaggle_plate_license_recognition/train/9bd39517dd842592_jpg.rf.175684b96bf05a72de993e549671d35b.jpg,640,640,1,REAL,TRAIN_ONLY,license_plate,reject_plate_or_ocr_crop
kaggle_plate_license_recognition,9bd39517dd842592_jpg,train,9bd39517dd842592_jpg.rf.887027c568663a2aed6bb1ad15ec1bc3.jpg,AI/PlateDetector/datasets/raw/kaggle_plate_license_recognition/train/9bd39517dd842592_jpg.rf.887027c568663a2aed6bb1ad15ec1bc3.jpg,640,640,1,REAL,TRAIN_ONLY,license_plate,reject_plate_or_ocr_crop
kaggle_plate_license_recognition,9bd39517dd842592_jpg,train,9bd39517dd842592_jpg.rf.d03b3d40703be85178d5142f829f146a.jpg,AI/PlateDetector/datasets/raw/kaggle_plate_license_recognition/train/9bd39517dd842592_jpg.rf.d03b3d40703be85178d5142f829f146a.jpg,640,640,1,REAL,TRAIN_ONLY,license_plate,reject_plate_or_ocr_crop
kaggle_plate_license_recognition,9c499efec8a78119_jpg,valid,9c499efec8a78119_jpg.rf.1c8fee1e7713b53719ffab0633734d64.jpg,AI/PlateDetector/datasets/raw/kaggle_plate_license_recognition/valid/9c499efec8a78119_jpg.rf.1c8fee1e7713b53719ffab0633734d64.jpg,640,640,1,REAL,TRAIN_ONLY,license_plate,reject_plate_or_ocr_crop
kaggle_plate_license_recognition,9cac68ced4f2536e5_jpg,valid,9cac68ced4f2536e5_jpg.rf.88cce679ba27e0535e2507eec8017b4e.jpg,AI/PlateDetector/datasets/raw/kaggle_plate_license_recognition/valid/9cac68ced4f2536e5_jpg.rf.88cce679ba27e0535e2507eec8017b4e.jpg,640,640,1,REAL,TRAIN_ONLY,license_plate,reject_plate_or_ocr_crop
kaggle_plate_license_recognition,9ccf05909a83accb2_jpg,valid,9ccf05909a83accb2_jpg.rf.4fcf29dcf15fbb2cbd5a8ab3402f6eab.jpg,AI/PlateDetector/datasets/raw/kaggle_plate_license_recognition/valid/9ccf05909a83accb2_jpg.rf.4fcf29dcf15fbb2cbd5a8ab3402f6eab.jpg,640,640,1,REAL,TRAIN_ONLY,license_plate,reject_plate_or_ocr_crop
kaggle_plate_license_recognition,9ch9quykckma1_jpg,train,9ch9quykckma1_jpg.rf.47d95d1c883b9a24129df8fe801ef939.jpg,AI/PlateDetector/datasets/raw/kaggle_plate_license_recognition/train/9ch9quykckma1_jpg.rf.47d95d1c883b9a24129df8fe801ef939.jpg,640,640,1,REAL,TRAIN_ONLY,license_plate,accepted_training_positive
kaggle_plate_license_recognition,9ch9quykckma1_jpg,train,9ch9quykckma1_jpg.rf.8fa85b4557a7c3e286657e8967a9c8a2.jpg,AI/PlateDetector/datasets/raw/kaggle_plate_license_recognition/train/9ch9quykckma1_jpg.rf.8fa85b4557a7c3e286657e8967a9c8a2.jpg,640,640,1,REAL,TRAIN_ONLY,license_plate,accepted_training_positive
kaggle_plate_license_recognition,9d48f6bdac2e66a62_jpg,train,9d48f6bdac2e66a62_jpg.rf.a61b50b3cf9b488ad0a5733efa469c72.jpg,AI/PlateDetector/datasets/raw/kaggle_plate_license_recognition/train/9d48f6bdac2e66a62_jpg.rf.a61b50b3cf9b488ad0a5733efa469c72.jpg,640,640,1,REAL,TRAIN_ONLY,license_plate,reject_plate_or_ocr_crop
kaggle_plate_license_recognition,9eee72c6d2f2ceda_jpg,train,9eee72c6d2f2ceda_jpg.rf.8ae05ef8ad41d867da3f0487f62c55eb.jpg,AI/PlateDetector/datasets/raw/kaggle_plate_license_recognition/train/9eee72c6d2f2ceda_jpg.rf.8ae05ef8ad41d867da3f0487f62c55eb.jpg,640,640,1,REAL,TRAIN_ONLY,license_plate,reject_plate_or_ocr_crop
kaggle_plate_license_recognition,9ffe745b3486be03_jpg,train,9ffe745b3486be03_jpg.rf.e37ade175dd5e3c1b785705666d3ce91.jpg,AI/PlateDetector/datasets/raw/kaggle_plate_license_recognition/train/9ffe745b3486be03_jpg.rf.e37ade175dd5e3c1b785705666d3ce91.jpg,640,640,1,REAL,TRAIN_ONLY,license_plate,reject_plate_or_ocr_crop
kaggle_plate_license_recognition,9g6i438tozna1_jpg,train,9g6i438tozna1_jpg.rf.6c34c7403e7a3a480abb4fc1fdfc18a7.jpg,AI/PlateDetector/datasets/raw/kaggle_plate_license_recognition/train/9g6i438tozna1_jpg.rf.6c34c7403e7a3a480abb4fc1fdfc18a7.jpg,640,640,1,REAL,TRAIN_ONLY,license_plate,accepted_training_positive
kaggle_plate_license_recognition,9g9vn1b40nia1_jpg,test,9g9vn1b40nia1_jpg.rf.4c2f1aa5b742ac79bfd41fb6dc18ebec.jpg,AI/PlateDetector/datasets/raw/kaggle_plate_license_recognition/test/9g9vn1b40nia1_jpg.rf.4c2f1aa5b742ac79bfd41fb6dc18ebec.jpg,640,640,1,REAL,TRAIN_ONLY,license_plate,accepted_training_positive
kaggle_plate_license_recognition,9lncbz9bs9na1_jpg,train,9lncbz9bs9na1_jpg.rf.356323828e88e670960b9dd2bc153c26.jpg,AI/PlateDetector/datasets/raw/kaggle_plate_license_recognition/train/9lncbz9bs9na1_jpg.rf.356323828e88e670960b9dd2bc153c26.jpg,640,640,1,REAL,TRAIN_ONLY,license_plate,accepted_training_positive
kaggle_plate_license_recognition,9lncbz9bs9na1_jpg,train,9lncbz9bs9na1_jpg.rf.c2d06d38e0f99e2a90a71c43e3947c4b.jpg,AI/PlateDetector/datasets/raw/kaggle_plate_license_recognition/train/9lncbz9bs9na1_jpg.rf.c2d06d38e0f99e2a90a71c43e3947c4b.jpg,640,640,1,REAL,TRAIN_ONLY,license_plate,accepted_training_positive
kaggle_plate_license_recognition,9m7dlurztfka1_jpg,test,9m7dlurztfka1_jpg.rf.301a955ea9c075724fbdd54e3dbff0ec.jpg,AI/PlateDetector/datasets/raw/kaggle_plate_license_recognition/test/9m7dlurztfka1_jpg.rf.301a955ea9c075724fbdd54e3dbff0ec.jpg,640,640,5,REAL,TRAIN_ONLY,license_plate,reject_mosaic_collage
kaggle_plate_license_recognition,9m7dlurztfka1_jpg,train,9m7dlurztfka1_jpg.rf.7d4d891395111952cb0eda30db5ddb15.jpg,AI/PlateDetector/datasets/raw/kaggle_plate_license_recognition/train/9m7dlurztfka1_jpg.rf.7d4d891395111952cb0eda30db5ddb15.jpg,640,640,1,REAL,TRAIN_ONLY,license_plate,accepted_training_positive
kaggle_plate_license_recognition,9rwm68xu3yea1_jpg,valid,9rwm68xu3yea1_jpg.rf.98b05910d01eab15b59882a5d3ef66ea.jpg,AI/PlateDetector/datasets/raw/kaggle_plate_license_recognition/valid/9rwm68xu3yea1_jpg.rf.98b05910d01eab15b59882a5d3ef66ea.jpg,640,640,1,REAL,TRAIN_ONLY,license_plate,accepted_training_positive
kaggle_plate_license_recognition,9rwm68xu3yea1_jpg,train,9rwm68xu3yea1_jpg.rf.bd6fe9b321da802992477e7b679b2a18.jpg,AI/PlateDetector/datasets/raw/kaggle_plate_license_recognition/train/9rwm68xu3yea1_jpg.rf.bd6fe9b321da802992477e7b679b2a18.jpg,640,640,4,REAL,TRAIN_ONLY,license_plate,reject_mosaic_collage
kaggle_plate_license_recognition,9rwm68xu3yea1_jpg,valid,9rwm68xu3yea1_jpg.rf.c9cfb8257f048b394fb7e5de935df100.jpg,AI/PlateDetector/datasets/raw/kaggle_plate_license_recognition/valid/9rwm68xu3yea1_jpg.rf.c9cfb8257f048b394fb7e5de935df100.jpg,640,640,1,REAL,TRAIN_ONLY,license_plate,accepted_training_positive
kaggle_plate_license_recognition,AEhiGiHQyHb5ywHMufVfafn7M508v_8Yfnsy_c_F9vo_jpg,train,AEhiGiHQyHb5ywHMufVfafn7M508v_8Yfnsy_c_F9vo_jpg.rf.0543efbfcb77943916653e7f59978446.jpg,AI/PlateDetector/datasets/raw/kaggle_plate_license_recognition/train/AEhiGiHQyHb5ywHMufVfafn7M508v_8Yfnsy_c_F9vo_jpg.rf.0543efbfcb77943916653e7f59978446.jpg,640,640,1,REAL,TRAIN_ONLY,license_plate,accepted_training_positive
kaggle_plate_license_recognition,AEhiGiHQyHb5ywHMufVfafn7M508v_8Yfnsy_c_F9vo_jpg,train,AEhiGiHQyHb5ywHMufVfafn7M508v_8Yfnsy_c_F9vo_jpg.rf.62c08bd3cf4330763910947b28feff23.jpg,AI/PlateDetector/datasets/raw/kaggle_plate_license_recognition/train/AEhiGiHQyHb5ywHMufVfafn7M508v_8Yfnsy_c_F9vo_jpg.rf.62c08bd3cf4330763910947b28feff23.jpg,640,640,1,REAL,TRAIN_ONLY,license_plate,accepted_training_positive
kaggle_plate_license_recognition,AEhiGiHQyHb5ywHMufVfafn7M508v_8Yfnsy_c_F9vo_jpg,train,AEhiGiHQyHb5ywHMufVfafn7M508v_8Yfnsy_c_F9vo_jpg.rf.be609824dfd5da52f8de32b1877488bc.jpg,AI/PlateDetector/datasets/raw/kaggle_plate_license_recognition/train/AEhiGiHQyHb5ywHMufVfafn7M508v_8Yfnsy_c_F9vo_jpg.rf.be609824dfd5da52f8de32b1877488bc.jpg,640,640,1,REAL,TRAIN_ONLY,license_plate,accepted_training_positive
kaggle_plate_license_recognition,AEhiGiHQyHb5ywHMufVfafn7M508v_8Yfnsy_c_F9vo_jpg,valid,AEhiGiHQyHb5ywHMufVfafn7M508v_8Yfnsy_c_F9vo_jpg.rf.cc056600ef47c7df3cb8d1a2477fcaa4.jpg,AI/PlateDetector/datasets/raw/kaggle_plate_license_recognition/valid/AEhiGiHQyHb5ywHMufVfafn7M508v_8Yfnsy_c_F9vo_jpg.rf.cc056600ef47c7df3cb8d1a2477fcaa4.jpg,640,640,1,REAL,TRAIN_ONLY,license_plate,accepted_training_positive
kaggle_plate_license_recognition,BJU0Td3ImLhLin6z3eKfKIoa0SjrPoG8C9wlJu8n5WM_jpg,train,BJU0Td3ImLhLin6z3eKfKIoa0SjrPoG8C9wlJu8n5WM_jpg.rf.4ef1b91afcf6892141420873d82383ae.jpg,AI/PlateDetector/datasets/raw/kaggle_plate_license_recognition/train/BJU0Td3ImLhLin6z3eKfKIoa0SjrPoG8C9wlJu8n5WM_jpg.rf.4ef1b91afcf6892141420873d82383ae.jpg,640,640,1,REAL,TRAIN_ONLY,license_plate,accepted_training_positive
kaggle_plate_license_recognition,BJU0Td3ImLhLin6z3eKfKIoa0SjrPoG8C9wlJu8n5WM_jpg,train,BJU0Td3ImLhLin6z3eKfKIoa0SjrPoG8C9wlJu8n5WM_jpg.rf.622da3dfb8cc177eb8df940ae662218e.jpg,AI/PlateDetector/datasets/raw/kaggle_plate_license_recognition/train/BJU0Td3ImLhLin6z3eKfKIoa0SjrPoG8C9wlJu8n5WM_jpg.rf.622da3dfb8cc177eb8df940ae662218e.jpg,640,640,1,REAL,TRAIN_ONLY,license_plate,accepted_training_positive
kaggle_plate_license_recognition,BJU0Td3ImLhLin6z3eKfKIoa0SjrPoG8C9wlJu8n5WM_jpg,train,BJU0Td3ImLhLin6z3eKfKIoa0SjrPoG8C9wlJu8n5WM_jpg.rf.679c464c460a029c8f4439fcc8f444bd.jpg,AI/PlateDetector/datasets/raw/kaggle_plate_license_recognition/train/BJU0Td3ImLhLin6z3eKfKIoa0SjrPoG8C9wlJu8n5WM_jpg.rf.679c464c460a029c8f4439fcc8f444bd.jpg,640,640,1,REAL,TRAIN_ONLY,license_plate,accepted_training_positive
kaggle_plate_license_recognition,BJU0Td3ImLhLin6z3eKfKIoa0SjrPoG8C9wlJu8n5WM_jpg,train,BJU0Td3ImLhLin6z3eKfKIoa0SjrPoG8C9wlJu8n5WM_jpg.rf.ba8fcce7464bc3c10abb61e8768c5511.jpg,AI/PlateDetector/datasets/raw/kaggle_plate_license_recognition/train/BJU0Td3ImLhLin6z3eKfKIoa0SjrPoG8C9wlJu8n5WM_jpg.rf.ba8fcce7464bc3c10abb61e8768c5511.jpg,640,640,1,REAL,TRAIN_ONLY,license_plate,accepted_training_positive
kaggle_plate_license_recognition,Cars0predicted-0_png_jpg,train,Cars0predicted-0_png_jpg.rf.78a80d76ee8b83b7109aacde664325d0.jpg,AI/PlateDetector/datasets/raw/kaggle_plate_license_recognition/train/Cars0predicted-0_png_jpg.rf.78a80d76ee8b83b7109aacde664325d0.jpg,640,640,1,REAL,TRAIN_ONLY,license_plate,reject_plate_or_ocr_crop
kaggle_plate_license_recognition,Cars116predicted-0_png_jpg,train,Cars116predicted-0_png_jpg.rf.76377b4ef89a87b63b0e8c716e5b5769.jpg,AI/PlateDetector/datasets/raw/kaggle_plate_license_recognition/train/Cars116predicted-0_png_jpg.rf.76377b4ef89a87b63b0e8c716e5b5769.jpg,640,640,1,REAL,TRAIN_ONLY,license_plate,reject_plate_or_ocr_crop
kaggle_plate_license_recognition,Cars116predicted-0_png_jpg,train,Cars116predicted-0_png_jpg.rf.8fe4bf3b71fdd719968cd01a96858a7b.jpg,AI/PlateDetector/datasets/raw/kaggle_plate_license_recognition/train/Cars116predicted-0_png_jpg.rf.8fe4bf3b71fdd719968cd01a96858a7b.jpg,640,640,1,REAL,TRAIN_ONLY,license_plate,reject_plate_or_ocr_crop
kaggle_plate_license_recognition,Cars11predicted-0_png_jpg,train,Cars11predicted-0_png_jpg.rf.db846996a166729842af71e6e7c13340.jpg,AI/PlateDetector/datasets/raw/kaggle_plate_license_recognition/train/Cars11predicted-0_png_jpg.rf.db846996a166729842af71e6e7c13340.jpg,640,640,1,REAL,TRAIN_ONLY,license_plate,reject_plate_or_ocr_crop
kaggle_plate_license_recognition,Cars12predicted-0_png_jpg,train,Cars12predicted-0_png_jpg.rf.d1b23771da79600ce176de64c9bb63d4.jpg,AI/PlateDetector/datasets/raw/kaggle_plate_license_recognition/train/Cars12predicted-0_png_jpg.rf.d1b23771da79600ce176de64c9bb63d4.jpg,640,640,1,REAL,TRAIN_ONLY,license_plate,reject_plate_or_ocr_crop
kaggle_plate_license_recognition,Cars13predicted-0_png_jpg,train,Cars13predicted-0_png_jpg.rf.26f68b158862c8041df2505aab9153ff.jpg,AI/PlateDetector/datasets/raw/kaggle_plate_license_recognition/train/Cars13predicted-0_png_jpg.rf.26f68b158862c8041df2505aab9153ff.jpg,640,640,1,REAL,TRAIN_ONLY,license_plate,reject_plate_or_ocr_crop
kaggle_plate_license_recognition,Cars241predicted-0_png_jpg,test,Cars241predicted-0_png_jpg.rf.ac26b6288aed7c2feefe5135a85fa89e.jpg,AI/PlateDetector/datasets/raw/kaggle_plate_license_recognition/test/Cars241predicted-0_png_jpg.rf.ac26b6288aed7c2feefe5135a85fa89e.jpg,640,640,1,REAL,TRAIN_ONLY,license_plate,reject_plate_or_ocr_crop
kaggle_plate_license_recognition,Cars351predicted-0_png_jpg,train,Cars351predicted-0_png_jpg.rf.c17081ce6653ade31a05d842fa20cc68.jpg,AI/PlateDetector/datasets/raw/kaggle_plate_license_recognition/train/Cars351predicted-0_png_jpg.rf.c17081ce6653ade31a05d842fa20cc68.jpg,640,640,1,REAL,TRAIN_ONLY,license_plate,reject_plate_or_ocr_crop
kaggle_plate_license_recognition,Cars355predicted-0_png_jpg,valid,Cars355predicted-0_png_jpg.rf.09209bc301b3a015e30e889dd61fadc7.jpg,AI/PlateDetector/datasets/raw/kaggle_plate_license_recognition/valid/Cars355predicted-0_png_jpg.rf.09209bc301b3a015e30e889dd61fadc7.jpg,640,640,1,REAL,TRAIN_ONLY,license_plate,reject_plate_or_ocr_crop
kaggle_plate_license_recognition,Cars355predicted-0_png_jpg,valid,Cars355predicted-0_png_jpg.rf.bd1d30d192a220a720d7d9302598ddbb.jpg,AI/PlateDetector/datasets/raw/kaggle_plate_license_recognition/valid/Cars355predicted-0_png_jpg.rf.bd1d30d192a220a720d7d9302598ddbb.jpg,640,640,1,REAL,TRAIN_ONLY,license_plate,reject_plate_or_ocr_crop
kaggle_plate_license_recognition,Cars372predicted-0_png_jpg,test,Cars372predicted-0_png_jpg.rf.09d7313736f7600bfffdab620e13f662.jpg,AI/PlateDetector/datasets/raw/kaggle_plate_license_recognition/test/Cars372predicted-0_png_jpg.rf.09d7313736f7600bfffdab620e13f662.jpg,640,640,1,REAL,TRAIN_ONLY,license_plate,reject_plate_or_ocr_crop
kaggle_plate_license_recognition,Cars391predicted-0_png_jpg,train,Cars391predicted-0_png_jpg.rf.a8c0a04582d48ac76c2c5208b13178f5.jpg,AI/PlateDetector/datasets/raw/kaggle_plate_license_recognition/train/Cars391predicted-0_png_jpg.rf.a8c0a04582d48ac76c2c5208b13178f5.jpg,640,640,1,REAL,TRAIN_ONLY,license_plate,reject_plate_or_ocr_crop
kaggle_plate_license_recognition,Cars393predicted-0_png_jpg,train,Cars393predicted-0_png_jpg.rf.45700466e2713efcf804cd082b528d4f.jpg,AI/PlateDetector/datasets/raw/kaggle_plate_license_recognition/train/Cars393predicted-0_png_jpg.rf.45700466e2713efcf804cd082b528d4f.jpg,640,640,1,REAL,TRAIN_ONLY,license_plate,reject_plate_or_ocr_crop
kaggle_plate_license_recognition,Cars77predicted-0_png_jpg,train,Cars77predicted-0_png_jpg.rf.2a2a5dd60ee41760b4d6f5ae4902cf9b.jpg,AI/PlateDetector/datasets/raw/kaggle_plate_license_recognition/train/Cars77predicted-0_png_jpg.rf.2a2a5dd60ee41760b4d6f5ae4902cf9b.jpg,640,640,1,REAL,TRAIN_ONLY,license_plate,reject_plate_or_ocr_crop
kaggle_plate_license_recognition,DALL-E-2023-05-21-18-48-23_png_jpg,train,DALL-E-2023-05-21-18-48-23_png_jpg.rf.64a3e352bc7abf8e718f443a7f7f0824.jpg,AI/PlateDetector/datasets/raw/kaggle_plate_license_recognition/train/DALL-E-2023-05-21-18-48-23_png_jpg.rf.64a3e352bc7abf8e718f443a7f7f0824.jpg,640,640,1,REAL,TRAIN_ONLY,license_plate,accepted_training_positive
kaggle_plate_license_recognition,DALL-E-2023-05-21-18-48-35_png_jpg,train,DALL-E-2023-05-21-18-48-35_png_jpg.rf.56cd9b61841364ce89d3bad031a7744c.jpg,AI/PlateDetector/datasets/raw/kaggle_plate_license_recognition/train/DALL-E-2023-05-21-18-48-35_png_jpg.rf.56cd9b61841364ce89d3bad031a7744c.jpg,640,640,1,REAL,TRAIN_ONLY,license_plate,accepted_training_positive
kaggle_plate_license_recognition,DALL-E-2023-05-23-10-59-15_png_jpg,valid,DALL-E-2023-05-23-10-59-15_png_jpg.rf.912d4dfc6c46ff0022d462ebc7cd71c9.jpg,AI/PlateDetector/datasets/raw/kaggle_plate_license_recognition/valid/DALL-E-2023-05-23-10-59-15_png_jpg.rf.912d4dfc6c46ff0022d462ebc7cd71c9.jpg,640,640,1,REAL,TRAIN_ONLY,license_plate,reject_mosaic_collage
kaggle_plate_license_recognition,Es34KjRd9-FzsN5lftfNAq2kJfaZsnKFGrKVswvP3dU_jpg,train,Es34KjRd9-FzsN5lftfNAq2kJfaZsnKFGrKVswvP3dU_jpg.rf.acf1307c2a665761a8dc9d3a4fb2f798.jpg,AI/PlateDetector/datasets/raw/kaggle_plate_license_recognition/train/Es34KjRd9-FzsN5lftfNAq2kJfaZsnKFGrKVswvP3dU_jpg.rf.acf1307c2a665761a8dc9d3a4fb2f798.jpg,640,640,1,REAL,TRAIN_ONLY,license_plate,accepted_training_positive
kaggle_plate_license_recognition,IMG_0852_jpg,train,IMG_0852_jpg.rf.f65a6c4b3fb68a6c305acfff2765fe15.jpg,AI/PlateDetector/datasets/raw/kaggle_plate_license_recognition/train/IMG_0852_jpg.rf.f65a6c4b3fb68a6c305acfff2765fe15.jpg,640,640,1,REAL,TRAIN_ONLY,license_plate,accepted_training_positive
kaggle_plate_license_recognition,IMG_0853_jpg,test,IMG_0853_jpg.rf.1bd93b06cfd4bb560d1c433e3a1f5e9c.jpg,AI/PlateDetector/datasets/raw/kaggle_plate_license_recognition/test/IMG_0853_jpg.rf.1bd93b06cfd4bb560d1c433e3a1f5e9c.jpg,640,640,3,REAL,TRAIN_ONLY,license_plate,reject_mosaic_collage
kaggle_plate_license_recognition,IMG_0853_jpg,train,IMG_0853_jpg.rf.23458ad703972afe279cc604e7dbe7bd.jpg,AI/PlateDetector/datasets/raw/kaggle_plate_license_recognition/train/IMG_0853_jpg.rf.23458ad703972afe279cc604e7dbe7bd.jpg,640,640,3,REAL,TRAIN_ONLY,license_plate,reject_mosaic_collage
kaggle_plate_license_recognition,IMG_0853_jpg,train,IMG_0853_jpg.rf.8a5f073f86cc3ff22d456b1f7457e7bd.jpg,AI/PlateDetector/datasets/raw/kaggle_plate_license_recognition/train/IMG_0853_jpg.rf.8a5f073f86cc3ff22d456b1f7457e7bd.jpg,640,640,1,REAL,TRAIN_ONLY,license_plate,reject_mosaic_collage
kaggle_plate_license_recognition,IMG_0855_jpg,valid,IMG_0855_jpg.rf.151cbf9d4a2aaaae84c9499f9c3da2db.jpg,AI/PlateDetector/datasets/raw/kaggle_plate_license_recognition/valid/IMG_0855_jpg.rf.151cbf9d4a2aaaae84c9499f9c3da2db.jpg,640,640,3,REAL,TRAIN_ONLY,license_plate,reject_mosaic_collage
kaggle_plate_license_recognition,IMG_0855_jpg,test,IMG_0855_jpg.rf.a1b111e258ede9e0374278dd75cc823d.jpg,AI/PlateDetector/datasets/raw/kaggle_plate_license_recognition/test/IMG_0855_jpg.rf.a1b111e258ede9e0374278dd75cc823d.jpg,640,640,3,REAL,TRAIN_ONLY,license_plate,reject_mosaic_collage
kaggle_plate_license_recognition,IMG_0862_jpg,test,IMG_0862_jpg.rf.5f6d6f83e024adc017b26ad5a6c26e95.jpg,AI/PlateDetector/datasets/raw/kaggle_plate_license_recognition/test/IMG_0862_jpg.rf.5f6d6f83e024adc017b26ad5a6c26e95.jpg,640,640,1,REAL,TRAIN_ONLY,license_plate,accepted_training_positive
kaggle_plate_license_recognition,IMG_0864_jpg,valid,IMG_0864_jpg.rf.44feda2aa83a5b257518cbaafd32a0c2.jpg,AI/PlateDetector/datasets/raw/kaggle_plate_license_recognition/valid/IMG_0864_jpg.rf.44feda2aa83a5b257518cbaafd32a0c2.jpg,640,640,4,REAL,TRAIN_ONLY,license_plate,reject_mosaic_collage
kaggle_plate_license_recognition,IMG_0864_jpg,train,IMG_0864_jpg.rf.822c4f8f05f935117a61f40b7edaf75c.jpg,AI/PlateDetector/datasets/raw/kaggle_plate_license_recognition/train/IMG_0864_jpg.rf.822c4f8f05f935117a61f40b7edaf75c.jpg,640,640,4,REAL,TRAIN_ONLY,license_plate,reject_mosaic_collage
kaggle_plate_license_recognition,IMG_0864_jpg,train,IMG_0864_jpg.rf.b39150923043dd861d6c6e8cd1cf58d7.jpg,AI/PlateDetector/datasets/raw/kaggle_plate_license_recognition/train/IMG_0864_jpg.rf.b39150923043dd861d6c6e8cd1cf58d7.jpg,640,640,3,REAL,TRAIN_ONLY,license_plate,reject_mosaic_collage
kaggle_plate_license_recognition,ITbrHXGkkzaOSsNJwFxm0Lk-OAiTUxsq1LdRgbnpPJE_jpg,test,ITbrHXGkkzaOSsNJwFxm0Lk-OAiTUxsq1LdRgbnpPJE_jpg.rf.29c07b369c05ad467168c38e310a2971.jpg,AI/PlateDetector/datasets/raw/kaggle_plate_license_recognition/test/ITbrHXGkkzaOSsNJwFxm0Lk-OAiTUxsq1LdRgbnpPJE_jpg.rf.29c07b369c05ad467168c38e310a2971.jpg,640,640,1,REAL,TRAIN_ONLY,license_plate,accepted_training_positive
kaggle_plate_license_recognition,ITbrHXGkkzaOSsNJwFxm0Lk-OAiTUxsq1LdRgbnpPJE_jpg,valid,ITbrHXGkkzaOSsNJwFxm0Lk-OAiTUxsq1LdRgbnpPJE_jpg.rf.3f862d76cc952e1452aae01cbc067697.jpg,AI/PlateDetector/datasets/raw/kaggle_plate_license_recognition/valid/ITbrHXGkkzaOSsNJwFxm0Lk-OAiTUxsq1LdRgbnpPJE_jpg.rf.3f862d76cc952e1452aae01cbc067697.jpg,640,640,3,REAL,TRAIN_ONLY,license_plate,reject_mosaic_collage
kaggle_plate_license_recognition,ITbrHXGkkzaOSsNJwFxm0Lk-OAiTUxsq1LdRgbnpPJE_jpg,train,ITbrHXGkkzaOSsNJwFxm0Lk-OAiTUxsq1LdRgbnpPJE_jpg.rf.6277eb9b18932224b267b63f2e4693ed.jpg,AI/PlateDetector/datasets/raw/kaggle_plate_license_recognition/train/ITbrHXGkkzaOSsNJwFxm0Lk-OAiTUxsq1LdRgbnpPJE_jpg.rf.6277eb9b18932224b267b63f2e4693ed.jpg,640,640,1,REAL,TRAIN_ONLY,license_plate,accepted_training_positive
kaggle_plate_license_recognition,Screenshot-2023-05-20-at-1-09-03-PM_png_jpg,valid,Screenshot-2023-05-20-at-1-09-03-PM_png_jpg.rf.06b8394f40946332f15447d1849bfa32.jpg,AI/PlateDetector/datasets/raw/kaggle_plate_license_recognition/valid/Screenshot-2023-05-20-at-1-09-03-PM_png_jpg.rf.06b8394f40946332f15447d1849bfa32.jpg,640,640,1,REAL,TRAIN_ONLY,license_plate,accepted_training_positive
kaggle_plate_license_recognition,Screenshot-2023-05-20-at-1-09-03-PM_png_jpg,train,Screenshot-2023-05-20-at-1-09-03-PM_png_jpg.rf.63336dd506be720663745c60b753d3da.jpg,AI/PlateDetector/datasets/raw/kaggle_plate_license_recognition/train/Screenshot-2023-05-20-at-1-09-03-PM_png_jpg.rf.63336dd506be720663745c60b753d3da.jpg,640,640,2,REAL,TRAIN_ONLY,license_plate,reject_mosaic_collage
kaggle_plate_license_recognition,Screenshot-2023-05-20-at-1-09-03-PM_png_jpg,train,Screenshot-2023-05-20-at-1-09-03-PM_png_jpg.rf.69032c091ec8d1676cd0abb1c7ffead5.jpg,AI/PlateDetector/datasets/raw/kaggle_plate_license_recognition/train/Screenshot-2023-05-20-at-1-09-03-PM_png_jpg.rf.69032c091ec8d1676cd0abb1c7ffead5.jpg,640,640,2,REAL,TRAIN_ONLY,license_plate,reject_mosaic_collage
kaggle_plate_license_recognition,Screenshot-2023-05-21-at-6-38-13-PM_png_jpg,train,Screenshot-2023-05-21-at-6-38-13-PM_png_jpg.rf.1330d367edf1928a92db518491dbbc66.jpg,AI/PlateDetector/datasets/raw/kaggle_plate_license_recognition/train/Screenshot-2023-05-21-at-6-38-13-PM_png_jpg.rf.1330d367edf1928a92db518491dbbc66.jpg,640,640,1,REAL,TRAIN_ONLY,license_plate,reject_mosaic_collage
kaggle_plate_license_recognition,Screenshot-2023-05-21-at-6-38-25-PM_png_jpg,train,Screenshot-2023-05-21-at-6-38-25-PM_png_jpg.rf.317d8ddeba34963f4f7833b3bf61a0b3.jpg,AI/PlateDetector/datasets/raw/kaggle_plate_license_recognition/train/Screenshot-2023-05-21-at-6-38-25-PM_png_jpg.rf.317d8ddeba34963f4f7833b3bf61a0b3.jpg,640,640,3,REAL,TRAIN_ONLY,license_plate,reject_mosaic_collage
kaggle_plate_license_recognition,Screenshot-2023-05-21-at-6-38-25-PM_png_jpg,train,Screenshot-2023-05-21-at-6-38-25-PM_png_jpg.rf.b438a387c13cb3eafb44979490625e3e.jpg,AI/PlateDetector/datasets/raw/kaggle_plate_license_recognition/train/Screenshot-2023-05-21-at-6-38-25-PM_png_jpg.rf.b438a387c13cb3eafb44979490625e3e.jpg,640,640,4,REAL,TRAIN_ONLY,license_plate,reject_mosaic_collage
kaggle_plate_license_recognition,Screenshot-2023-05-21-at-6-38-38-PM_png_jpg,train,Screenshot-2023-05-21-at-6-38-38-PM_png_jpg.rf.91bb588043eea922a426d226de5ddce4.jpg,AI/PlateDetector/datasets/raw/kaggle_plate_license_recognition/train/Screenshot-2023-05-21-at-6-38-38-PM_png_jpg.rf.91bb588043eea922a426d226de5ddce4.jpg,640,640,2,REAL,TRAIN_ONLY,license_plate,accepted_training_positive
kaggle_plate_license_recognition,Screenshot-2023-05-21-at-6-38-50-PM_png_jpg,train,Screenshot-2023-05-21-at-6-38-50-PM_png_jpg.rf.89244f026d09ec9e79858ac1851b0ea4.jpg,AI/PlateDetector/datasets/raw/kaggle_plate_license_recognition/train/Screenshot-2023-05-21-at-6-38-50-PM_png_jpg.rf.89244f026d09ec9e79858ac1851b0ea4.jpg,640,640,3,REAL,TRAIN_ONLY,license_plate,accepted_training_positive
kaggle_plate_license_recognition,Screenshot-2023-05-21-at-6-38-50-PM_png_jpg,valid,Screenshot-2023-05-21-at-6-38-50-PM_png_jpg.rf.911302766002a8505b00dc9c45c51946.jpg,AI/PlateDetector/datasets/raw/kaggle_plate_license_recognition/valid/Screenshot-2023-05-21-at-6-38-50-PM_png_jpg.rf.911302766002a8505b00dc9c45c51946.jpg,640,640,3,REAL,TRAIN_ONLY,license_plate,accepted_training_positive
kaggle_plate_license_recognition,South-Sudan-Car-License-Plate-Number-Plate-Vehicle-Plate2_jpg,train,South-Sudan-Car-License-Plate-Number-Plate-Vehicle-Plate2_jpg.rf.8b6ac53db5fed0e4d6e6fb2bc2b2e70f.jpg,AI/PlateDetector/datasets/raw/kaggle_plate_license_recognition/train/South-Sudan-Car-License-Plate-Number-Plate-Vehicle-Plate2_jpg.rf.8b6ac53db5fed0e4d6e6fb2bc2b2e70f.jpg,640,640,1,REAL,TRAIN_ONLY,license_plate,reject_plate_or_ocr_crop
kaggle_plate_license_recognition,South-Sudan-Car-License-Plate-Number-Plate-Vehicle-Plate_jpg,valid,South-Sudan-Car-License-Plate-Number-Plate-Vehicle-Plate_jpg.rf.d5df29e2b38c961d7027a610bbaaedc8.jpg,AI/PlateDetector/datasets/raw/kaggle_plate_license_recognition/valid/South-Sudan-Car-License-Plate-Number-Plate-Vehicle-Plate_jpg.rf.d5df29e2b38c961d7027a610bbaaedc8.jpg,640,640,1,REAL,TRAIN_ONLY,license_plate,reject_plate_or_ocr_crop
kaggle_plate_license_recognition,WhatsApp-Image-2023-02-05-at-11-35-11-AM_jpeg_jpg,train,WhatsApp-Image-2023-02-05-at-11-35-11-AM_jpeg_jpg.rf.911a2711abdeb19e4bc7e9f68bddc944.jpg,AI/PlateDetector/datasets/raw/kaggle_plate_license_recognition/train/WhatsApp-Image-2023-02-05-at-11-35-11-AM_jpeg_jpg.rf.911a2711abdeb19e4bc7e9f68bddc944.jpg,640,640,3,REAL,TRAIN_ONLY,license_plate,reject_mosaic_collage
kaggle_plate_license_recognition,WhatsApp-Image-2023-02-05-at-11-35-11-AM_jpeg_jpg,valid,WhatsApp-Image-2023-02-05-at-11-35-11-AM_jpeg_jpg.rf.da46b210c75198e990551d09c527164a.jpg,AI/PlateDetector/datasets/raw/kaggle_plate_license_recognition/valid/WhatsApp-Image-2023-02-05-at-11-35-11-AM_jpeg_jpg.rf.da46b210c75198e990551d09c527164a.jpg,640,640,3,REAL,TRAIN_ONLY,license_plate,reject_mosaic_collage
kaggle_plate_license_recognition,WhatsApp-Image-2023-02-05-at-11-35-12-AM-2-_jpeg_jpg,train,WhatsApp-Image-2023-02-05-at-11-35-12-AM-2-_jpeg_jpg.rf.715377cf9de35df39b15f34e5727dce3.jpg,AI/PlateDetector/datasets/raw/kaggle_plate_license_recognition/train/WhatsApp-Image-2023-02-05-at-11-35-12-AM-2-_jpeg_jpg.rf.715377cf9de35df39b15f34e5727dce3.jpg,640,640,1,REAL,TRAIN_ONLY,license_plate,accepted_training_positive
kaggle_plate_license_recognition,WhatsApp-Image-2023-02-05-at-11-35-14-AM_jpeg_jpg,train,WhatsApp-Image-2023-02-05-at-11-35-14-AM_jpeg_jpg.rf.90de6f0ba6ac17d7979f714a878baef7.jpg,AI/PlateDetector/datasets/raw/kaggle_plate_license_recognition/train/WhatsApp-Image-2023-02-05-at-11-35-14-AM_jpeg_jpg.rf.90de6f0ba6ac17d7979f714a878baef7.jpg,640,640,1,REAL,TRAIN_ONLY,license_plate,accepted_training_positive
kaggle_plate_license_recognition,WhatsApp-Image-2023-02-05-at-11-35-18-AM_jpeg_jpg,train,WhatsApp-Image-2023-02-05-at-11-35-18-AM_jpeg_jpg.rf.583f22b2871d9806db7f00a956a298c3.jpg,AI/PlateDetector/datasets/raw/kaggle_plate_license_recognition/train/WhatsApp-Image-2023-02-05-at-11-35-18-AM_jpeg_jpg.rf.583f22b2871d9806db7f00a956a298c3.jpg,640,640,3,REAL,TRAIN_ONLY,license_plate,reject_mosaic_collage
kaggle_plate_license_recognition,WhatsApp-Image-2023-02-05-at-11-35-18-AM_jpeg_jpg,train,WhatsApp-Image-2023-02-05-at-11-35-18-AM_jpeg_jpg.rf.cabade5102a4246c08ba12e7c0e5cfe5.jpg,AI/PlateDetector/datasets/raw/kaggle_plate_license_recognition/train/WhatsApp-Image-2023-02-05-at-11-35-18-AM_jpeg_jpg.rf.cabade5102a4246c08ba12e7c0e5cfe5.jpg,640,640,3,REAL,TRAIN_ONLY,license_plate,reject_mosaic_collage
kaggle_plate_license_recognition,WhatsApp-Image-2023-02-05-at-11-35-20-AM_jpeg_jpg,train,WhatsApp-Image-2023-02-05-at-11-35-20-AM_jpeg_jpg.rf.3d4c80ff004772aa26c8ce8bbf520255.jpg,AI/PlateDetector/datasets/raw/kaggle_plate_license_recognition/train/WhatsApp-Image-2023-02-05-at-11-35-20-AM_jpeg_jpg.rf.3d4c80ff004772aa26c8ce8bbf520255.jpg,640,640,1,REAL,TRAIN_ONLY,license_plate,accepted_training_positive
kaggle_plate_license_recognition,WhatsApp-Image-2023-02-05-at-11-35-27-AM_jpeg_jpg,test,WhatsApp-Image-2023-02-05-at-11-35-27-AM_jpeg_jpg.rf.5a68b0f62034bf9b2f2270d41ad4ed78.jpg,AI/PlateDetector/datasets/raw/kaggle_plate_license_recognition/test/WhatsApp-Image-2023-02-05-at-11-35-27-AM_jpeg_jpg.rf.5a68b0f62034bf9b2f2270d41ad4ed78.jpg,640,640,3,REAL,TRAIN_ONLY,license_plate,reject_mosaic_collage
kaggle_plate_license_recognition,WhatsApp-Image-2023-02-05-at-11-35-27-AM_jpeg_jpg,train,WhatsApp-Image-2023-02-05-at-11-35-27-AM_jpeg_jpg.rf.f7f63c018125b76490e9247eaf9744b9.jpg,AI/PlateDetector/datasets/raw/kaggle_plate_license_recognition/train/WhatsApp-Image-2023-02-05-at-11-35-27-AM_jpeg_jpg.rf.f7f63c018125b76490e9247eaf9744b9.jpg,640,640,3,REAL,TRAIN_ONLY,license_plate,reject_mosaic_collage
kaggle_plate_license_recognition,WhatsApp-Image-2023-02-05-at-11-35-30-AM_jpeg_jpg,train,WhatsApp-Image-2023-02-05-at-11-35-30-AM_jpeg_jpg.rf.21dca81bbbd310df60bbde95d461c83f.jpg,AI/PlateDetector/datasets/raw/kaggle_plate_license_recognition/train/WhatsApp-Image-2023-02-05-at-11-35-30-AM_jpeg_jpg.rf.21dca81bbbd310df60bbde95d461c83f.jpg,640,640,2,REAL,TRAIN_ONLY,license_plate,reject_mosaic_collage
kaggle_plate_license_recognition,WhatsApp-Image-2023-02-05-at-11-35-30-AM_jpeg_jpg,train,WhatsApp-Image-2023-02-05-at-11-35-30-AM_jpeg_jpg.rf.d190fcc3cba0a566680a911799479111.jpg,AI/PlateDetector/datasets/raw/kaggle_plate_license_recognition/train/WhatsApp-Image-2023-02-05-at-11-35-30-AM_jpeg_jpg.rf.d190fcc3cba0a566680a911799479111.jpg,640,640,2,REAL,TRAIN_ONLY,license_plate,reject_mosaic_collage
kaggle_plate_license_recognition,WhatsApp-Image-2023-02-05-at-11-35-31-AM-1-_jpeg_jpg,train,WhatsApp-Image-2023-02-05-at-11-35-31-AM-1-_jpeg_jpg.rf.5cbeb8ce31074f8976465b956572032a.jpg,AI/PlateDetector/datasets/raw/kaggle_plate_license_recognition/train/WhatsApp-Image-2023-02-05-at-11-35-31-AM-1-_jpeg_jpg.rf.5cbeb8ce31074f8976465b956572032a.jpg,640,640,1,REAL,TRAIN_ONLY,license_plate,accepted_training_positive
kaggle_plate_license_recognition,a21ad4bb4fe12600_jpg,train,a21ad4bb4fe12600_jpg.rf.101cf4097352092d2eaa08d77d8a0d4d.jpg,AI/PlateDetector/datasets/raw/kaggle_plate_license_recognition/train/a21ad4bb4fe12600_jpg.rf.101cf4097352092d2eaa08d77d8a0d4d.jpg,640,640,1,REAL,TRAIN_ONLY,license_plate,reject_plate_or_ocr_crop
kaggle_plate_license_recognition,a21ad4bb4fe12600_jpg,train,a21ad4bb4fe12600_jpg.rf.b95be26149e05adf38eab0036220a285.jpg,AI/PlateDetector/datasets/raw/kaggle_plate_license_recognition/train/a21ad4bb4fe12600_jpg.rf.b95be26149e05adf38eab0036220a285.jpg,640,640,1,REAL,TRAIN_ONLY,license_plate,reject_plate_or_ocr_crop
kaggle_plate_license_recognition,a27da62307e81a81_jpg,valid,a27da62307e81a81_jpg.rf.f47ede1e84f63fb5df1b0d3626992e71.jpg,AI/PlateDetector/datasets/raw/kaggle_plate_license_recognition/valid/a27da62307e81a81_jpg.rf.f47ede1e84f63fb5df1b0d3626992e71.jpg,640,640,1,REAL,TRAIN_ONLY,license_plate,reject_plate_or_ocr_crop
kaggle_plate_license_recognition,a27da62307e81a81_jpg,valid,a27da62307e81a81_jpg.rf.f6fbba6996549f41397c00a27555323f.jpg,AI/PlateDetector/datasets/raw/kaggle_plate_license_recognition/valid/a27da62307e81a81_jpg.rf.f6fbba6996549f41397c00a27555323f.jpg,640,640,1,REAL,TRAIN_ONLY,license_plate,reject_plate_or_ocr_crop
kaggle_plate_license_recognition,a3b5a5e277c70ad6_jpg,train,a3b5a5e277c70ad6_jpg.rf.15363224be45cae8d969d77341aba6e8.jpg,AI/PlateDetector/datasets/raw/kaggle_plate_license_recognition/train/a3b5a5e277c70ad6_jpg.rf.15363224be45cae8d969d77341aba6e8.jpg,640,640,1,REAL,TRAIN_ONLY,license_plate,reject_plate_or_ocr_crop
kaggle_plate_license_recognition,a467bb8c56fe59d8_jpg,train,a467bb8c56fe59d8_jpg.rf.5bf01cdc9e9fc8fc13149537769ef2b8.jpg,AI/PlateDetector/datasets/raw/kaggle_plate_license_recognition/train/a467bb8c56fe59d8_jpg.rf.5bf01cdc9e9fc8fc13149537769ef2b8.jpg,640,640,1,REAL,TRAIN_ONLY,license_plate,reject_plate_or_ocr_crop
kaggle_plate_license_recognition,a4a20424bb27b3bf_jpg,train,a4a20424bb27b3bf_jpg.rf.b9eed05e6f15572106ccef7b8d7fb4c7.jpg,AI/PlateDetector/datasets/raw/kaggle_plate_license_recognition/train/a4a20424bb27b3bf_jpg.rf.b9eed05e6f15572106ccef7b8d7fb4c7.jpg,640,640,1,REAL,TRAIN_ONLY,license_plate,reject_plate_or_ocr_crop
kaggle_plate_license_recognition,a54da2928555ceaa_jpg,valid,a54da2928555ceaa_jpg.rf.a5f972a2088208004099088f63543b1a.jpg,AI/PlateDetector/datasets/raw/kaggle_plate_license_recognition/valid/a54da2928555ceaa_jpg.rf.a5f972a2088208004099088f63543b1a.jpg,640,640,1,REAL,TRAIN_ONLY,license_plate,reject_plate_or_ocr_crop
kaggle_plate_license_recognition,a5be80bd4c1cd3f2_jpg,train,a5be80bd4c1cd3f2_jpg.rf.590a434066d8edef4cee9f39092c32cf.jpg,AI/PlateDetector/datasets/raw/kaggle_plate_license_recognition/train/a5be80bd4c1cd3f2_jpg.rf.590a434066d8edef4cee9f39092c32cf.jpg,640,640,1,REAL,TRAIN_ONLY,license_plate,reject_plate_or_ocr_crop
kaggle_plate_license_recognition,a5be80bd4c1cd3f2_jpg,test,a5be80bd4c1cd3f2_jpg.rf.b3c130c0ab3d02dcd7c39601c47f6c83.jpg,AI/PlateDetector/datasets/raw/kaggle_plate_license_recognition/test/a5be80bd4c1cd3f2_jpg.rf.b3c130c0ab3d02dcd7c39601c47f6c83.jpg,640,640,1,REAL,TRAIN_ONLY,license_plate,reject_plate_or_ocr_crop
kaggle_plate_license_recognition,a5be80bd4c1cd3f2_jpg,valid,a5be80bd4c1cd3f2_jpg.rf.d7eb0a7a2fc656ab3ebfc0068336ff18.jpg,AI/PlateDetector/datasets/raw/kaggle_plate_license_recognition/valid/a5be80bd4c1cd3f2_jpg.rf.d7eb0a7a2fc656ab3ebfc0068336ff18.jpg,640,640,1,REAL,TRAIN_ONLY,license_plate,reject_plate_or_ocr_crop
kaggle_plate_license_recognition,a6008186961a148f2_jpg,train,a6008186961a148f2_jpg.rf.10c72ddde7ab3e11092152836178870f.jpg,AI/PlateDetector/datasets/raw/kaggle_plate_license_recognition/train/a6008186961a148f2_jpg.rf.10c72ddde7ab3e11092152836178870f.jpg,640,640,1,REAL,TRAIN_ONLY,license_plate,reject_plate_or_ocr_crop
kaggle_plate_license_recognition,a659d8050f19c3112_jpg,train,a659d8050f19c3112_jpg.rf.762fd8924c605a1b44398d8ab6039c9a.jpg,AI/PlateDetector/datasets/raw/kaggle_plate_license_recognition/train/a659d8050f19c3112_jpg.rf.762fd8924c605a1b44398d8ab6039c9a.jpg,640,640,1,REAL,TRAIN_ONLY,license_plate,reject_plate_or_ocr_crop
kaggle_plate_license_recognition,a6badd72ba29dab42_jpg,valid,a6badd72ba29dab42_jpg.rf.a9e7352a14d26c6c079e8d31dbc6b1ba.jpg,AI/PlateDetector/datasets/raw/kaggle_plate_license_recognition/valid/a6badd72ba29dab42_jpg.rf.a9e7352a14d26c6c079e8d31dbc6b1ba.jpg,640,640,1,REAL,TRAIN_ONLY,license_plate,reject_plate_or_ocr_crop
kaggle_plate_license_recognition,a6fb453b7097e6542_jpg,valid,a6fb453b7097e6542_jpg.rf.6351b0c48dd4cb213f807c8764ab6bc1.jpg,AI/PlateDetector/datasets/raw/kaggle_plate_license_recognition/valid/a6fb453b7097e6542_jpg.rf.6351b0c48dd4cb213f807c8764ab6bc1.jpg,640,640,1,REAL,TRAIN_ONLY,license_plate,reject_plate_or_ocr_crop
kaggle_plate_license_recognition,a6fe1bf145700a67_jpg,valid,a6fe1bf145700a67_jpg.rf.953094f1582c42f72bdf25507c9f7b83.jpg,AI/PlateDetector/datasets/raw/kaggle_plate_license_recognition/valid/a6fe1bf145700a67_jpg.rf.953094f1582c42f72bdf25507c9f7b83.jpg,640,640,1,REAL,TRAIN_ONLY,license_plate,reject_plate_or_ocr_crop
kaggle_plate_license_recognition,a8111351424e77ac_jpg,valid,a8111351424e77ac_jpg.rf.a81f838d0961c80ee8da828e77fbfe4d.jpg,AI/PlateDetector/datasets/raw/kaggle_plate_license_recognition/valid/a8111351424e77ac_jpg.rf.a81f838d0961c80ee8da828e77fbfe4d.jpg,640,640,1,REAL,TRAIN_ONLY,license_plate,reject_plate_or_ocr_crop
kaggle_plate_license_recognition,a848739047249f942_jpg,train,a848739047249f942_jpg.rf.029acff9319a0abcfcc56f753c67a3ac.jpg,AI/PlateDetector/datasets/raw/kaggle_plate_license_recognition/train/a848739047249f942_jpg.rf.029acff9319a0abcfcc56f753c67a3ac.jpg,640,640,1,REAL,TRAIN_ONLY,license_plate,reject_plate_or_ocr_crop
kaggle_plate_license_recognition,a8e7601305301188_jpg,train,a8e7601305301188_jpg.rf.fc93d8ff6a19c279a0ee8c5f0256860b.jpg,AI/PlateDetector/datasets/raw/kaggle_plate_license_recognition/train/a8e7601305301188_jpg.rf.fc93d8ff6a19c279a0ee8c5f0256860b.jpg,640,640,1,REAL,TRAIN_ONLY,license_plate,reject_plate_or_ocr_crop
kaggle_plate_license_recognition,a9d726ae85cc5a652_jpg,train,a9d726ae85cc5a652_jpg.rf.787696f9cf32088d92de41751f9f0fcf.jpg,AI/PlateDetector/datasets/raw/kaggle_plate_license_recognition/train/a9d726ae85cc5a652_jpg.rf.787696f9cf32088d92de41751f9f0fcf.jpg,640,640,1,REAL,TRAIN_ONLY,license_plate,reject_plate_or_ocr_crop
kaggle_plate_license_recognition,a9d726ae85cc5a652_jpg,test,a9d726ae85cc5a652_jpg.rf.a98e905c167eb262c998da041abd4d22.jpg,AI/PlateDetector/datasets/raw/kaggle_plate_license_recognition/test/a9d726ae85cc5a652_jpg.rf.a98e905c167eb262c998da041abd4d22.jpg,640,640,1,REAL,TRAIN_ONLY,license_plate,reject_plate_or_ocr_crop
kaggle_plate_license_recognition,a9d726ae85cc5a65_jpg,train,a9d726ae85cc5a65_jpg.rf.63a28a718cd0f673bc24845bf1919cdd.jpg,AI/PlateDetector/datasets/raw/kaggle_plate_license_recognition/train/a9d726ae85cc5a65_jpg.rf.63a28a718cd0f673bc24845bf1919cdd.jpg,640,640,1,REAL,TRAIN_ONLY,license_plate,reject_plate_or_ocr_crop
kaggle_plate_license_recognition,ab6d4303115c41e0_jpg,train,ab6d4303115c41e0_jpg.rf.5d186764275e39489064ba51a7173403.jpg,AI/PlateDetector/datasets/raw/kaggle_plate_license_recognition/train/ab6d4303115c41e0_jpg.rf.5d186764275e39489064ba51a7173403.jpg,640,640,1,REAL,TRAIN_ONLY,license_plate,reject_plate_or_ocr_crop
kaggle_plate_license_recognition,ab6d4303115c41e0_jpg,train,ab6d4303115c41e0_jpg.rf.6188fc12fc7d93d2d3fa1513a231bf5b.jpg,AI/PlateDetector/datasets/raw/kaggle_plate_license_recognition/train/ab6d4303115c41e0_jpg.rf.6188fc12fc7d93d2d3fa1513a231bf5b.jpg,640,640,1,REAL,TRAIN_ONLY,license_plate,reject_plate_or_ocr_crop
kaggle_plate_license_recognition,ab6d4303115c41e0_jpg,train,ab6d4303115c41e0_jpg.rf.fc9d70211c235e5bdf5f44d2b64b3bd2.jpg,AI/PlateDetector/datasets/raw/kaggle_plate_license_recognition/train/ab6d4303115c41e0_jpg.rf.fc9d70211c235e5bdf5f44d2b64b3bd2.jpg,640,640,1,REAL,TRAIN_ONLY,license_plate,reject_plate_or_ocr_crop
kaggle_plate_license_recognition,abdbrtbzozna1_jpg,train,abdbrtbzozna1_jpg.rf.7fcd8a3a9ddec2dd27de09f6151f19d1.jpg,AI/PlateDetector/datasets/raw/kaggle_plate_license_recognition/train/abdbrtbzozna1_jpg.rf.7fcd8a3a9ddec2dd27de09f6151f19d1.jpg,640,640,1,REAL,TRAIN_ONLY,license_plate,accepted_training_positive
kaggle_plate_license_recognition,abdbrtbzozna1_jpg,train,abdbrtbzozna1_jpg.rf.91e20c1c01faea40345c656bb05331d5.jpg,AI/PlateDetector/datasets/raw/kaggle_plate_license_recognition/train/abdbrtbzozna1_jpg.rf.91e20c1c01faea40345c656bb05331d5.jpg,640,640,5,REAL,TRAIN_ONLY,license_plate,reject_mosaic_collage
kaggle_plate_license_recognition,abdbrtbzozna1_jpg,train,abdbrtbzozna1_jpg.rf.af5a41963ec515548bf62cb25faf317a.jpg,AI/PlateDetector/datasets/raw/kaggle_plate_license_recognition/train/abdbrtbzozna1_jpg.rf.af5a41963ec515548bf62cb25faf317a.jpg,640,640,1,REAL,TRAIN_ONLY,license_plate,accepted_training_positive
kaggle_plate_license_recognition,abdbrtbzozna1_jpg,train,abdbrtbzozna1_jpg.rf.b285c4934ac0169d146ad756e9581a74.jpg,AI/PlateDetector/datasets/raw/kaggle_plate_license_recognition/train/abdbrtbzozna1_jpg.rf.b285c4934ac0169d146ad756e9581a74.jpg,640,640,5,REAL,TRAIN_ONLY,license_plate,reject_mosaic_collage
kaggle_plate_license_recognition,abffd4e8c866e40a_jpg,train,abffd4e8c866e40a_jpg.rf.521c97bdf6fbc5363e46e49617a77e4c.jpg,AI/PlateDetector/datasets/raw/kaggle_plate_license_recognition/train/abffd4e8c866e40a_jpg.rf.521c97bdf6fbc5363e46e49617a77e4c.jpg,640,640,1,REAL,TRAIN_ONLY,license_plate,reject_plate_or_ocr_crop
kaggle_plate_license_recognition,ac80464674fc4a1f_jpg,test,ac80464674fc4a1f_jpg.rf.9d58c7846b86bc6e4a30b6580640ddae.jpg,AI/PlateDetector/datasets/raw/kaggle_plate_license_recognition/test/ac80464674fc4a1f_jpg.rf.9d58c7846b86bc6e4a30b6580640ddae.jpg,640,640,1,REAL,TRAIN_ONLY,license_plate,reject_plate_or_ocr_crop
kaggle_plate_license_recognition,aca19b97a47e3a7e2_jpg,valid,aca19b97a47e3a7e2_jpg.rf.32e4153a54f29d18d576cb0ee525b498.jpg,AI/PlateDetector/datasets/raw/kaggle_plate_license_recognition/valid/aca19b97a47e3a7e2_jpg.rf.32e4153a54f29d18d576cb0ee525b498.jpg,640,640,1,REAL,TRAIN_ONLY,license_plate,reject_plate_or_ocr_crop
kaggle_plate_license_recognition,af7a6744c35fadda_jpg,train,af7a6744c35fadda_jpg.rf.4e15c5918e093abb29ffc51d2a4e25e0.jpg,AI/PlateDetector/datasets/raw/kaggle_plate_license_recognition/train/af7a6744c35fadda_jpg.rf.4e15c5918e093abb29ffc51d2a4e25e0.jpg,640,640,1,REAL,TRAIN_ONLY,license_plate,reject_plate_or_ocr_crop
kaggle_plate_license_recognition,afbbe6f624f39b852_jpg,train,afbbe6f624f39b852_jpg.rf.290db45696393628ad84d36d29d536e8.jpg,AI/PlateDetector/datasets/raw/kaggle_plate_license_recognition/train/afbbe6f624f39b852_jpg.rf.290db45696393628ad84d36d29d536e8.jpg,640,640,1,REAL,TRAIN_ONLY,license_plate,reject_plate_or_ocr_crop
kaggle_plate_license_recognition,afbbe6f624f39b852_jpg,train,afbbe6f624f39b852_jpg.rf.4169cd3b05cb261e3da7cc49b6ce4a55.jpg,AI/PlateDetector/datasets/raw/kaggle_plate_license_recognition/train/afbbe6f624f39b852_jpg.rf.4169cd3b05cb261e3da7cc49b6ce4a55.jpg,640,640,1,REAL,TRAIN_ONLY,license_plate,reject_plate_or_ocr_crop
kaggle_plate_license_recognition,afd720e54c3e2326_jpg,valid,afd720e54c3e2326_jpg.rf.87813371a53294aced652488692604d7.jpg,AI/PlateDetector/datasets/raw/kaggle_plate_license_recognition/valid/afd720e54c3e2326_jpg.rf.87813371a53294aced652488692604d7.jpg,640,640,1,REAL,TRAIN_ONLY,license_plate,reject_plate_or_ocr_crop
kaggle_plate_license_recognition,aiftcg78bhla1_jpg,train,aiftcg78bhla1_jpg.rf.b61eef1eed81a4ee1740849386213dc5.jpg,AI/PlateDetector/datasets/raw/kaggle_plate_license_recognition/train/aiftcg78bhla1_jpg.rf.b61eef1eed81a4ee1740849386213dc5.jpg,640,640,1,REAL,TRAIN_ONLY,license_plate,accepted_training_positive
kaggle_plate_license_recognition,aiftcg78bhla1_jpg,train,aiftcg78bhla1_jpg.rf.cc12c21ec4345a290c5fce17a89abd5b.jpg,AI/PlateDetector/datasets/raw/kaggle_plate_license_recognition/train/aiftcg78bhla1_jpg.rf.cc12c21ec4345a290c5fce17a89abd5b.jpg,640,640,1,REAL,TRAIN_ONLY,license_plate,accepted_training_positive
kaggle_plate_license_recognition,aiftcg78bhla1_jpg,valid,aiftcg78bhla1_jpg.rf.e2a7de897f4264531c2a26c13a8b855e.jpg,AI/PlateDetector/datasets/raw/kaggle_plate_license_recognition/valid/aiftcg78bhla1_jpg.rf.e2a7de897f4264531c2a26c13a8b855e.jpg,640,640,1,REAL,TRAIN_ONLY,license_plate,accepted_training_positive
kaggle_plate_license_recognition,apk5vt2kruja1_jpg,train,apk5vt2kruja1_jpg.rf.72b2ceb59dd10360d8f7cb3cc2584a3a.jpg,AI/PlateDetector/datasets/raw/kaggle_plate_license_recognition/train/apk5vt2kruja1_jpg.rf.72b2ceb59dd10360d8f7cb3cc2584a3a.jpg,640,640,1,REAL,TRAIN_ONLY,license_plate,accepted_training_positive
kaggle_plate_license_recognition,apk5vt2kruja1_jpg,train,apk5vt2kruja1_jpg.rf.772b33020c2f538175fb31b8a218ebde.jpg,AI/PlateDetector/datasets/raw/kaggle_plate_license_recognition/train/apk5vt2kruja1_jpg.rf.772b33020c2f538175fb31b8a218ebde.jpg,640,640,1,REAL,TRAIN_ONLY,license_plate,accepted_training_positive
kaggle_plate_license_recognition,as3jwwbrznma1_jpg,train,as3jwwbrznma1_jpg.rf.75492678715d783e308e7dd87a1d5c9c.jpg,AI/PlateDetector/datasets/raw/kaggle_plate_license_recognition/train/as3jwwbrznma1_jpg.rf.75492678715d783e308e7dd87a1d5c9c.jpg,640,640,1,REAL,TRAIN_ONLY,license_plate,accepted_training_positive
kaggle_plate_license_recognition,azmh6nw3dnoa1_jpg,train,azmh6nw3dnoa1_jpg.rf.6810a8e69f7e9885b455720fc45e0247.jpg,AI/PlateDetector/datasets/raw/kaggle_plate_license_recognition/train/azmh6nw3dnoa1_jpg.rf.6810a8e69f7e9885b455720fc45e0247.jpg,640,640,3,REAL,TRAIN_ONLY,license_plate,reject_mosaic_collage
kaggle_plate_license_recognition,azmh6nw3dnoa1_jpg,valid,azmh6nw3dnoa1_jpg.rf.8857146b1e2284c27b95864c5b08a42c.jpg,AI/PlateDetector/datasets/raw/kaggle_plate_license_recognition/valid/azmh6nw3dnoa1_jpg.rf.8857146b1e2284c27b95864c5b08a42c.jpg,640,640,1,REAL,TRAIN_ONLY,license_plate,accepted_training_positive
kaggle_plate_license_recognition,b-yRIwkM0VqCfp1-xVypTfqD8aOnDn0OIybZalLFrjY_jpg,train,b-yRIwkM0VqCfp1-xVypTfqD8aOnDn0OIybZalLFrjY_jpg.rf.0443bf12f52fe7f402f6f187b9c64e99.jpg,AI/PlateDetector/datasets/raw/kaggle_plate_license_recognition/train/b-yRIwkM0VqCfp1-xVypTfqD8aOnDn0OIybZalLFrjY_jpg.rf.0443bf12f52fe7f402f6f187b9c64e99.jpg,640,640,1,REAL,TRAIN_ONLY,license_plate,accepted_training_positive
kaggle_plate_license_recognition,b-yRIwkM0VqCfp1-xVypTfqD8aOnDn0OIybZalLFrjY_jpg,train,b-yRIwkM0VqCfp1-xVypTfqD8aOnDn0OIybZalLFrjY_jpg.rf.1d57943a8a23c16979fe95d7055537c8.jpg,AI/PlateDetector/datasets/raw/kaggle_plate_license_recognition/train/b-yRIwkM0VqCfp1-xVypTfqD8aOnDn0OIybZalLFrjY_jpg.rf.1d57943a8a23c16979fe95d7055537c8.jpg,640,640,1,REAL,TRAIN_ONLY,license_plate,accepted_training_positive
kaggle_plate_license_recognition,b-yRIwkM0VqCfp1-xVypTfqD8aOnDn0OIybZalLFrjY_jpg,valid,b-yRIwkM0VqCfp1-xVypTfqD8aOnDn0OIybZalLFrjY_jpg.rf.7ba9af249e4d5f5f786622d6be1e0c78.jpg,AI/PlateDetector/datasets/raw/kaggle_plate_license_recognition/valid/b-yRIwkM0VqCfp1-xVypTfqD8aOnDn0OIybZalLFrjY_jpg.rf.7ba9af249e4d5f5f786622d6be1e0c78.jpg,640,640,1,REAL,TRAIN_ONLY,license_plate,accepted_training_positive
kaggle_plate_license_recognition,b-yRIwkM0VqCfp1-xVypTfqD8aOnDn0OIybZalLFrjY_jpg,train,b-yRIwkM0VqCfp1-xVypTfqD8aOnDn0OIybZalLFrjY_jpg.rf.b7fca96a22edb79c2f56f30df31716e2.jpg,AI/PlateDetector/datasets/raw/kaggle_plate_license_recognition/train/b-yRIwkM0VqCfp1-xVypTfqD8aOnDn0OIybZalLFrjY_jpg.rf.b7fca96a22edb79c2f56f30df31716e2.jpg,640,640,1,REAL,TRAIN_ONLY,license_plate,accepted_training_positive
kaggle_plate_license_recognition,b-yRIwkM0VqCfp1-xVypTfqD8aOnDn0OIybZalLFrjY_jpg,train,b-yRIwkM0VqCfp1-xVypTfqD8aOnDn0OIybZalLFrjY_jpg.rf.c0125ad5bcbbf321c5b39911742d70be.jpg,AI/PlateDetector/datasets/raw/kaggle_plate_license_recognition/train/b-yRIwkM0VqCfp1-xVypTfqD8aOnDn0OIybZalLFrjY_jpg.rf.c0125ad5bcbbf321c5b39911742d70be.jpg,640,640,4,REAL,TRAIN_ONLY,license_plate,reject_mosaic_collage
kaggle_plate_license_recognition,b08c4c2c305671db_jpg,valid,b08c4c2c305671db_jpg.rf.f8bd2c961ebe2cb9ae14795d41e1420d.jpg,AI/PlateDetector/datasets/raw/kaggle_plate_license_recognition/valid/b08c4c2c305671db_jpg.rf.f8bd2c961ebe2cb9ae14795d41e1420d.jpg,640,640,1,REAL,TRAIN_ONLY,license_plate,reject_plate_or_ocr_crop
kaggle_plate_license_recognition,b0c41acc7a394bfa_jpg,train,b0c41acc7a394bfa_jpg.rf.e7aad9348a0ecdae62733ce87dfe4136.jpg,AI/PlateDetector/datasets/raw/kaggle_plate_license_recognition/train/b0c41acc7a394bfa_jpg.rf.e7aad9348a0ecdae62733ce87dfe4136.jpg,640,640,1,REAL,TRAIN_ONLY,license_plate,reject_plate_or_ocr_crop
kaggle_plate_license_recognition,b1610b49fdc8767a2_jpg,valid,b1610b49fdc8767a2_jpg.rf.6becea17ea3e7e73e808ceda18e9c132.jpg,AI/PlateDetector/datasets/raw/kaggle_plate_license_recognition/valid/b1610b49fdc8767a2_jpg.rf.6becea17ea3e7e73e808ceda18e9c132.jpg,640,640,1,REAL,TRAIN_ONLY,license_plate,reject_plate_or_ocr_crop
kaggle_plate_license_recognition,b1610b49fdc8767a2_jpg,valid,b1610b49fdc8767a2_jpg.rf.c697d538b2092882a84d097610d3ad6f.jpg,AI/PlateDetector/datasets/raw/kaggle_plate_license_recognition/valid/b1610b49fdc8767a2_jpg.rf.c697d538b2092882a84d097610d3ad6f.jpg,640,640,1,REAL,TRAIN_ONLY,license_plate,reject_plate_or_ocr_crop
kaggle_plate_license_recognition,b23a04d744492ef52_jpg,train,b23a04d744492ef52_jpg.rf.2210a5bb6d2a387758b2a148f4f1d482.jpg,AI/PlateDetector/datasets/raw/kaggle_plate_license_recognition/train/b23a04d744492ef52_jpg.rf.2210a5bb6d2a387758b2a148f4f1d482.jpg,640,640,1,REAL,TRAIN_ONLY,license_plate,reject_plate_or_ocr_crop
kaggle_plate_license_recognition,b23a04d744492ef52_jpg,train,b23a04d744492ef52_jpg.rf.512c3f5db9d0b1d0fc7720d14b2a7ed4.jpg,AI/PlateDetector/datasets/raw/kaggle_plate_license_recognition/train/b23a04d744492ef52_jpg.rf.512c3f5db9d0b1d0fc7720d14b2a7ed4.jpg,640,640,1,REAL,TRAIN_ONLY,license_plate,reject_plate_or_ocr_crop
kaggle_plate_license_recognition,b23a04d744492ef52_jpg,train,b23a04d744492ef52_jpg.rf.75e6fad1a1fa6e0a36fe48992d7e570e.jpg,AI/PlateDetector/datasets/raw/kaggle_plate_license_recognition/train/b23a04d744492ef52_jpg.rf.75e6fad1a1fa6e0a36fe48992d7e570e.jpg,640,640,1,REAL,TRAIN_ONLY,license_plate,reject_plate_or_ocr_crop
kaggle_plate_license_recognition,b2a3c436142b3611_jpg,test,b2a3c436142b3611_jpg.rf.37fec6234da709589a62d8bea99fbc25.jpg,AI/PlateDetector/datasets/raw/kaggle_plate_license_recognition/test/b2a3c436142b3611_jpg.rf.37fec6234da709589a62d8bea99fbc25.jpg,640,640,1,REAL,TRAIN_ONLY,license_plate,reject_plate_or_ocr_crop
kaggle_plate_license_recognition,b3d07c8d779ad43d_jpg,train,b3d07c8d779ad43d_jpg.rf.aa12f8fd03347dd29c8b772dba34a29e.jpg,AI/PlateDetector/datasets/raw/kaggle_plate_license_recognition/train/b3d07c8d779ad43d_jpg.rf.aa12f8fd03347dd29c8b772dba34a29e.jpg,640,640,1,REAL,TRAIN_ONLY,license_plate,reject_plate_or_ocr_crop
kaggle_plate_license_recognition,b40f4d82ca6330f8_jpg,test,b40f4d82ca6330f8_jpg.rf.888d99972b8d824e420b6b89e9459118.jpg,AI/PlateDetector/datasets/raw/kaggle_plate_license_recognition/test/b40f4d82ca6330f8_jpg.rf.888d99972b8d824e420b6b89e9459118.jpg,640,640,1,REAL,TRAIN_ONLY,license_plate,reject_plate_or_ocr_crop
kaggle_plate_license_recognition,b43d5dca6c34a04b_jpg,test,b43d5dca6c34a04b_jpg.rf.2dedbd08ecb7b1c20873af96738138f8.jpg,AI/PlateDetector/datasets/raw/kaggle_plate_license_recognition/test/b43d5dca6c34a04b_jpg.rf.2dedbd08ecb7b1c20873af96738138f8.jpg,640,640,1,REAL,TRAIN_ONLY,license_plate,reject_plate_or_ocr_crop
kaggle_plate_license_recognition,b4d61d43595ded8c2_jpg,test,b4d61d43595ded8c2_jpg.rf.bf7a355dad587f7b4b5914b7f2d30756.jpg,AI/PlateDetector/datasets/raw/kaggle_plate_license_recognition/test/b4d61d43595ded8c2_jpg.rf.bf7a355dad587f7b4b5914b7f2d30756.jpg,640,640,1,REAL,TRAIN_ONLY,license_plate,reject_plate_or_ocr_crop
kaggle_plate_license_recognition,b4ff041bf0fad2c83_jpg,test,b4ff041bf0fad2c83_jpg.rf.b60bfe00a086a65685b0b54144fcda62.jpg,AI/PlateDetector/datasets/raw/kaggle_plate_license_recognition/test/b4ff041bf0fad2c83_jpg.rf.b60bfe00a086a65685b0b54144fcda62.jpg,640,640,1,REAL,TRAIN_ONLY,license_plate,reject_plate_or_ocr_crop
kaggle_plate_license_recognition,b4ff041bf0fad2c83_jpg,train,b4ff041bf0fad2c83_jpg.rf.dede0900ab528a2b1a3162a43d85b53c.jpg,AI/PlateDetector/datasets/raw/kaggle_plate_license_recognition/train/b4ff041bf0fad2c83_jpg.rf.dede0900ab528a2b1a3162a43d85b53c.jpg,640,640,1,REAL,TRAIN_ONLY,license_plate,reject_plate_or_ocr_crop
kaggle_plate_license_recognition,b4ff041bf0fad2c83_jpg,train,b4ff041bf0fad2c83_jpg.rf.ef7c64b46a007171b857ca052ff3acdd.jpg,AI/PlateDetector/datasets/raw/kaggle_plate_license_recognition/train/b4ff041bf0fad2c83_jpg.rf.ef7c64b46a007171b857ca052ff3acdd.jpg,640,640,1,REAL,TRAIN_ONLY,license_plate,reject_plate_or_ocr_crop
kaggle_plate_license_recognition,b5ef12e23a666657_jpg,valid,b5ef12e23a666657_jpg.rf.1811469ec967de12ffb90a9eaa7beada.jpg,AI/PlateDetector/datasets/raw/kaggle_plate_license_recognition/valid/b5ef12e23a666657_jpg.rf.1811469ec967de12ffb90a9eaa7beada.jpg,640,640,1,REAL,TRAIN_ONLY,license_plate,reject_plate_or_ocr_crop
kaggle_plate_license_recognition,b77sey1ok0la1_jpg,valid,b77sey1ok0la1_jpg.rf.857f4914118be7c9e6b6cbce05a2acb0.jpg,AI/PlateDetector/datasets/raw/kaggle_plate_license_recognition/valid/b77sey1ok0la1_jpg.rf.857f4914118be7c9e6b6cbce05a2acb0.jpg,640,640,1,REAL,TRAIN_ONLY,license_plate,accepted_training_positive
kaggle_plate_license_recognition,b77sey1ok0la1_jpg,test,b77sey1ok0la1_jpg.rf.9d14d64138fa5a5521673983441cc302.jpg,AI/PlateDetector/datasets/raw/kaggle_plate_license_recognition/test/b77sey1ok0la1_jpg.rf.9d14d64138fa5a5521673983441cc302.jpg,640,640,1,REAL,TRAIN_ONLY,license_plate,accepted_training_positive
kaggle_plate_license_recognition,b77sey1ok0la1_jpg,test,b77sey1ok0la1_jpg.rf.c72dd2626ad30a95fe9e8ac73ebcb063.jpg,AI/PlateDetector/datasets/raw/kaggle_plate_license_recognition/test/b77sey1ok0la1_jpg.rf.c72dd2626ad30a95fe9e8ac73ebcb063.jpg,640,640,1,REAL,TRAIN_ONLY,license_plate,accepted_training_positive
kaggle_plate_license_recognition,b7cab2fe9e66f04a_jpg,train,b7cab2fe9e66f04a_jpg.rf.072525f426d2315440d1c1081bf17918.jpg,AI/PlateDetector/datasets/raw/kaggle_plate_license_recognition/train/b7cab2fe9e66f04a_jpg.rf.072525f426d2315440d1c1081bf17918.jpg,640,640,1,REAL,TRAIN_ONLY,license_plate,reject_plate_or_ocr_crop
kaggle_plate_license_recognition,b9721fa92b8696f22_jpg,test,b9721fa92b8696f22_jpg.rf.3391d32bf0f0ecbd76d94a7a8f0e29ce.jpg,AI/PlateDetector/datasets/raw/kaggle_plate_license_recognition/test/b9721fa92b8696f22_jpg.rf.3391d32bf0f0ecbd76d94a7a8f0e29ce.jpg,640,640,1,REAL,TRAIN_ONLY,license_plate,reject_plate_or_ocr_crop
kaggle_plate_license_recognition,b9be85896efe2608_jpg,train,b9be85896efe2608_jpg.rf.4b8d62ba9ee2158189c94082bdfad998.jpg,AI/PlateDetector/datasets/raw/kaggle_plate_license_recognition/train/b9be85896efe2608_jpg.rf.4b8d62ba9ee2158189c94082bdfad998.jpg,640,640,1,REAL,TRAIN_ONLY,license_plate,reject_plate_or_ocr_crop
kaggle_plate_license_recognition,b9f5b9acf1777acf_jpg,valid,b9f5b9acf1777acf_jpg.rf.d3f047b7a41a780ede45664664ae7de8.jpg,AI/PlateDetector/datasets/raw/kaggle_plate_license_recognition/valid/b9f5b9acf1777acf_jpg.rf.d3f047b7a41a780ede45664664ae7de8.jpg,640,640,1,REAL,TRAIN_ONLY,license_plate,reject_plate_or_ocr_crop
kaggle_plate_license_recognition,b9qxp3qy22oa1_jpg,valid,b9qxp3qy22oa1_jpg.rf.e016365cac2b6c87cce8cf8d57bc63b7.jpg,AI/PlateDetector/datasets/raw/kaggle_plate_license_recognition/valid/b9qxp3qy22oa1_jpg.rf.e016365cac2b6c87cce8cf8d57bc63b7.jpg,640,640,4,REAL,TRAIN_ONLY,license_plate,reject_mosaic_collage
kaggle_plate_license_recognition,bOJQcPksQsqb0ETniS3WMONIpi_2FyogetzOynurX9s_jpg,train,bOJQcPksQsqb0ETniS3WMONIpi_2FyogetzOynurX9s_jpg.rf.1a3b25ce4d05216f7951730e1c65f892.jpg,AI/PlateDetector/datasets/raw/kaggle_plate_license_recognition/train/bOJQcPksQsqb0ETniS3WMONIpi_2FyogetzOynurX9s_jpg.rf.1a3b25ce4d05216f7951730e1c65f892.jpg,640,640,1,REAL,TRAIN_ONLY,license_plate,accepted_training_positive
kaggle_plate_license_recognition,bOJQcPksQsqb0ETniS3WMONIpi_2FyogetzOynurX9s_jpg,train,bOJQcPksQsqb0ETniS3WMONIpi_2FyogetzOynurX9s_jpg.rf.542c60159e018a05a65392c0c750501f.jpg,AI/PlateDetector/datasets/raw/kaggle_plate_license_recognition/train/bOJQcPksQsqb0ETniS3WMONIpi_2FyogetzOynurX9s_jpg.rf.542c60159e018a05a65392c0c750501f.jpg,640,640,1,REAL,TRAIN_ONLY,license_plate,accepted_training_positive
kaggle_plate_license_recognition,bOJQcPksQsqb0ETniS3WMONIpi_2FyogetzOynurX9s_jpg,valid,bOJQcPksQsqb0ETniS3WMONIpi_2FyogetzOynurX9s_jpg.rf.8362e96258fede246bbfe08a4f0bcc7b.jpg,AI/PlateDetector/datasets/raw/kaggle_plate_license_recognition/valid/bOJQcPksQsqb0ETniS3WMONIpi_2FyogetzOynurX9s_jpg.rf.8362e96258fede246bbfe08a4f0bcc7b.jpg,640,640,1,REAL,TRAIN_ONLY,license_plate,accepted_training_positive
kaggle_plate_license_recognition,bOJQcPksQsqb0ETniS3WMONIpi_2FyogetzOynurX9s_jpg,test,bOJQcPksQsqb0ETniS3WMONIpi_2FyogetzOynurX9s_jpg.rf.9b48d79974ca06278e444f5237dfb47b.jpg,AI/PlateDetector/datasets/raw/kaggle_plate_license_recognition/test/bOJQcPksQsqb0ETniS3WMONIpi_2FyogetzOynurX9s_jpg.rf.9b48d79974ca06278e444f5237dfb47b.jpg,640,640,1,REAL,TRAIN_ONLY,license_plate,accepted_training_positive
kaggle_plate_license_recognition,ba5b5de2698f6e712_jpg,train,ba5b5de2698f6e712_jpg.rf.14be189ab46b33df13cce596d30ac33c.jpg,AI/PlateDetector/datasets/raw/kaggle_plate_license_recognition/train/ba5b5de2698f6e712_jpg.rf.14be189ab46b33df13cce596d30ac33c.jpg,640,640,1,REAL,TRAIN_ONLY,license_plate,reject_plate_or_ocr_crop
kaggle_plate_license_recognition,ba5b5de2698f6e712_jpg,valid,ba5b5de2698f6e712_jpg.rf.cb505612abed582bd5fe1646d076808f.jpg,AI/PlateDetector/datasets/raw/kaggle_plate_license_recognition/valid/ba5b5de2698f6e712_jpg.rf.cb505612abed582bd5fe1646d076808f.jpg,640,640,1,REAL,TRAIN_ONLY,license_plate,reject_plate_or_ocr_crop
kaggle_plate_license_recognition,ba822ee2631f660e_jpg,train,ba822ee2631f660e_jpg.rf.d5a91696083a8a514ac8f03853752d30.jpg,AI/PlateDetector/datasets/raw/kaggle_plate_license_recognition/train/ba822ee2631f660e_jpg.rf.d5a91696083a8a514ac8f03853752d30.jpg,640,640,1,REAL,TRAIN_ONLY,license_plate,reject_plate_or_ocr_crop
kaggle_plate_license_recognition,bae112a23d5f1cea_jpg,train,bae112a23d5f1cea_jpg.rf.7a3e180b538b1733813f1c54f74cef96.jpg,AI/PlateDetector/datasets/raw/kaggle_plate_license_recognition/train/bae112a23d5f1cea_jpg.rf.7a3e180b538b1733813f1c54f74cef96.jpg,640,640,1,REAL,TRAIN_ONLY,license_plate,reject_plate_or_ocr_crop
kaggle_plate_license_recognition,bb0f85cfa3aec4d42_jpg,valid,bb0f85cfa3aec4d42_jpg.rf.0a3c9454046d3bedfa1d7c0651ae81fc.jpg,AI/PlateDetector/datasets/raw/kaggle_plate_license_recognition/valid/bb0f85cfa3aec4d42_jpg.rf.0a3c9454046d3bedfa1d7c0651ae81fc.jpg,640,640,1,REAL,TRAIN_ONLY,license_plate,reject_plate_or_ocr_crop
kaggle_plate_license_recognition,bb422b44e6048b732_jpg,valid,bb422b44e6048b732_jpg.rf.32efff8a9793d0e86370fb230d0b42ef.jpg,AI/PlateDetector/datasets/raw/kaggle_plate_license_recognition/valid/bb422b44e6048b732_jpg.rf.32efff8a9793d0e86370fb230d0b42ef.jpg,640,640,1,REAL,TRAIN_ONLY,license_plate,reject_plate_or_ocr_crop
kaggle_plate_license_recognition,bc5k1oyurvja1_jpg,test,bc5k1oyurvja1_jpg.rf.42be58adbad1aa3ca92ceff9b57fae64.jpg,AI/PlateDetector/datasets/raw/kaggle_plate_license_recognition/test/bc5k1oyurvja1_jpg.rf.42be58adbad1aa3ca92ceff9b57fae64.jpg,640,640,1,REAL,TRAIN_ONLY,license_plate,accepted_training_positive
kaggle_plate_license_recognition,bc5k1oyurvja1_jpg,valid,bc5k1oyurvja1_jpg.rf.6a7fc723b683ecc9c4455977fa97bfc3.jpg,AI/PlateDetector/datasets/raw/kaggle_plate_license_recognition/valid/bc5k1oyurvja1_jpg.rf.6a7fc723b683ecc9c4455977fa97bfc3.jpg,640,640,1,REAL,TRAIN_ONLY,license_plate,accepted_training_positive
kaggle_plate_license_recognition,bc8c06d421ae5d3c_jpg,train,bc8c06d421ae5d3c_jpg.rf.9528833cc6006e87977eea7f68d7fdc9.jpg,AI/PlateDetector/datasets/raw/kaggle_plate_license_recognition/train/bc8c06d421ae5d3c_jpg.rf.9528833cc6006e87977eea7f68d7fdc9.jpg,640,640,1,REAL,TRAIN_ONLY,license_plate,reject_plate_or_ocr_crop
kaggle_plate_license_recognition,bcv04e80p4ja1_jpg,train,bcv04e80p4ja1_jpg.rf.57b5b64ec3890dae98a7b37d8809953d.jpg,AI/PlateDetector/datasets/raw/kaggle_plate_license_recognition/train/bcv04e80p4ja1_jpg.rf.57b5b64ec3890dae98a7b37d8809953d.jpg,640,640,4,REAL,TRAIN_ONLY,license_plate,reject_mosaic_collage
kaggle_plate_license_recognition,be4512ba12ddc900_jpg,train,be4512ba12ddc900_jpg.rf.c9bb12e0bc199917957b7423a6dc3eac.jpg,AI/PlateDetector/datasets/raw/kaggle_plate_license_recognition/train/be4512ba12ddc900_jpg.rf.c9bb12e0bc199917957b7423a6dc3eac.jpg,640,640,1,REAL,TRAIN_ONLY,license_plate,reject_plate_or_ocr_crop
kaggle_plate_license_recognition,be70b38022b5ae81_jpg,valid,be70b38022b5ae81_jpg.rf.c0ecd49ecb35ca6885afb538a475a004.jpg,AI/PlateDetector/datasets/raw/kaggle_plate_license_recognition/valid/be70b38022b5ae81_jpg.rf.c0ecd49ecb35ca6885afb538a475a004.jpg,640,640,1,REAL,TRAIN_ONLY,license_plate,reject_plate_or_ocr_crop
kaggle_plate_license_recognition,be96cc443d9a5a2f_jpg,train,be96cc443d9a5a2f_jpg.rf.2b116c7b6080a186132b9200d7b25b6d.jpg,AI/PlateDetector/datasets/raw/kaggle_plate_license_recognition/train/be96cc443d9a5a2f_jpg.rf.2b116c7b6080a186132b9200d7b25b6d.jpg,640,640,1,REAL,TRAIN_ONLY,license_plate,reject_plate_or_ocr_crop
kaggle_plate_license_recognition,bebb717817c33c2f2_jpg,train,bebb717817c33c2f2_jpg.rf.9be8107166a7f49dd4ad8bcda9d86fe9.jpg,AI/PlateDetector/datasets/raw/kaggle_plate_license_recognition/train/bebb717817c33c2f2_jpg.rf.9be8107166a7f49dd4ad8bcda9d86fe9.jpg,640,640,1,REAL,TRAIN_ONLY,license_plate,reject_plate_or_ocr_crop
kaggle_plate_license_recognition,bf1da1a5e17be9ac_jpg,train,bf1da1a5e17be9ac_jpg.rf.bea2904363ba072f4f930d8fd3339584.jpg,AI/PlateDetector/datasets/raw/kaggle_plate_license_recognition/train/bf1da1a5e17be9ac_jpg.rf.bea2904363ba072f4f930d8fd3339584.jpg,640,640,1,REAL,TRAIN_ONLY,license_plate,reject_plate_or_ocr_crop
kaggle_plate_license_recognition,bn9neb1uij9a1_jpg,valid,bn9neb1uij9a1_jpg.rf.942bc3882b505c57214a1aaf82a4f364.jpg,AI/PlateDetector/datasets/raw/kaggle_plate_license_recognition/valid/bn9neb1uij9a1_jpg.rf.942bc3882b505c57214a1aaf82a4f364.jpg,640,640,1,REAL,TRAIN_ONLY,license_plate,accepted_training_positive
kaggle_plate_license_recognition,bn9neb1uij9a1_jpg,train,bn9neb1uij9a1_jpg.rf.dfa8a6b516303c91eabd4896518ace53.jpg,AI/PlateDetector/datasets/raw/kaggle_plate_license_recognition/train/bn9neb1uij9a1_jpg.rf.dfa8a6b516303c91eabd4896518ace53.jpg,640,640,1,REAL,TRAIN_ONLY,license_plate,accepted_training_positive
kaggle_plate_license_recognition,brnvuiro6sia1_jpg,train,brnvuiro6sia1_jpg.rf.4475b4577fb7f1200702fcca6c00d6b7.jpg,AI/PlateDetector/datasets/raw/kaggle_plate_license_recognition/train/brnvuiro6sia1_jpg.rf.4475b4577fb7f1200702fcca6c00d6b7.jpg,640,640,1,REAL,TRAIN_ONLY,license_plate,accepted_training_positive
kaggle_plate_license_recognition,bthmv8kw7oda1_jpg,valid,bthmv8kw7oda1_jpg.rf.4aa170da4840cd1d435d770a5154e9dc.jpg,AI/PlateDetector/datasets/raw/kaggle_plate_license_recognition/valid/bthmv8kw7oda1_jpg.rf.4aa170da4840cd1d435d770a5154e9dc.jpg,640,640,1,REAL,TRAIN_ONLY,license_plate,accepted_training_positive
kaggle_plate_license_recognition,bthmv8kw7oda1_jpg,valid,bthmv8kw7oda1_jpg.rf.845f7d4c12335043d61c2347fd93c37e.jpg,AI/PlateDetector/datasets/raw/kaggle_plate_license_recognition/valid/bthmv8kw7oda1_jpg.rf.845f7d4c12335043d61c2347fd93c37e.jpg,640,640,1,REAL,TRAIN_ONLY,license_plate,accepted_training_positive
kaggle_plate_license_recognition,bthmv8kw7oda1_jpg,train,bthmv8kw7oda1_jpg.rf.9d814c9fc07c348226efc53b2e08d8d3.jpg,AI/PlateDetector/datasets/raw/kaggle_plate_license_recognition/train/bthmv8kw7oda1_jpg.rf.9d814c9fc07c348226efc53b2e08d8d3.jpg,640,640,3,REAL,TRAIN_ONLY,license_plate,reject_mosaic_collage
kaggle_plate_license_recognition,bthmv8kw7oda1_jpg,train,bthmv8kw7oda1_jpg.rf.e5dbe08636ca9e04f427b8215c7d6dc7.jpg,AI/PlateDetector/datasets/raw/kaggle_plate_license_recognition/train/bthmv8kw7oda1_jpg.rf.e5dbe08636ca9e04f427b8215c7d6dc7.jpg,640,640,1,REAL,TRAIN_ONLY,license_plate,accepted_training_positive
kaggle_plate_license_recognition,c0d1fc27b9c03ed8_jpg,test,c0d1fc27b9c03ed8_jpg.rf.3b071cb0382b08ab4d1ec0ef9f33edb5.jpg,AI/PlateDetector/datasets/raw/kaggle_plate_license_recognition/test/c0d1fc27b9c03ed8_jpg.rf.3b071cb0382b08ab4d1ec0ef9f33edb5.jpg,640,640,1,REAL,TRAIN_ONLY,license_plate,reject_plate_or_ocr_crop
kaggle_plate_license_recognition,c200b3588332b06d_jpg,train,c200b3588332b06d_jpg.rf.c527e35f2360debdc6187f65b56f5ab8.jpg,AI/PlateDetector/datasets/raw/kaggle_plate_license_recognition/train/c200b3588332b06d_jpg.rf.c527e35f2360debdc6187f65b56f5ab8.jpg,640,640,1,REAL,TRAIN_ONLY,license_plate,reject_plate_or_ocr_crop
kaggle_plate_license_recognition,c229e10e777f703a_jpg,train,c229e10e777f703a_jpg.rf.477607ddd9338ba36aef387d8009d25b.jpg,AI/PlateDetector/datasets/raw/kaggle_plate_license_recognition/train/c229e10e777f703a_jpg.rf.477607ddd9338ba36aef387d8009d25b.jpg,640,640,1,REAL,TRAIN_ONLY,license_plate,reject_plate_or_ocr_crop
kaggle_plate_license_recognition,c229e10e777f703a_jpg,valid,c229e10e777f703a_jpg.rf.5802cfe3d3aa8c59c9bf2ea01a0dfe6d.jpg,AI/PlateDetector/datasets/raw/kaggle_plate_license_recognition/valid/c229e10e777f703a_jpg.rf.5802cfe3d3aa8c59c9bf2ea01a0dfe6d.jpg,640,640,1,REAL,TRAIN_ONLY,license_plate,reject_plate_or_ocr_crop
kaggle_plate_license_recognition,c3368162455b7cf3_jpg,train,c3368162455b7cf3_jpg.rf.05bf2680726214ef0ee3b5f5aa887335.jpg,AI/PlateDetector/datasets/raw/kaggle_plate_license_recognition/train/c3368162455b7cf3_jpg.rf.05bf2680726214ef0ee3b5f5aa887335.jpg,640,640,1,REAL,TRAIN_ONLY,license_plate,reject_plate_or_ocr_crop
kaggle_plate_license_recognition,c3d34dd02b36c2fd_jpg,valid,c3d34dd02b36c2fd_jpg.rf.6299be89d349fe07a91c7e6b7157b70c.jpg,AI/PlateDetector/datasets/raw/kaggle_plate_license_recognition/valid/c3d34dd02b36c2fd_jpg.rf.6299be89d349fe07a91c7e6b7157b70c.jpg,640,640,1,REAL,TRAIN_ONLY,license_plate,reject_plate_or_ocr_crop
kaggle_plate_license_recognition,c4b2963da650d40f_jpg,valid,c4b2963da650d40f_jpg.rf.7d67da98e43e219ed2e72aa7ec360f26.jpg,AI/PlateDetector/datasets/raw/kaggle_plate_license_recognition/valid/c4b2963da650d40f_jpg.rf.7d67da98e43e219ed2e72aa7ec360f26.jpg,640,640,1,REAL,TRAIN_ONLY,license_plate,reject_plate_or_ocr_crop
kaggle_plate_license_recognition,c5041d31904146e7_jpg,test,c5041d31904146e7_jpg.rf.b1723bae61df0b9eeb456ac2a6704312.jpg,AI/PlateDetector/datasets/raw/kaggle_plate_license_recognition/test/c5041d31904146e7_jpg.rf.b1723bae61df0b9eeb456ac2a6704312.jpg,640,640,1,REAL,TRAIN_ONLY,license_plate,reject_plate_or_ocr_crop
kaggle_plate_license_recognition,c53fdaea9bbc3996_jpg,train,c53fdaea9bbc3996_jpg.rf.a8c77f97fb3794729140d35f46ee84c7.jpg,AI/PlateDetector/datasets/raw/kaggle_plate_license_recognition/train/c53fdaea9bbc3996_jpg.rf.a8c77f97fb3794729140d35f46ee84c7.jpg,640,640,1,REAL,TRAIN_ONLY,license_plate,reject_plate_or_ocr_crop
kaggle_plate_license_recognition,c5afe247ade5a2312_jpg,train,c5afe247ade5a2312_jpg.rf.05423f12dd0e6d91e2326abf7ea6c965.jpg,AI/PlateDetector/datasets/raw/kaggle_plate_license_recognition/train/c5afe247ade5a2312_jpg.rf.05423f12dd0e6d91e2326abf7ea6c965.jpg,640,640,1,REAL,TRAIN_ONLY,license_plate,reject_plate_or_ocr_crop
kaggle_plate_license_recognition,c5afe247ade5a2312_jpg,test,c5afe247ade5a2312_jpg.rf.554d992294130663f3d1d7ec668165e2.jpg,AI/PlateDetector/datasets/raw/kaggle_plate_license_recognition/test/c5afe247ade5a2312_jpg.rf.554d992294130663f3d1d7ec668165e2.jpg,640,640,1,REAL,TRAIN_ONLY,license_plate,reject_plate_or_ocr_crop
kaggle_plate_license_recognition,c5afe247ade5a2312_jpg,train,c5afe247ade5a2312_jpg.rf.62e2a6a17f5917909251d7338dad88e8.jpg,AI/PlateDetector/datasets/raw/kaggle_plate_license_recognition/train/c5afe247ade5a2312_jpg.rf.62e2a6a17f5917909251d7338dad88e8.jpg,640,640,1,REAL,TRAIN_ONLY,license_plate,reject_plate_or_ocr_crop
kaggle_plate_license_recognition,c6c98df743f40c9e4_jpg,train,c6c98df743f40c9e4_jpg.rf.0e6544b96b50b4d0f5f14822dfc0c5d0.jpg,AI/PlateDetector/datasets/raw/kaggle_plate_license_recognition/train/c6c98df743f40c9e4_jpg.rf.0e6544b96b50b4d0f5f14822dfc0c5d0.jpg,640,640,1,REAL,TRAIN_ONLY,license_plate,reject_plate_or_ocr_crop
kaggle_plate_license_recognition,c6d7fef6fd97e35f_jpg,train,c6d7fef6fd97e35f_jpg.rf.428b2f63e4c9276a2a386e55ce642656.jpg,AI/PlateDetector/datasets/raw/kaggle_plate_license_recognition/train/c6d7fef6fd97e35f_jpg.rf.428b2f63e4c9276a2a386e55ce642656.jpg,640,640,1,REAL,TRAIN_ONLY,license_plate,reject_plate_or_ocr_crop
kaggle_plate_license_recognition,c6d7fef6fd97e35f_jpg,train,c6d7fef6fd97e35f_jpg.rf.96ad9355c3bf774c05121955e6ef92fd.jpg,AI/PlateDetector/datasets/raw/kaggle_plate_license_recognition/train/c6d7fef6fd97e35f_jpg.rf.96ad9355c3bf774c05121955e6ef92fd.jpg,640,640,1,REAL,TRAIN_ONLY,license_plate,reject_plate_or_ocr_crop
kaggle_plate_license_recognition,c6edbd9512bb4de1_jpg,valid,c6edbd9512bb4de1_jpg.rf.87e9cba82bdcd1bab0a5141493d7299e.jpg,AI/PlateDetector/datasets/raw/kaggle_plate_license_recognition/valid/c6edbd9512bb4de1_jpg.rf.87e9cba82bdcd1bab0a5141493d7299e.jpg,640,640,1,REAL,TRAIN_ONLY,license_plate,reject_plate_or_ocr_crop
kaggle_plate_license_recognition,c6edbd9512bb4de1_jpg,train,c6edbd9512bb4de1_jpg.rf.c6b3cc0ee724f021b3767785d8be3a89.jpg,AI/PlateDetector/datasets/raw/kaggle_plate_license_recognition/train/c6edbd9512bb4de1_jpg.rf.c6b3cc0ee724f021b3767785d8be3a89.jpg,640,640,1,REAL,TRAIN_ONLY,license_plate,reject_plate_or_ocr_crop
kaggle_plate_license_recognition,c88925136116750b2_jpg,train,c88925136116750b2_jpg.rf.a718768147c97f5392bd30e33d1bc092.jpg,AI/PlateDetector/datasets/raw/kaggle_plate_license_recognition/train/c88925136116750b2_jpg.rf.a718768147c97f5392bd30e33d1bc092.jpg,640,640,1,REAL,TRAIN_ONLY,license_plate,reject_plate_or_ocr_crop
kaggle_plate_license_recognition,c8be220dca281f0f_jpg,train,c8be220dca281f0f_jpg.rf.c09a55aa5ddaad51d99f82b335e8953f.jpg,AI/PlateDetector/datasets/raw/kaggle_plate_license_recognition/train/c8be220dca281f0f_jpg.rf.c09a55aa5ddaad51d99f82b335e8953f.jpg,640,640,1,REAL,TRAIN_ONLY,license_plate,reject_plate_or_ocr_crop
kaggle_plate_license_recognition,c94k9fqfdhla1_jpg,train,c94k9fqfdhla1_jpg.rf.38234df874420d7d2da6184cfea3e74a.jpg,AI/PlateDetector/datasets/raw/kaggle_plate_license_recognition/train/c94k9fqfdhla1_jpg.rf.38234df874420d7d2da6184cfea3e74a.jpg,640,640,1,REAL,TRAIN_ONLY,license_plate,accepted_training_positive
kaggle_plate_license_recognition,c94k9fqfdhla1_jpg,train,c94k9fqfdhla1_jpg.rf.4501c4605836374ecbe9079974ed8fed.jpg,AI/PlateDetector/datasets/raw/kaggle_plate_license_recognition/train/c94k9fqfdhla1_jpg.rf.4501c4605836374ecbe9079974ed8fed.jpg,640,640,1,REAL,TRAIN_ONLY,license_plate,accepted_training_positive
kaggle_plate_license_recognition,c94k9fqfdhla1_jpg,test,c94k9fqfdhla1_jpg.rf.4be6efd6d874013bf0c68c7bd6f7fbd4.jpg,AI/PlateDetector/datasets/raw/kaggle_plate_license_recognition/test/c94k9fqfdhla1_jpg.rf.4be6efd6d874013bf0c68c7bd6f7fbd4.jpg,640,640,1,REAL,TRAIN_ONLY,license_plate,accepted_training_positive
kaggle_plate_license_recognition,c9afcyqbvroa1_jpg,train,c9afcyqbvroa1_jpg.rf.0f73fc1f6c97bf79baef25ecdcfd0cd5.jpg,AI/PlateDetector/datasets/raw/kaggle_plate_license_recognition/train/c9afcyqbvroa1_jpg.rf.0f73fc1f6c97bf79baef25ecdcfd0cd5.jpg,640,640,1,REAL,TRAIN_ONLY,license_plate,accepted_training_positive
kaggle_plate_license_recognition,c9afcyqbvroa1_jpg,test,c9afcyqbvroa1_jpg.rf.42fdba61985f88d0fb74f2cf076698f8.jpg,AI/PlateDetector/datasets/raw/kaggle_plate_license_recognition/test/c9afcyqbvroa1_jpg.rf.42fdba61985f88d0fb74f2cf076698f8.jpg,640,640,1,REAL,TRAIN_ONLY,license_plate,accepted_training_positive
kaggle_plate_license_recognition,c9afcyqbvroa1_jpg,train,c9afcyqbvroa1_jpg.rf.9a2cb3489dcb2766633fd27879f3a3ef.jpg,AI/PlateDetector/datasets/raw/kaggle_plate_license_recognition/train/c9afcyqbvroa1_jpg.rf.9a2cb3489dcb2766633fd27879f3a3ef.jpg,640,640,1,REAL,TRAIN_ONLY,license_plate,accepted_training_positive
kaggle_plate_license_recognition,ca7b7bce5b918d61_jpg,train,ca7b7bce5b918d61_jpg.rf.7523f5ace2d2ce8f9c8ca1e6ef697f32.jpg,AI/PlateDetector/datasets/raw/kaggle_plate_license_recognition/train/ca7b7bce5b918d61_jpg.rf.7523f5ace2d2ce8f9c8ca1e6ef697f32.jpg,640,640,1,REAL,TRAIN_ONLY,license_plate,reject_plate_or_ocr_crop
kaggle_plate_license_recognition,cd2562dbe3a5f110_jpg,valid,cd2562dbe3a5f110_jpg.rf.92678f486056deb594c62c43298d0043.jpg,AI/PlateDetector/datasets/raw/kaggle_plate_license_recognition/valid/cd2562dbe3a5f110_jpg.rf.92678f486056deb594c62c43298d0043.jpg,640,640,1,REAL,TRAIN_ONLY,license_plate,reject_plate_or_ocr_crop
kaggle_plate_license_recognition,cd318e4cef41315c2_jpg,train,cd318e4cef41315c2_jpg.rf.08c09f178c998bf9e889e6d6e42b9ffa.jpg,AI/PlateDetector/datasets/raw/kaggle_plate_license_recognition/train/cd318e4cef41315c2_jpg.rf.08c09f178c998bf9e889e6d6e42b9ffa.jpg,640,640,1,REAL,TRAIN_ONLY,license_plate,reject_plate_or_ocr_crop
kaggle_plate_license_recognition,cd6bb3e87aac2888_jpg,test,cd6bb3e87aac2888_jpg.rf.5ef677a9421a903f121826ad2bf265ea.jpg,AI/PlateDetector/datasets/raw/kaggle_plate_license_recognition/test/cd6bb3e87aac2888_jpg.rf.5ef677a9421a903f121826ad2bf265ea.jpg,640,640,1,REAL,TRAIN_ONLY,license_plate,reject_plate_or_ocr_crop
kaggle_plate_license_recognition,cd6bb3e87aac2888_jpg,train,cd6bb3e87aac2888_jpg.rf.c7a6d7d12334cd1bcc4059b2d77b2c7c.jpg,AI/PlateDetector/datasets/raw/kaggle_plate_license_recognition/train/cd6bb3e87aac2888_jpg.rf.c7a6d7d12334cd1bcc4059b2d77b2c7c.jpg,640,640,1,REAL,TRAIN_ONLY,license_plate,reject_plate_or_ocr_crop
kaggle_plate_license_recognition,cd953f6eee15d98b_jpg,train,cd953f6eee15d98b_jpg.rf.b637d06201eeed79c92564f17f5d2c14.jpg,AI/PlateDetector/datasets/raw/kaggle_plate_license_recognition/train/cd953f6eee15d98b_jpg.rf.b637d06201eeed79c92564f17f5d2c14.jpg,640,640,1,REAL,TRAIN_ONLY,license_plate,reject_plate_or_ocr_crop
kaggle_plate_license_recognition,cd998d1e425d03fa_jpg,train,cd998d1e425d03fa_jpg.rf.d3038168c02d4ec299a68ef5d1c9c571.jpg,AI/PlateDetector/datasets/raw/kaggle_plate_license_recognition/train/cd998d1e425d03fa_jpg.rf.d3038168c02d4ec299a68ef5d1c9c571.jpg,640,640,1,REAL,TRAIN_ONLY,license_plate,reject_plate_or_ocr_crop
kaggle_plate_license_recognition,ce78a1e7c85ba02b2_jpg,test,ce78a1e7c85ba02b2_jpg.rf.7f389ad024680054b7eb7c95ebb69416.jpg,AI/PlateDetector/datasets/raw/kaggle_plate_license_recognition/test/ce78a1e7c85ba02b2_jpg.rf.7f389ad024680054b7eb7c95ebb69416.jpg,640,640,1,REAL,TRAIN_ONLY,license_plate,reject_plate_or_ocr_crop
kaggle_plate_license_recognition,china86_jpg,train,china86_jpg.rf.442414af1753079907b47dd4a0dab5e5.jpg,AI/PlateDetector/datasets/raw/kaggle_plate_license_recognition/train/china86_jpg.rf.442414af1753079907b47dd4a0dab5e5.jpg,640,640,1,REAL,TRAIN_ONLY,license_plate,reject_plate_or_ocr_crop
kaggle_plate_license_recognition,clLw_6qUvdqXssWeOIX1ZrcGxubxxDXn3-9Iwid23cQ_jpg,train,clLw_6qUvdqXssWeOIX1ZrcGxubxxDXn3-9Iwid23cQ_jpg.rf.1a75b5d39854043306c23acd2d89ac39.jpg,AI/PlateDetector/datasets/raw/kaggle_plate_license_recognition/train/clLw_6qUvdqXssWeOIX1ZrcGxubxxDXn3-9Iwid23cQ_jpg.rf.1a75b5d39854043306c23acd2d89ac39.jpg,640,640,1,REAL,TRAIN_ONLY,license_plate,accepted_training_positive
kaggle_plate_license_recognition,cp9fnjx9bxia1_jpg,train,cp9fnjx9bxia1_jpg.rf.43b88492504b49c23115ab7c8ac81dc3.jpg,AI/PlateDetector/datasets/raw/kaggle_plate_license_recognition/train/cp9fnjx9bxia1_jpg.rf.43b88492504b49c23115ab7c8ac81dc3.jpg,640,640,1,REAL,TRAIN_ONLY,license_plate,accepted_training_positive
kaggle_plate_license_recognition,cp9fnjx9bxia1_jpg,train,cp9fnjx9bxia1_jpg.rf.ae01d3b3c67abace9077ca794ca1e286.jpg,AI/PlateDetector/datasets/raw/kaggle_plate_license_recognition/train/cp9fnjx9bxia1_jpg.rf.ae01d3b3c67abace9077ca794ca1e286.jpg,640,640,1,REAL,TRAIN_ONLY,license_plate,accepted_training_positive
kaggle_plate_license_recognition,cuwpuuf8gzoa1_jpg,train,cuwpuuf8gzoa1_jpg.rf.b6fb1ed5c2fab5d7dc67b943bd6c27e1.jpg,AI/PlateDetector/datasets/raw/kaggle_plate_license_recognition/train/cuwpuuf8gzoa1_jpg.rf.b6fb1ed5c2fab5d7dc67b943bd6c27e1.jpg,640,640,1,REAL,TRAIN_ONLY,license_plate,accepted_training_positive
kaggle_plate_license_recognition,cuwpuuf8gzoa1_jpg,train,cuwpuuf8gzoa1_jpg.rf.dc44d7f9785658cb60a45c35aaed9b00.jpg,AI/PlateDetector/datasets/raw/kaggle_plate_license_recognition/train/cuwpuuf8gzoa1_jpg.rf.dc44d7f9785658cb60a45c35aaed9b00.jpg,640,640,1,REAL,TRAIN_ONLY,license_plate,accepted_training_positive
kaggle_plate_license_recognition,d3de1c42196d3b3e2_jpg,valid,d3de1c42196d3b3e2_jpg.rf.193f694f51c67d86377acc1e37992249.jpg,AI/PlateDetector/datasets/raw/kaggle_plate_license_recognition/valid/d3de1c42196d3b3e2_jpg.rf.193f694f51c67d86377acc1e37992249.jpg,640,640,1,REAL,TRAIN_ONLY,license_plate,reject_plate_or_ocr_crop
kaggle_plate_license_recognition,d3de1c42196d3b3e_jpg,train,d3de1c42196d3b3e_jpg.rf.f6b38a23312a3334aba9814174598e1f.jpg,AI/PlateDetector/datasets/raw/kaggle_plate_license_recognition/train/d3de1c42196d3b3e_jpg.rf.f6b38a23312a3334aba9814174598e1f.jpg,640,640,1,REAL,TRAIN_ONLY,license_plate,reject_plate_or_ocr_crop
kaggle_plate_license_recognition,d41ff670110c060f_jpg,train,d41ff670110c060f_jpg.rf.5a70dfe8558cbcc572d52eb9c53b9e52.jpg,AI/PlateDetector/datasets/raw/kaggle_plate_license_recognition/train/d41ff670110c060f_jpg.rf.5a70dfe8558cbcc572d52eb9c53b9e52.jpg,640,640,1,REAL,TRAIN_ONLY,license_plate,reject_plate_or_ocr_crop
kaggle_plate_license_recognition,d51d9228033aac38_jpg,train,d51d9228033aac38_jpg.rf.609f978a70194d154cef87e121269f26.jpg,AI/PlateDetector/datasets/raw/kaggle_plate_license_recognition/train/d51d9228033aac38_jpg.rf.609f978a70194d154cef87e121269f26.jpg,640,640,1,REAL,TRAIN_ONLY,license_plate,reject_plate_or_ocr_crop
kaggle_plate_license_recognition,d5af36c257ee856e_jpg,train,d5af36c257ee856e_jpg.rf.9ee6ed60736381baf5ae9602fe11ebb2.jpg,AI/PlateDetector/datasets/raw/kaggle_plate_license_recognition/train/d5af36c257ee856e_jpg.rf.9ee6ed60736381baf5ae9602fe11ebb2.jpg,640,640,1,REAL,TRAIN_ONLY,license_plate,reject_plate_or_ocr_crop
kaggle_plate_license_recognition,d5af36c257ee856e_jpg,train,d5af36c257ee856e_jpg.rf.ab18e19907b0e2cda5ffb67d6d00a09b.jpg,AI/PlateDetector/datasets/raw/kaggle_plate_license_recognition/train/d5af36c257ee856e_jpg.rf.ab18e19907b0e2cda5ffb67d6d00a09b.jpg,640,640,1,REAL,TRAIN_ONLY,license_plate,reject_plate_or_ocr_crop
kaggle_plate_license_recognition,d5slhm6xk1oa1_jpg,test,d5slhm6xk1oa1_jpg.rf.189f5be2e4c08d51779b85d88872e9ca.jpg,AI/PlateDetector/datasets/raw/kaggle_plate_license_recognition/test/d5slhm6xk1oa1_jpg.rf.189f5be2e4c08d51779b85d88872e9ca.jpg,640,640,1,REAL,TRAIN_ONLY,license_plate,accepted_training_positive
kaggle_plate_license_recognition,d5slhm6xk1oa1_jpg,train,d5slhm6xk1oa1_jpg.rf.cc7053f080a7c3c3516db21f6365ac0a.jpg,AI/PlateDetector/datasets/raw/kaggle_plate_license_recognition/train/d5slhm6xk1oa1_jpg.rf.cc7053f080a7c3c3516db21f6365ac0a.jpg,640,640,1,REAL,TRAIN_ONLY,license_plate,accepted_training_positive
kaggle_plate_license_recognition,d68f41b8c244f1f52_jpg,train,d68f41b8c244f1f52_jpg.rf.9ba60744031acb0d15e8e2a114e37a86.jpg,AI/PlateDetector/datasets/raw/kaggle_plate_license_recognition/train/d68f41b8c244f1f52_jpg.rf.9ba60744031acb0d15e8e2a114e37a86.jpg,640,640,1,REAL,TRAIN_ONLY,license_plate,reject_plate_or_ocr_crop
kaggle_plate_license_recognition,d6e82c52f7f69d552_jpg,train,d6e82c52f7f69d552_jpg.rf.9eac5e9a7bd5409dfb3d1bf03142b724.jpg,AI/PlateDetector/datasets/raw/kaggle_plate_license_recognition/train/d6e82c52f7f69d552_jpg.rf.9eac5e9a7bd5409dfb3d1bf03142b724.jpg,640,640,1,REAL,TRAIN_ONLY,license_plate,reject_plate_or_ocr_crop
kaggle_plate_license_recognition,d7b2c2536c88965d_jpg,train,d7b2c2536c88965d_jpg.rf.416d875de1e8d89d7c54b9a8a20354d2.jpg,AI/PlateDetector/datasets/raw/kaggle_plate_license_recognition/train/d7b2c2536c88965d_jpg.rf.416d875de1e8d89d7c54b9a8a20354d2.jpg,640,640,1,REAL,TRAIN_ONLY,license_plate,reject_plate_or_ocr_crop
kaggle_plate_license_recognition,d91b6099c1f81272_jpg,train,d91b6099c1f81272_jpg.rf.73b2e4dc94d7d5e89e362e116ce325cc.jpg,AI/PlateDetector/datasets/raw/kaggle_plate_license_recognition/train/d91b6099c1f81272_jpg.rf.73b2e4dc94d7d5e89e362e116ce325cc.jpg,640,640,1,REAL,TRAIN_ONLY,license_plate,reject_plate_or_ocr_crop
kaggle_plate_license_recognition,d9696e382632ee7a_jpg,train,d9696e382632ee7a_jpg.rf.4fb781eaf2fc00da24a5fc9d40b05757.jpg,AI/PlateDetector/datasets/raw/kaggle_plate_license_recognition/train/d9696e382632ee7a_jpg.rf.4fb781eaf2fc00da24a5fc9d40b05757.jpg,640,640,1,REAL,TRAIN_ONLY,license_plate,reject_plate_or_ocr_crop
kaggle_plate_license_recognition,d9a620519708dc8d3_jpg,train,d9a620519708dc8d3_jpg.rf.89cd64d83c6d020bf4b16e484878482d.jpg,AI/PlateDetector/datasets/raw/kaggle_plate_license_recognition/train/d9a620519708dc8d3_jpg.rf.89cd64d83c6d020bf4b16e484878482d.jpg,640,640,1,REAL,TRAIN_ONLY,license_plate,reject_plate_or_ocr_crop
kaggle_plate_license_recognition,daff6d9b14618c7d_jpg,train,daff6d9b14618c7d_jpg.rf.2a75475d9acf8887394244cb6f7460de.jpg,AI/PlateDetector/datasets/raw/kaggle_plate_license_recognition/train/daff6d9b14618c7d_jpg.rf.2a75475d9acf8887394244cb6f7460de.jpg,640,640,1,REAL,TRAIN_ONLY,license_plate,reject_plate_or_ocr_crop
kaggle_plate_license_recognition,daff6d9b14618c7d_jpg,train,daff6d9b14618c7d_jpg.rf.46da4f3be072dac3bebc58967ffb4db2.jpg,AI/PlateDetector/datasets/raw/kaggle_plate_license_recognition/train/daff6d9b14618c7d_jpg.rf.46da4f3be072dac3bebc58967ffb4db2.jpg,640,640,1,REAL,TRAIN_ONLY,license_plate,reject_plate_or_ocr_crop
kaggle_plate_license_recognition,db779b16550ccadf_jpg,valid,db779b16550ccadf_jpg.rf.3154a7d8594120b2772aecbfb071ace0.jpg,AI/PlateDetector/datasets/raw/kaggle_plate_license_recognition/valid/db779b16550ccadf_jpg.rf.3154a7d8594120b2772aecbfb071ace0.jpg,640,640,1,REAL,TRAIN_ONLY,license_plate,reject_plate_or_ocr_crop
kaggle_plate_license_recognition,dcb210b4cae8edf22_jpg,train,dcb210b4cae8edf22_jpg.rf.98dd2e2a1fee19553f1a952a1e81e283.jpg,AI/PlateDetector/datasets/raw/kaggle_plate_license_recognition/train/dcb210b4cae8edf22_jpg.rf.98dd2e2a1fee19553f1a952a1e81e283.jpg,640,640,1,REAL,TRAIN_ONLY,license_plate,reject_plate_or_ocr_crop
kaggle_plate_license_recognition,dd81725e3314f931_jpg,train,dd81725e3314f931_jpg.rf.32b39fd24445790ad5223f731f930871.jpg,AI/PlateDetector/datasets/raw/kaggle_plate_license_recognition/train/dd81725e3314f931_jpg.rf.32b39fd24445790ad5223f731f930871.jpg,640,640,1,REAL,TRAIN_ONLY,license_plate,reject_plate_or_ocr_crop
kaggle_plate_license_recognition,de13007172a3c13f_jpg,train,de13007172a3c13f_jpg.rf.ceb6053e8610bf246214230873c0f30f.jpg,AI/PlateDetector/datasets/raw/kaggle_plate_license_recognition/train/de13007172a3c13f_jpg.rf.ceb6053e8610bf246214230873c0f30f.jpg,640,640,1,REAL,TRAIN_ONLY,license_plate,reject_plate_or_ocr_crop
kaggle_plate_license_recognition,de2f9caaba3f2d18_jpg,train,de2f9caaba3f2d18_jpg.rf.3f584fe493eb714e18c51395be4be605.jpg,AI/PlateDetector/datasets/raw/kaggle_plate_license_recognition/train/de2f9caaba3f2d18_jpg.rf.3f584fe493eb714e18c51395be4be605.jpg,640,640,1,REAL,TRAIN_ONLY,license_plate,reject_plate_or_ocr_crop
kaggle_plate_license_recognition,denemarken13_jpg,train,denemarken13_jpg.rf.7af4bfa6d9229621c275ab50ab759971.jpg,AI/PlateDetector/datasets/raw/kaggle_plate_license_recognition/train/denemarken13_jpg.rf.7af4bfa6d9229621c275ab50ab759971.jpg,640,640,1,REAL,TRAIN_ONLY,license_plate,reject_plate_or_ocr_crop
kaggle_plate_license_recognition,denemarken13_jpg,train,denemarken13_jpg.rf.b3b0e8feb134f78aea4981f2ba7efed3.jpg,AI/PlateDetector/datasets/raw/kaggle_plate_license_recognition/train/denemarken13_jpg.rf.b3b0e8feb134f78aea4981f2ba7efed3.jpg,640,640,1,REAL,TRAIN_ONLY,license_plate,reject_plate_or_ocr_crop
kaggle_plate_license_recognition,dsn3pg8nwtoa1_jpg,train,dsn3pg8nwtoa1_jpg.rf.01ddf063da37580a42e68dbd6cc47378.jpg,AI/PlateDetector/datasets/raw/kaggle_plate_license_recognition/train/dsn3pg8nwtoa1_jpg.rf.01ddf063da37580a42e68dbd6cc47378.jpg,640,640,4,REAL,TRAIN_ONLY,license_plate,reject_mosaic_collage
kaggle_plate_license_recognition,dsn3pg8nwtoa1_jpg,train,dsn3pg8nwtoa1_jpg.rf.50e5ad328285384962702501e8bc85fd.jpg,AI/PlateDetector/datasets/raw/kaggle_plate_license_recognition/train/dsn3pg8nwtoa1_jpg.rf.50e5ad328285384962702501e8bc85fd.jpg,640,640,1,REAL,TRAIN_ONLY,license_plate,accepted_training_positive
kaggle_plate_license_recognition,dsn3pg8nwtoa1_jpg,train,dsn3pg8nwtoa1_jpg.rf.9827756734ea3c116eb148d3ff5099be.jpg,AI/PlateDetector/datasets/raw/kaggle_plate_license_recognition/train/dsn3pg8nwtoa1_jpg.rf.9827756734ea3c116eb148d3ff5099be.jpg,640,640,1,REAL,TRAIN_ONLY,license_plate,accepted_training_positive
kaggle_plate_license_recognition,dso8xg84l2ha1_jpg,valid,dso8xg84l2ha1_jpg.rf.5fee1e3986d848adfdbae63574442fed.jpg,AI/PlateDetector/datasets/raw/kaggle_plate_license_recognition/valid/dso8xg84l2ha1_jpg.rf.5fee1e3986d848adfdbae63574442fed.jpg,640,640,1,REAL,TRAIN_ONLY,license_plate,accepted_training_positive
kaggle_plate_license_recognition,dwlc3prqd9ga1_jpg,train,dwlc3prqd9ga1_jpg.rf.e149668f838905cd2fc12edd15d6a378.jpg,AI/PlateDetector/datasets/raw/kaggle_plate_license_recognition/train/dwlc3prqd9ga1_jpg.rf.e149668f838905cd2fc12edd15d6a378.jpg,640,640,1,REAL,TRAIN_ONLY,license_plate,accepted_training_positive
kaggle_plate_license_recognition,dyqreypgc1pa1_jpg,train,dyqreypgc1pa1_jpg.rf.7634945b6127652725d31085cb1f3745.jpg,AI/PlateDetector/datasets/raw/kaggle_plate_license_recognition/train/dyqreypgc1pa1_jpg.rf.7634945b6127652725d31085cb1f3745.jpg,640,640,3,REAL,TRAIN_ONLY,license_plate,reject_mosaic_collage
kaggle_plate_license_recognition,dyqreypgc1pa1_jpg,valid,dyqreypgc1pa1_jpg.rf.f9223f4abddb70e02f7e3257535f787e.jpg,AI/PlateDetector/datasets/raw/kaggle_plate_license_recognition/valid/dyqreypgc1pa1_jpg.rf.f9223f4abddb70e02f7e3257535f787e.jpg,640,640,1,REAL,TRAIN_ONLY,license_plate,accepted_training_positive
kaggle_plate_license_recognition,dzmsrsx9vyna1_jpg,valid,dzmsrsx9vyna1_jpg.rf.f294d094e6c654ff99d91df10857a0ed.jpg,AI/PlateDetector/datasets/raw/kaggle_plate_license_recognition/valid/dzmsrsx9vyna1_jpg.rf.f294d094e6c654ff99d91df10857a0ed.jpg,640,640,1,REAL,TRAIN_ONLY,license_plate,accepted_training_positive
kaggle_plate_license_recognition,e0sj3ntaipia1_jpg,valid,e0sj3ntaipia1_jpg.rf.476beebcc3a570a5d2fff921b0b49134.jpg,AI/PlateDetector/datasets/raw/kaggle_plate_license_recognition/valid/e0sj3ntaipia1_jpg.rf.476beebcc3a570a5d2fff921b0b49134.jpg,640,640,1,REAL,TRAIN_ONLY,license_plate,accepted_training_positive
kaggle_plate_license_recognition,e0sj3ntaipia1_jpg,train,e0sj3ntaipia1_jpg.rf.57549a383a10a88ce2834c14bd77ae40.jpg,AI/PlateDetector/datasets/raw/kaggle_plate_license_recognition/train/e0sj3ntaipia1_jpg.rf.57549a383a10a88ce2834c14bd77ae40.jpg,640,640,1,REAL,TRAIN_ONLY,license_plate,accepted_training_positive
kaggle_plate_license_recognition,e0sj3ntaipia1_jpg,train,e0sj3ntaipia1_jpg.rf.9e0cdf5ce3013b30244203abf67a1dcf.jpg,AI/PlateDetector/datasets/raw/kaggle_plate_license_recognition/train/e0sj3ntaipia1_jpg.rf.9e0cdf5ce3013b30244203abf67a1dcf.jpg,640,640,5,REAL,TRAIN_ONLY,license_plate,reject_mosaic_collage
kaggle_plate_license_recognition,e0sj3ntaipia1_jpg,test,e0sj3ntaipia1_jpg.rf.b1cf74d6e5f81bd611576d2e2ad7db6d.jpg,AI/PlateDetector/datasets/raw/kaggle_plate_license_recognition/test/e0sj3ntaipia1_jpg.rf.b1cf74d6e5f81bd611576d2e2ad7db6d.jpg,640,640,1,REAL,TRAIN_ONLY,license_plate,accepted_training_positive
kaggle_plate_license_recognition,e1hzdr4u5nja1_jpg,train,e1hzdr4u5nja1_jpg.rf.261167a2e7dee1bfea85f908346005b8.jpg,AI/PlateDetector/datasets/raw/kaggle_plate_license_recognition/train/e1hzdr4u5nja1_jpg.rf.261167a2e7dee1bfea85f908346005b8.jpg,640,640,5,REAL,TRAIN_ONLY,license_plate,reject_mosaic_collage
kaggle_plate_license_recognition,e1hzdr4u5nja1_jpg,train,e1hzdr4u5nja1_jpg.rf.657b670321caf3cf322e4c8e93f3e405.jpg,AI/PlateDetector/datasets/raw/kaggle_plate_license_recognition/train/e1hzdr4u5nja1_jpg.rf.657b670321caf3cf322e4c8e93f3e405.jpg,640,640,3,REAL,TRAIN_ONLY,license_plate,reject_mosaic_collage
kaggle_plate_license_recognition,e1hzdr4u5nja1_jpg,train,e1hzdr4u5nja1_jpg.rf.b63df68e92bf40c4f2136b1fa8b249a9.jpg,AI/PlateDetector/datasets/raw/kaggle_plate_license_recognition/train/e1hzdr4u5nja1_jpg.rf.b63df68e92bf40c4f2136b1fa8b249a9.jpg,640,640,1,REAL,TRAIN_ONLY,license_plate,accepted_training_positive
kaggle_plate_license_recognition,e3b54c6b03ce4ff2_jpg,train,e3b54c6b03ce4ff2_jpg.rf.2c5ba8e4ce57c227fb6e5d6233854cac.jpg,AI/PlateDetector/datasets/raw/kaggle_plate_license_recognition/train/e3b54c6b03ce4ff2_jpg.rf.2c5ba8e4ce57c227fb6e5d6233854cac.jpg,640,640,1,REAL,TRAIN_ONLY,license_plate,reject_plate_or_ocr_crop
kaggle_plate_license_recognition,e3d0318aabe3c8ca_jpg,valid,e3d0318aabe3c8ca_jpg.rf.18f7edd9f04ffacb9d0b3b621ec5bf7b.jpg,AI/PlateDetector/datasets/raw/kaggle_plate_license_recognition/valid/e3d0318aabe3c8ca_jpg.rf.18f7edd9f04ffacb9d0b3b621ec5bf7b.jpg,640,640,1,REAL,TRAIN_ONLY,license_plate,reject_plate_or_ocr_crop
kaggle_plate_license_recognition,e4ca29e43e9356973_jpg,train,e4ca29e43e9356973_jpg.rf.192c6fca2ab3fac50788e1895639d4ed.jpg,AI/PlateDetector/datasets/raw/kaggle_plate_license_recognition/train/e4ca29e43e9356973_jpg.rf.192c6fca2ab3fac50788e1895639d4ed.jpg,640,640,1,REAL,TRAIN_ONLY,license_plate,reject_plate_or_ocr_crop
kaggle_plate_license_recognition,e561f1ed5326c2db_jpg,train,e561f1ed5326c2db_jpg.rf.4341ba117dfe17903af3e8b9ed46883d.jpg,AI/PlateDetector/datasets/raw/kaggle_plate_license_recognition/train/e561f1ed5326c2db_jpg.rf.4341ba117dfe17903af3e8b9ed46883d.jpg,640,640,1,REAL,TRAIN_ONLY,license_plate,reject_plate_or_ocr_crop
kaggle_plate_license_recognition,e5e2aa59e301672e_jpg,valid,e5e2aa59e301672e_jpg.rf.a50abdf0ae8ecbdf2a1792a3ab0d7a23.jpg,AI/PlateDetector/datasets/raw/kaggle_plate_license_recognition/valid/e5e2aa59e301672e_jpg.rf.a50abdf0ae8ecbdf2a1792a3ab0d7a23.jpg,640,640,1,REAL,TRAIN_ONLY,license_plate,reject_plate_or_ocr_crop
kaggle_plate_license_recognition,e5e2aa59e301672e_jpg,valid,e5e2aa59e301672e_jpg.rf.be31949f56c2013a193098883b961e88.jpg,AI/PlateDetector/datasets/raw/kaggle_plate_license_recognition/valid/e5e2aa59e301672e_jpg.rf.be31949f56c2013a193098883b961e88.jpg,640,640,1,REAL,TRAIN_ONLY,license_plate,reject_plate_or_ocr_crop
kaggle_plate_license_recognition,e618490bc931c2e7_jpg,train,e618490bc931c2e7_jpg.rf.bdc03b7e0042e1287eb6e80660f2e7da.jpg,AI/PlateDetector/datasets/raw/kaggle_plate_license_recognition/train/e618490bc931c2e7_jpg.rf.bdc03b7e0042e1287eb6e80660f2e7da.jpg,640,640,1,REAL,TRAIN_ONLY,license_plate,reject_plate_or_ocr_crop
kaggle_plate_license_recognition,e6eb6b30d9ca1f50_jpg,valid,e6eb6b30d9ca1f50_jpg.rf.dc83200cb70b3b6625d40ffb61b4f587.jpg,AI/PlateDetector/datasets/raw/kaggle_plate_license_recognition/valid/e6eb6b30d9ca1f50_jpg.rf.dc83200cb70b3b6625d40ffb61b4f587.jpg,640,640,1,REAL,TRAIN_ONLY,license_plate,reject_plate_or_ocr_crop
kaggle_plate_license_recognition,e7694e3de6a80bb3_jpg,train,e7694e3de6a80bb3_jpg.rf.a82ec22c196e28cebd7ba537aed442b1.jpg,AI/PlateDetector/datasets/raw/kaggle_plate_license_recognition/train/e7694e3de6a80bb3_jpg.rf.a82ec22c196e28cebd7ba537aed442b1.jpg,640,640,1,REAL,TRAIN_ONLY,license_plate,reject_plate_or_ocr_crop
kaggle_plate_license_recognition,e8a1a9c789e6ee6e_jpg,train,e8a1a9c789e6ee6e_jpg.rf.f622a7a3871269843e80dab9b05859ab.jpg,AI/PlateDetector/datasets/raw/kaggle_plate_license_recognition/train/e8a1a9c789e6ee6e_jpg.rf.f622a7a3871269843e80dab9b05859ab.jpg,640,640,1,REAL,TRAIN_ONLY,license_plate,reject_plate_or_ocr_crop
kaggle_plate_license_recognition,ea2a465e0032557e2_jpg,train,ea2a465e0032557e2_jpg.rf.4cf31de2578c96350ab1e85124cf52e7.jpg,AI/PlateDetector/datasets/raw/kaggle_plate_license_recognition/train/ea2a465e0032557e2_jpg.rf.4cf31de2578c96350ab1e85124cf52e7.jpg,640,640,1,REAL,TRAIN_ONLY,license_plate,reject_plate_or_ocr_crop
kaggle_plate_license_recognition,ea2a465e0032557e2_jpg,test,ea2a465e0032557e2_jpg.rf.c7f16c2a0d53691276a21f434316183e.jpg,AI/PlateDetector/datasets/raw/kaggle_plate_license_recognition/test/ea2a465e0032557e2_jpg.rf.c7f16c2a0d53691276a21f434316183e.jpg,640,640,1,REAL,TRAIN_ONLY,license_plate,reject_plate_or_ocr_crop
kaggle_plate_license_recognition,ebfd3985073ef25c_jpg,train,ebfd3985073ef25c_jpg.rf.1ca986131504046310095f272be5e524.jpg,AI/PlateDetector/datasets/raw/kaggle_plate_license_recognition/train/ebfd3985073ef25c_jpg.rf.1ca986131504046310095f272be5e524.jpg,640,640,1,REAL,TRAIN_ONLY,license_plate,reject_plate_or_ocr_crop
kaggle_plate_license_recognition,ee2f7c6421242ff2_jpg,valid,ee2f7c6421242ff2_jpg.rf.d6a31a1704b07f11c771fe7b056d71f2.jpg,AI/PlateDetector/datasets/raw/kaggle_plate_license_recognition/valid/ee2f7c6421242ff2_jpg.rf.d6a31a1704b07f11c771fe7b056d71f2.jpg,640,640,1,REAL,TRAIN_ONLY,license_plate,reject_plate_or_ocr_crop
kaggle_plate_license_recognition,ee4j45maswba1_jpg,train,ee4j45maswba1_jpg.rf.16b491bb485992931c3ba1e4ecdcc101.jpg,AI/PlateDetector/datasets/raw/kaggle_plate_license_recognition/train/ee4j45maswba1_jpg.rf.16b491bb485992931c3ba1e4ecdcc101.jpg,640,640,1,REAL,TRAIN_ONLY,license_plate,accepted_training_positive
kaggle_plate_license_recognition,ee4j45maswba1_jpg,train,ee4j45maswba1_jpg.rf.f3af266418338c1b495f940fbeaff19e.jpg,AI/PlateDetector/datasets/raw/kaggle_plate_license_recognition/train/ee4j45maswba1_jpg.rf.f3af266418338c1b495f940fbeaff19e.jpg,640,640,3,REAL,TRAIN_ONLY,license_plate,reject_mosaic_collage
kaggle_plate_license_recognition,eem7z224qdoa1_jpg,valid,eem7z224qdoa1_jpg.rf.0d5e40969987634e97cac853b760e5bb.jpg,AI/PlateDetector/datasets/raw/kaggle_plate_license_recognition/valid/eem7z224qdoa1_jpg.rf.0d5e40969987634e97cac853b760e5bb.jpg,640,640,1,REAL,TRAIN_ONLY,license_plate,accepted_training_positive
kaggle_plate_license_recognition,eem7z224qdoa1_jpg,valid,eem7z224qdoa1_jpg.rf.89805d24cd0a24d71b0ac7dc4a0b7f31.jpg,AI/PlateDetector/datasets/raw/kaggle_plate_license_recognition/valid/eem7z224qdoa1_jpg.rf.89805d24cd0a24d71b0ac7dc4a0b7f31.jpg,640,640,1,REAL,TRAIN_ONLY,license_plate,accepted_training_positive
kaggle_plate_license_recognition,eem7z224qdoa1_jpg,test,eem7z224qdoa1_jpg.rf.9d582ad2a45216f513302d2b2ed9370a.jpg,AI/PlateDetector/datasets/raw/kaggle_plate_license_recognition/test/eem7z224qdoa1_jpg.rf.9d582ad2a45216f513302d2b2ed9370a.jpg,640,640,1,REAL,TRAIN_ONLY,license_plate,accepted_training_positive
kaggle_plate_license_recognition,eem7z224qdoa1_jpg,valid,eem7z224qdoa1_jpg.rf.a452eaaae9ae0240e7a24df939f7c2d3.jpg,AI/PlateDetector/datasets/raw/kaggle_plate_license_recognition/valid/eem7z224qdoa1_jpg.rf.a452eaaae9ae0240e7a24df939f7c2d3.jpg,640,640,1,REAL,TRAIN_ONLY,license_plate,accepted_training_positive
kaggle_plate_license_recognition,efa0ba0207ec59093_jpg,train,efa0ba0207ec59093_jpg.rf.9670ad8391530f91a868ce725777c693.jpg,AI/PlateDetector/datasets/raw/kaggle_plate_license_recognition/train/efa0ba0207ec59093_jpg.rf.9670ad8391530f91a868ce725777c693.jpg,640,640,1,REAL,TRAIN_ONLY,license_plate,reject_plate_or_ocr_crop
kaggle_plate_license_recognition,efdbb90e6f3e2895_jpg,train,efdbb90e6f3e2895_jpg.rf.55992abde0faad9d710b7c2daf09ef6f.jpg,AI/PlateDetector/datasets/raw/kaggle_plate_license_recognition/train/efdbb90e6f3e2895_jpg.rf.55992abde0faad9d710b7c2daf09ef6f.jpg,640,640,1,REAL,TRAIN_ONLY,license_plate,reject_plate_or_ocr_crop
kaggle_plate_license_recognition,efdbb90e6f3e2895_jpg,train,efdbb90e6f3e2895_jpg.rf.6ca01724af1972dc2d41750c39c6ca70.jpg,AI/PlateDetector/datasets/raw/kaggle_plate_license_recognition/train/efdbb90e6f3e2895_jpg.rf.6ca01724af1972dc2d41750c39c6ca70.jpg,640,640,1,REAL,TRAIN_ONLY,license_plate,reject_plate_or_ocr_crop
kaggle_plate_license_recognition,ekmg0byaz8ia1_jpg,valid,ekmg0byaz8ia1_jpg.rf.0d52c689eb88c367d5ce121d3f7afd86.jpg,AI/PlateDetector/datasets/raw/kaggle_plate_license_recognition/valid/ekmg0byaz8ia1_jpg.rf.0d52c689eb88c367d5ce121d3f7afd86.jpg,640,640,1,REAL,TRAIN_ONLY,license_plate,accepted_training_positive
kaggle_plate_license_recognition,ekmg0byaz8ia1_jpg,train,ekmg0byaz8ia1_jpg.rf.51844f6bbdd1f10810b3250ed5434390.jpg,AI/PlateDetector/datasets/raw/kaggle_plate_license_recognition/train/ekmg0byaz8ia1_jpg.rf.51844f6bbdd1f10810b3250ed5434390.jpg,640,640,1,REAL,TRAIN_ONLY,license_plate,accepted_training_positive
kaggle_plate_license_recognition,ekmg0byaz8ia1_jpg,valid,ekmg0byaz8ia1_jpg.rf.53946d457f3fc776e24a87fac017e76a.jpg,AI/PlateDetector/datasets/raw/kaggle_plate_license_recognition/valid/ekmg0byaz8ia1_jpg.rf.53946d457f3fc776e24a87fac017e76a.jpg,640,640,4,REAL,TRAIN_ONLY,license_plate,reject_mosaic_collage
kaggle_plate_license_recognition,ekmg0byaz8ia1_jpg,train,ekmg0byaz8ia1_jpg.rf.dfe63bfd1def15caf87e5b605ef6db62.jpg,AI/PlateDetector/datasets/raw/kaggle_plate_license_recognition/train/ekmg0byaz8ia1_jpg.rf.dfe63bfd1def15caf87e5b605ef6db62.jpg,640,640,1,REAL,TRAIN_ONLY,license_plate,accepted_training_positive
kaggle_plate_license_recognition,ekmg0byaz8ia1_jpg,train,ekmg0byaz8ia1_jpg.rf.fa1897fbc1dfeeec74ffea0fa62e66a8.jpg,AI/PlateDetector/datasets/raw/kaggle_plate_license_recognition/train/ekmg0byaz8ia1_jpg.rf.fa1897fbc1dfeeec74ffea0fa62e66a8.jpg,640,640,4,REAL,TRAIN_ONLY,license_plate,reject_mosaic_collage
kaggle_plate_license_recognition,expositor-tienda-ofreciendo-matriculas-azules_1284181944_89165740_1383x1024-500x276_jpg,train,expositor-tienda-ofreciendo-matriculas-azules_1284181944_89165740_1383x1024-500x276_jpg.rf.6dd453448dc0f02981b5bf9b34e43448.jpg,AI/PlateDetector/datasets/raw/kaggle_plate_license_recognition/train/expositor-tienda-ofreciendo-matriculas-azules_1284181944_89165740_1383x1024-500x276_jpg.rf.6dd453448dc0f02981b5bf9b34e43448.jpg,640,640,1,REAL,TRAIN_ONLY,license_plate,reject_plate_or_ocr_crop
kaggle_plate_license_recognition,exxe8kw2hhia1_jpg,valid,exxe8kw2hhia1_jpg.rf.696594fd83f54ee0da14f43d1bc4dc6c.jpg,AI/PlateDetector/datasets/raw/kaggle_plate_license_recognition/valid/exxe8kw2hhia1_jpg.rf.696594fd83f54ee0da14f43d1bc4dc6c.jpg,640,640,1,REAL,TRAIN_ONLY,license_plate,accepted_training_positive
kaggle_plate_license_recognition,f3qb1vrj1yoa1_jpg,train,f3qb1vrj1yoa1_jpg.rf.b0d005784ae4d5bc1da5600115883d4d.jpg,AI/PlateDetector/datasets/raw/kaggle_plate_license_recognition/train/f3qb1vrj1yoa1_jpg.rf.b0d005784ae4d5bc1da5600115883d4d.jpg,640,640,1,REAL,TRAIN_ONLY,license_plate,accepted_training_positive
kaggle_plate_license_recognition,f5560dc4f17176d0_jpg,train,f5560dc4f17176d0_jpg.rf.b89b5da86c7670221e67302902f66d8b.jpg,AI/PlateDetector/datasets/raw/kaggle_plate_license_recognition/train/f5560dc4f17176d0_jpg.rf.b89b5da86c7670221e67302902f66d8b.jpg,640,640,1,REAL,TRAIN_ONLY,license_plate,reject_plate_or_ocr_crop
kaggle_plate_license_recognition,f6be442694043bd02_jpg,train,f6be442694043bd02_jpg.rf.3cfed5faf9f2ec546f16ae0496335a47.jpg,AI/PlateDetector/datasets/raw/kaggle_plate_license_recognition/train/f6be442694043bd02_jpg.rf.3cfed5faf9f2ec546f16ae0496335a47.jpg,640,640,1,REAL,TRAIN_ONLY,license_plate,reject_plate_or_ocr_crop
kaggle_plate_license_recognition,f6e2b8e32e587c15_jpg,test,f6e2b8e32e587c15_jpg.rf.36f6f1c5038db912e1dfc51289573f08.jpg,AI/PlateDetector/datasets/raw/kaggle_plate_license_recognition/test/f6e2b8e32e587c15_jpg.rf.36f6f1c5038db912e1dfc51289573f08.jpg,640,640,1,REAL,TRAIN_ONLY,license_plate,reject_plate_or_ocr_crop
kaggle_plate_license_recognition,f73237862e02edfa_jpg,train,f73237862e02edfa_jpg.rf.ce54cf69af53f0fcbc0db196fc84e147.jpg,AI/PlateDetector/datasets/raw/kaggle_plate_license_recognition/train/f73237862e02edfa_jpg.rf.ce54cf69af53f0fcbc0db196fc84e147.jpg,640,640,1,REAL,TRAIN_ONLY,license_plate,reject_plate_or_ocr_crop
kaggle_plate_license_recognition,f7b64d1f17c750a9_jpg,train,f7b64d1f17c750a9_jpg.rf.1abc0b6674b6cd1bfa6d553eb0c9d68d.jpg,AI/PlateDetector/datasets/raw/kaggle_plate_license_recognition/train/f7b64d1f17c750a9_jpg.rf.1abc0b6674b6cd1bfa6d553eb0c9d68d.jpg,640,640,1,REAL,TRAIN_ONLY,license_plate,reject_plate_or_ocr_crop
kaggle_plate_license_recognition,f7v97s7ltcaa1_jpg,valid,f7v97s7ltcaa1_jpg.rf.90218d30532607e73c913204221f8964.jpg,AI/PlateDetector/datasets/raw/kaggle_plate_license_recognition/valid/f7v97s7ltcaa1_jpg.rf.90218d30532607e73c913204221f8964.jpg,640,640,1,REAL,TRAIN_ONLY,license_plate,accepted_training_positive
kaggle_plate_license_recognition,f7v97s7ltcaa1_jpg,train,f7v97s7ltcaa1_jpg.rf.d84a371a9050d64aeebc97581f8b0415.jpg,AI/PlateDetector/datasets/raw/kaggle_plate_license_recognition/train/f7v97s7ltcaa1_jpg.rf.d84a371a9050d64aeebc97581f8b0415.jpg,640,640,1,REAL,TRAIN_ONLY,license_plate,accepted_training_positive
kaggle_plate_license_recognition,f84aa696d20b6100_jpg,train,f84aa696d20b6100_jpg.rf.707bcb8430bce60653d6b7d8b000dffc.jpg,AI/PlateDetector/datasets/raw/kaggle_plate_license_recognition/train/f84aa696d20b6100_jpg.rf.707bcb8430bce60653d6b7d8b000dffc.jpg,640,640,1,REAL,TRAIN_ONLY,license_plate,reject_plate_or_ocr_crop
kaggle_plate_license_recognition,f84aa696d20b6100_jpg,valid,f84aa696d20b6100_jpg.rf.84c66b1553677410056fbf96c4c74707.jpg,AI/PlateDetector/datasets/raw/kaggle_plate_license_recognition/valid/f84aa696d20b6100_jpg.rf.84c66b1553677410056fbf96c4c74707.jpg,640,640,1,REAL,TRAIN_ONLY,license_plate,reject_plate_or_ocr_crop
kaggle_plate_license_recognition,f94f5380b1c4ccd6_jpg,valid,f94f5380b1c4ccd6_jpg.rf.b56dc2f136132e037bd9a34f4af6eb83.jpg,AI/PlateDetector/datasets/raw/kaggle_plate_license_recognition/valid/f94f5380b1c4ccd6_jpg.rf.b56dc2f136132e037bd9a34f4af6eb83.jpg,640,640,1,REAL,TRAIN_ONLY,license_plate,reject_plate_or_ocr_crop
kaggle_plate_license_recognition,fbe4da5c79f8aaae_jpg,train,fbe4da5c79f8aaae_jpg.rf.fafc98f567fd4f54570baf9956188d69.jpg,AI/PlateDetector/datasets/raw/kaggle_plate_license_recognition/train/fbe4da5c79f8aaae_jpg.rf.fafc98f567fd4f54570baf9956188d69.jpg,640,640,1,REAL,TRAIN_ONLY,license_plate,reject_plate_or_ocr_crop
kaggle_plate_license_recognition,fd0f543da9f1673c_jpg,train,fd0f543da9f1673c_jpg.rf.ba9bbdcb649ec00190cd9e0ee5293d8c.jpg,AI/PlateDetector/datasets/raw/kaggle_plate_license_recognition/train/fd0f543da9f1673c_jpg.rf.ba9bbdcb649ec00190cd9e0ee5293d8c.jpg,640,640,1,REAL,TRAIN_ONLY,license_plate,reject_plate_or_ocr_crop
kaggle_plate_license_recognition,ffe27ebea6866a6f_jpg,train,ffe27ebea6866a6f_jpg.rf.0e0cff439e7b228e80051e81f2e5bba7.jpg,AI/PlateDetector/datasets/raw/kaggle_plate_license_recognition/train/ffe27ebea6866a6f_jpg.rf.0e0cff439e7b228e80051e81f2e5bba7.jpg,640,640,1,REAL,TRAIN_ONLY,license_plate,reject_plate_or_ocr_crop
kaggle_plate_license_recognition,ffe27ebea6866a6f_jpg,valid,ffe27ebea6866a6f_jpg.rf.af9f80dc8820cf2febe48936c120e590.jpg,AI/PlateDetector/datasets/raw/kaggle_plate_license_recognition/valid/ffe27ebea6866a6f_jpg.rf.af9f80dc8820cf2febe48936c120e590.jpg,640,640,1,REAL,TRAIN_ONLY,license_plate,reject_plate_or_ocr_crop
kaggle_plate_license_recognition,frankrijk141_jpg,train,frankrijk141_jpg.rf.a95ae4804cac299c20e12067f57a803b.jpg,AI/PlateDetector/datasets/raw/kaggle_plate_license_recognition/train/frankrijk141_jpg.rf.a95ae4804cac299c20e12067f57a803b.jpg,640,640,1,REAL,TRAIN_ONLY,license_plate,reject_plate_or_ocr_crop
kaggle_plate_license_recognition,frankrijk241_jpg,test,frankrijk241_jpg.rf.9be7be29b20ff11a96da8ef3d01db188.jpg,AI/PlateDetector/datasets/raw/kaggle_plate_license_recognition/test/frankrijk241_jpg.rf.9be7be29b20ff11a96da8ef3d01db188.jpg,640,640,1,REAL,TRAIN_ONLY,license_plate,reject_plate_or_ocr_crop
kaggle_plate_license_recognition,frankrijk246_jpg,train,frankrijk246_jpg.rf.563242a001e5381658c7c89d564f2bc1.jpg,AI/PlateDetector/datasets/raw/kaggle_plate_license_recognition/train/frankrijk246_jpg.rf.563242a001e5381658c7c89d564f2bc1.jpg,640,640,1,REAL,TRAIN_ONLY,license_plate,reject_plate_or_ocr_crop
kaggle_plate_license_recognition,frankrijk267_jpg,train,frankrijk267_jpg.rf.81eee44834a643fb3aa1762c19835e0f.jpg,AI/PlateDetector/datasets/raw/kaggle_plate_license_recognition/train/frankrijk267_jpg.rf.81eee44834a643fb3aa1762c19835e0f.jpg,640,640,1,REAL,TRAIN_ONLY,license_plate,reject_plate_or_ocr_crop
kaggle_plate_license_recognition,fzrk0kvbsnka1_jpg,train,fzrk0kvbsnka1_jpg.rf.29f82cdfdbbdee8bc7e37bf3ae514c2f.jpg,AI/PlateDetector/datasets/raw/kaggle_plate_license_recognition/train/fzrk0kvbsnka1_jpg.rf.29f82cdfdbbdee8bc7e37bf3ae514c2f.jpg,640,640,1,REAL,TRAIN_ONLY,license_plate,reject_plate_or_ocr_crop
kaggle_plate_license_recognition,fzrk0kvbsnka1_jpg,train,fzrk0kvbsnka1_jpg.rf.4ac9070368b0df66fd2d128564b28671.jpg,AI/PlateDetector/datasets/raw/kaggle_plate_license_recognition/train/fzrk0kvbsnka1_jpg.rf.4ac9070368b0df66fd2d128564b28671.jpg,640,640,1,REAL,TRAIN_ONLY,license_plate,reject_plate_or_ocr_crop
kaggle_plate_license_recognition,g1p35c8s49na1_jpg,train,g1p35c8s49na1_jpg.rf.3582f6328b0b1f0094987031c5100b82.jpg,AI/PlateDetector/datasets/raw/kaggle_plate_license_recognition/train/g1p35c8s49na1_jpg.rf.3582f6328b0b1f0094987031c5100b82.jpg,640,640,1,REAL,TRAIN_ONLY,license_plate,accepted_training_positive
kaggle_plate_license_recognition,g1p35c8s49na1_jpg,train,g1p35c8s49na1_jpg.rf.84cf9f9b23542b56f90811d4f55703a3.jpg,AI/PlateDetector/datasets/raw/kaggle_plate_license_recognition/train/g1p35c8s49na1_jpg.rf.84cf9f9b23542b56f90811d4f55703a3.jpg,640,640,1,REAL,TRAIN_ONLY,license_plate,accepted_training_positive
kaggle_plate_license_recognition,g1p35c8s49na1_jpg,train,g1p35c8s49na1_jpg.rf.b47174b132c9bfdb5bb4080ae645168a.jpg,AI/PlateDetector/datasets/raw/kaggle_plate_license_recognition/train/g1p35c8s49na1_jpg.rf.b47174b132c9bfdb5bb4080ae645168a.jpg,640,640,1,REAL,TRAIN_ONLY,license_plate,accepted_training_positive
kaggle_plate_license_recognition,g1p35c8s49na1_jpg,train,g1p35c8s49na1_jpg.rf.b7a83761a2d0e042067031b734e8d753.jpg,AI/PlateDetector/datasets/raw/kaggle_plate_license_recognition/train/g1p35c8s49na1_jpg.rf.b7a83761a2d0e042067031b734e8d753.jpg,640,640,1,REAL,TRAIN_ONLY,license_plate,accepted_training_positive
kaggle_plate_license_recognition,g2akvzd3sfha1_jpg,train,g2akvzd3sfha1_jpg.rf.484b120d99e744f4a8e03fb4dfd21469.jpg,AI/PlateDetector/datasets/raw/kaggle_plate_license_recognition/train/g2akvzd3sfha1_jpg.rf.484b120d99e744f4a8e03fb4dfd21469.jpg,640,640,4,REAL,TRAIN_ONLY,license_plate,reject_mosaic_collage
kaggle_plate_license_recognition,guq17cvhblna1_jpg,train,guq17cvhblna1_jpg.rf.0544a3d388222997b0e1cd1531e90b2d.jpg,AI/PlateDetector/datasets/raw/kaggle_plate_license_recognition/train/guq17cvhblna1_jpg.rf.0544a3d388222997b0e1cd1531e90b2d.jpg,640,640,1,REAL,TRAIN_ONLY,license_plate,accepted_training_positive
kaggle_plate_license_recognition,guq17cvhblna1_jpg,valid,guq17cvhblna1_jpg.rf.1589f65c5dc7fcd0bb7f9a3d99ff3560.jpg,AI/PlateDetector/datasets/raw/kaggle_plate_license_recognition/valid/guq17cvhblna1_jpg.rf.1589f65c5dc7fcd0bb7f9a3d99ff3560.jpg,640,640,1,REAL,TRAIN_ONLY,license_plate,accepted_training_positive
kaggle_plate_license_recognition,guzikg5m27ka1_jpg,valid,guzikg5m27ka1_jpg.rf.7359876c024d2ee7afb01d22629176e2.jpg,AI/PlateDetector/datasets/raw/kaggle_plate_license_recognition/valid/guzikg5m27ka1_jpg.rf.7359876c024d2ee7afb01d22629176e2.jpg,640,640,1,REAL,TRAIN_ONLY,license_plate,reject_plate_or_ocr_crop
kaggle_plate_license_recognition,h6mbhkcjrhca1_jpg,train,h6mbhkcjrhca1_jpg.rf.516aacf37a67536669a3e5a66c59529f.jpg,AI/PlateDetector/datasets/raw/kaggle_plate_license_recognition/train/h6mbhkcjrhca1_jpg.rf.516aacf37a67536669a3e5a66c59529f.jpg,640,640,1,REAL,TRAIN_ONLY,license_plate,accepted_training_positive
kaggle_plate_license_recognition,heb17ecppoma1_jpg,train,heb17ecppoma1_jpg.rf.35464cd704697402b10a11918fed4351.jpg,AI/PlateDetector/datasets/raw/kaggle_plate_license_recognition/train/heb17ecppoma1_jpg.rf.35464cd704697402b10a11918fed4351.jpg,640,640,1,REAL,TRAIN_ONLY,license_plate,accepted_training_positive
kaggle_plate_license_recognition,heb17ecppoma1_jpg,valid,heb17ecppoma1_jpg.rf.a39da89d6238f669e34c2b0e0124a3c2.jpg,AI/PlateDetector/datasets/raw/kaggle_plate_license_recognition/valid/heb17ecppoma1_jpg.rf.a39da89d6238f669e34c2b0e0124a3c2.jpg,640,640,4,REAL,TRAIN_ONLY,license_plate,reject_mosaic_collage
kaggle_plate_license_recognition,heb17ecppoma1_jpg,train,heb17ecppoma1_jpg.rf.c0a7f4b8d523d436e16627a4c58519f8.jpg,AI/PlateDetector/datasets/raw/kaggle_plate_license_recognition/train/heb17ecppoma1_jpg.rf.c0a7f4b8d523d436e16627a4c58519f8.jpg,640,640,3,REAL,TRAIN_ONLY,license_plate,reject_mosaic_collage
kaggle_plate_license_recognition,hoj7wt6bkxea1_jpg,test,hoj7wt6bkxea1_jpg.rf.35fddc5b67788f3794811a5c4f288d34.jpg,AI/PlateDetector/datasets/raw/kaggle_plate_license_recognition/test/hoj7wt6bkxea1_jpg.rf.35fddc5b67788f3794811a5c4f288d34.jpg,640,640,1,REAL,TRAIN_ONLY,license_plate,accepted_training_positive
kaggle_plate_license_recognition,hoj7wt6bkxea1_jpg,train,hoj7wt6bkxea1_jpg.rf.7cab875fa348def1d3c5580ab12218ad.jpg,AI/PlateDetector/datasets/raw/kaggle_plate_license_recognition/train/hoj7wt6bkxea1_jpg.rf.7cab875fa348def1d3c5580ab12218ad.jpg,640,640,1,REAL,TRAIN_ONLY,license_plate,accepted_training_positive
kaggle_plate_license_recognition,hoj7wt6bkxea1_jpg,valid,hoj7wt6bkxea1_jpg.rf.d9a3434ad2a2e2c1aabd1bd174842c57.jpg,AI/PlateDetector/datasets/raw/kaggle_plate_license_recognition/valid/hoj7wt6bkxea1_jpg.rf.d9a3434ad2a2e2c1aabd1bd174842c57.jpg,640,640,1,REAL,TRAIN_ONLY,license_plate,accepted_training_positive
kaggle_plate_license_recognition,hongarije30_jpg,train,hongarije30_jpg.rf.0f9ace076308e49c8847a07078fedb6c.jpg,AI/PlateDetector/datasets/raw/kaggle_plate_license_recognition/train/hongarije30_jpg.rf.0f9ace076308e49c8847a07078fedb6c.jpg,640,640,1,REAL,TRAIN_ONLY,license_plate,reject_plate_or_ocr_crop
kaggle_plate_license_recognition,hongarije30_jpg,train,hongarije30_jpg.rf.e4948c2d2a2be6073586941e24edc55e.jpg,AI/PlateDetector/datasets/raw/kaggle_plate_license_recognition/train/hongarije30_jpg.rf.e4948c2d2a2be6073586941e24edc55e.jpg,640,640,1,REAL,TRAIN_ONLY,license_plate,reject_plate_or_ocr_crop
kaggle_plate_license_recognition,hpyu1i6ky8fa1_jpg,test,hpyu1i6ky8fa1_jpg.rf.30c8da35e4f1b71a7d01b6f7db1dd43e.jpg,AI/PlateDetector/datasets/raw/kaggle_plate_license_recognition/test/hpyu1i6ky8fa1_jpg.rf.30c8da35e4f1b71a7d01b6f7db1dd43e.jpg,640,640,3,REAL,TRAIN_ONLY,license_plate,reject_mosaic_collage
kaggle_plate_license_recognition,hpyu1i6ky8fa1_jpg,valid,hpyu1i6ky8fa1_jpg.rf.4e8878e9b9b28cc0499cb061867159d2.jpg,AI/PlateDetector/datasets/raw/kaggle_plate_license_recognition/valid/hpyu1i6ky8fa1_jpg.rf.4e8878e9b9b28cc0499cb061867159d2.jpg,640,640,1,REAL,TRAIN_ONLY,license_plate,accepted_training_positive
kaggle_plate_license_recognition,hpyu1i6ky8fa1_jpg,train,hpyu1i6ky8fa1_jpg.rf.7bb6d7fda064605bdfd7a491762f4af2.jpg,AI/PlateDetector/datasets/raw/kaggle_plate_license_recognition/train/hpyu1i6ky8fa1_jpg.rf.7bb6d7fda064605bdfd7a491762f4af2.jpg,640,640,1,REAL,TRAIN_ONLY,license_plate,accepted_training_positive
kaggle_plate_license_recognition,hpyu1i6ky8fa1_jpg,train,hpyu1i6ky8fa1_jpg.rf.d442f01d7a5cf6c0062f0fa0f8a65497.jpg,AI/PlateDetector/datasets/raw/kaggle_plate_license_recognition/train/hpyu1i6ky8fa1_jpg.rf.d442f01d7a5cf6c0062f0fa0f8a65497.jpg,640,640,1,REAL,TRAIN_ONLY,license_plate,accepted_training_positive
kaggle_plate_license_recognition,hpyu1i6ky8fa1_jpg,train,hpyu1i6ky8fa1_jpg.rf.f97f1cb62b95cd853564a07bf69d9e2f.jpg,AI/PlateDetector/datasets/raw/kaggle_plate_license_recognition/train/hpyu1i6ky8fa1_jpg.rf.f97f1cb62b95cd853564a07bf69d9e2f.jpg,640,640,1,REAL,TRAIN_ONLY,license_plate,accepted_training_positive
kaggle_plate_license_recognition,hto0sjzxrfja1_jpg,train,hto0sjzxrfja1_jpg.rf.98c707e87884dada7525001d2baedbaa.jpg,AI/PlateDetector/datasets/raw/kaggle_plate_license_recognition/train/hto0sjzxrfja1_jpg.rf.98c707e87884dada7525001d2baedbaa.jpg,640,640,4,REAL,TRAIN_ONLY,license_plate,reject_mosaic_collage
kaggle_plate_license_recognition,i449ytv2lmba1_jpg,train,i449ytv2lmba1_jpg.rf.0e478e714e23e18bbed6bca963b476b8.jpg,AI/PlateDetector/datasets/raw/kaggle_plate_license_recognition/train/i449ytv2lmba1_jpg.rf.0e478e714e23e18bbed6bca963b476b8.jpg,640,640,1,REAL,TRAIN_ONLY,license_plate,accepted_training_positive
kaggle_plate_license_recognition,ibwwlr57edma1_jpg,train,ibwwlr57edma1_jpg.rf.748f163e86e242ab2f739eb0023b34de.jpg,AI/PlateDetector/datasets/raw/kaggle_plate_license_recognition/train/ibwwlr57edma1_jpg.rf.748f163e86e242ab2f739eb0023b34de.jpg,640,640,1,REAL,TRAIN_ONLY,license_plate,reject_plate_or_ocr_crop
kaggle_plate_license_recognition,ibwwlr57edma1_jpg,train,ibwwlr57edma1_jpg.rf.d8fbabfc99ba8b79dec06d7759c18b69.jpg,AI/PlateDetector/datasets/raw/kaggle_plate_license_recognition/train/ibwwlr57edma1_jpg.rf.d8fbabfc99ba8b79dec06d7759c18b69.jpg,640,640,1,REAL,TRAIN_ONLY,license_plate,reject_plate_or_ocr_crop
kaggle_plate_license_recognition,image122_jpg,test,image122_jpg.rf.38c3470c27adb49af0a1a94458cb6a6d.jpg,AI/PlateDetector/datasets/raw/kaggle_plate_license_recognition/test/image122_jpg.rf.38c3470c27adb49af0a1a94458cb6a6d.jpg,640,640,1,REAL,TRAIN_ONLY,license_plate,reject_plate_or_ocr_crop
kaggle_plate_license_recognition,image32_jpeg_jpg,train,image32_jpeg_jpg.rf.ab173111e9e0a1a1e87beca142ac7f67.jpg,AI/PlateDetector/datasets/raw/kaggle_plate_license_recognition/train/image32_jpeg_jpg.rf.ab173111e9e0a1a1e87beca142ac7f67.jpg,640,640,2,REAL,TRAIN_ONLY,license_plate,reject_plate_or_ocr_crop
kaggle_plate_license_recognition,images104_jpg,valid,images104_jpg.rf.c4e76ce70935b57d99cd7e88481a75bf.jpg,AI/PlateDetector/datasets/raw/kaggle_plate_license_recognition/valid/images104_jpg.rf.c4e76ce70935b57d99cd7e88481a75bf.jpg,640,640,1,REAL,TRAIN_ONLY,license_plate,reject_plate_or_ocr_crop
kaggle_plate_license_recognition,images109_jpg,valid,images109_jpg.rf.593fe7c57cfea450eb06f7bd5faf301f.jpg,AI/PlateDetector/datasets/raw/kaggle_plate_license_recognition/valid/images109_jpg.rf.593fe7c57cfea450eb06f7bd5faf301f.jpg,640,640,1,REAL,TRAIN_ONLY,license_plate,reject_plate_or_ocr_crop
kaggle_plate_license_recognition,images10_jpg,valid,images10_jpg.rf.a26aade8becd92f9cb72bf645a1dc500.jpg,AI/PlateDetector/datasets/raw/kaggle_plate_license_recognition/valid/images10_jpg.rf.a26aade8becd92f9cb72bf645a1dc500.jpg,640,640,1,REAL,TRAIN_ONLY,license_plate,reject_plate_or_ocr_crop
kaggle_plate_license_recognition,images10_jpg,train,images10_jpg.rf.be33083228bf267ef5ae4720db5d4f02.jpg,AI/PlateDetector/datasets/raw/kaggle_plate_license_recognition/train/images10_jpg.rf.be33083228bf267ef5ae4720db5d4f02.jpg,640,640,1,REAL,TRAIN_ONLY,license_plate,reject_plate_or_ocr_crop
kaggle_plate_license_recognition,images145_jpg,train,images145_jpg.rf.e47b5f7d70b974ca1d88f40d006c24e4.jpg,AI/PlateDetector/datasets/raw/kaggle_plate_license_recognition/train/images145_jpg.rf.e47b5f7d70b974ca1d88f40d006c24e4.jpg,640,640,1,REAL,TRAIN_ONLY,license_plate,reject_plate_or_ocr_crop
kaggle_plate_license_recognition,images148_jpg,train,images148_jpg.rf.0ab177819f3afa2141d492554ab5ef26.jpg,AI/PlateDetector/datasets/raw/kaggle_plate_license_recognition/train/images148_jpg.rf.0ab177819f3afa2141d492554ab5ef26.jpg,640,640,1,REAL,TRAIN_ONLY,license_plate,reject_plate_or_ocr_crop
kaggle_plate_license_recognition,images148_jpg,train,images148_jpg.rf.321113ba254c9d9d8db714d5d637ca24.jpg,AI/PlateDetector/datasets/raw/kaggle_plate_license_recognition/train/images148_jpg.rf.321113ba254c9d9d8db714d5d637ca24.jpg,640,640,1,REAL,TRAIN_ONLY,license_plate,reject_plate_or_ocr_crop
kaggle_plate_license_recognition,images170-2-_jpg,train,images170-2-_jpg.rf.2569cf766e60f64cf99df868be804734.jpg,AI/PlateDetector/datasets/raw/kaggle_plate_license_recognition/train/images170-2-_jpg.rf.2569cf766e60f64cf99df868be804734.jpg,640,640,1,REAL,TRAIN_ONLY,license_plate,reject_plate_or_ocr_crop
kaggle_plate_license_recognition,images179-2-_jpg,train,images179-2-_jpg.rf.46f1aa42267f11a92a03a26e2a5172a6.jpg,AI/PlateDetector/datasets/raw/kaggle_plate_license_recognition/train/images179-2-_jpg.rf.46f1aa42267f11a92a03a26e2a5172a6.jpg,640,640,1,REAL,TRAIN_ONLY,license_plate,reject_plate_or_ocr_crop
kaggle_plate_license_recognition,images179-2-_jpg,train,images179-2-_jpg.rf.e9e7f14f90c3b89bea3cdea8d4e2a57f.jpg,AI/PlateDetector/datasets/raw/kaggle_plate_license_recognition/train/images179-2-_jpg.rf.e9e7f14f90c3b89bea3cdea8d4e2a57f.jpg,640,640,1,REAL,TRAIN_ONLY,license_plate,reject_plate_or_ocr_crop
kaggle_plate_license_recognition,images193_jpg,train,images193_jpg.rf.b7f3145f25c9e9ba79b36261992c85d8.jpg,AI/PlateDetector/datasets/raw/kaggle_plate_license_recognition/train/images193_jpg.rf.b7f3145f25c9e9ba79b36261992c85d8.jpg,640,640,1,REAL,TRAIN_ONLY,license_plate,reject_plate_or_ocr_crop
kaggle_plate_license_recognition,images34_jpg,train,images34_jpg.rf.5b1360e1d55411a90f540172a58830fc.jpg,AI/PlateDetector/datasets/raw/kaggle_plate_license_recognition/train/images34_jpg.rf.5b1360e1d55411a90f540172a58830fc.jpg,640,640,1,REAL,TRAIN_ONLY,license_plate,reject_plate_or_ocr_crop
kaggle_plate_license_recognition,images34_jpg,test,images34_jpg.rf.9b18dbc8b1f761ad006f3fde1938c48d.jpg,AI/PlateDetector/datasets/raw/kaggle_plate_license_recognition/test/images34_jpg.rf.9b18dbc8b1f761ad006f3fde1938c48d.jpg,640,640,1,REAL,TRAIN_ONLY,license_plate,reject_plate_or_ocr_crop
kaggle_plate_license_recognition,images49_jpg,train,images49_jpg.rf.b600b67bb98a43b56d02801075510bd7.jpg,AI/PlateDetector/datasets/raw/kaggle_plate_license_recognition/train/images49_jpg.rf.b600b67bb98a43b56d02801075510bd7.jpg,640,640,1,REAL,TRAIN_ONLY,license_plate,reject_plate_or_ocr_crop
kaggle_plate_license_recognition,images52_jpg,train,images52_jpg.rf.d7f04a99f6686f717f9648597e2a47b8.jpg,AI/PlateDetector/datasets/raw/kaggle_plate_license_recognition/train/images52_jpg.rf.d7f04a99f6686f717f9648597e2a47b8.jpg,640,640,1,REAL,TRAIN_ONLY,license_plate,reject_plate_or_ocr_crop
kaggle_plate_license_recognition,images55_jpg,train,images55_jpg.rf.a32f9659fcd4d61539fef3991ec6502c.jpg,AI/PlateDetector/datasets/raw/kaggle_plate_license_recognition/train/images55_jpg.rf.a32f9659fcd4d61539fef3991ec6502c.jpg,640,640,1,REAL,TRAIN_ONLY,license_plate,reject_plate_or_ocr_crop
kaggle_plate_license_recognition,images56_jpg,valid,images56_jpg.rf.e49331145a85c70d1ab1eaf80c07c42e.jpg,AI/PlateDetector/datasets/raw/kaggle_plate_license_recognition/valid/images56_jpg.rf.e49331145a85c70d1ab1eaf80c07c42e.jpg,640,640,1,REAL,TRAIN_ONLY,license_plate,reject_plate_or_ocr_crop
kaggle_plate_license_recognition,ithewb2rbxfa1_jpg,train,ithewb2rbxfa1_jpg.rf.6d801ed999de4869003a2f8672d1daf4.jpg,AI/PlateDetector/datasets/raw/kaggle_plate_license_recognition/train/ithewb2rbxfa1_jpg.rf.6d801ed999de4869003a2f8672d1daf4.jpg,640,640,3,REAL,TRAIN_ONLY,license_plate,reject_mosaic_collage
kaggle_plate_license_recognition,ithewb2rbxfa1_jpg,train,ithewb2rbxfa1_jpg.rf.d71ce9b1e870c7a73c286e3b0ae74c72.jpg,AI/PlateDetector/datasets/raw/kaggle_plate_license_recognition/train/ithewb2rbxfa1_jpg.rf.d71ce9b1e870c7a73c286e3b0ae74c72.jpg,640,640,1,REAL,TRAIN_ONLY,license_plate,accepted_training_positive
kaggle_plate_license_recognition,j-l-bort-2-1-1537x1024-x360932_jpg,train,j-l-bort-2-1-1537x1024-x360932_jpg.rf.391b9805e8c3b9bb685ab1e54b7387fe.jpg,AI/PlateDetector/datasets/raw/kaggle_plate_license_recognition/train/j-l-bort-2-1-1537x1024-x360932_jpg.rf.391b9805e8c3b9bb685ab1e54b7387fe.jpg,640,640,1,REAL,TRAIN_ONLY,license_plate,reject_plate_or_ocr_crop
kaggle_plate_license_recognition,jZwxHv3L5WzAWzQNFENl5yU3rSDx1fZozL7bfoV36j8_jpg,train,jZwxHv3L5WzAWzQNFENl5yU3rSDx1fZozL7bfoV36j8_jpg.rf.3303f4d09c37ba4687b21efeddc3627f.jpg,AI/PlateDetector/datasets/raw/kaggle_plate_license_recognition/train/jZwxHv3L5WzAWzQNFENl5yU3rSDx1fZozL7bfoV36j8_jpg.rf.3303f4d09c37ba4687b21efeddc3627f.jpg,640,640,1,REAL,TRAIN_ONLY,license_plate,accepted_training_positive
kaggle_plate_license_recognition,jZwxHv3L5WzAWzQNFENl5yU3rSDx1fZozL7bfoV36j8_jpg,train,jZwxHv3L5WzAWzQNFENl5yU3rSDx1fZozL7bfoV36j8_jpg.rf.fd527c75cc657697f62ee4b313ea8d6c.jpg,AI/PlateDetector/datasets/raw/kaggle_plate_license_recognition/train/jZwxHv3L5WzAWzQNFENl5yU3rSDx1fZozL7bfoV36j8_jpg.rf.fd527c75cc657697f62ee4b313ea8d6c.jpg,640,640,1,REAL,TRAIN_ONLY,license_plate,accepted_training_positive
kaggle_plate_license_recognition,jaqria5uy7ha1_jpg,valid,jaqria5uy7ha1_jpg.rf.779ea8f5ece8cca3ca9391040970c812.jpg,AI/PlateDetector/datasets/raw/kaggle_plate_license_recognition/valid/jaqria5uy7ha1_jpg.rf.779ea8f5ece8cca3ca9391040970c812.jpg,640,640,1,REAL,TRAIN_ONLY,license_plate,accepted_training_positive
kaggle_plate_license_recognition,jdgdp12a7qea1_jpg,test,jdgdp12a7qea1_jpg.rf.1eb3eb530ebc7a8f355b3b744177c411.jpg,AI/PlateDetector/datasets/raw/kaggle_plate_license_recognition/test/jdgdp12a7qea1_jpg.rf.1eb3eb530ebc7a8f355b3b744177c411.jpg,640,640,1,REAL,TRAIN_ONLY,license_plate,accepted_training_positive
kaggle_plate_license_recognition,jdgdp12a7qea1_jpg,valid,jdgdp12a7qea1_jpg.rf.a623f4547fe7fffb37fe339ad42f9f6c.jpg,AI/PlateDetector/datasets/raw/kaggle_plate_license_recognition/valid/jdgdp12a7qea1_jpg.rf.a623f4547fe7fffb37fe339ad42f9f6c.jpg,640,640,1,REAL,TRAIN_ONLY,license_plate,accepted_training_positive
kaggle_plate_license_recognition,jl6z20g2lpea1_jpg,train,jl6z20g2lpea1_jpg.rf.8f0a5f2554411e587a3c059f05dd80c1.jpg,AI/PlateDetector/datasets/raw/kaggle_plate_license_recognition/train/jl6z20g2lpea1_jpg.rf.8f0a5f2554411e587a3c059f05dd80c1.jpg,640,640,1,REAL,TRAIN_ONLY,license_plate,accepted_training_positive
kaggle_plate_license_recognition,jlc29sco6hga1_jpg,valid,jlc29sco6hga1_jpg.rf.3225c110cc4a54103dd2224174313696.jpg,AI/PlateDetector/datasets/raw/kaggle_plate_license_recognition/valid/jlc29sco6hga1_jpg.rf.3225c110cc4a54103dd2224174313696.jpg,640,640,1,REAL,TRAIN_ONLY,license_plate,accepted_training_positive
kaggle_plate_license_recognition,jlc29sco6hga1_jpg,train,jlc29sco6hga1_jpg.rf.8aa15b3f30b89f4b00fc33d7938dbb29.jpg,AI/PlateDetector/datasets/raw/kaggle_plate_license_recognition/train/jlc29sco6hga1_jpg.rf.8aa15b3f30b89f4b00fc33d7938dbb29.jpg,640,640,1,REAL,TRAIN_ONLY,license_plate,accepted_training_positive
kaggle_plate_license_recognition,jlc29sco6hga1_jpg,train,jlc29sco6hga1_jpg.rf.ba353d6c7da121175c1fb619409f7b5b.jpg,AI/PlateDetector/datasets/raw/kaggle_plate_license_recognition/train/jlc29sco6hga1_jpg.rf.ba353d6c7da121175c1fb619409f7b5b.jpg,640,640,1,REAL,TRAIN_ONLY,license_plate,accepted_training_positive
kaggle_plate_license_recognition,jpqfy8q88ida1_jpg,train,jpqfy8q88ida1_jpg.rf.ee13e434d4a32602b3fca185c2a0bcbd.jpg,AI/PlateDetector/datasets/raw/kaggle_plate_license_recognition/train/jpqfy8q88ida1_jpg.rf.ee13e434d4a32602b3fca185c2a0bcbd.jpg,640,640,1,REAL,TRAIN_ONLY,license_plate,accepted_training_positive
kaggle_plate_license_recognition,jxtpts0yzaea1_jpg,valid,jxtpts0yzaea1_jpg.rf.650388a095bef3b4af44fb5c6a5900e1.jpg,AI/PlateDetector/datasets/raw/kaggle_plate_license_recognition/valid/jxtpts0yzaea1_jpg.rf.650388a095bef3b4af44fb5c6a5900e1.jpg,640,640,1,REAL,TRAIN_ONLY,license_plate,accepted_training_positive
kaggle_plate_license_recognition,jxtpts0yzaea1_jpg,train,jxtpts0yzaea1_jpg.rf.a099eb04ccc8054b7f4ebac13be78fb1.jpg,AI/PlateDetector/datasets/raw/kaggle_plate_license_recognition/train/jxtpts0yzaea1_jpg.rf.a099eb04ccc8054b7f4ebac13be78fb1.jpg,640,640,1,REAL,TRAIN_ONLY,license_plate,accepted_training_positive
kaggle_plate_license_recognition,jxtpts0yzaea1_jpg,test,jxtpts0yzaea1_jpg.rf.aaa9bb59686be36792d999704717a1b7.jpg,AI/PlateDetector/datasets/raw/kaggle_plate_license_recognition/test/jxtpts0yzaea1_jpg.rf.aaa9bb59686be36792d999704717a1b7.jpg,640,640,2,REAL,TRAIN_ONLY,license_plate,reject_mosaic_collage
kaggle_plate_license_recognition,k1g3b7tc8vna1_jpg,test,k1g3b7tc8vna1_jpg.rf.213ed35b09d886b28e253da0a9265125.jpg,AI/PlateDetector/datasets/raw/kaggle_plate_license_recognition/test/k1g3b7tc8vna1_jpg.rf.213ed35b09d886b28e253da0a9265125.jpg,640,640,1,REAL,TRAIN_ONLY,license_plate,accepted_training_positive
kaggle_plate_license_recognition,k1g3b7tc8vna1_jpg,train,k1g3b7tc8vna1_jpg.rf.4e5afe2f02efa1bc4ef90d494542487a.jpg,AI/PlateDetector/datasets/raw/kaggle_plate_license_recognition/train/k1g3b7tc8vna1_jpg.rf.4e5afe2f02efa1bc4ef90d494542487a.jpg,640,640,3,REAL,TRAIN_ONLY,license_plate,reject_mosaic_collage
kaggle_plate_license_recognition,kcw17lituuma1_jpg,valid,kcw17lituuma1_jpg.rf.ed55a8e427027f8acf55d35c4832bde3.jpg,AI/PlateDetector/datasets/raw/kaggle_plate_license_recognition/valid/kcw17lituuma1_jpg.rf.ed55a8e427027f8acf55d35c4832bde3.jpg,640,640,1,REAL,TRAIN_ONLY,license_plate,accepted_training_positive
kaggle_plate_license_recognition,kd0p3zis3hha1_jpg,valid,kd0p3zis3hha1_jpg.rf.7adaa675dc935c1bcd639d47d9dbdbbc.jpg,AI/PlateDetector/datasets/raw/kaggle_plate_license_recognition/valid/kd0p3zis3hha1_jpg.rf.7adaa675dc935c1bcd639d47d9dbdbbc.jpg,640,640,1,REAL,TRAIN_ONLY,license_plate,accepted_training_positive
kaggle_plate_license_recognition,kd0p3zis3hha1_jpg,valid,kd0p3zis3hha1_jpg.rf.92c250affc2ae9c0eb0c1313b0fc8fb4.jpg,AI/PlateDetector/datasets/raw/kaggle_plate_license_recognition/valid/kd0p3zis3hha1_jpg.rf.92c250affc2ae9c0eb0c1313b0fc8fb4.jpg,640,640,1,REAL,TRAIN_ONLY,license_plate,accepted_training_positive
kaggle_plate_license_recognition,kd0p3zis3hha1_jpg,valid,kd0p3zis3hha1_jpg.rf.bb3f99dab938a5567afa050113aba20f.jpg,AI/PlateDetector/datasets/raw/kaggle_plate_license_recognition/valid/kd0p3zis3hha1_jpg.rf.bb3f99dab938a5567afa050113aba20f.jpg,640,640,1,REAL,TRAIN_ONLY,license_plate,accepted_training_positive
kaggle_plate_license_recognition,kf5d31el7xda1_jpg,train,kf5d31el7xda1_jpg.rf.b5f856fc8d35b409a7c19753e40f4128.jpg,AI/PlateDetector/datasets/raw/kaggle_plate_license_recognition/train/kf5d31el7xda1_jpg.rf.b5f856fc8d35b409a7c19753e40f4128.jpg,640,640,1,REAL,TRAIN_ONLY,license_plate,accepted_training_positive
kaggle_plate_license_recognition,koilrpdqsmma1_jpg,train,koilrpdqsmma1_jpg.rf.1370fe4180ed7052973758cf3ceeb4ab.jpg,AI/PlateDetector/datasets/raw/kaggle_plate_license_recognition/train/koilrpdqsmma1_jpg.rf.1370fe4180ed7052973758cf3ceeb4ab.jpg,640,640,1,REAL,TRAIN_ONLY,license_plate,accepted_training_positive
kaggle_plate_license_recognition,koilrpdqsmma1_jpg,test,koilrpdqsmma1_jpg.rf.54aa8dc386b82124572afd135a3ee42a.jpg,AI/PlateDetector/datasets/raw/kaggle_plate_license_recognition/test/koilrpdqsmma1_jpg.rf.54aa8dc386b82124572afd135a3ee42a.jpg,640,640,1,REAL,TRAIN_ONLY,license_plate,accepted_training_positive
kaggle_plate_license_recognition,koilrpdqsmma1_jpg,train,koilrpdqsmma1_jpg.rf.6650c25be351699de733d7cca5d8873e.jpg,AI/PlateDetector/datasets/raw/kaggle_plate_license_recognition/train/koilrpdqsmma1_jpg.rf.6650c25be351699de733d7cca5d8873e.jpg,640,640,1,REAL,TRAIN_ONLY,license_plate,accepted_training_positive
kaggle_plate_license_recognition,ku4285099oga1_jpg,valid,ku4285099oga1_jpg.rf.a6e6a424a5a3912cc445d5e7f6925e2c.jpg,AI/PlateDetector/datasets/raw/kaggle_plate_license_recognition/valid/ku4285099oga1_jpg.rf.a6e6a424a5a3912cc445d5e7f6925e2c.jpg,640,640,1,REAL,TRAIN_ONLY,license_plate,accepted_training_positive
kaggle_plate_license_recognition,l1b2tl4iz2aa1_jpg,train,l1b2tl4iz2aa1_jpg.rf.aa8d1622ad555cbec9f4fef9b12daab0.jpg,AI/PlateDetector/datasets/raw/kaggle_plate_license_recognition/train/l1b2tl4iz2aa1_jpg.rf.aa8d1622ad555cbec9f4fef9b12daab0.jpg,640,640,1,REAL,TRAIN_ONLY,license_plate,accepted_training_positive
kaggle_plate_license_recognition,l1b2tl4iz2aa1_jpg,train,l1b2tl4iz2aa1_jpg.rf.f61a1d3f206c2438fea92d838d4e4125.jpg,AI/PlateDetector/datasets/raw/kaggle_plate_license_recognition/train/l1b2tl4iz2aa1_jpg.rf.f61a1d3f206c2438fea92d838d4e4125.jpg,640,640,1,REAL,TRAIN_ONLY,license_plate,accepted_training_positive
kaggle_plate_license_recognition,l46u2r529hda1_jpg,train,l46u2r529hda1_jpg.rf.972d09d8d55568b4bec14906a50b8b89.jpg,AI/PlateDetector/datasets/raw/kaggle_plate_license_recognition/train/l46u2r529hda1_jpg.rf.972d09d8d55568b4bec14906a50b8b89.jpg,640,640,4,REAL,TRAIN_ONLY,license_plate,reject_mosaic_collage
kaggle_plate_license_recognition,l8uqlisis0fa1_jpg,train,l8uqlisis0fa1_jpg.rf.04c1b6728a3df362f0883dde2244c2ac.jpg,AI/PlateDetector/datasets/raw/kaggle_plate_license_recognition/train/l8uqlisis0fa1_jpg.rf.04c1b6728a3df362f0883dde2244c2ac.jpg,640,640,1,REAL,TRAIN_ONLY,license_plate,accepted_training_positive
kaggle_plate_license_recognition,l8uqlisis0fa1_jpg,train,l8uqlisis0fa1_jpg.rf.b744b81261eb5300d1c94772e8c076cd.jpg,AI/PlateDetector/datasets/raw/kaggle_plate_license_recognition/train/l8uqlisis0fa1_jpg.rf.b744b81261eb5300d1c94772e8c076cd.jpg,640,640,1,REAL,TRAIN_ONLY,license_plate,accepted_training_positive
kaggle_plate_license_recognition,lemvtfhtxtoa1_jpg,train,lemvtfhtxtoa1_jpg.rf.615a4887d2c0b2099470cc962daa20ab.jpg,AI/PlateDetector/datasets/raw/kaggle_plate_license_recognition/train/lemvtfhtxtoa1_jpg.rf.615a4887d2c0b2099470cc962daa20ab.jpg,640,640,1,REAL,TRAIN_ONLY,license_plate,reject_mosaic_collage
kaggle_plate_license_recognition,lemvtfhtxtoa1_jpg,train,lemvtfhtxtoa1_jpg.rf.b3d8319a7bebabec0d1d27a8bf86f432.jpg,AI/PlateDetector/datasets/raw/kaggle_plate_license_recognition/train/lemvtfhtxtoa1_jpg.rf.b3d8319a7bebabec0d1d27a8bf86f432.jpg,640,640,1,REAL,TRAIN_ONLY,license_plate,accepted_training_positive
kaggle_plate_license_recognition,lemvtfhtxtoa1_jpg,valid,lemvtfhtxtoa1_jpg.rf.bc8b3097172b98d15756775089f33436.jpg,AI/PlateDetector/datasets/raw/kaggle_plate_license_recognition/valid/lemvtfhtxtoa1_jpg.rf.bc8b3097172b98d15756775089f33436.jpg,640,640,2,REAL,TRAIN_ONLY,license_plate,reject_mosaic_collage
kaggle_plate_license_recognition,lemvtfhtxtoa1_jpg,train,lemvtfhtxtoa1_jpg.rf.c2db617b154b57f4eccca4eff26f037e.jpg,AI/PlateDetector/datasets/raw/kaggle_plate_license_recognition/train/lemvtfhtxtoa1_jpg.rf.c2db617b154b57f4eccca4eff26f037e.jpg,640,640,1,REAL,TRAIN_ONLY,license_plate,accepted_training_positive
kaggle_plate_license_recognition,lnlti0pl1nla1_jpg,train,lnlti0pl1nla1_jpg.rf.a1d1a75594c213baa3dc50f81ab81e2b.jpg,AI/PlateDetector/datasets/raw/kaggle_plate_license_recognition/train/lnlti0pl1nla1_jpg.rf.a1d1a75594c213baa3dc50f81ab81e2b.jpg,640,640,1,REAL,TRAIN_ONLY,license_plate,accepted_training_positive
kaggle_plate_license_recognition,lsibmb1um6ea1_jpg,train,lsibmb1um6ea1_jpg.rf.a78747eedc3cda934f7f47cbfdede4d3.jpg,AI/PlateDetector/datasets/raw/kaggle_plate_license_recognition/train/lsibmb1um6ea1_jpg.rf.a78747eedc3cda934f7f47cbfdede4d3.jpg,640,640,1,REAL,TRAIN_ONLY,license_plate,accepted_training_positive
kaggle_plate_license_recognition,luaw2gghbr9a1_jpg,test,luaw2gghbr9a1_jpg.rf.3e58d4b0fa0136cf24000630bd4b22e5.jpg,AI/PlateDetector/datasets/raw/kaggle_plate_license_recognition/test/luaw2gghbr9a1_jpg.rf.3e58d4b0fa0136cf24000630bd4b22e5.jpg,640,640,4,REAL,TRAIN_ONLY,license_plate,reject_mosaic_collage
kaggle_plate_license_recognition,luaw2gghbr9a1_jpg,train,luaw2gghbr9a1_jpg.rf.85dc053cc967eca5353299f5ed0552ae.jpg,AI/PlateDetector/datasets/raw/kaggle_plate_license_recognition/train/luaw2gghbr9a1_jpg.rf.85dc053cc967eca5353299f5ed0552ae.jpg,640,640,1,REAL,TRAIN_ONLY,license_plate,accepted_training_positive
kaggle_plate_license_recognition,lylggeo8y9da1_jpg,train,lylggeo8y9da1_jpg.rf.9e4c66152215308962b1f5a9d168db51.jpg,AI/PlateDetector/datasets/raw/kaggle_plate_license_recognition/train/lylggeo8y9da1_jpg.rf.9e4c66152215308962b1f5a9d168db51.jpg,640,640,1,REAL,TRAIN_ONLY,license_plate,accepted_training_positive
kaggle_plate_license_recognition,m2knm1yzssoa1_jpg,train,m2knm1yzssoa1_jpg.rf.610cc55027b33883845f732e27ff9c16.jpg,AI/PlateDetector/datasets/raw/kaggle_plate_license_recognition/train/m2knm1yzssoa1_jpg.rf.610cc55027b33883845f732e27ff9c16.jpg,640,640,1,REAL,TRAIN_ONLY,license_plate,accepted_training_positive
kaggle_plate_license_recognition,m2qjy4ekz3ga1_jpg,train,m2qjy4ekz3ga1_jpg.rf.682a4644b89e046439dcc603e0346185.jpg,AI/PlateDetector/datasets/raw/kaggle_plate_license_recognition/train/m2qjy4ekz3ga1_jpg.rf.682a4644b89e046439dcc603e0346185.jpg,640,640,4,REAL,TRAIN_ONLY,license_plate,reject_mosaic_collage
kaggle_plate_license_recognition,m2qjy4ekz3ga1_jpg,train,m2qjy4ekz3ga1_jpg.rf.8591010ec54f6db15f50723dbfa247b8.jpg,AI/PlateDetector/datasets/raw/kaggle_plate_license_recognition/train/m2qjy4ekz3ga1_jpg.rf.8591010ec54f6db15f50723dbfa247b8.jpg,640,640,1,REAL,TRAIN_ONLY,license_plate,accepted_training_positive
kaggle_plate_license_recognition,m2qjy4ekz3ga1_jpg,train,m2qjy4ekz3ga1_jpg.rf.ccfb5b03d4dacda5c320007fac8c9c61.jpg,AI/PlateDetector/datasets/raw/kaggle_plate_license_recognition/train/m2qjy4ekz3ga1_jpg.rf.ccfb5b03d4dacda5c320007fac8c9c61.jpg,640,640,4,REAL,TRAIN_ONLY,license_plate,reject_mosaic_collage
kaggle_plate_license_recognition,m417sncy6eda1_jpg,valid,m417sncy6eda1_jpg.rf.bf3001aa292e45fea5f68a517bcaec83.jpg,AI/PlateDetector/datasets/raw/kaggle_plate_license_recognition/valid/m417sncy6eda1_jpg.rf.bf3001aa292e45fea5f68a517bcaec83.jpg,640,640,1,REAL,TRAIN_ONLY,license_plate,accepted_training_positive
kaggle_plate_license_recognition,matricula-azul624-klXE-U601281315897hc-624x385Diario20Sur_jpg,train,matricula-azul624-klXE-U601281315897hc-624x385Diario20Sur_jpg.rf.71b111df329eda95ec5900dd82c20712.jpg,AI/PlateDetector/datasets/raw/kaggle_plate_license_recognition/train/matricula-azul624-klXE-U601281315897hc-624x385Diario20Sur_jpg.rf.71b111df329eda95ec5900dd82c20712.jpg,640,640,1,REAL,TRAIN_ONLY,license_plate,reject_plate_or_ocr_crop
kaggle_plate_license_recognition,matricula-azul624-klXE-U601281315897hc-624x385Diario20Sur_jpg,test,matricula-azul624-klXE-U601281315897hc-624x385Diario20Sur_jpg.rf.abb93aed6831b545a42721c31b79a44d.jpg,AI/PlateDetector/datasets/raw/kaggle_plate_license_recognition/test/matricula-azul624-klXE-U601281315897hc-624x385Diario20Sur_jpg.rf.abb93aed6831b545a42721c31b79a44d.jpg,640,640,1,REAL,TRAIN_ONLY,license_plate,reject_plate_or_ocr_crop
kaggle_plate_license_recognition,matricula-azul_0_jpg,train,matricula-azul_0_jpg.rf.095bf311f3a3f0baa6ff5d79f4f3f5fc.jpg,AI/PlateDetector/datasets/raw/kaggle_plate_license_recognition/train/matricula-azul_0_jpg.rf.095bf311f3a3f0baa6ff5d79f4f3f5fc.jpg,640,640,1,REAL,TRAIN_ONLY,license_plate,reject_plate_or_ocr_crop
kaggle_plate_license_recognition,matricula-diplomatica-x36093_jpg,train,matricula-diplomatica-x36093_jpg.rf.82aae4127d28a81fe39cee8b16305a41.jpg,AI/PlateDetector/datasets/raw/kaggle_plate_license_recognition/train/matricula-diplomatica-x36093_jpg.rf.82aae4127d28a81fe39cee8b16305a41.jpg,640,640,1,REAL,TRAIN_ONLY,license_plate,reject_plate_or_ocr_crop
kaggle_plate_license_recognition,maxresdefault2_jpg,train,maxresdefault2_jpg.rf.33d03a98b56705b240f3407c2ad7f9cf.jpg,AI/PlateDetector/datasets/raw/kaggle_plate_license_recognition/train/maxresdefault2_jpg.rf.33d03a98b56705b240f3407c2ad7f9cf.jpg,640,640,1,REAL,TRAIN_ONLY,license_plate,reject_plate_or_ocr_crop
kaggle_plate_license_recognition,mfm6fz0yvela1_jpg,valid,mfm6fz0yvela1_jpg.rf.2207f5101c729a0fcda61095699ed772.jpg,AI/PlateDetector/datasets/raw/kaggle_plate_license_recognition/valid/mfm6fz0yvela1_jpg.rf.2207f5101c729a0fcda61095699ed772.jpg,640,640,1,REAL,TRAIN_ONLY,license_plate,accepted_training_positive
kaggle_plate_license_recognition,mfm6fz0yvela1_jpg,train,mfm6fz0yvela1_jpg.rf.46794db1b736c3d367d87ff69b8b9115.jpg,AI/PlateDetector/datasets/raw/kaggle_plate_license_recognition/train/mfm6fz0yvela1_jpg.rf.46794db1b736c3d367d87ff69b8b9115.jpg,640,640,2,REAL,TRAIN_ONLY,license_plate,reject_mosaic_collage
kaggle_plate_license_recognition,mfm6fz0yvela1_jpg,valid,mfm6fz0yvela1_jpg.rf.47ab873a851f19c77a3d404ba33343d9.jpg,AI/PlateDetector/datasets/raw/kaggle_plate_license_recognition/valid/mfm6fz0yvela1_jpg.rf.47ab873a851f19c77a3d404ba33343d9.jpg,640,640,1,REAL,TRAIN_ONLY,license_plate,accepted_training_positive
kaggle_plate_license_recognition,mfm6fz0yvela1_jpg,train,mfm6fz0yvela1_jpg.rf.5107e50664e2602be42a4c26920eac0e.jpg,AI/PlateDetector/datasets/raw/kaggle_plate_license_recognition/train/mfm6fz0yvela1_jpg.rf.5107e50664e2602be42a4c26920eac0e.jpg,640,640,1,REAL,TRAIN_ONLY,license_plate,accepted_training_positive
kaggle_plate_license_recognition,mtg6u7luzmga1_jpg,train,mtg6u7luzmga1_jpg.rf.15103b958a0514b335dd8d207c00e97c.jpg,AI/PlateDetector/datasets/raw/kaggle_plate_license_recognition/train/mtg6u7luzmga1_jpg.rf.15103b958a0514b335dd8d207c00e97c.jpg,640,640,1,REAL,TRAIN_ONLY,license_plate,accepted_training_positive
kaggle_plate_license_recognition,mtg6u7luzmga1_jpg,train,mtg6u7luzmga1_jpg.rf.86e254e0ca55a6cbaa8efa93091f45ff.jpg,AI/PlateDetector/datasets/raw/kaggle_plate_license_recognition/train/mtg6u7luzmga1_jpg.rf.86e254e0ca55a6cbaa8efa93091f45ff.jpg,640,640,1,REAL,TRAIN_ONLY,license_plate,accepted_training_positive
kaggle_plate_license_recognition,mukg1xrvamna1_jpg,train,mukg1xrvamna1_jpg.rf.50a5633fbf8057fab0aa549abca73424.jpg,AI/PlateDetector/datasets/raw/kaggle_plate_license_recognition/train/mukg1xrvamna1_jpg.rf.50a5633fbf8057fab0aa549abca73424.jpg,640,640,1,REAL,TRAIN_ONLY,license_plate,accepted_training_positive
kaggle_plate_license_recognition,mwdvk4c47uda1_jpg,valid,mwdvk4c47uda1_jpg.rf.e57ea9e5627d971d1e7526bc60ab65b6.jpg,AI/PlateDetector/datasets/raw/kaggle_plate_license_recognition/valid/mwdvk4c47uda1_jpg.rf.e57ea9e5627d971d1e7526bc60ab65b6.jpg,640,640,1,REAL,TRAIN_ONLY,license_plate,accepted_training_positive
kaggle_plate_license_recognition,mwhmvhum2fna1_jpg,train,mwhmvhum2fna1_jpg.rf.1796cc60d0739d16fba2fd9f41193bbd.jpg,AI/PlateDetector/datasets/raw/kaggle_plate_license_recognition/train/mwhmvhum2fna1_jpg.rf.1796cc60d0739d16fba2fd9f41193bbd.jpg,640,640,1,REAL,TRAIN_ONLY,license_plate,accepted_training_positive
kaggle_plate_license_recognition,mwhmvhum2fna1_jpg,train,mwhmvhum2fna1_jpg.rf.c524fa87bae1be96f15bc3831ed841d2.jpg,AI/PlateDetector/datasets/raw/kaggle_plate_license_recognition/train/mwhmvhum2fna1_jpg.rf.c524fa87bae1be96f15bc3831ed841d2.jpg,640,640,1,REAL,TRAIN_ONLY,license_plate,accepted_training_positive
kaggle_plate_license_recognition,mwhmvhum2fna1_jpg,train,mwhmvhum2fna1_jpg.rf.f6dc28ea20d78fa56a3a43aa4e65f51c.jpg,AI/PlateDetector/datasets/raw/kaggle_plate_license_recognition/train/mwhmvhum2fna1_jpg.rf.f6dc28ea20d78fa56a3a43aa4e65f51c.jpg,640,640,1,REAL,TRAIN_ONLY,license_plate,accepted_training_positive
kaggle_plate_license_recognition,mzrzg7i213ha1_jpg,train,mzrzg7i213ha1_jpg.rf.17e67aafc197ae182abf5f16de311210.jpg,AI/PlateDetector/datasets/raw/kaggle_plate_license_recognition/train/mzrzg7i213ha1_jpg.rf.17e67aafc197ae182abf5f16de311210.jpg,640,640,1,REAL,TRAIN_ONLY,license_plate,accepted_training_positive
kaggle_plate_license_recognition,mzrzg7i213ha1_jpg,valid,mzrzg7i213ha1_jpg.rf.92625c7ca4b798de198c2cee7502423b.jpg,AI/PlateDetector/datasets/raw/kaggle_plate_license_recognition/valid/mzrzg7i213ha1_jpg.rf.92625c7ca4b798de198c2cee7502423b.jpg,640,640,1,REAL,TRAIN_ONLY,license_plate,accepted_training_positive
kaggle_plate_license_recognition,mzrzg7i213ha1_jpg,train,mzrzg7i213ha1_jpg.rf.d0aec30a910b2c98afb6ccea38879c7e.jpg,AI/PlateDetector/datasets/raw/kaggle_plate_license_recognition/train/mzrzg7i213ha1_jpg.rf.d0aec30a910b2c98afb6ccea38879c7e.jpg,640,640,1,REAL,TRAIN_ONLY,license_plate,accepted_training_positive
kaggle_plate_license_recognition,n01pyaskozna1_jpg,valid,n01pyaskozna1_jpg.rf.59e5f0c90a172cc644d3ece05325232d.jpg,AI/PlateDetector/datasets/raw/kaggle_plate_license_recognition/valid/n01pyaskozna1_jpg.rf.59e5f0c90a172cc644d3ece05325232d.jpg,640,640,4,REAL,TRAIN_ONLY,license_plate,reject_mosaic_collage
kaggle_plate_license_recognition,n01pyaskozna1_jpg,train,n01pyaskozna1_jpg.rf.a9771635ccf6264761b77a762c63ef1e.jpg,AI/PlateDetector/datasets/raw/kaggle_plate_license_recognition/train/n01pyaskozna1_jpg.rf.a9771635ccf6264761b77a762c63ef1e.jpg,640,640,1,REAL,TRAIN_ONLY,license_plate,accepted_training_positive
kaggle_plate_license_recognition,n3wwf4c9nuga1_jpg,train,n3wwf4c9nuga1_jpg.rf.27eaeb29b573efbe9afe410efea2cedb.jpg,AI/PlateDetector/datasets/raw/kaggle_plate_license_recognition/train/n3wwf4c9nuga1_jpg.rf.27eaeb29b573efbe9afe410efea2cedb.jpg,640,640,1,REAL,TRAIN_ONLY,license_plate,accepted_training_positive
kaggle_plate_license_recognition,nederland243_jpg,train,nederland243_jpg.rf.b0ebc370ca43bcc072825d1f5d10f097.jpg,AI/PlateDetector/datasets/raw/kaggle_plate_license_recognition/train/nederland243_jpg.rf.b0ebc370ca43bcc072825d1f5d10f097.jpg,640,640,1,REAL,TRAIN_ONLY,license_plate,reject_plate_or_ocr_crop
kaggle_plate_license_recognition,nf94pwed89ma1_jpg,train,nf94pwed89ma1_jpg.rf.0e48062694f9e7b0975d6ca6d054f361.jpg,AI/PlateDetector/datasets/raw/kaggle_plate_license_recognition/train/nf94pwed89ma1_jpg.rf.0e48062694f9e7b0975d6ca6d054f361.jpg,640,640,1,REAL,TRAIN_ONLY,license_plate,accepted_training_positive
kaggle_plate_license_recognition,nksbinegm0ma1_jpg,train,nksbinegm0ma1_jpg.rf.c1d13f06136f36d8eb4cb3d7c7bd2426.jpg,AI/PlateDetector/datasets/raw/kaggle_plate_license_recognition/train/nksbinegm0ma1_jpg.rf.c1d13f06136f36d8eb4cb3d7c7bd2426.jpg,640,640,1,REAL,TRAIN_ONLY,license_plate,accepted_training_positive
kaggle_plate_license_recognition,nksbinegm0ma1_jpg,train,nksbinegm0ma1_jpg.rf.c788e997b3b03bf2937571bd264b7088.jpg,AI/PlateDetector/datasets/raw/kaggle_plate_license_recognition/train/nksbinegm0ma1_jpg.rf.c788e997b3b03bf2937571bd264b7088.jpg,640,640,1,REAL,TRAIN_ONLY,license_plate,accepted_training_positive
kaggle_plate_license_recognition,np7atvi85nga1_jpg,train,np7atvi85nga1_jpg.rf.318ecf70905128f221d890ae0999affb.jpg,AI/PlateDetector/datasets/raw/kaggle_plate_license_recognition/train/np7atvi85nga1_jpg.rf.318ecf70905128f221d890ae0999affb.jpg,640,640,1,REAL,TRAIN_ONLY,license_plate,accepted_training_positive
kaggle_plate_license_recognition,np7atvi85nga1_jpg,test,np7atvi85nga1_jpg.rf.764b50f5cadfa5dee1871c2d3f0a5eb8.jpg,AI/PlateDetector/datasets/raw/kaggle_plate_license_recognition/test/np7atvi85nga1_jpg.rf.764b50f5cadfa5dee1871c2d3f0a5eb8.jpg,640,640,2,REAL,TRAIN_ONLY,license_plate,reject_mosaic_collage
kaggle_plate_license_recognition,np7atvi85nga1_jpg,train,np7atvi85nga1_jpg.rf.ee585c416be6ed0049883fa2d3880608.jpg,AI/PlateDetector/datasets/raw/kaggle_plate_license_recognition/train/np7atvi85nga1_jpg.rf.ee585c416be6ed0049883fa2d3880608.jpg,640,640,1,REAL,TRAIN_ONLY,license_plate,accepted_training_positive
kaggle_plate_license_recognition,nr2rjxss6ena1_jpg,valid,nr2rjxss6ena1_jpg.rf.460e2c0cdc660da2622bc550cf3b6e88.jpg,AI/PlateDetector/datasets/raw/kaggle_plate_license_recognition/valid/nr2rjxss6ena1_jpg.rf.460e2c0cdc660da2622bc550cf3b6e88.jpg,640,640,2,REAL,TRAIN_ONLY,license_plate,reject_mosaic_collage
kaggle_plate_license_recognition,nr2rjxss6ena1_jpg,test,nr2rjxss6ena1_jpg.rf.75be5be90aee22c50a08e8953311824b.jpg,AI/PlateDetector/datasets/raw/kaggle_plate_license_recognition/test/nr2rjxss6ena1_jpg.rf.75be5be90aee22c50a08e8953311824b.jpg,640,640,1,REAL,TRAIN_ONLY,license_plate,accepted_training_positive
kaggle_plate_license_recognition,nr2rjxss6ena1_jpg,train,nr2rjxss6ena1_jpg.rf.8276fa940b82b6e8c926b275fab51d19.jpg,AI/PlateDetector/datasets/raw/kaggle_plate_license_recognition/train/nr2rjxss6ena1_jpg.rf.8276fa940b82b6e8c926b275fab51d19.jpg,640,640,2,REAL,TRAIN_ONLY,license_plate,reject_mosaic_collage
kaggle_plate_license_recognition,nr2rjxss6ena1_jpg,train,nr2rjxss6ena1_jpg.rf.9c90dfedf3be8962e2267f23e7915903.jpg,AI/PlateDetector/datasets/raw/kaggle_plate_license_recognition/train/nr2rjxss6ena1_jpg.rf.9c90dfedf3be8962e2267f23e7915903.jpg,640,640,2,REAL,TRAIN_ONLY,license_plate,reject_mosaic_collage
kaggle_plate_license_recognition,oakiqj6oa0ha1_jpg,train,oakiqj6oa0ha1_jpg.rf.55fefa28ebad7bcbd851641333cd0342.jpg,AI/PlateDetector/datasets/raw/kaggle_plate_license_recognition/train/oakiqj6oa0ha1_jpg.rf.55fefa28ebad7bcbd851641333cd0342.jpg,640,640,1,REAL,TRAIN_ONLY,license_plate,accepted_training_positive
kaggle_plate_license_recognition,oakiqj6oa0ha1_jpg,train,oakiqj6oa0ha1_jpg.rf.96686bec1cd821b585ffa2ce059eaaea.jpg,AI/PlateDetector/datasets/raw/kaggle_plate_license_recognition/train/oakiqj6oa0ha1_jpg.rf.96686bec1cd821b585ffa2ce059eaaea.jpg,640,640,1,REAL,TRAIN_ONLY,license_plate,accepted_training_positive
kaggle_plate_license_recognition,oakiqj6oa0ha1_jpg,train,oakiqj6oa0ha1_jpg.rf.d1d91011c5292616ecc1a9712918c055.jpg,AI/PlateDetector/datasets/raw/kaggle_plate_license_recognition/train/oakiqj6oa0ha1_jpg.rf.d1d91011c5292616ecc1a9712918c055.jpg,640,640,3,REAL,TRAIN_ONLY,license_plate,reject_mosaic_collage
kaggle_plate_license_recognition,ocrpvqiej7fa1_jpg,train,ocrpvqiej7fa1_jpg.rf.90a1ef310ac4792897dd7de372a65283.jpg,AI/PlateDetector/datasets/raw/kaggle_plate_license_recognition/train/ocrpvqiej7fa1_jpg.rf.90a1ef310ac4792897dd7de372a65283.jpg,640,640,3,REAL,TRAIN_ONLY,license_plate,reject_mosaic_collage
kaggle_plate_license_recognition,og0495u1j0ca1_jpg,valid,og0495u1j0ca1_jpg.rf.2a47900a780cb2e6f89d33d5dd5992e7.jpg,AI/PlateDetector/datasets/raw/kaggle_plate_license_recognition/valid/og0495u1j0ca1_jpg.rf.2a47900a780cb2e6f89d33d5dd5992e7.jpg,640,640,1,REAL,TRAIN_ONLY,license_plate,accepted_training_positive
kaggle_plate_license_recognition,og0495u1j0ca1_jpg,train,og0495u1j0ca1_jpg.rf.8273cc35f449924f8390f2569038da82.jpg,AI/PlateDetector/datasets/raw/kaggle_plate_license_recognition/train/og0495u1j0ca1_jpg.rf.8273cc35f449924f8390f2569038da82.jpg,640,640,1,REAL,TRAIN_ONLY,license_plate,accepted_training_positive
kaggle_plate_license_recognition,og0495u1j0ca1_jpg,train,og0495u1j0ca1_jpg.rf.bad2a6b5d0b20402f1419a596a604f68.jpg,AI/PlateDetector/datasets/raw/kaggle_plate_license_recognition/train/og0495u1j0ca1_jpg.rf.bad2a6b5d0b20402f1419a596a604f68.jpg,640,640,3,REAL,TRAIN_ONLY,license_plate,reject_mosaic_collage
kaggle_plate_license_recognition,og0495u1j0ca1_jpg,train,og0495u1j0ca1_jpg.rf.e38ae6ddc413330d42c0475f83ee7cc6.jpg,AI/PlateDetector/datasets/raw/kaggle_plate_license_recognition/train/og0495u1j0ca1_jpg.rf.e38ae6ddc413330d42c0475f83ee7cc6.jpg,640,640,1,REAL,TRAIN_ONLY,license_plate,accepted_training_positive
kaggle_plate_license_recognition,ok6o8jerw0ja1_jpg,train,ok6o8jerw0ja1_jpg.rf.2771ee9d1434ebecba0b9939f9c7b38d.jpg,AI/PlateDetector/datasets/raw/kaggle_plate_license_recognition/train/ok6o8jerw0ja1_jpg.rf.2771ee9d1434ebecba0b9939f9c7b38d.jpg,640,640,3,REAL,TRAIN_ONLY,license_plate,reject_mosaic_collage
kaggle_plate_license_recognition,okvijzim7vna1_jpg,valid,okvijzim7vna1_jpg.rf.35963d1ca7ceb0935e9304a97cee88eb.jpg,AI/PlateDetector/datasets/raw/kaggle_plate_license_recognition/valid/okvijzim7vna1_jpg.rf.35963d1ca7ceb0935e9304a97cee88eb.jpg,640,640,1,REAL,TRAIN_ONLY,license_plate,accepted_training_positive
kaggle_plate_license_recognition,okvijzim7vna1_jpg,valid,okvijzim7vna1_jpg.rf.c09b0d9f60cc4019b6cd5885ce45b6f5.jpg,AI/PlateDetector/datasets/raw/kaggle_plate_license_recognition/valid/okvijzim7vna1_jpg.rf.c09b0d9f60cc4019b6cd5885ce45b6f5.jpg,640,640,1,REAL,TRAIN_ONLY,license_plate,accepted_training_positive
kaggle_plate_license_recognition,oostenrijk44_jpg,train,oostenrijk44_jpg.rf.e39c7ad05f9da2baab495e52b24000da.jpg,AI/PlateDetector/datasets/raw/kaggle_plate_license_recognition/train/oostenrijk44_jpg.rf.e39c7ad05f9da2baab495e52b24000da.jpg,640,640,1,REAL,TRAIN_ONLY,license_plate,reject_plate_or_ocr_crop
kaggle_plate_license_recognition,oostenrijk67_jpg,valid,oostenrijk67_jpg.rf.a0fbf8d0abbd5239ff8c389d98ddeb18.jpg,AI/PlateDetector/datasets/raw/kaggle_plate_license_recognition/valid/oostenrijk67_jpg.rf.a0fbf8d0abbd5239ff8c389d98ddeb18.jpg,640,640,1,REAL,TRAIN_ONLY,license_plate,reject_plate_or_ocr_crop
kaggle_plate_license_recognition,os57kt6qfyga1_jpg,valid,os57kt6qfyga1_jpg.rf.1b922d54f445aed4cdcce0377e4ab8f3.jpg,AI/PlateDetector/datasets/raw/kaggle_plate_license_recognition/valid/os57kt6qfyga1_jpg.rf.1b922d54f445aed4cdcce0377e4ab8f3.jpg,640,640,1,REAL,TRAIN_ONLY,license_plate,accepted_training_positive
kaggle_plate_license_recognition,ozim4711k5da1_jpg,train,ozim4711k5da1_jpg.rf.3818b35016c42262f122f98cb619909a.jpg,AI/PlateDetector/datasets/raw/kaggle_plate_license_recognition/train/ozim4711k5da1_jpg.rf.3818b35016c42262f122f98cb619909a.jpg,640,640,1,REAL,TRAIN_ONLY,license_plate,accepted_training_positive
kaggle_plate_license_recognition,ozim4711k5da1_jpg,valid,ozim4711k5da1_jpg.rf.820191565fec36799c81cd196e542e33.jpg,AI/PlateDetector/datasets/raw/kaggle_plate_license_recognition/valid/ozim4711k5da1_jpg.rf.820191565fec36799c81cd196e542e33.jpg,640,640,1,REAL,TRAIN_ONLY,license_plate,accepted_training_positive
kaggle_plate_license_recognition,ozim4711k5da1_jpg,train,ozim4711k5da1_jpg.rf.bead096ca2de9fd738648ae5523bddc4.jpg,AI/PlateDetector/datasets/raw/kaggle_plate_license_recognition/train/ozim4711k5da1_jpg.rf.bead096ca2de9fd738648ae5523bddc4.jpg,640,640,1,REAL,TRAIN_ONLY,license_plate,accepted_training_positive
kaggle_plate_license_recognition,p4smg0eq3gna1_jpg,train,p4smg0eq3gna1_jpg.rf.0fe79ef7fa8dcec5e82a176fb674121e.jpg,AI/PlateDetector/datasets/raw/kaggle_plate_license_recognition/train/p4smg0eq3gna1_jpg.rf.0fe79ef7fa8dcec5e82a176fb674121e.jpg,640,640,1,REAL,TRAIN_ONLY,license_plate,accepted_training_positive
kaggle_plate_license_recognition,p4smg0eq3gna1_jpg,valid,p4smg0eq3gna1_jpg.rf.6634540eeb4b22875fdba213b9f6106f.jpg,AI/PlateDetector/datasets/raw/kaggle_plate_license_recognition/valid/p4smg0eq3gna1_jpg.rf.6634540eeb4b22875fdba213b9f6106f.jpg,640,640,1,REAL,TRAIN_ONLY,license_plate,accepted_training_positive
kaggle_plate_license_recognition,p4smg0eq3gna1_jpg,train,p4smg0eq3gna1_jpg.rf.eb041e051f3b3bf6ab225225ad79c803.jpg,AI/PlateDetector/datasets/raw/kaggle_plate_license_recognition/train/p4smg0eq3gna1_jpg.rf.eb041e051f3b3bf6ab225225ad79c803.jpg,640,640,1,REAL,TRAIN_ONLY,license_plate,accepted_training_positive
kaggle_plate_license_recognition,p7bjpcom7fia1_jpg,train,p7bjpcom7fia1_jpg.rf.c9878fc67aa745063beb7ae1a88ce1fc.jpg,AI/PlateDetector/datasets/raw/kaggle_plate_license_recognition/train/p7bjpcom7fia1_jpg.rf.c9878fc67aa745063beb7ae1a88ce1fc.jpg,640,640,3,REAL,TRAIN_ONLY,license_plate,reject_mosaic_collage
kaggle_plate_license_recognition,p7bjpcom7fia1_jpg,test,p7bjpcom7fia1_jpg.rf.cb2ab447edeeb7c96836fd94d8a93689.jpg,AI/PlateDetector/datasets/raw/kaggle_plate_license_recognition/test/p7bjpcom7fia1_jpg.rf.cb2ab447edeeb7c96836fd94d8a93689.jpg,640,640,1,REAL,TRAIN_ONLY,license_plate,accepted_training_positive
kaggle_plate_license_recognition,pd3j5167oola1_jpg,train,pd3j5167oola1_jpg.rf.0b576c67b0e16292fbdfa871c6b93a4d.jpg,AI/PlateDetector/datasets/raw/kaggle_plate_license_recognition/train/pd3j5167oola1_jpg.rf.0b576c67b0e16292fbdfa871c6b93a4d.jpg,640,640,1,REAL,TRAIN_ONLY,license_plate,accepted_training_positive
kaggle_plate_license_recognition,pd3j5167oola1_jpg,train,pd3j5167oola1_jpg.rf.2aade9b1878cf525809733145aef737a.jpg,AI/PlateDetector/datasets/raw/kaggle_plate_license_recognition/train/pd3j5167oola1_jpg.rf.2aade9b1878cf525809733145aef737a.jpg,640,640,3,REAL,TRAIN_ONLY,license_plate,reject_mosaic_collage
kaggle_plate_license_recognition,pd3j5167oola1_jpg,train,pd3j5167oola1_jpg.rf.3f0592ccaa3421ccebf76d6dbd029d57.jpg,AI/PlateDetector/datasets/raw/kaggle_plate_license_recognition/train/pd3j5167oola1_jpg.rf.3f0592ccaa3421ccebf76d6dbd029d57.jpg,640,640,3,REAL,TRAIN_ONLY,license_plate,reject_mosaic_collage
kaggle_plate_license_recognition,placa-azul-taxis-y-vtc-aluminio-520x110-mm_6814994_060002862_jpg,train,placa-azul-taxis-y-vtc-aluminio-520x110-mm_6814994_060002862_jpg.rf.54f43fce88528bd830268b468f034ae0.jpg,AI/PlateDetector/datasets/raw/kaggle_plate_license_recognition/train/placa-azul-taxis-y-vtc-aluminio-520x110-mm_6814994_060002862_jpg.rf.54f43fce88528bd830268b468f034ae0.jpg,640,640,1,REAL,TRAIN_ONLY,license_plate,reject_plate_or_ocr_crop
kaggle_plate_license_recognition,pxuvds6zr5da1_jpg,train,pxuvds6zr5da1_jpg.rf.57c3ec774c947c4db1ce8f9df1983790.jpg,AI/PlateDetector/datasets/raw/kaggle_plate_license_recognition/train/pxuvds6zr5da1_jpg.rf.57c3ec774c947c4db1ce8f9df1983790.jpg,640,640,1,REAL,TRAIN_ONLY,license_plate,accepted_training_positive
kaggle_plate_license_recognition,pxuvds6zr5da1_jpg,train,pxuvds6zr5da1_jpg.rf.d88f508526f92880ff3982bbe46902bb.jpg,AI/PlateDetector/datasets/raw/kaggle_plate_license_recognition/train/pxuvds6zr5da1_jpg.rf.d88f508526f92880ff3982bbe46902bb.jpg,640,640,1,REAL,TRAIN_ONLY,license_plate,accepted_training_positive
kaggle_plate_license_recognition,pyyw6nfbhbha1_jpg,valid,pyyw6nfbhbha1_jpg.rf.8324d3a032b1e211d2ff8e10f39690cd.jpg,AI/PlateDetector/datasets/raw/kaggle_plate_license_recognition/valid/pyyw6nfbhbha1_jpg.rf.8324d3a032b1e211d2ff8e10f39690cd.jpg,640,640,1,REAL,TRAIN_ONLY,license_plate,accepted_training_positive
kaggle_plate_license_recognition,pyyw6nfbhbha1_jpg,train,pyyw6nfbhbha1_jpg.rf.8337b49befab8156f62e4fb9c5ab6490.jpg,AI/PlateDetector/datasets/raw/kaggle_plate_license_recognition/train/pyyw6nfbhbha1_jpg.rf.8337b49befab8156f62e4fb9c5ab6490.jpg,640,640,1,REAL,TRAIN_ONLY,license_plate,accepted_training_positive
kaggle_plate_license_recognition,pyyw6nfbhbha1_jpg,train,pyyw6nfbhbha1_jpg.rf.eae93f4b2e021991491794613e9ecc84.jpg,AI/PlateDetector/datasets/raw/kaggle_plate_license_recognition/train/pyyw6nfbhbha1_jpg.rf.eae93f4b2e021991491794613e9ecc84.jpg,640,640,3,REAL,TRAIN_ONLY,license_plate,reject_mosaic_collage
kaggle_plate_license_recognition,q2qvtn9unboa1_jpg,train,q2qvtn9unboa1_jpg.rf.f770ee01515ff2b5120c25f652222bad.jpg,AI/PlateDetector/datasets/raw/kaggle_plate_license_recognition/train/q2qvtn9unboa1_jpg.rf.f770ee01515ff2b5120c25f652222bad.jpg,640,640,1,REAL,TRAIN_ONLY,license_plate,accepted_training_positive
kaggle_plate_license_recognition,qahilqr79jca1_jpg,train,qahilqr79jca1_jpg.rf.2464765dc07173e83ba0d1d64aae53d5.jpg,AI/PlateDetector/datasets/raw/kaggle_plate_license_recognition/train/qahilqr79jca1_jpg.rf.2464765dc07173e83ba0d1d64aae53d5.jpg,640,640,1,REAL,TRAIN_ONLY,license_plate,accepted_training_positive
kaggle_plate_license_recognition,qhhwq8bja9na1_jpg,train,qhhwq8bja9na1_jpg.rf.118ac6c314303733a75d74c80cdfa994.jpg,AI/PlateDetector/datasets/raw/kaggle_plate_license_recognition/train/qhhwq8bja9na1_jpg.rf.118ac6c314303733a75d74c80cdfa994.jpg,640,640,1,REAL,TRAIN_ONLY,license_plate,accepted_training_positive
kaggle_plate_license_recognition,qp3ab0qrdbga1_jpg,valid,qp3ab0qrdbga1_jpg.rf.352f3f3359422d7a01fa0545314265a3.jpg,AI/PlateDetector/datasets/raw/kaggle_plate_license_recognition/valid/qp3ab0qrdbga1_jpg.rf.352f3f3359422d7a01fa0545314265a3.jpg,640,640,1,REAL,TRAIN_ONLY,license_plate,accepted_training_positive
kaggle_plate_license_recognition,qp3ab0qrdbga1_jpg,train,qp3ab0qrdbga1_jpg.rf.680c61cf09173b5cf0b0655c3b3749f9.jpg,AI/PlateDetector/datasets/raw/kaggle_plate_license_recognition/train/qp3ab0qrdbga1_jpg.rf.680c61cf09173b5cf0b0655c3b3749f9.jpg,640,640,1,REAL,TRAIN_ONLY,license_plate,accepted_training_positive
kaggle_plate_license_recognition,qp3ab0qrdbga1_jpg,train,qp3ab0qrdbga1_jpg.rf.8be3476b0b60d7080ef4ed9e9b1c746f.jpg,AI/PlateDetector/datasets/raw/kaggle_plate_license_recognition/train/qp3ab0qrdbga1_jpg.rf.8be3476b0b60d7080ef4ed9e9b1c746f.jpg,640,640,1,REAL,TRAIN_ONLY,license_plate,accepted_training_positive
kaggle_plate_license_recognition,qp3ab0qrdbga1_jpg,valid,qp3ab0qrdbga1_jpg.rf.9933081edb5bebd7555dc67f6c6c34ce.jpg,AI/PlateDetector/datasets/raw/kaggle_plate_license_recognition/valid/qp3ab0qrdbga1_jpg.rf.9933081edb5bebd7555dc67f6c6c34ce.jpg,640,640,1,REAL,TRAIN_ONLY,license_plate,accepted_training_positive
kaggle_plate_license_recognition,qp3ab0qrdbga1_jpg,train,qp3ab0qrdbga1_jpg.rf.b33c528290995d62f2fb648801617b67.jpg,AI/PlateDetector/datasets/raw/kaggle_plate_license_recognition/train/qp3ab0qrdbga1_jpg.rf.b33c528290995d62f2fb648801617b67.jpg,640,640,1,REAL,TRAIN_ONLY,license_plate,accepted_training_positive
kaggle_plate_license_recognition,qq038429hdna1_jpg,valid,qq038429hdna1_jpg.rf.118ac2989fbd5bffa186fa4eb63a1963.jpg,AI/PlateDetector/datasets/raw/kaggle_plate_license_recognition/valid/qq038429hdna1_jpg.rf.118ac2989fbd5bffa186fa4eb63a1963.jpg,640,640,3,REAL,TRAIN_ONLY,license_plate,reject_mosaic_collage
kaggle_plate_license_recognition,qq038429hdna1_jpg,train,qq038429hdna1_jpg.rf.5460a4362979241acf50077855f14701.jpg,AI/PlateDetector/datasets/raw/kaggle_plate_license_recognition/train/qq038429hdna1_jpg.rf.5460a4362979241acf50077855f14701.jpg,640,640,1,REAL,TRAIN_ONLY,license_plate,accepted_training_positive
kaggle_plate_license_recognition,qq038429hdna1_jpg,train,qq038429hdna1_jpg.rf.7325f09fa07bf4a66f8dda4c6625cdfb.jpg,AI/PlateDetector/datasets/raw/kaggle_plate_license_recognition/train/qq038429hdna1_jpg.rf.7325f09fa07bf4a66f8dda4c6625cdfb.jpg,640,640,2,REAL,TRAIN_ONLY,license_plate,reject_mosaic_collage
kaggle_plate_license_recognition,qv33f7i7b0ia1_jpg,train,qv33f7i7b0ia1_jpg.rf.4c4499b029c7215db01aa7bddbd14f48.jpg,AI/PlateDetector/datasets/raw/kaggle_plate_license_recognition/train/qv33f7i7b0ia1_jpg.rf.4c4499b029c7215db01aa7bddbd14f48.jpg,640,640,1,REAL,TRAIN_ONLY,license_plate,accepted_training_positive
kaggle_plate_license_recognition,qv33f7i7b0ia1_jpg,train,qv33f7i7b0ia1_jpg.rf.a2cc36c4820ba2fa7685c17af364ebd1.jpg,AI/PlateDetector/datasets/raw/kaggle_plate_license_recognition/train/qv33f7i7b0ia1_jpg.rf.a2cc36c4820ba2fa7685c17af364ebd1.jpg,640,640,1,REAL,TRAIN_ONLY,license_plate,accepted_training_positive
kaggle_plate_license_recognition,qwmd0qj54tla1_jpg,train,qwmd0qj54tla1_jpg.rf.04ea7f0a47eb3ed5af391697304659db.jpg,AI/PlateDetector/datasets/raw/kaggle_plate_license_recognition/train/qwmd0qj54tla1_jpg.rf.04ea7f0a47eb3ed5af391697304659db.jpg,640,640,1,REAL,TRAIN_ONLY,license_plate,accepted_training_positive
kaggle_plate_license_recognition,qwmd0qj54tla1_jpg,valid,qwmd0qj54tla1_jpg.rf.23b16a197e1343f2ddde44a484fbd5cd.jpg,AI/PlateDetector/datasets/raw/kaggle_plate_license_recognition/valid/qwmd0qj54tla1_jpg.rf.23b16a197e1343f2ddde44a484fbd5cd.jpg,640,640,1,REAL,TRAIN_ONLY,license_plate,accepted_training_positive
kaggle_plate_license_recognition,qwmd0qj54tla1_jpg,valid,qwmd0qj54tla1_jpg.rf.779f8c1f0f2cc8a8cc032f2c9a2583e9.jpg,AI/PlateDetector/datasets/raw/kaggle_plate_license_recognition/valid/qwmd0qj54tla1_jpg.rf.779f8c1f0f2cc8a8cc032f2c9a2583e9.jpg,640,640,3,REAL,TRAIN_ONLY,license_plate,reject_mosaic_collage
kaggle_plate_license_recognition,r0b4iez4dana1_jpg,valid,r0b4iez4dana1_jpg.rf.aa8a6a4a0c662428270d26f25e8d2a0c.jpg,AI/PlateDetector/datasets/raw/kaggle_plate_license_recognition/valid/r0b4iez4dana1_jpg.rf.aa8a6a4a0c662428270d26f25e8d2a0c.jpg,640,640,1,REAL,TRAIN_ONLY,license_plate,accepted_training_positive
kaggle_plate_license_recognition,r2lojt1013ga1_jpg,train,r2lojt1013ga1_jpg.rf.2ef83c1cbc0aa9281b4cb45db1561b1a.jpg,AI/PlateDetector/datasets/raw/kaggle_plate_license_recognition/train/r2lojt1013ga1_jpg.rf.2ef83c1cbc0aa9281b4cb45db1561b1a.jpg,640,640,1,REAL,TRAIN_ONLY,license_plate,accepted_training_positive
kaggle_plate_license_recognition,rj794aeqtrba1_jpg,train,rj794aeqtrba1_jpg.rf.966ca916c4585952328619131d4963c8.jpg,AI/PlateDetector/datasets/raw/kaggle_plate_license_recognition/train/rj794aeqtrba1_jpg.rf.966ca916c4585952328619131d4963c8.jpg,640,640,1,REAL,TRAIN_ONLY,license_plate,accepted_training_positive
kaggle_plate_license_recognition,s-l400_jpg,test,s-l400_jpg.rf.47185814d7803d3aa83f150b1504befe.jpg,AI/PlateDetector/datasets/raw/kaggle_plate_license_recognition/test/s-l400_jpg.rf.47185814d7803d3aa83f150b1504befe.jpg,640,640,1,REAL,TRAIN_ONLY,license_plate,reject_plate_or_ocr_crop
kaggle_plate_license_recognition,s63feb9suiha1_jpg,valid,s63feb9suiha1_jpg.rf.a9d82f7b62c10e988efac86782f667ad.jpg,AI/PlateDetector/datasets/raw/kaggle_plate_license_recognition/valid/s63feb9suiha1_jpg.rf.a9d82f7b62c10e988efac86782f667ad.jpg,640,640,2,REAL,TRAIN_ONLY,license_plate,reject_mosaic_collage
kaggle_plate_license_recognition,s_uhy480_close2_jpg,train,s_uhy480_close2_jpg.rf.5b749478802c6deb9a3e8ef1ad4219dd.jpg,AI/PlateDetector/datasets/raw/kaggle_plate_license_recognition/train/s_uhy480_close2_jpg.rf.5b749478802c6deb9a3e8ef1ad4219dd.jpg,640,640,1,REAL,TRAIN_ONLY,license_plate,reject_plate_or_ocr_crop
kaggle_plate_license_recognition,s_uhy480_close_jpg,test,s_uhy480_close_jpg.rf.f595470acebbcf26f67b132c71d7af6d.jpg,AI/PlateDetector/datasets/raw/kaggle_plate_license_recognition/test/s_uhy480_close_jpg.rf.f595470acebbcf26f67b132c71d7af6d.jpg,640,640,1,REAL,TRAIN_ONLY,license_plate,reject_plate_or_ocr_crop
kaggle_plate_license_recognition,sadfasf_JPG_jpg,test,sadfasf_JPG_jpg.rf.2be2c7b1f818d6edd9424a57b5fd7e7e.jpg,AI/PlateDetector/datasets/raw/kaggle_plate_license_recognition/test/sadfasf_JPG_jpg.rf.2be2c7b1f818d6edd9424a57b5fd7e7e.jpg,640,640,1,REAL,TRAIN_ONLY,license_plate,reject_plate_or_ocr_crop
kaggle_plate_license_recognition,sofbddgknsja1_jpg,train,sofbddgknsja1_jpg.rf.f01550ec06e56ac3f697e5e2b4341fe2.jpg,AI/PlateDetector/datasets/raw/kaggle_plate_license_recognition/train/sofbddgknsja1_jpg.rf.f01550ec06e56ac3f697e5e2b4341fe2.jpg,640,640,1,REAL,TRAIN_ONLY,license_plate,reject_plate_or_ocr_crop
kaggle_plate_license_recognition,spanje1402_jpg,train,spanje1402_jpg.rf.e59d796bee6b4bb5fe879d24a7ec39c5.jpg,AI/PlateDetector/datasets/raw/kaggle_plate_license_recognition/train/spanje1402_jpg.rf.e59d796bee6b4bb5fe879d24a7ec39c5.jpg,640,640,1,REAL,TRAIN_ONLY,license_plate,reject_plate_or_ocr_crop
kaggle_plate_license_recognition,spanje142-1-_jpg,train,spanje142-1-_jpg.rf.792f0b39cac3949b36b750b992106aa5.jpg,AI/PlateDetector/datasets/raw/kaggle_plate_license_recognition/train/spanje142-1-_jpg.rf.792f0b39cac3949b36b750b992106aa5.jpg,640,640,1,REAL,TRAIN_ONLY,license_plate,reject_plate_or_ocr_crop
kaggle_plate_license_recognition,spanje142-1-_jpg,test,spanje142-1-_jpg.rf.9e6944fef59b0c7a596d156481c2ec0d.jpg,AI/PlateDetector/datasets/raw/kaggle_plate_license_recognition/test/spanje142-1-_jpg.rf.9e6944fef59b0c7a596d156481c2ec0d.jpg,640,640,1,REAL,TRAIN_ONLY,license_plate,reject_plate_or_ocr_crop
kaggle_plate_license_recognition,spanje149_jpg,valid,spanje149_jpg.rf.9af9f977d0c3c4c1754f674147d8187d.jpg,AI/PlateDetector/datasets/raw/kaggle_plate_license_recognition/valid/spanje149_jpg.rf.9af9f977d0c3c4c1754f674147d8187d.jpg,640,640,1,REAL,TRAIN_ONLY,license_plate,reject_plate_or_ocr_crop
kaggle_plate_license_recognition,spanje150_jpg,train,spanje150_jpg.rf.ab226472f1c110babf978d5c1df7cc95.jpg,AI/PlateDetector/datasets/raw/kaggle_plate_license_recognition/train/spanje150_jpg.rf.ab226472f1c110babf978d5c1df7cc95.jpg,640,640,1,REAL,TRAIN_ONLY,license_plate,reject_plate_or_ocr_crop
kaggle_plate_license_recognition,spanje19-1-_jpg,train,spanje19-1-_jpg.rf.07fb0d7d6e68b96f0fb64f9e6a05e825.jpg,AI/PlateDetector/datasets/raw/kaggle_plate_license_recognition/train/spanje19-1-_jpg.rf.07fb0d7d6e68b96f0fb64f9e6a05e825.jpg,640,640,1,REAL,TRAIN_ONLY,license_plate,reject_plate_or_ocr_crop
kaggle_plate_license_recognition,spanje19-1-_jpg,train,spanje19-1-_jpg.rf.c81dc526d665d44e55da0b2bb3389b27.jpg,AI/PlateDetector/datasets/raw/kaggle_plate_license_recognition/train/spanje19-1-_jpg.rf.c81dc526d665d44e55da0b2bb3389b27.jpg,640,640,1,REAL,TRAIN_ONLY,license_plate,reject_plate_or_ocr_crop
kaggle_plate_license_recognition,spanje24_jpg,valid,spanje24_jpg.rf.eb6a100bd71ed38c44e36bfb601eaef7.jpg,AI/PlateDetector/datasets/raw/kaggle_plate_license_recognition/valid/spanje24_jpg.rf.eb6a100bd71ed38c44e36bfb601eaef7.jpg,640,640,1,REAL,TRAIN_ONLY,license_plate,reject_plate_or_ocr_crop
kaggle_plate_license_recognition,spanje75-1-_jpg,valid,spanje75-1-_jpg.rf.0cff334896612d700f3b28691d3a24d6.jpg,AI/PlateDetector/datasets/raw/kaggle_plate_license_recognition/valid/spanje75-1-_jpg.rf.0cff334896612d700f3b28691d3a24d6.jpg,640,640,1,REAL,TRAIN_ONLY,license_plate,reject_plate_or_ocr_crop
kaggle_plate_license_recognition,spanje78_jpg,train,spanje78_jpg.rf.b79908088a15e4d698a7a73bf42eb45e.jpg,AI/PlateDetector/datasets/raw/kaggle_plate_license_recognition/train/spanje78_jpg.rf.b79908088a15e4d698a7a73bf42eb45e.jpg,640,640,1,REAL,TRAIN_ONLY,license_plate,reject_plate_or_ocr_crop
kaggle_plate_license_recognition,ssc0y5drl1ja1_jpg,test,ssc0y5drl1ja1_jpg.rf.9bf1f14122954912f696c7843f3218ef.jpg,AI/PlateDetector/datasets/raw/kaggle_plate_license_recognition/test/ssc0y5drl1ja1_jpg.rf.9bf1f14122954912f696c7843f3218ef.jpg,640,640,2,REAL,TRAIN_ONLY,license_plate,reject_mosaic_collage
kaggle_plate_license_recognition,sxj13v9gunea1_jpg,test,sxj13v9gunea1_jpg.rf.151e50a772407f9a627c3b0a14afa50e.jpg,AI/PlateDetector/datasets/raw/kaggle_plate_license_recognition/test/sxj13v9gunea1_jpg.rf.151e50a772407f9a627c3b0a14afa50e.jpg,640,640,2,REAL,TRAIN_ONLY,license_plate,reject_mosaic_collage
kaggle_plate_license_recognition,sxj13v9gunea1_jpg,valid,sxj13v9gunea1_jpg.rf.ea0849fb136808ff44013196781813ef.jpg,AI/PlateDetector/datasets/raw/kaggle_plate_license_recognition/valid/sxj13v9gunea1_jpg.rf.ea0849fb136808ff44013196781813ef.jpg,640,640,3,REAL,TRAIN_ONLY,license_plate,reject_mosaic_collage
kaggle_plate_license_recognition,t13qv1otxpea1_jpg,train,t13qv1otxpea1_jpg.rf.3305af03d82af56300ad8bab1d2f5b54.jpg,AI/PlateDetector/datasets/raw/kaggle_plate_license_recognition/train/t13qv1otxpea1_jpg.rf.3305af03d82af56300ad8bab1d2f5b54.jpg,640,640,4,REAL,TRAIN_ONLY,license_plate,reject_mosaic_collage
kaggle_plate_license_recognition,t13qv1otxpea1_jpg,train,t13qv1otxpea1_jpg.rf.cb6906348adc0d6de9160755355e8efe.jpg,AI/PlateDetector/datasets/raw/kaggle_plate_license_recognition/train/t13qv1otxpea1_jpg.rf.cb6906348adc0d6de9160755355e8efe.jpg,640,640,4,REAL,TRAIN_ONLY,license_plate,reject_mosaic_collage
kaggle_plate_license_recognition,taxis-vehiculos-VTC-llevan-matricula_2060813957_6551180_1300x731_jpg,valid,taxis-vehiculos-VTC-llevan-matricula_2060813957_6551180_1300x731_jpg.rf.9bd3b9594acae3a38b09acb0ddc39992.jpg,AI/PlateDetector/datasets/raw/kaggle_plate_license_recognition/valid/taxis-vehiculos-VTC-llevan-matricula_2060813957_6551180_1300x731_jpg.rf.9bd3b9594acae3a38b09acb0ddc39992.jpg,640,640,1,REAL,TRAIN_ONLY,license_plate,reject_plate_or_ocr_crop
kaggle_plate_license_recognition,tjnq5azp3zia1_jpg,valid,tjnq5azp3zia1_jpg.rf.68151ff2ab1efe5628dbca9ca9fa0e2a.jpg,AI/PlateDetector/datasets/raw/kaggle_plate_license_recognition/valid/tjnq5azp3zia1_jpg.rf.68151ff2ab1efe5628dbca9ca9fa0e2a.jpg,640,640,3,REAL,TRAIN_ONLY,license_plate,reject_mosaic_collage
kaggle_plate_license_recognition,u0f044lfh5da1_jpg,train,u0f044lfh5da1_jpg.rf.0a20b653bbbf629801be06c353b6a9ca.jpg,AI/PlateDetector/datasets/raw/kaggle_plate_license_recognition/train/u0f044lfh5da1_jpg.rf.0a20b653bbbf629801be06c353b6a9ca.jpg,640,640,1,REAL,TRAIN_ONLY,license_plate,accepted_training_positive
kaggle_plate_license_recognition,u0f044lfh5da1_jpg,train,u0f044lfh5da1_jpg.rf.6693bcd6802a3f20357c4bb664889f80.jpg,AI/PlateDetector/datasets/raw/kaggle_plate_license_recognition/train/u0f044lfh5da1_jpg.rf.6693bcd6802a3f20357c4bb664889f80.jpg,640,640,1,REAL,TRAIN_ONLY,license_plate,accepted_training_positive
kaggle_plate_license_recognition,u0f044lfh5da1_jpg,train,u0f044lfh5da1_jpg.rf.b653bc3936689ea0f4e2dce4e89a37a0.jpg,AI/PlateDetector/datasets/raw/kaggle_plate_license_recognition/train/u0f044lfh5da1_jpg.rf.b653bc3936689ea0f4e2dce4e89a37a0.jpg,640,640,1,REAL,TRAIN_ONLY,license_plate,accepted_training_positive
kaggle_plate_license_recognition,u4wyzxa29oka1_jpg,test,u4wyzxa29oka1_jpg.rf.52dd33769902369515ed2363d7019cac.jpg,AI/PlateDetector/datasets/raw/kaggle_plate_license_recognition/test/u4wyzxa29oka1_jpg.rf.52dd33769902369515ed2363d7019cac.jpg,640,640,1,REAL,TRAIN_ONLY,license_plate,accepted_training_positive
kaggle_plate_license_recognition,unx8gr3itzka1_jpg,train,unx8gr3itzka1_jpg.rf.101666b39b1b2804c18fa8ec96eac9a5.jpg,AI/PlateDetector/datasets/raw/kaggle_plate_license_recognition/train/unx8gr3itzka1_jpg.rf.101666b39b1b2804c18fa8ec96eac9a5.jpg,640,640,1,REAL,TRAIN_ONLY,license_plate,accepted_training_positive
kaggle_plate_license_recognition,unx8gr3itzka1_jpg,train,unx8gr3itzka1_jpg.rf.551df2e0d33e4cc7b3b0855f24a5d9b1.jpg,AI/PlateDetector/datasets/raw/kaggle_plate_license_recognition/train/unx8gr3itzka1_jpg.rf.551df2e0d33e4cc7b3b0855f24a5d9b1.jpg,640,640,1,REAL,TRAIN_ONLY,license_plate,accepted_training_positive
kaggle_plate_license_recognition,unx8gr3itzka1_jpg,valid,unx8gr3itzka1_jpg.rf.64dc872ad6760a040d728612fd47985e.jpg,AI/PlateDetector/datasets/raw/kaggle_plate_license_recognition/valid/unx8gr3itzka1_jpg.rf.64dc872ad6760a040d728612fd47985e.jpg,640,640,1,REAL,TRAIN_ONLY,license_plate,accepted_training_positive
kaggle_plate_license_recognition,unx8gr3itzka1_jpg,train,unx8gr3itzka1_jpg.rf.7a01242ce0ad32528f34cbd8b7f64190.jpg,AI/PlateDetector/datasets/raw/kaggle_plate_license_recognition/train/unx8gr3itzka1_jpg.rf.7a01242ce0ad32528f34cbd8b7f64190.jpg,640,640,4,REAL,TRAIN_ONLY,license_plate,reject_mosaic_collage
kaggle_plate_license_recognition,unx8gr3itzka1_jpg,train,unx8gr3itzka1_jpg.rf.a7506ce8820d52c0ffa3d77c11e515f9.jpg,AI/PlateDetector/datasets/raw/kaggle_plate_license_recognition/train/unx8gr3itzka1_jpg.rf.a7506ce8820d52c0ffa3d77c11e515f9.jpg,640,640,2,REAL,TRAIN_ONLY,license_plate,reject_mosaic_collage
kaggle_plate_license_recognition,unx8gr3itzka1_jpg,train,unx8gr3itzka1_jpg.rf.ebdcff2047190a98c8011dfa9f0f3988.jpg,AI/PlateDetector/datasets/raw/kaggle_plate_license_recognition/train/unx8gr3itzka1_jpg.rf.ebdcff2047190a98c8011dfa9f0f3988.jpg,640,640,1,REAL,TRAIN_ONLY,license_plate,accepted_training_positive
kaggle_plate_license_recognition,unx8gr3itzka1_jpg,valid,unx8gr3itzka1_jpg.rf.f9a11d89d1ff34504a9bb3551bdc3b6d.jpg,AI/PlateDetector/datasets/raw/kaggle_plate_license_recognition/valid/unx8gr3itzka1_jpg.rf.f9a11d89d1ff34504a9bb3551bdc3b6d.jpg,640,640,2,REAL,TRAIN_ONLY,license_plate,reject_mosaic_collage
kaggle_plate_license_recognition,uovneg34ahma1_jpg,valid,uovneg34ahma1_jpg.rf.b6e792cfe5dc225ff0af25917a3639de.jpg,AI/PlateDetector/datasets/raw/kaggle_plate_license_recognition/valid/uovneg34ahma1_jpg.rf.b6e792cfe5dc225ff0af25917a3639de.jpg,640,640,1,REAL,TRAIN_ONLY,license_plate,accepted_training_positive
kaggle_plate_license_recognition,vfc3gbg3b8ia1_jpg,train,vfc3gbg3b8ia1_jpg.rf.10cce23957634123a4be82a000f3cc69.jpg,AI/PlateDetector/datasets/raw/kaggle_plate_license_recognition/train/vfc3gbg3b8ia1_jpg.rf.10cce23957634123a4be82a000f3cc69.jpg,640,640,2,REAL,TRAIN_ONLY,license_plate,reject_mosaic_collage
kaggle_plate_license_recognition,vfc3gbg3b8ia1_jpg,valid,vfc3gbg3b8ia1_jpg.rf.3bda737a9293f2ca8e9c909767c95463.jpg,AI/PlateDetector/datasets/raw/kaggle_plate_license_recognition/valid/vfc3gbg3b8ia1_jpg.rf.3bda737a9293f2ca8e9c909767c95463.jpg,640,640,1,REAL,TRAIN_ONLY,license_plate,accepted_training_positive
kaggle_plate_license_recognition,wWQCsmStWRTD4UklG0SYirJjXQ_cKUKE8osAv3s4nyE_jpg,train,wWQCsmStWRTD4UklG0SYirJjXQ_cKUKE8osAv3s4nyE_jpg.rf.3d7f18d742fccb99214973354f20f627.jpg,AI/PlateDetector/datasets/raw/kaggle_plate_license_recognition/train/wWQCsmStWRTD4UklG0SYirJjXQ_cKUKE8osAv3s4nyE_jpg.rf.3d7f18d742fccb99214973354f20f627.jpg,640,640,3,REAL,TRAIN_ONLY,license_plate,reject_mosaic_collage
kaggle_plate_license_recognition,wWQCsmStWRTD4UklG0SYirJjXQ_cKUKE8osAv3s4nyE_jpg,train,wWQCsmStWRTD4UklG0SYirJjXQ_cKUKE8osAv3s4nyE_jpg.rf.62c4bb08f72c03867775abc401779cee.jpg,AI/PlateDetector/datasets/raw/kaggle_plate_license_recognition/train/wWQCsmStWRTD4UklG0SYirJjXQ_cKUKE8osAv3s4nyE_jpg.rf.62c4bb08f72c03867775abc401779cee.jpg,640,640,1,REAL,TRAIN_ONLY,license_plate,accepted_training_positive
kaggle_plate_license_recognition,wWQCsmStWRTD4UklG0SYirJjXQ_cKUKE8osAv3s4nyE_jpg,train,wWQCsmStWRTD4UklG0SYirJjXQ_cKUKE8osAv3s4nyE_jpg.rf.6a1adae1a9f6769268656f55a1af6761.jpg,AI/PlateDetector/datasets/raw/kaggle_plate_license_recognition/train/wWQCsmStWRTD4UklG0SYirJjXQ_cKUKE8osAv3s4nyE_jpg.rf.6a1adae1a9f6769268656f55a1af6761.jpg,640,640,1,REAL,TRAIN_ONLY,license_plate,accepted_training_positive
kaggle_plate_license_recognition,wWQCsmStWRTD4UklG0SYirJjXQ_cKUKE8osAv3s4nyE_jpg,train,wWQCsmStWRTD4UklG0SYirJjXQ_cKUKE8osAv3s4nyE_jpg.rf.a1977dde271ba8789c5ebfeeb915f34c.jpg,AI/PlateDetector/datasets/raw/kaggle_plate_license_recognition/train/wWQCsmStWRTD4UklG0SYirJjXQ_cKUKE8osAv3s4nyE_jpg.rf.a1977dde271ba8789c5ebfeeb915f34c.jpg,640,640,1,REAL,TRAIN_ONLY,license_plate,accepted_training_positive
kaggle_plate_license_recognition,wpqnw7j2qjea1_jpg,valid,wpqnw7j2qjea1_jpg.rf.51586689a143925e447bdd436d3125ce.jpg,AI/PlateDetector/datasets/raw/kaggle_plate_license_recognition/valid/wpqnw7j2qjea1_jpg.rf.51586689a143925e447bdd436d3125ce.jpg,640,640,4,REAL,TRAIN_ONLY,license_plate,reject_mosaic_collage
kaggle_plate_license_recognition,wpqnw7j2qjea1_jpg,train,wpqnw7j2qjea1_jpg.rf.abe09422fc600e9eb722ca7a8fc58dc8.jpg,AI/PlateDetector/datasets/raw/kaggle_plate_license_recognition/train/wpqnw7j2qjea1_jpg.rf.abe09422fc600e9eb722ca7a8fc58dc8.jpg,640,640,1,REAL,TRAIN_ONLY,license_plate,accepted_training_positive
kaggle_plate_license_recognition,wqbii1d0wiha1_jpg,valid,wqbii1d0wiha1_jpg.rf.59ebbb1f273d4326ab8bf41c2fe80863.jpg,AI/PlateDetector/datasets/raw/kaggle_plate_license_recognition/valid/wqbii1d0wiha1_jpg.rf.59ebbb1f273d4326ab8bf41c2fe80863.jpg,640,640,4,REAL,TRAIN_ONLY,license_plate,reject_mosaic_collage
kaggle_plate_license_recognition,wqbii1d0wiha1_jpg,valid,wqbii1d0wiha1_jpg.rf.cfa06958027905c39e1a440cca421bb0.jpg,AI/PlateDetector/datasets/raw/kaggle_plate_license_recognition/valid/wqbii1d0wiha1_jpg.rf.cfa06958027905c39e1a440cca421bb0.jpg,640,640,3,REAL,TRAIN_ONLY,license_plate,reject_mosaic_collage
kaggle_plate_license_recognition,wqwpkf6fw4ha1_jpg,valid,wqwpkf6fw4ha1_jpg.rf.6d78c459d6643645e64203d2dacb29b3.jpg,AI/PlateDetector/datasets/raw/kaggle_plate_license_recognition/valid/wqwpkf6fw4ha1_jpg.rf.6d78c459d6643645e64203d2dacb29b3.jpg,640,640,1,REAL,TRAIN_ONLY,license_plate,accepted_training_positive
kaggle_plate_license_recognition,wvbb9f5a3jca1_jpg,train,wvbb9f5a3jca1_jpg.rf.75a7839039ecc23c9b41bb66456cdf34.jpg,AI/PlateDetector/datasets/raw/kaggle_plate_license_recognition/train/wvbb9f5a3jca1_jpg.rf.75a7839039ecc23c9b41bb66456cdf34.jpg,640,640,3,REAL,TRAIN_ONLY,license_plate,reject_mosaic_collage
kaggle_plate_license_recognition,wvbb9f5a3jca1_jpg,test,wvbb9f5a3jca1_jpg.rf.883ea79a77a6000c734ae1f2329dbcfb.jpg,AI/PlateDetector/datasets/raw/kaggle_plate_license_recognition/test/wvbb9f5a3jca1_jpg.rf.883ea79a77a6000c734ae1f2329dbcfb.jpg,640,640,1,REAL,TRAIN_ONLY,license_plate,accepted_training_positive
kaggle_plate_license_recognition,x95jva8vsfha1_jpg,train,x95jva8vsfha1_jpg.rf.2005da77d6f733312f0e54750e442c2a.jpg,AI/PlateDetector/datasets/raw/kaggle_plate_license_recognition/train/x95jva8vsfha1_jpg.rf.2005da77d6f733312f0e54750e442c2a.jpg,640,640,1,REAL,TRAIN_ONLY,license_plate,accepted_training_positive
kaggle_plate_license_recognition,x95jva8vsfha1_jpg,train,x95jva8vsfha1_jpg.rf.ccf2be39c0fd6535554eda8ccb567c58.jpg,AI/PlateDetector/datasets/raw/kaggle_plate_license_recognition/train/x95jva8vsfha1_jpg.rf.ccf2be39c0fd6535554eda8ccb567c58.jpg,640,640,1,REAL,TRAIN_ONLY,license_plate,accepted_training_positive
kaggle_plate_license_recognition,xeeej1a7mvla1_jpg,train,xeeej1a7mvla1_jpg.rf.27441aedc75f10fc210451c53ac58223.jpg,AI/PlateDetector/datasets/raw/kaggle_plate_license_recognition/train/xeeej1a7mvla1_jpg.rf.27441aedc75f10fc210451c53ac58223.jpg,640,640,1,REAL,TRAIN_ONLY,license_plate,accepted_training_positive
kaggle_plate_license_recognition,xg9o2ck79coa1_jpg,train,xg9o2ck79coa1_jpg.rf.30540ba0dd746686b8ce2fe58e7c14fd.jpg,AI/PlateDetector/datasets/raw/kaggle_plate_license_recognition/train/xg9o2ck79coa1_jpg.rf.30540ba0dd746686b8ce2fe58e7c14fd.jpg,640,640,1,REAL,TRAIN_ONLY,license_plate,accepted_training_positive
kaggle_plate_license_recognition,xxpwb4ts4eka1_jpg,train,xxpwb4ts4eka1_jpg.rf.6cd44df4b05c5b80c3a8c8d473a614dc.jpg,AI/PlateDetector/datasets/raw/kaggle_plate_license_recognition/train/xxpwb4ts4eka1_jpg.rf.6cd44df4b05c5b80c3a8c8d473a614dc.jpg,640,640,1,REAL,TRAIN_ONLY,license_plate,accepted_training_positive
kaggle_plate_license_recognition,xyiyazotn9ga1_jpg,train,xyiyazotn9ga1_jpg.rf.3c515b2e7698504da6192822dcb4ab7e.jpg,AI/PlateDetector/datasets/raw/kaggle_plate_license_recognition/train/xyiyazotn9ga1_jpg.rf.3c515b2e7698504da6192822dcb4ab7e.jpg,640,640,1,REAL,TRAIN_ONLY,license_plate,accepted_training_positive
kaggle_plate_license_recognition,xyiyazotn9ga1_jpg,train,xyiyazotn9ga1_jpg.rf.7b6264512e774d792d1b296e3b176029.jpg,AI/PlateDetector/datasets/raw/kaggle_plate_license_recognition/train/xyiyazotn9ga1_jpg.rf.7b6264512e774d792d1b296e3b176029.jpg,640,640,1,REAL,TRAIN_ONLY,license_plate,accepted_training_positive
kaggle_plate_license_recognition,xyiyazotn9ga1_jpg,train,xyiyazotn9ga1_jpg.rf.c526d2e8be940d6fad005a3d47e6fd88.jpg,AI/PlateDetector/datasets/raw/kaggle_plate_license_recognition/train/xyiyazotn9ga1_jpg.rf.c526d2e8be940d6fad005a3d47e6fd88.jpg,640,640,1,REAL,TRAIN_ONLY,license_plate,accepted_training_positive
kaggle_plate_license_recognition,y6ng4evbboba1_jpg,valid,y6ng4evbboba1_jpg.rf.38a605e6a3509c5fe97f4ab015615868.jpg,AI/PlateDetector/datasets/raw/kaggle_plate_license_recognition/valid/y6ng4evbboba1_jpg.rf.38a605e6a3509c5fe97f4ab015615868.jpg,640,640,1,REAL,TRAIN_ONLY,license_plate,accepted_training_positive
kaggle_plate_license_recognition,yfrjkwh4tbka1_jpg,train,yfrjkwh4tbka1_jpg.rf.9b25f16617678d1a47fe8a76232b0bd2.jpg,AI/PlateDetector/datasets/raw/kaggle_plate_license_recognition/train/yfrjkwh4tbka1_jpg.rf.9b25f16617678d1a47fe8a76232b0bd2.jpg,640,640,1,REAL,TRAIN_ONLY,license_plate,accepted_training_positive
kaggle_plate_license_recognition,z9bype9vpuga1_jpg,train,z9bype9vpuga1_jpg.rf.a39c68fed8d7e4a88526877c04b7af44.jpg,AI/PlateDetector/datasets/raw/kaggle_plate_license_recognition/train/z9bype9vpuga1_jpg.rf.a39c68fed8d7e4a88526877c04b7af44.jpg,640,640,1,REAL,TRAIN_ONLY,license_plate,reject_mosaic_collage
kaggle_plate_license_recognition,z9bype9vpuga1_jpg,train,z9bype9vpuga1_jpg.rf.a91de3b94591470eab99cb656cd606f7.jpg,AI/PlateDetector/datasets/raw/kaggle_plate_license_recognition/train/z9bype9vpuga1_jpg.rf.a91de3b94591470eab99cb656cd606f7.jpg,640,640,1,REAL,TRAIN_ONLY,license_plate,accepted_training_positive
kaggle_plate_license_recognition,z9bype9vpuga1_jpg,valid,z9bype9vpuga1_jpg.rf.b7c4d8064cc1032de46f10e316af540b.jpg,AI/PlateDetector/datasets/raw/kaggle_plate_license_recognition/valid/z9bype9vpuga1_jpg.rf.b7c4d8064cc1032de46f10e316af540b.jpg,640,640,1,REAL,TRAIN_ONLY,license_plate,reject_mosaic_collage
kaggle_plate_license_recognition,zr2m1dok9tja1_jpg,train,zr2m1dok9tja1_jpg.rf.0539c7f1625ed1d5e8b8e76811690401.jpg,AI/PlateDetector/datasets/raw/kaggle_plate_license_recognition/train/zr2m1dok9tja1_jpg.rf.0539c7f1625ed1d5e8b8e76811690401.jpg,640,640,1,REAL,TRAIN_ONLY,license_plate,accepted_training_positive
kaggle_plate_license_recognition,zr2m1dok9tja1_jpg,train,zr2m1dok9tja1_jpg.rf.8b5bbb631a8c0fa8110d8e6a81ea8ad3.jpg,AI/PlateDetector/datasets/raw/kaggle_plate_license_recognition/train/zr2m1dok9tja1_jpg.rf.8b5bbb631a8c0fa8110d8e6a81ea8ad3.jpg,640,640,1,REAL,TRAIN_ONLY,license_plate,accepted_training_positive
kaggle_plate_license_recognition,zwa92s97xzaa1_jpg,train,zwa92s97xzaa1_jpg.rf.bae525d9b236c16e5f06bcb619879dd3.jpg,AI/PlateDetector/datasets/raw/kaggle_plate_license_recognition/train/zwa92s97xzaa1_jpg.rf.bae525d9b236c16e5f06bcb619879dd3.jpg,640,640,1,REAL,TRAIN_ONLY,license_plate,accepted_training_positive
