source_dataset,source_group,source_split,filename,box_index,class_name,x,y,width,height,image_width,image_height,canonical_class
kaggle_plate_license_recognition,00125d8d-09b8-4a6e-9d2f-e2c240d22b38_jpg,train,00125d8d-09b8-4a6e-9d2f-e2c240d22b38_jpg.rf.096311dfc6c9b41269153e9454ebd2aa.jpg,1,LicensePlate,195,210,205.0,203.0,640,640,license_plate
kaggle_plate_license_recognition,00125d8d-09b8-4a6e-9d2f-e2c240d22b38_jpg,train,00125d8d-09b8-4a6e-9d2f-e2c240d22b38_jpg.rf.c8f51d54b911dd1beca136aba5b6cfee.jpg,1,LicensePlate,183,198,221.0,225.0,640,640,license_plate
kaggle_plate_license_recognition,00625e8e-a5e5-4fe5-b454-dccad9d8d677_jpg,train,00625e8e-a5e5-4fe5-b454-dccad9d8d677_jpg.rf.9fb7854852a0ddcf6fbd2ed8197fd212.jpg,1,LicensePlate,229,401,191.0,156.0,640,640,license_plate
kaggle_plate_license_recognition,006ac91c-3d2a-4985-9fae-ed3f545f994f_jpg,train,006ac91c-3d2a-4985-9fae-ed3f545f994f_jpg.rf.2326adca7d0b5acad84de1b79e39d854.jpg,1,LicensePlate,153,119,302.0,311.0,640,640,license_plate
kaggle_plate_license_recognition,006ac91c-3d2a-4985-9fae-ed3f545f994f_jpg,train,006ac91c-3d2a-4985-9fae-ed3f545f994f_jpg.rf.7a66c9046d484ae30d1ff217bdd234e8.jpg,1,LicensePlate,159,138,285.0,277.0,640,640,license_plate
kaggle_plate_license_recognition,00adf93a-2b6e-4940-a39e-9f9cd9d98207_jpg,train,00adf93a-2b6e-4940-a39e-9f9cd9d98207_jpg.rf.9c5018a2cb99039c2ab16fcafb9144fb.jpg,1,LicensePlate,246,276,114.0,110.0,640,640,license_plate
kaggle_plate_license_recognition,00adf93a-2b6e-4940-a39e-9f9cd9d98207_jpg,valid,00adf93a-2b6e-4940-a39e-9f9cd9d98207_jpg.rf.e96a9a27c5e9e28ab0f4b8cc6461d8b9.jpg,1,LicensePlate,246,276,114.0,110.0,640,640,license_plate
kaggle_plate_license_recognition,00bc6c35-3eec-4fb5-bdd3-e5d8656b014f_jpg,train,00bc6c35-3eec-4fb5-bdd3-e5d8656b014f_jpg.rf.9fb570a8c76c37b40fb667f50e11fdd8.jpg,1,LicensePlate,198,243,105.0,113.0,640,640,license_plate
kaggle_plate_license_recognition,00c86d7c-4764-4f2c-aa1d-578d73e83f9e_jpg,train,00c86d7c-4764-4f2c-aa1d-578d73e83f9e_jpg.rf.4957e3847f318d93039d3bbb2c48f263.jpg,1,LicensePlate,230,230,153.0,160.0,640,640,license_plate
kaggle_plate_license_recognition,00f30ef5-1e8a-4a89-ac87-b9a5905582ec_jpg,valid,00f30ef5-1e8a-4a89-ac87-b9a5905582ec_jpg.rf.e8eabfba685fa1db6384a7192243aed6.jpg,1,LicensePlate,181,310,189.0,169.0,640,640,license_plate
kaggle_plate_license_recognition,011d8b71-8bb9-4c8e-8b10-89952740b973_jpg,valid,011d8b71-8bb9-4c8e-8b10-89952740b973_jpg.rf.909cd75e07aeea78dabbad983e5102d0.jpg,1,LicensePlate,148,128,257.0,221.0,640,640,license_plate
kaggle_plate_license_recognition,01256cfb-c380-4acc-9c12-ce37f0f20ca8_jpg,valid,01256cfb-c380-4acc-9c12-ce37f0f20ca8_jpg.rf.bfb84b80f431188edbef89b2195d2594.jpg,1,LicensePlate,305,187,66.0,68.0,640,640,license_plate
kaggle_plate_license_recognition,018b680a-02bd-4b03-9548-972c21879ea1_jpg,train,018b680a-02bd-4b03-9548-972c21879ea1_jpg.rf.dd45ae788e8130c0d39c7b36380bd3a2.jpg,1,LicensePlate,225,179,84.0,94.0,640,640,license_plate
kaggle_plate_license_recognition,01_jpg,train,01_jpg.rf.710753a3a9486ff161391ed60c46458b.jpg,1,LicensePlate,152,602,17.0,25.0,640,640,license_plate
kaggle_plate_license_recognition,01_jpg,train,01_jpg.rf.710753a3a9486ff161391ed60c46458b.jpg,2,LicensePlate,89,601,17.0,22.0,640,640,license_plate
kaggle_plate_license_recognition,01_jpg,train,01_jpg.rf.710753a3a9486ff161391ed60c46458b.jpg,3,LicensePlate,272,611,22.0,22.0,640,640,license_plate
kaggle_plate_license_recognition,01_jpg,train,01_jpg.rf.710753a3a9486ff161391ed60c46458b.jpg,4,LicensePlate,367,575,15.0,22.0,640,640,license_plate
kaggle_plate_license_recognition,01_jpg,train,01_jpg.rf.710753a3a9486ff161391ed60c46458b.jpg,5,LicensePlate,304,512,16.0,25.0,640,640,license_plate
kaggle_plate_license_recognition,01_jpg,train,01_jpg.rf.710753a3a9486ff161391ed60c46458b.jpg,6,LicensePlate,333,446,22.0,23.0,640,640,license_plate
kaggle_plate_license_recognition,01_jpg,train,01_jpg.rf.710753a3a9486ff161391ed60c46458b.jpg,7,LicensePlate,215,487,25.0,25.0,640,640,license_plate
kaggle_plate_license_recognition,01_jpg,train,01_jpg.rf.710753a3a9486ff161391ed60c46458b.jpg,8,LicensePlate,317,390,13.0,18.0,640,640,license_plate
kaggle_plate_license_recognition,01_jpg,train,01_jpg.rf.710753a3a9486ff161391ed60c46458b.jpg,9,LicensePlate,567,434,16.0,26.0,640,640,license_plate
kaggle_plate_license_recognition,01_jpg,train,01_jpg.rf.710753a3a9486ff161391ed60c46458b.jpg,10,LicensePlate,502,568,22.0,33.0,640,640,license_plate
kaggle_plate_license_recognition,01_jpg,train,01_jpg.rf.710753a3a9486ff161391ed60c46458b.jpg,11,LicensePlate,390,359,15.0,28.0,640,640,license_plate
kaggle_plate_license_recognition,01_jpg,train,01_jpg.rf.710753a3a9486ff161391ed60c46458b.jpg,12,LicensePlate,254,320,9.0,11.0,640,640,license_plate
kaggle_plate_license_recognition,01_jpg,train,01_jpg.rf.710753a3a9486ff161391ed60c46458b.jpg,13,LicensePlate,146,312,11.0,13.0,640,640,license_plate
kaggle_plate_license_recognition,01_jpg,train,01_jpg.rf.710753a3a9486ff161391ed60c46458b.jpg,14,LicensePlate,456,370,9.0,9.0,640,640,license_plate
kaggle_plate_license_recognition,01_jpg,train,01_jpg.rf.710753a3a9486ff161391ed60c46458b.jpg,15,LicensePlate,469,292,8.0,16.0,640,640,license_plate
kaggle_plate_license_recognition,01_jpg,train,01_jpg.rf.710753a3a9486ff161391ed60c46458b.jpg,16,LicensePlate,395,250,8.0,9.0,640,640,license_plate
kaggle_plate_license_recognition,01_jpg,train,01_jpg.rf.710753a3a9486ff161391ed60c46458b.jpg,17,LicensePlate,27,448,11.0,19.0,640,640,license_plate
kaggle_plate_license_recognition,01_jpg,train,01_jpg.rf.710753a3a9486ff161391ed60c46458b.jpg,18,LicensePlate,481,220,6.0,9.0,640,640,license_plate
kaggle_plate_license_recognition,01_jpg,train,01_jpg.rf.710753a3a9486ff161391ed60c46458b.jpg,19,LicensePlate,505,246,8.0,11.0,640,640,license_plate
kaggle_plate_license_recognition,01caf0e2-f320-4c1c-8646-366c1b08bcf4_jpg,valid,01caf0e2-f320-4c1c-8646-366c1b08bcf4_jpg.rf.b7e4beaacb5c7ecdc115a9c239fe1b4f.jpg,1,LicensePlate,296,296,74.0,81.0,640,640,license_plate
kaggle_plate_license_recognition,01cdfe7b-5725-4856-a056-537115fe6d50_jpg,train,01cdfe7b-5725-4856-a056-537115fe6d50_jpg.rf.27bcb1ef213602c544ad9b572436d3bd.jpg,1,LicensePlate,212,186,89.0,75.0,640,640,license_plate
kaggle_plate_license_recognition,01d7623e-50ea-4903-8c12-27200f246ac4_jpg,train,01d7623e-50ea-4903-8c12-27200f246ac4_jpg.rf.88db14c57b2b41423f57fdf955960219.jpg,1,LicensePlate,287,254,124.0,122.0,640,640,license_plate
kaggle_plate_license_recognition,01e050a3-fba2-47b7-90ec-224a86b5e64b_jpg,train,01e050a3-fba2-47b7-90ec-224a86b5e64b_jpg.rf.43eb19f25a6ea673ed2b395b55c9007f.jpg,1,LicensePlate,231,258,144.0,138.0,640,640,license_plate
kaggle_plate_license_recognition,01e050a3-fba2-47b7-90ec-224a86b5e64b_jpg,train,01e050a3-fba2-47b7-90ec-224a86b5e64b_jpg.rf.c295ebf5433f86a3774a15ddb6449a8e.jpg,1,LicensePlate,217,237,163.0,167.0,640,640,license_plate
kaggle_plate_license_recognition,01e0842b-0cd7-4830-9d05-4c50b70c5841_jpg,train,01e0842b-0cd7-4830-9d05-4c50b70c5841_jpg.rf.18d0219f0031a40a3a9fac280271e89b.jpg,1,LicensePlate,235,98,130.0,136.0,640,640,license_plate
kaggle_plate_license_recognition,01e1b559-79ad-4697-9c16-ea2c88938531_jpg,train,01e1b559-79ad-4697-9c16-ea2c88938531_jpg.rf.3beb1231d5ced3a6ad197125de46239f.jpg,1,LicensePlate,244,276,149.0,129.0,640,640,license_plate
kaggle_plate_license_recognition,01e1b559-79ad-4697-9c16-ea2c88938531_jpg,train,01e1b559-79ad-4697-9c16-ea2c88938531_jpg.rf.437e7315632aa6be25a0e9f6112f7f24.jpg,1,LicensePlate,244,276,149.0,129.0,640,640,license_plate
kaggle_plate_license_recognition,022fa55d-7c2d-45a4-8f9d-9e8e726f6d21_jpg,valid,022fa55d-7c2d-45a4-8f9d-9e8e726f6d21_jpg.rf.2984f9c0c7cde1c52b1f8e36c62daab0.jpg,1,LicensePlate,285,341,60.94,65.478,640,640,license_plate
kaggle_plate_license_recognition,022fa55d-7c2d-45a4-8f9d-9e8e726f6d21_jpg,train,022fa55d-7c2d-45a4-8f9d-9e8e726f6d21_jpg.rf.33afcddb997d7c3ff8e1627e5f165a3d.jpg,1,LicensePlate,285,341,60.94,65.478,640,640,license_plate
kaggle_plate_license_recognition,022fa55d-7c2d-45a4-8f9d-9e8e726f6d21_jpg,train,022fa55d-7c2d-45a4-8f9d-9e8e726f6d21_jpg.rf.acdbe41505a1174509d42f4c7757d0a9.jpg,1,LicensePlate,289,351,57.0,56.0,640,640,license_plate
kaggle_plate_license_recognition,0232f4b1-c52f-4bda-bf65-c02f003caa4e_jpg,train,0232f4b1-c52f-4bda-bf65-c02f003caa4e_jpg.rf.ef54d353291dd683e6c1ec58768737f2.jpg,1,LicensePlate,204,77,111.0,119.0,640,640,license_plate
kaggle_plate_license_recognition,0257f25f-56ac-4308-a0f5-461f91a738bf_jpg,train,0257f25f-56ac-4308-a0f5-461f91a738bf_jpg.rf.ed42963a608950cf14b54d6b6a69c8d1.jpg,1,LicensePlate,167,186,193.0,229.0,640,640,license_plate
kaggle_plate_license_recognition,0277af2f-c754-4594-9de4-1a901e2be5e8_jpg,train,0277af2f-c754-4594-9de4-1a901e2be5e8_jpg.rf.9d27d7a0d15385c462be3715b82bbe03.jpg,1,LicensePlate,192,194,145.0,166.0,640,640,license_plate
kaggle_plate_license_recognition,0277af2f-c754-4594-9de4-1a901e2be5e8_jpg,train,0277af2f-c754-4594-9de4-1a901e2be5e8_jpg.rf.afab3cad2ab51cdc372d91875fd39e72.jpg,1,LicensePlate,192,194,145.0,166.0,640,640,license_plate
kaggle_plate_license_recognition,0277af2f-c754-4594-9de4-1a901e2be5e8_jpg,train,0277af2f-c754-4594-9de4-1a901e2be5e8_jpg.rf.d4c6bf8f1d14100268bf466a503712c3.jpg,1,LicensePlate,192,194,145.0,166.0,640,640,license_plate
kaggle_plate_license_recognition,0277af2f-c754-4594-9de4-1a901e2be5e8_jpg,train,0277af2f-c754-4594-9de4-1a901e2be5e8_jpg.rf.f59b12e4530cee3c57a6b20643bb05a2.jpg,1,LicensePlate,201,214,133.0,140.0,640,640,license_plate
kaggle_plate_license_recognition,028255e8-77ef-4bea-9bf6-f45d91300285_jpg,train,028255e8-77ef-4bea-9bf6-f45d91300285_jpg.rf.3a5b3773d5e3da9479a5b231cbf44536.jpg,1,LicensePlate,235,97,134.0,138.0,640,640,license_plate
kaggle_plate_license_recognition,028255e8-77ef-4bea-9bf6-f45d91300285_jpg,valid,028255e8-77ef-4bea-9bf6-f45d91300285_jpg.rf.e55df540ff91e6716a25d9ea57a859f9.jpg,1,LicensePlate,239,106,120.0,114.0,640,640,license_plate
kaggle_plate_license_recognition,028b9e7e-85b2-4604-8111-02d6d093c41d_jpg,train,028b9e7e-85b2-4604-8111-02d6d093c41d_jpg.rf.2e24792efeff595bf0288c07f3cae2ff.jpg,1,LicensePlate,233,435,172.5,179.259,640,640,license_plate
kaggle_plate_license_recognition,029a09ca-6d28-444f-9e6e-64eb1813db27_jpg,train,029a09ca-6d28-444f-9e6e-64eb1813db27_jpg.rf.025b032f0612c01bfaa3b7083d53942f.jpg,1,LicensePlate,211,182,114.0,101.0,640,640,license_plate
kaggle_plate_license_recognition,029a09ca-6d28-444f-9e6e-64eb1813db27_jpg,valid,029a09ca-6d28-444f-9e6e-64eb1813db27_jpg.rf.a5533ad586c58a869cc6f8a67405337b.jpg,1,LicensePlate,212,179,118.0,105.0,640,640,license_plate
kaggle_plate_license_recognition,02b32053-1b50-4c0e-8151-9b5fd7a067bf_jpg,train,02b32053-1b50-4c0e-8151-9b5fd7a067bf_jpg.rf.74876319104c5dff3b5c075adc0eac96.jpg,1,LicensePlate,256,217,120.0,126.0,640,640,license_plate
kaggle_plate_license_recognition,02b32053-1b50-4c0e-8151-9b5fd7a067bf_jpg,train,02b32053-1b50-4c0e-8151-9b5fd7a067bf_jpg.rf.fd6b82435a23d7730b3e4bdf9cc50c70.jpg,1,LicensePlate,245,223,114.0,121.0,640,640,license_plate
kaggle_plate_license_recognition,02c24567-383a-4e84-bafc-5e87a7b8a86f_jpg,valid,02c24567-383a-4e84-bafc-5e87a7b8a86f_jpg.rf.2c77f280bbe91e40ae3fb6c1410111e8.jpg,1,LicensePlate,288,135,56.0,56.0,640,640,license_plate
kaggle_plate_license_recognition,02e8d02a-9a32-459c-8623-c214e00b33f7_jpg,train,02e8d02a-9a32-459c-8623-c214e00b33f7_jpg.rf.6a4162579bbe32fcf5d868df1ff45fe3.jpg,1,LicensePlate,189,169,162.0,181.0,640,640,license_plate
kaggle_plate_license_recognition,02ea1e5b-8a2e-49d7-b0d8-1fb4c316ec24_jpg,valid,02ea1e5b-8a2e-49d7-b0d8-1fb4c316ec24_jpg.rf.94db908ed0a422f840f770237733d219.jpg,1,LicensePlate,227,245,51.0,46.0,640,640,license_plate
kaggle_plate_license_recognition,02ffb2ab-0aa7-4462-b802-ecfc48777263_jpg,train,02ffb2ab-0aa7-4462-b802-ecfc48777263_jpg.rf.e4d5c25fad7258067d60a81ddfdfac01.jpg,1,LicensePlate,278,396,97.0,85.0,640,640,license_plate
kaggle_plate_license_recognition,031b1fbd-9425-4724-9372-7ff9c937e0eb_jpg,train,031b1fbd-9425-4724-9372-7ff9c937e0eb_jpg.rf.486f83153a76140fd47e8abcb1a9e2c4.jpg,1,LicensePlate,154,130,291.0,288.0,640,640,license_plate
kaggle_plate_license_recognition,031b1fbd-9425-4724-9372-7ff9c937e0eb_jpg,train,031b1fbd-9425-4724-9372-7ff9c937e0eb_jpg.rf.f23741320e736615ece50e3d7a656ca9.jpg,1,LicensePlate,139,104,337.0,334.0,640,640,license_plate
kaggle_plate_license_recognition,03280c14-8cb4-4f22-ba03-901b19fb31b9_jpg,valid,03280c14-8cb4-4f22-ba03-901b19fb31b9_jpg.rf.cdec82f7e7b8015a231d7c61aef7881c.jpg,1,LicensePlate,227,245,50.0,43.0,640,640,license_plate
kaggle_plate_license_recognition,03280c14-8cb4-4f22-ba03-901b19fb31b9_jpg,train,03280c14-8cb4-4f22-ba03-901b19fb31b9_jpg.rf.f0c8b95f2e2ab7be0b4bd510b4ae2498.jpg,1,LicensePlate,227,245,50.0,43.0,640,640,license_plate
kaggle_plate_license_recognition,03506c4e-d19b-4f3a-9194-4b00517879aa_jpg,train,03506c4e-d19b-4f3a-9194-4b00517879aa_jpg.rf.3dba9e7d2a16b23646ec6d6d9633513e.jpg,1,LicensePlate,256,483,114.0,111.0,640,640,license_plate
kaggle_plate_license_recognition,03506c4e-d19b-4f3a-9194-4b00517879aa_jpg,train,03506c4e-d19b-4f3a-9194-4b00517879aa_jpg.rf.902363afbc263abe0268e0292528ca87.jpg,1,LicensePlate,251,473,124.0,129.0,640,640,license_plate
kaggle_plate_license_recognition,0350b8ed-902a-490c-b0f2-bd3edf928b1b_jpg,train,0350b8ed-902a-490c-b0f2-bd3edf928b1b_jpg.rf.bda725a297673e3ab2b3805586fb16c2.jpg,1,LicensePlate,206,176,107.0,104.0,640,640,license_plate
kaggle_plate_license_recognition,0358a741-cf16-434b-a234-b46495c28825_jpg,train,0358a741-cf16-434b-a234-b46495c28825_jpg.rf.69ca6fb756f28cd602eb06e08e6fe1a1.jpg,1,LicensePlate,234,218,131.0,134.0,640,640,license_plate
kaggle_plate_license_recognition,0379f40e-0861-42ac-ac5d-6c775a9c7272_jpg,train,0379f40e-0861-42ac-ac5d-6c775a9c7272_jpg.rf.ce7d308c4ad0c4c12ea80471dd0d89b6.jpg,1,LicensePlate,442,310,67.5,77.037,640,640,license_plate
kaggle_plate_license_recognition,0396f120-4c76-465d-99a9-1660d466987f_jpg,train,0396f120-4c76-465d-99a9-1660d466987f_jpg.rf.628084bbcfe55a79462178ee98dec4cc.jpg,1,LicensePlate,205,109,200.0,220.0,640,640,license_plate
kaggle_plate_license_recognition,039cdda6-8d63-4d32-8a19-82a5b2c4b2b9_jpg,valid,039cdda6-8d63-4d32-8a19-82a5b2c4b2b9_jpg.rf.c88e628ecea67218c916f32012de2b31.jpg,1,LicensePlate,215,276,135.0,126.0,640,640,license_plate
kaggle_plate_license_recognition,03a144ef-9747-43cf-8618-8fae752cc5e0_jpg,train,03a144ef-9747-43cf-8618-8fae752cc5e0_jpg.rf.712289b1cb68a4e1e222185a226f20a5.jpg,1,LicensePlate,244,265,149.0,144.0,640,640,license_plate
kaggle_plate_license_recognition,03a144ef-9747-43cf-8618-8fae752cc5e0_jpg,train,03a144ef-9747-43cf-8618-8fae752cc5e0_jpg.rf.8b1e082296092820355e938020853426.jpg,1,LicensePlate,247,271,152.0,139.0,640,640,license_plate
kaggle_plate_license_recognition,03a144ef-9747-43cf-8618-8fae752cc5e0_jpg,valid,03a144ef-9747-43cf-8618-8fae752cc5e0_jpg.rf.ecaaeb4af667ce24656119fa46f82b13.jpg,1,LicensePlate,244,265,149.0,144.0,640,640,license_plate
kaggle_plate_license_recognition,03a14abf-7882-42b1-939c-b5e6b3c8ef59_jpg,train,03a14abf-7882-42b1-939c-b5e6b3c8ef59_jpg.rf.b948500e7f90857606b527229f6e5222.jpg,1,LicensePlate,157,135,285.0,276.0,640,640,license_plate
kaggle_plate_license_recognition,03b32f38-86e3-416a-841b-9202c2b870f7_jpg,train,03b32f38-86e3-416a-841b-9202c2b870f7_jpg.rf.ab3b0a6eb8326ae51715ed00690bffef.jpg,1,LicensePlate,338,328,103.0,111.0,640,640,license_plate
kaggle_plate_license_recognition,03b32f38-86e3-416a-841b-9202c2b870f7_jpg,train,03b32f38-86e3-416a-841b-9202c2b870f7_jpg.rf.c77261b8be65889198544ae12fb4828b.jpg,1,LicensePlate,327,323,122.0,120.0,640,640,license_plate
kaggle_plate_license_recognition,03e12546-47c5-45f5-b0fa-f5cdde97e020_jpg,train,03e12546-47c5-45f5-b0fa-f5cdde97e020_jpg.rf.51de14ad2bdb8a5cd17d8e038dce2de9.jpg,1,LicensePlate,136,316,86.0,89.0,640,640,license_plate
kaggle_plate_license_recognition,03eabd4d-c3eb-4251-9490-4d93c3acbfee_jpg,valid,03eabd4d-c3eb-4251-9490-4d93c3acbfee_jpg.rf.007321cc4b81a81eece0ba7d481406de.jpg,1,LicensePlate,334,332,107.0,101.0,640,640,license_plate
kaggle_plate_license_recognition,03f94b3e-da4b-4990-bf8e-a24aab1d1dcf_jpg,train,03f94b3e-da4b-4990-bf8e-a24aab1d1dcf_jpg.rf.9938263e33531198bf6e5341be64ebb3.jpg,1,LicensePlate,313,310,146.0,162.0,640,640,license_plate
kaggle_plate_license_recognition,03o6p96xjmka1_jpg,test,03o6p96xjmka1_jpg.rf.144f8ca88fb5c248d9365389ab0e91a8.jpg,1,LicensePlate,250,298,109.787,62.073,640,640,license_plate
kaggle_plate_license_recognition,0430bcb7-0700-4289-bda9-1a91a78a59e7_jpg,train,0430bcb7-0700-4289-bda9-1a91a78a59e7_jpg.rf.9816bc0e0381df48e89c8ea22b9d3cad.jpg,1,LicensePlate,279,276,76.0,83.0,640,640,license_plate
kaggle_plate_license_recognition,043588b0-d82d-4607-a47d-3b605f8d2933_jpg,train,043588b0-d82d-4607-a47d-3b605f8d2933_jpg.rf.9c1931f50e3c85c23c34c0721b46cedb.jpg,1,LicensePlate,223,271,40.0,38.0,640,640,license_plate
kaggle_plate_license_recognition,043588b0-d82d-4607-a47d-3b605f8d2933_jpg,valid,043588b0-d82d-4607-a47d-3b605f8d2933_jpg.rf.eac9a06f85d6b1c2251c58f90a752751.jpg,1,LicensePlate,221,272,43.0,36.0,640,640,license_plate
kaggle_plate_license_recognition,043588b0-d82d-4607-a47d-3b605f8d2933_jpg,valid,043588b0-d82d-4607-a47d-3b605f8d2933_jpg.rf.eac9a06f85d6b1c2251c58f90a752751.jpg,2,LicensePlate,409,178,7.0,5.0,640,640,license_plate
kaggle_plate_license_recognition,045428bc-e9c1-4acb-b817-90790c599a40_jpg,train,045428bc-e9c1-4acb-b817-90790c599a40_jpg.rf.45390980fb7dd90f7cf3ef8fce5e94cd.jpg,1,LicensePlate,151,122,247.0,230.0,640,640,license_plate
kaggle_plate_license_recognition,04558db6-ecee-44e6-9831-141f58b97f04_jpg,train,04558db6-ecee-44e6-9831-141f58b97f04_jpg.rf.3d37e79ee8a495b339d22c400df927cd.jpg,1,LicensePlate,165,172,215.0,197.0,640,640,license_plate
kaggle_plate_license_recognition,04558db6-ecee-44e6-9831-141f58b97f04_jpg,train,04558db6-ecee-44e6-9831-141f58b97f04_jpg.rf.c35b165821ba3772fa7ab3d0ae3a1dcf.jpg,1,LicensePlate,165,172,215.0,197.0,640,640,license_plate
kaggle_plate_license_recognition,0474c478-d9ef-4dba-a46b-d4a4c9257e7a_jpg,train,0474c478-d9ef-4dba-a46b-d4a4c9257e7a_jpg.rf.0f81b7d6fc4528f3db5224c8ad295eb4.jpg,1,LicensePlate,290,254,58.0,56.0,640,640,license_plate
kaggle_plate_license_recognition,0474c478-d9ef-4dba-a46b-d4a4c9257e7a_jpg,train,0474c478-d9ef-4dba-a46b-d4a4c9257e7a_jpg.rf.2f8e420fffb8f91ca0d8c5943590877e.jpg,1,LicensePlate,288,255,59.0,62.0,640,640,license_plate
kaggle_plate_license_recognition,0474c478-d9ef-4dba-a46b-d4a4c9257e7a_jpg,train,0474c478-d9ef-4dba-a46b-d4a4c9257e7a_jpg.rf.ad582e24ef7284e66aa355dd042e430f.jpg,1,LicensePlate,288,255,59.0,62.0,640,640,license_plate
kaggle_plate_license_recognition,047c0855-dfd6-40d8-afc0-2da922eb3c31_jpg,valid,047c0855-dfd6-40d8-afc0-2da922eb3c31_jpg.rf.39efa99e7351ff5a7fb71d3b2bd440e6.jpg,1,LicensePlate,267,255,59.0,64.0,640,640,license_plate
kaggle_plate_license_recognition,047c0855-dfd6-40d8-afc0-2da922eb3c31_jpg,train,047c0855-dfd6-40d8-afc0-2da922eb3c31_jpg.rf.6cfd1ad8a3b0a0748fc2675f7aa46c24.jpg,1,LicensePlate,255,239,74.0,85.0,640,640,license_plate
kaggle_plate_license_recognition,04977a14-f268-4d31-8675-902e662b6b00_jpg,train,04977a14-f268-4d31-8675-902e662b6b00_jpg.rf.295fafe529a2c682f812cbebfa8d8e84.jpg,1,LicensePlate,213,278,128.0,103.0,640,640,license_plate
kaggle_plate_license_recognition,04977a14-f268-4d31-8675-902e662b6b00_jpg,train,04977a14-f268-4d31-8675-902e662b6b00_jpg.rf.3ffeb6534a5e35ed7174aab5557bffd9.jpg,1,LicensePlate,205,261,157.0,149.0,640,640,license_plate
kaggle_plate_license_recognition,049c19dc-93a9-470d-9df7-941dc7e50496_jpg,train,049c19dc-93a9-470d-9df7-941dc7e50496_jpg.rf.bc65aea21a3a40e5195f6da300955991.jpg,1,LicensePlate,290,252,60.0,59.0,640,640,license_plate
kaggle_plate_license_recognition,04b2c656-91ad-4e0e-8530-10faef7a2031_jpg,train,04b2c656-91ad-4e0e-8530-10faef7a2031_jpg.rf.e57bf09c63c628b8d87ffa491b98fcf7.jpg,1,LicensePlate,274,233,72.0,74.0,640,640,license_plate
kaggle_plate_license_recognition,04b86eab-59bf-4b94-a52a-9686ef473e3c_jpg,train,04b86eab-59bf-4b94-a52a-9686ef473e3c_jpg.rf.d96c82afff76de68a7a2607f4e13fbde.jpg,1,LicensePlate,185,193,305.0,316.0,640,640,license_plate
kaggle_plate_license_recognition,04bba8bb-fd01-4545-90a7-0cf30a17a76c_jpg,train,04bba8bb-fd01-4545-90a7-0cf30a17a76c_jpg.rf.aeee8c5b633d8992c6a02c0b9f0a847d.jpg,1,LicensePlate,256,362,111.0,89.0,640,640,license_plate
kaggle_plate_license_recognition,04d326c8-01a1-4b3a-a3b4-f3d043f05d5c_jpg,train,04d326c8-01a1-4b3a-a3b4-f3d043f05d5c_jpg.rf.80378507345e46f03d18607e9fb15a97.jpg,1,LicensePlate,226,425,200.0,193.0,640,640,license_plate
kaggle_plate_license_recognition,04ebc38c-b91c-411a-83fb-df7ab25a8762_jpg,train,04ebc38c-b91c-411a-83fb-df7ab25a8762_jpg.rf.028d0e96b3bbe986af238da29521c9e2.jpg,1,LicensePlate,213,177,112.0,111.0,640,640,license_plate
kaggle_plate_license_recognition,04edbbfd-6777-4416-9a79-05101f041e12_jpg,train,04edbbfd-6777-4416-9a79-05101f041e12_jpg.rf.f6a690e0e1e0ac07e61cbd73d0f57fc5.jpg,1,LicensePlate,151,194,213.0,243.0,640,640,license_plate
kaggle_plate_license_recognition,051e4ed4-c7dd-4702-86b7-22ac17773966_jpg,train,051e4ed4-c7dd-4702-86b7-22ac17773966_jpg.rf.3e256b1545681f901060b1c541541c9a.jpg,1,LicensePlate,270,194,112.0,122.0,640,640,license_plate
kaggle_plate_license_recognition,051e4ed4-c7dd-4702-86b7-22ac17773966_jpg,test,051e4ed4-c7dd-4702-86b7-22ac17773966_jpg.rf.b3b5dce4f9f653b12526e89301bc0d24.jpg,1,LicensePlate,275,204,102.0,100.0,640,640,license_plate
kaggle_plate_license_recognition,051e4ed4-c7dd-4702-86b7-22ac17773966_jpg,train,051e4ed4-c7dd-4702-86b7-22ac17773966_jpg.rf.b49c94c62111fdcee85b83cf1d2e6ca4.jpg,1,LicensePlate,270,194,112.0,122.0,640,640,license_plate
kaggle_plate_license_recognition,0524fb30-0022-42ca-b5f6-95a8cd82efa8_jpg,valid,0524fb30-0022-42ca-b5f6-95a8cd82efa8_jpg.rf.2b2f47e8cda53ff2119913aac1f8ba52.jpg,1,LicensePlate,192,210,206.0,208.0,640,640,license_plate
kaggle_plate_license_recognition,0524fb30-0022-42ca-b5f6-95a8cd82efa8_jpg,train,0524fb30-0022-42ca-b5f6-95a8cd82efa8_jpg.rf.57d64cbbb1eec02b5aba78a074ce3831.jpg,1,LicensePlate,184,194,222.0,239.0,640,640,license_plate
kaggle_plate_license_recognition,05416ac5-4757-492d-b47a-9d993cd47b61_jpg,train,05416ac5-4757-492d-b47a-9d993cd47b61_jpg.rf.5ccab26936247b339a5c0cebea26d317.jpg,1,LicensePlate,170,174,212.0,200.0,640,640,license_plate
kaggle_plate_license_recognition,05416ac5-4757-492d-b47a-9d993cd47b61_jpg,train,05416ac5-4757-492d-b47a-9d993cd47b61_jpg.rf.73e845edd8a149dad636e69ce90f84c8.jpg,1,LicensePlate,170,174,212.0,200.0,640,640,license_plate
kaggle_plate_license_recognition,05416ac5-4757-492d-b47a-9d993cd47b61_jpg,test,05416ac5-4757-492d-b47a-9d993cd47b61_jpg.rf.8bd8145684d83c13cd8df434fd90f00a.jpg,1,LicensePlate,170,174,212.0,200.0,640,640,license_plate
kaggle_plate_license_recognition,058372b4-390a-4fa6-95a4-b9d182053616_jpg,train,058372b4-390a-4fa6-95a4-b9d182053616_jpg.rf.434d35f1c5f0a274438f2f323bd6affc.jpg,1,LicensePlate,223,237,177.0,163.0,640,640,license_plate
kaggle_plate_license_recognition,058372b4-390a-4fa6-95a4-b9d182053616_jpg,train,058372b4-390a-4fa6-95a4-b9d182053616_jpg.rf.b33290b36dcf173fb1caf301251fb115.jpg,1,LicensePlate,223,237,177.0,163.0,640,640,license_plate
kaggle_plate_license_recognition,058c6fbc-ab46-4309-b03b-3a1a52cbf90b_jpg,valid,058c6fbc-ab46-4309-b03b-3a1a52cbf90b_jpg.rf.750f7a9362a5e4584408a01eb7bd9f67.jpg,1,LicensePlate,243,272,151.0,139.0,640,640,license_plate
kaggle_plate_license_recognition,058c6fbc-ab46-4309-b03b-3a1a52cbf90b_jpg,train,058c6fbc-ab46-4309-b03b-3a1a52cbf90b_jpg.rf.9b373095f3136439407656907624a5e9.jpg,1,LicensePlate,244,271,151.0,140.0,640,640,license_plate
kaggle_plate_license_recognition,058c6fbc-ab46-4309-b03b-3a1a52cbf90b_jpg,test,058c6fbc-ab46-4309-b03b-3a1a52cbf90b_jpg.rf.c56f453293bb8fdc5db353325cd62241.jpg,1,LicensePlate,243,272,151.0,139.0,640,640,license_plate
kaggle_plate_license_recognition,059dd199-e25e-4398-a756-041a3d40b88c_jpg,train,059dd199-e25e-4398-a756-041a3d40b88c_jpg.rf.b65b67aeb9dbf63929d5612b54a01b46.jpg,1,LicensePlate,309,307,151.0,159.0,640,640,license_plate
kaggle_plate_license_recognition,05b36b5a-f28f-4d5a-b576-2d18113ebd44_jpg,valid,05b36b5a-f28f-4d5a-b576-2d18113ebd44_jpg.rf.16e6e43f9039da1c96ac4bf932f149c7.jpg,1,LicensePlate,230,203,93.0,92.0,640,640,license_plate
kaggle_plate_license_recognition,05e883cd-fedb-455a-9100-4041377ec38e_jpg,train,05e883cd-fedb-455a-9100-4041377ec38e_jpg.rf.150b51b86821602711b0d1bbaacb7e09.jpg,1,LicensePlate,251,352,126.0,132.0,640,640,license_plate
kaggle_plate_license_recognition,05fe2b27-bec0-4d84-9f29-50a2077da4d8_jpg,train,05fe2b27-bec0-4d84-9f29-50a2077da4d8_jpg.rf.04175cde7085139e771d0ce9c5861b5c.jpg,1,LicensePlate,240,264,134.0,145.0,640,640,license_plate
kaggle_plate_license_recognition,0615c570-9307-4003-9383-556a58c12c77_jpg,train,0615c570-9307-4003-9383-556a58c12c77_jpg.rf.9f591737d450a5e618059415cd43986c.jpg,1,LicensePlate,234,264,93.0,100.0,640,640,license_plate
kaggle_plate_license_recognition,0615c570-9307-4003-9383-556a58c12c77_jpg,train,0615c570-9307-4003-9383-556a58c12c77_jpg.rf.a358a96e38310aa0bf791b3cc7bd62e2.jpg,1,LicensePlate,234,264,92.0,101.0,640,640,license_plate
kaggle_plate_license_recognition,063424bf-1508-4d97-a9c3-f714e9f42894_jpg,train,063424bf-1508-4d97-a9c3-f714e9f42894_jpg.rf.912f63ee948886075f51044d04aa4d67.jpg,1,LicensePlate,257,227,102.0,112.0,640,640,license_plate
kaggle_plate_license_recognition,0659b07c-c588-4c0d-b348-f7c9e29d9c76_jpg,train,0659b07c-c588-4c0d-b348-f7c9e29d9c76_jpg.rf.7f09b90d4d3f6d1f0ddc6f4bf260c520.jpg,1,LicensePlate,239,221,147.0,131.0,640,640,license_plate
kaggle_plate_license_recognition,0659b07c-c588-4c0d-b348-f7c9e29d9c76_jpg,train,0659b07c-c588-4c0d-b348-f7c9e29d9c76_jpg.rf.d38357aabfd6f7543154a9eb2a3d235c.jpg,1,LicensePlate,239,214,149.0,142.0,640,640,license_plate
kaggle_plate_license_recognition,066057f0-d46f-4712-a887-02defbe17e11_jpg,test,066057f0-d46f-4712-a887-02defbe17e11_jpg.rf.0c27c49caa5c7885789074efe11f8d26.jpg,1,LicensePlate,257,371,108.0,86.0,640,640,license_plate
kaggle_plate_license_recognition,066057f0-d46f-4712-a887-02defbe17e11_jpg,valid,066057f0-d46f-4712-a887-02defbe17e11_jpg.rf.2dca2a158fb2a6d30b05c97fec14bf5a.jpg,1,LicensePlate,259,368,106.0,93.0,640,640,license_plate
kaggle_plate_license_recognition,066057f0-d46f-4712-a887-02defbe17e11_jpg,valid,066057f0-d46f-4712-a887-02defbe17e11_jpg.rf.72b7eeab6ee1dcad3a8dcea676e630d3.jpg,1,LicensePlate,257,370,108.0,86.0,640,640,license_plate
kaggle_plate_license_recognition,069111d7-b23a-4afe-9abb-b7eba45a63d2_jpg,train,069111d7-b23a-4afe-9abb-b7eba45a63d2_jpg.rf.5a3ea7d58d3a58058adc5753b5d76b34.jpg,1,LicensePlate,277,246,135.0,134.0,640,640,license_plate
kaggle_plate_license_recognition,069111d7-b23a-4afe-9abb-b7eba45a63d2_jpg,train,069111d7-b23a-4afe-9abb-b7eba45a63d2_jpg.rf.99b10194b64bf62afc59bc6a69f886d1.jpg,1,LicensePlate,291,255,99.0,109.0,640,640,license_plate
kaggle_plate_license_recognition,06d390dd-ed8e-4e27-b918-e7b39606320d_jpg,valid,06d390dd-ed8e-4e27-b918-e7b39606320d_jpg.rf.49507de1be7ce3d1b69f88ae36974197.jpg,1,LicensePlate,277,231,81.0,82.0,640,640,license_plate
kaggle_plate_license_recognition,06d390dd-ed8e-4e27-b918-e7b39606320d_jpg,valid,06d390dd-ed8e-4e27-b918-e7b39606320d_jpg.rf.9f8179a01895f09e987967028a01a030.jpg,1,LicensePlate,277,231,81.0,82.0,640,640,license_plate
kaggle_plate_license_recognition,07154d0e-72b5-44c9-ace3-c8ca84f95977_jpg,train,07154d0e-72b5-44c9-ace3-c8ca84f95977_jpg.rf.1ef10f2cabd0365bb610a0321bca6f9f.jpg,1,LicensePlate,228,155,73.0,75.0,640,640,license_plate
kaggle_plate_license_recognition,072ddb39-82aa-4c86-909d-9ff8ac059094_jpg,valid,072ddb39-82aa-4c86-909d-9ff8ac059094_jpg.rf.55bcf54a2c8a1d67ddc27c046b8569f3.jpg,1,LicensePlate,335,338,107.0,93.0,640,640,license_plate
kaggle_plate_license_recognition,072ddb39-82aa-4c86-909d-9ff8ac059094_jpg,train,072ddb39-82aa-4c86-909d-9ff8ac059094_jpg.rf.c09643f46b2bef5c89b59f684485efcd.jpg,1,LicensePlate,335,338,107.0,93.0,640,640,license_plate
kaggle_plate_license_recognition,073339d3-5f89-4308-827e-2b886e4e0169_jpg,train,073339d3-5f89-4308-827e-2b886e4e0169_jpg.rf.ae9265f805663b648c1155decc56a175.jpg,1,LicensePlate,290,268,108.0,108.0,640,640,license_plate
kaggle_plate_license_recognition,073339d3-5f89-4308-827e-2b886e4e0169_jpg,valid,073339d3-5f89-4308-827e-2b886e4e0169_jpg.rf.ceb4c9488faad4c16489328b9338f7ab.jpg,1,LicensePlate,283,247,127.0,140.0,640,640,license_plate
kaggle_plate_license_recognition,074e8cbe-c52c-4720-86c2-0d4ab0a0d8c7_jpg,train,074e8cbe-c52c-4720-86c2-0d4ab0a0d8c7_jpg.rf.32f710085146352996119cce34d2f201.jpg,1,LicensePlate,263,224,111.0,111.0,640,640,license_plate
kaggle_plate_license_recognition,074e8cbe-c52c-4720-86c2-0d4ab0a0d8c7_jpg,train,074e8cbe-c52c-4720-86c2-0d4ab0a0d8c7_jpg.rf.4b7228304a61b7b602f62d637c0499d0.jpg,1,LicensePlate,260,215,133.0,154.0,640,640,license_plate
kaggle_plate_license_recognition,074e8cbe-c52c-4720-86c2-0d4ab0a0d8c7_jpg,train,074e8cbe-c52c-4720-86c2-0d4ab0a0d8c7_jpg.rf.6520554d03275a4ed47ddd945e784a36.jpg,1,LicensePlate,260,215,133.0,154.0,640,640,license_plate
kaggle_plate_license_recognition,074e8cbe-c52c-4720-86c2-0d4ab0a0d8c7_jpg,train,074e8cbe-c52c-4720-86c2-0d4ab0a0d8c7_jpg.rf.bfd28f767fb3312ded9ad3e5be85e1fa.jpg,1,LicensePlate,264,224,111.0,111.0,640,640,license_plate
kaggle_plate_license_recognition,07610cca-73c7-4a50-8cd6-a7e444803aae_jpg,valid,07610cca-73c7-4a50-8cd6-a7e444803aae_jpg.rf.aef4874208e6289ca6674b064e0d41b5.jpg,1,LicensePlate,243,193,134.0,126.0,640,640,license_plate
kaggle_plate_license_recognition,077d1b5f-2ce1-4031-a91b-b3e73227dfb7_jpg,train,077d1b5f-2ce1-4031-a91b-b3e73227dfb7_jpg.rf.72871adfc4351655e58033861c7eca14.jpg,1,LicensePlate,287,255,87.0,78.0,640,640,license_plate
kaggle_plate_license_recognition,077d1b5f-2ce1-4031-a91b-b3e73227dfb7_jpg,train,077d1b5f-2ce1-4031-a91b-b3e73227dfb7_jpg.rf.72871adfc4351655e58033861c7eca14.jpg,2,LicensePlate,257,485,110.0,108.0,640,640,license_plate
kaggle_plate_license_recognition,07b9afeb-73e3-4576-8b36-2d896874d276_jpg,valid,07b9afeb-73e3-4576-8b36-2d896874d276_jpg.rf.63aee6966e67d25be1fae42f9b397408.jpg,1,LicensePlate,183,200,190.0,270.0,640,640,license_plate
kaggle_plate_license_recognition,07b9afeb-73e3-4576-8b36-2d896874d276_jpg,train,07b9afeb-73e3-4576-8b36-2d896874d276_jpg.rf.6b9f6441983312376f44ca60eb7b0615.jpg,1,LicensePlate,204,226,133.0,197.0,640,640,license_plate
kaggle_plate_license_recognition,07b9afeb-73e3-4576-8b36-2d896874d276_jpg,valid,07b9afeb-73e3-4576-8b36-2d896874d276_jpg.rf.6fd9449b75034d78ea0eeedb3fe15f59.jpg,1,LicensePlate,204,225,132.0,197.0,640,640,license_plate
kaggle_plate_license_recognition,07b9afeb-73e3-4576-8b36-2d896874d276_jpg,train,07b9afeb-73e3-4576-8b36-2d896874d276_jpg.rf.b47e16a6ea231c54ee8739c94cb502df.jpg,1,LicensePlate,198,204,157.0,251.0,640,640,license_plate
kaggle_plate_license_recognition,07dddc50-6f54-4536-b6e5-c4281d5c80fd_jpg,train,07dddc50-6f54-4536-b6e5-c4281d5c80fd_jpg.rf.41e37080d8587d8d3997e9a40bb10d23.jpg,1,LicensePlate,262,412,102.0,85.0,640,640,license_plate
kaggle_plate_license_recognition,07dddc50-6f54-4536-b6e5-c4281d5c80fd_jpg,train,07dddc50-6f54-4536-b6e5-c4281d5c80fd_jpg.rf.6cda29c236c765bf5415c5d78d8d2faa.jpg,1,LicensePlate,265,411,101.0,102.0,640,640,license_plate
kaggle_plate_license_recognition,0818ee8c-a6c0-4714-b585-6caa812fe645_jpg,valid,0818ee8c-a6c0-4714-b585-6caa812fe645_jpg.rf.384f834a5cbfb9ec57f9a6ef930cfe5c.jpg,1,LicensePlate,439,300,77.0,97.0,640,640,license_plate
kaggle_plate_license_recognition,0818ee8c-a6c0-4714-b585-6caa812fe645_jpg,train,0818ee8c-a6c0-4714-b585-6caa812fe645_jpg.rf.b07196484e4eda33685c53196f0266ca.jpg,1,LicensePlate,439,300,77.0,97.0,640,640,license_plate
kaggle_plate_license_recognition,0818ee8c-a6c0-4714-b585-6caa812fe645_jpg,test,0818ee8c-a6c0-4714-b585-6caa812fe645_jpg.rf.c0b24197ac6944f7227b50fffdb9e034.jpg,1,LicensePlate,439,300,77.0,97.0,640,640,license_plate
kaggle_plate_license_recognition,0818ee8c-a6c0-4714-b585-6caa812fe645_jpg,train,0818ee8c-a6c0-4714-b585-6caa812fe645_jpg.rf.d682fc94b09fe77670a8ba45f7eed12d.jpg,1,LicensePlate,445,312,63.333,72.593,640,640,license_plate
kaggle_plate_license_recognition,081f724c-3e16-4af5-bf2f-11994df747f4_jpg,train,081f724c-3e16-4af5-bf2f-11994df747f4_jpg.rf.35ce22cf00e136ddd0d7aee4d4ef99c6.jpg,1,LicensePlate,335,346,102.0,71.0,640,640,license_plate
kaggle_plate_license_recognition,0844bf15-4c10-4d4a-ad72-fa4d2e9da38a_jpg,train,0844bf15-4c10-4d4a-ad72-fa4d2e9da38a_jpg.rf.0e465a2dcf5540c0f8aa8a18e3b60931.jpg,1,LicensePlate,241,462,175.0,129.0,640,640,license_plate
kaggle_plate_license_recognition,0844bf15-4c10-4d4a-ad72-fa4d2e9da38a_jpg,train,0844bf15-4c10-4d4a-ad72-fa4d2e9da38a_jpg.rf.c73f0a36b99510838b503f9022fd0507.jpg,1,LicensePlate,241,462,175.0,129.0,640,640,license_plate
kaggle_plate_license_recognition,089a4b5e-03f4-4bb5-860c-fd7fdd2624f4_jpg,train,089a4b5e-03f4-4bb5-860c-fd7fdd2624f4_jpg.rf.d97a3d6e427e707f3cd59382a1e71abe.jpg,1,LicensePlate,233,281,106.0,85.0,640,640,license_plate
kaggle_plate_license_recognition,08b9fa30-e0b2-4e32-b5be-a44be31bb115_jpg,train,08b9fa30-e0b2-4e32-b5be-a44be31bb115_jpg.rf.2fd1c694c23d92c4eecd6abc4fb7060d.jpg,1,LicensePlate,273,208,122.0,188.0,640,640,license_plate
kaggle_plate_license_recognition,090248cd-b6f0-4ad5-8ffb-3576f563f321_jpg,train,090248cd-b6f0-4ad5-8ffb-3576f563f321_jpg.rf.917d05f438ce6248bf94f3f06c4f8296.jpg,1,LicensePlate,243,188,129.0,128.0,640,640,license_plate
kaggle_plate_license_recognition,090248cd-b6f0-4ad5-8ffb-3576f563f321_jpg,train,090248cd-b6f0-4ad5-8ffb-3576f563f321_jpg.rf.a2a67fcca670a781836b20b83f6c9219.jpg,1,LicensePlate,243,188,129.0,128.0,640,640,license_plate
kaggle_plate_license_recognition,090248cd-b6f0-4ad5-8ffb-3576f563f321_jpg,test,090248cd-b6f0-4ad5-8ffb-3576f563f321_jpg.rf.e5d2613a97f17cea80a458e24cfea3c0.jpg,1,LicensePlate,243,194,128.0,116.0,640,640,license_plate
kaggle_plate_license_recognition,0904ecf8-dadd-49eb-967a-72cba8250155_jpg,train,0904ecf8-dadd-49eb-967a-72cba8250155_jpg.rf.7276ec76b0b5894707a801745967e9e6.jpg,1,LicensePlate,220,278,118.0,119.0,640,640,license_plate
kaggle_plate_license_recognition,09077a43-76c6-44a1-a79b-7126a0d6d92c_jpg,train,09077a43-76c6-44a1-a79b-7126a0d6d92c_jpg.rf.391f8eb4cb734ac72a65360f575976ff.jpg,1,LicensePlate,189,159,159.0,182.0,640,640,license_plate
kaggle_plate_license_recognition,09077a43-76c6-44a1-a79b-7126a0d6d92c_jpg,train,09077a43-76c6-44a1-a79b-7126a0d6d92c_jpg.rf.c13adb01353d9c454c8c7e5c93c8f3af.jpg,1,LicensePlate,189,159,159.0,182.0,640,640,license_plate
kaggle_plate_license_recognition,09077a43-76c6-44a1-a79b-7126a0d6d92c_jpg,train,09077a43-76c6-44a1-a79b-7126a0d6d92c_jpg.rf.e0ff64e675de97d1be9716b6714264ac.jpg,1,LicensePlate,198,191,142.0,124.0,640,640,license_plate
kaggle_plate_license_recognition,0907aa39-f35c-4b8f-b99e-87b4f498e787_jpg,train,0907aa39-f35c-4b8f-b99e-87b4f498e787_jpg.rf.322d51caab7ebddcf29a11633c0564df.jpg,1,LicensePlate,212,119,184.0,176.0,640,640,license_plate
kaggle_plate_license_recognition,090c97f8-fce5-431c-97c0-5efd90f50865_jpg,train,090c97f8-fce5-431c-97c0-5efd90f50865_jpg.rf.7c34dfcdf9b871a2a6ea380f0904ce75.jpg,1,LicensePlate,218,250,113.0,119.0,640,640,license_plate
kaggle_plate_license_recognition,0922dc4f-f169-49c6-8851-d97892de9684_jpg,valid,0922dc4f-f169-49c6-8851-d97892de9684_jpg.rf.21668dc63daf337bd12dfb55d88fccd2.jpg,1,LicensePlate,213,172,107.0,106.0,640,640,license_plate
kaggle_plate_license_recognition,0922dc4f-f169-49c6-8851-d97892de9684_jpg,train,0922dc4f-f169-49c6-8851-d97892de9684_jpg.rf.bd1d4c47b3fd667eb8a5cfdfce6b8fad.jpg,1,LicensePlate,222,182,88.0,95.0,640,640,license_plate
kaggle_plate_license_recognition,0927ae5d-cab9-441d-8f75-7bffe4e68722_jpg,test,0927ae5d-cab9-441d-8f75-7bffe4e68722_jpg.rf.081a71dcb113d4a3645968dba47fee0c.jpg,1,LicensePlate,244,191,100.0,137.0,640,640,license_plate
kaggle_plate_license_recognition,0927ae5d-cab9-441d-8f75-7bffe4e68722_jpg,train,0927ae5d-cab9-441d-8f75-7bffe4e68722_jpg.rf.ab19a5d02d879d27c8ef0aa9efa313ca.jpg,1,LicensePlate,244,191,101.0,137.0,640,640,license_plate
kaggle_plate_license_recognition,0942e2fc-672f-457b-83fc-9e45fb1fe3cf_jpg,valid,0942e2fc-672f-457b-83fc-9e45fb1fe3cf_jpg.rf.5adb6091d99f8c438da049df640df640.jpg,1,LicensePlate,140,320,77.0,85.0,640,640,license_plate
kaggle_plate_license_recognition,0942e2fc-672f-457b-83fc-9e45fb1fe3cf_jpg,train,0942e2fc-672f-457b-83fc-9e45fb1fe3cf_jpg.rf.e0ab6a801e5f7e6cdb4cfc207f00b266.jpg,1,LicensePlate,141,320,76.0,85.0,640,640,license_plate
kaggle_plate_license_recognition,0978e347-2bd9-4a87-baac-59b665ba49f6_jpg,valid,0978e347-2bd9-4a87-baac-59b665ba49f6_jpg.rf.586d9287bf397f6c3c5a1d745fe13019.jpg,1,LicensePlate,294,236,79.0,138.0,640,640,license_plate
kaggle_plate_license_recognition,0978e347-2bd9-4a87-baac-59b665ba49f6_jpg,valid,0978e347-2bd9-4a87-baac-59b665ba49f6_jpg.rf.88a123639d8a95651d7c5072d4f5b281.jpg,1,LicensePlate,291,227,90.0,150.0,640,640,license_plate
kaggle_plate_license_recognition,09826d0c-a1f9-49c4-8f20-c942adc22ea4_jpg,valid,09826d0c-a1f9-49c4-8f20-c942adc22ea4_jpg.rf.0a35aebd4f584693efef5034b6c08a8b.jpg,1,LicensePlate,213,172,111.0,108.0,640,640,license_plate
kaggle_plate_license_recognition,09826d0c-a1f9-49c4-8f20-c942adc22ea4_jpg,train,09826d0c-a1f9-49c4-8f20-c942adc22ea4_jpg.rf.f65f085a9a4e3bbd24082de99e7053fc.jpg,1,LicensePlate,214,172,110.0,107.0,640,640,license_plate
kaggle_plate_license_recognition,0997fe97-f96f-43a3-8f48-0359b1ee52f9_jpg,train,0997fe97-f96f-43a3-8f48-0359b1ee52f9_jpg.rf.0df2d4bfde2df2af9c87f2aa37bde520.jpg,1,LicensePlate,218,133,183.0,175.0,640,640,license_plate
kaggle_plate_license_recognition,0997fe97-f96f-43a3-8f48-0359b1ee52f9_jpg,train,0997fe97-f96f-43a3-8f48-0359b1ee52f9_jpg.rf.d8b132b618bfe93aca9d243f5486b5e2.jpg,1,LicensePlate,205,101,199.0,226.0,640,640,license_plate
kaggle_plate_license_recognition,0998cb9e-8fcd-4b2d-978b-36a082da14da_jpg,valid,0998cb9e-8fcd-4b2d-978b-36a082da14da_jpg.rf.fdb213b982ec7f25f581bdf1ba9412bd.jpg,1,LicensePlate,222,231,174.0,174.0,640,640,license_plate
kaggle_plate_license_recognition,09aa5d4c-684c-4d88-9810-919c729fd279_jpg,train,09aa5d4c-684c-4d88-9810-919c729fd279_jpg.rf.3e79f5cace5db6f3b2e9ffea41c96396.jpg,1,LicensePlate,276,229,82.0,78.0,640,640,license_plate
kaggle_plate_license_recognition,09aa5d4c-684c-4d88-9810-919c729fd279_jpg,valid,09aa5d4c-684c-4d88-9810-919c729fd279_jpg.rf.8007159715e92195bdbd0da48f61df57.jpg,1,LicensePlate,278,231,82.0,82.0,640,640,license_plate
kaggle_plate_license_recognition,09cdbc90-cba9-401c-b81e-0d8f6922d4b6_jpg,train,09cdbc90-cba9-401c-b81e-0d8f6922d4b6_jpg.rf.73cb84b462950b777030432b2d7a65d9.jpg,1,LicensePlate,233,256,141.0,155.0,640,640,license_plate
kaggle_plate_license_recognition,09cdbc90-cba9-401c-b81e-0d8f6922d4b6_jpg,test,09cdbc90-cba9-401c-b81e-0d8f6922d4b6_jpg.rf.78b5cea334e08fd0918671c61dda5ec1.jpg,1,LicensePlate,244,277,115.0,110.0,640,640,license_plate
kaggle_plate_license_recognition,09cdbc90-cba9-401c-b81e-0d8f6922d4b6_jpg,train,09cdbc90-cba9-401c-b81e-0d8f6922d4b6_jpg.rf.df6639e264677f6ae1637e1abf7bb9ce.jpg,1,LicensePlate,244,277,115.0,110.0,640,640,license_plate
kaggle_plate_license_recognition,09cf1e4e-ca55-41e8-8ddf-a2d3742b4d15_jpg,test,09cf1e4e-ca55-41e8-8ddf-a2d3742b4d15_jpg.rf.76ac5fb6ec6ad485b6027f261f01fd45.jpg,1,LicensePlate,295,176,80.0,96.0,640,640,license_plate
kaggle_plate_license_recognition,09cf1e4e-ca55-41e8-8ddf-a2d3742b4d15_jpg,train,09cf1e4e-ca55-41e8-8ddf-a2d3742b4d15_jpg.rf.ac912189fd1c7eef196114947c805fbd.jpg,1,LicensePlate,300,178,77.0,93.0,640,640,license_plate
kaggle_plate_license_recognition,09d41183-ca84-4ede-99e9-01056bf4c02a_jpg,train,09d41183-ca84-4ede-99e9-01056bf4c02a_jpg.rf.163540fd2d65d699f6df1d9ed1f54b66.jpg,1,LicensePlate,229,282,113.0,97.0,640,640,license_plate
kaggle_plate_license_recognition,09d41183-ca84-4ede-99e9-01056bf4c02a_jpg,valid,09d41183-ca84-4ede-99e9-01056bf4c02a_jpg.rf.40b011d75c36c63143286fd4da167c9a.jpg,1,LicensePlate,229,282,113.0,97.0,640,640,license_plate
kaggle_plate_license_recognition,09d5e3de-536b-4708-8b9f-4f2b9676fd33_jpg,test,09d5e3de-536b-4708-8b9f-4f2b9676fd33_jpg.rf.9b3353ea6528de9cbd90d012ce7da123.jpg,1,LicensePlate,228,256,136.0,141.0,640,640,license_plate
kaggle_plate_license_recognition,09d8990b-23a1-448f-a340-17ffb2c3b488_jpg,valid,09d8990b-23a1-448f-a340-17ffb2c3b488_jpg.rf.191f713ba458893230df92caee750366.jpg,1,LicensePlate,213,271,95.0,91.0,640,640,license_plate
kaggle_plate_license_recognition,09d8990b-23a1-448f-a340-17ffb2c3b488_jpg,train,09d8990b-23a1-448f-a340-17ffb2c3b488_jpg.rf.9f3f856b8d901b408f873a9d76e8534e.jpg,1,LicensePlate,206,254,116.0,122.0,640,640,license_plate
kaggle_plate_license_recognition,09d8990b-23a1-448f-a340-17ffb2c3b488_jpg,train,09d8990b-23a1-448f-a340-17ffb2c3b488_jpg.rf.d101d51439b6aa9fe68b750a5400df17.jpg,1,LicensePlate,206,254,116.0,122.0,640,640,license_plate
kaggle_plate_license_recognition,09d8990b-23a1-448f-a340-17ffb2c3b488_jpg,train,09d8990b-23a1-448f-a340-17ffb2c3b488_jpg.rf.fc61d01248648c4748aeab83b94fe228.jpg,1,LicensePlate,206,254,116.0,122.0,640,640,license_plate
kaggle_plate_license_recognition,0_12_hr_png_jpg,train,0_12_hr_png_jpg.rf.0f99b0e91b7305fe280ef987d3876f59.jpg,1,LicensePlate,172,286,326.0,85.0,640,640,license_plate
kaggle_plate_license_recognition,0_15_hr_png_jpg,valid,0_15_hr_png_jpg.rf.e2da1a36572ea9bb78dbcefc0b0dd3d9.jpg,1,LicensePlate,236,274,166.0,112.0,640,640,license_plate
kaggle_plate_license_recognition,0_19_hr_png_jpg,train,0_19_hr_png_jpg.rf.01b6cf24c71761b6198ca8aad14f7329.jpg,1,LicensePlate,167,265,350.0,175.0,640,640,license_plate
kaggle_plate_license_recognition,0_19_hr_png_jpg,train,0_19_hr_png_jpg.rf.92d47f6deaa6d6c73ff0e37a2c9a11d3.jpg,1,LicensePlate,167,265,350.0,175.0,640,640,license_plate
kaggle_plate_license_recognition,0_22_hr_png_jpg,train,0_22_hr_png_jpg.rf.e1623888c6d2445916bbeb40ec593680.jpg,1,LicensePlate,184,303,247.0,125.0,640,640,license_plate
kaggle_plate_license_recognition,0a0a26ce-fe54-4899-bc7f-0d75233527c5_jpg,train,0a0a26ce-fe54-4899-bc7f-0d75233527c5_jpg.rf.29b150ef1782f47324cc14e88bf3a2c4.jpg,1,LicensePlate,254,223,75.0,72.0,640,640,license_plate
kaggle_plate_license_recognition,0a0a26ce-fe54-4899-bc7f-0d75233527c5_jpg,valid,0a0a26ce-fe54-4899-bc7f-0d75233527c5_jpg.rf.39ba703ea3b98ab9342496fe4bed3002.jpg,1,LicensePlate,254,223,75.0,72.0,640,640,license_plate
kaggle_plate_license_recognition,0a0a26ce-fe54-4899-bc7f-0d75233527c5_jpg,test,0a0a26ce-fe54-4899-bc7f-0d75233527c5_jpg.rf.beb99d4c8e4121312415a08fbd092fea.jpg,1,LicensePlate,258,229,66.0,60.0,640,640,license_plate
kaggle_plate_license_recognition,0a0a26ce-fe54-4899-bc7f-0d75233527c5_jpg,test,0a0a26ce-fe54-4899-bc7f-0d75233527c5_jpg.rf.e0b845c678ee1714857d336bf3380c29.jpg,1,LicensePlate,254,223,75.0,72.0,640,640,license_plate
kaggle_plate_license_recognition,0a2bdc41-3f28-4ea8-b30f-74eebbe8e7ae_jpg,train,0a2bdc41-3f28-4ea8-b30f-74eebbe8e7ae_jpg.rf.b1e1ad6d54df459c329e04b8bb7aea19.jpg,1,LicensePlate,158,210,135.0,123.0,640,640,license_plate
kaggle_plate_license_recognition,0a4ada79-be27-4c1e-8243-31dc9c35c134_jpg,valid,0a4ada79-be27-4c1e-8243-31dc9c35c134_jpg.rf.12f93bd519581c0ce030161d106be67b.jpg,1,LicensePlate,176,293,205.0,203.0,640,640,license_plate
kaggle_plate_license_recognition,0a4ada79-be27-4c1e-8243-31dc9c35c134_jpg,valid,0a4ada79-be27-4c1e-8243-31dc9c35c134_jpg.rf.a71819c71539e0624632986a0ba3352d.jpg,1,LicensePlate,179,315,188.0,173.0,640,640,license_plate
kaggle_plate_license_recognition,0a7512fb-29e3-4168-a064-aeeff447574d_jpg,test,0a7512fb-29e3-4168-a064-aeeff447574d_jpg.rf.cbc30801f3101d0f066d94b38ec58bd1.jpg,1,LicensePlate,293,268,106.0,106.0,640,640,license_plate
kaggle_plate_license_recognition,0a7512fb-29e3-4168-a064-aeeff447574d_jpg,valid,0a7512fb-29e3-4168-a064-aeeff447574d_jpg.rf.f5618195e07dca2b2f71e90e9f1846a6.jpg,1,LicensePlate,295,271,101.0,94.0,640,640,license_plate
kaggle_plate_license_recognition,0a833c1b-9dad-4250-bbe8-ede56ee6e03c_jpg,train,0a833c1b-9dad-4250-bbe8-ede56ee6e03c_jpg.rf.63fab773ea12da6db17e1c30afd746c7.jpg,1,LicensePlate,205,217,181.0,294.0,640,640,license_plate
kaggle_plate_license_recognition,0a833c1b-9dad-4250-bbe8-ede56ee6e03c_jpg,train,0a833c1b-9dad-4250-bbe8-ede56ee6e03c_jpg.rf.8e5ab3f5c21a509bb2312dfd1fcde923.jpg,1,LicensePlate,205,217,181.0,294.0,640,640,license_plate
kaggle_plate_license_recognition,0aa74853-a1c3-44a4-b308-354c933988aa_jpg,train,0aa74853-a1c3-44a4-b308-354c933988aa_jpg.rf.680c90067fbd26f11b0e846122aa24fb.jpg,1,LicensePlate,261,478,105.0,119.0,640,640,license_plate
kaggle_plate_license_recognition,0aa91640-eb86-4d44-9a5c-b65b90dbe97a_jpg,train,0aa91640-eb86-4d44-9a5c-b65b90dbe97a_jpg.rf.51dff357c8e67f990c5d2b9563f4fbf7.jpg,1,LicensePlate,245,201,176.0,206.0,640,640,license_plate
kaggle_plate_license_recognition,0ab37b31-a9e1-4943-81cd-aae4e7198026_jpg,train,0ab37b31-a9e1-4943-81cd-aae4e7198026_jpg.rf.1012ba03d1c71f2e54892a718e9f91fa.jpg,1,LicensePlate,214,182,109.0,99.0,640,640,license_plate
kaggle_plate_license_recognition,0ab37b31-a9e1-4943-81cd-aae4e7198026_jpg,train,0ab37b31-a9e1-4943-81cd-aae4e7198026_jpg.rf.58169583a9df7c2c040bf4226ba0d300.jpg,1,LicensePlate,211,191,113.0,88.0,640,640,license_plate
kaggle_plate_license_recognition,0ab37b31-a9e1-4943-81cd-aae4e7198026_jpg,train,0ab37b31-a9e1-4943-81cd-aae4e7198026_jpg.rf.5d931a586c1b612667185e494cda1c00.jpg,1,LicensePlate,214,182,109.0,99.0,640,640,license_plate
kaggle_plate_license_recognition,0ab47076-3456-4314-9d81-a32a80169984_jpg,train,0ab47076-3456-4314-9d81-a32a80169984_jpg.rf.27c5dad0c00ac5c3eb04b4beabdb40ca.jpg,1,LicensePlate,413,356,71.0,74.0,640,640,license_plate
kaggle_plate_license_recognition,0ab47076-3456-4314-9d81-a32a80169984_jpg,train,0ab47076-3456-4314-9d81-a32a80169984_jpg.rf.7508ff19c2beb4598c4fcd266104c67a.jpg,1,LicensePlate,414,356,70.0,74.0,640,640,license_plate
kaggle_plate_license_recognition,0ab6ad04-0e68-4061-999a-1b47475c22a5_jpg,train,0ab6ad04-0e68-4061-999a-1b47475c22a5_jpg.rf.11b110fb72450e7bb4fb4034e9ef94e1.jpg,1,LicensePlate,294,234,79.0,138.0,640,640,license_plate
kaggle_plate_license_recognition,0ab6ad04-0e68-4061-999a-1b47475c22a5_jpg,test,0ab6ad04-0e68-4061-999a-1b47475c22a5_jpg.rf.4d59e7d6f8a597b56a8db0d32f45899e.jpg,1,LicensePlate,294,234,79.0,138.0,640,640,license_plate
kaggle_plate_license_recognition,0ab6ad04-0e68-4061-999a-1b47475c22a5_jpg,train,0ab6ad04-0e68-4061-999a-1b47475c22a5_jpg.rf.7bb6a135745e6b6deb16fcc8445db05f.jpg,1,LicensePlate,294,234,79.0,139.0,640,640,license_plate
kaggle_plate_license_recognition,0af2e6a3-4ea7-4ab6-a4ab-8382b8533375_jpg,train,0af2e6a3-4ea7-4ab6-a4ab-8382b8533375_jpg.rf.061864c66aac348378928e1b3d3b896f.jpg,1,LicensePlate,401,344,90.0,93.0,640,640,license_plate
kaggle_plate_license_recognition,0af2e6a3-4ea7-4ab6-a4ab-8382b8533375_jpg,train,0af2e6a3-4ea7-4ab6-a4ab-8382b8533375_jpg.rf.19a61b65418974878bcd1927add1dec0.jpg,1,LicensePlate,401,344,90.0,93.0,640,640,license_plate
kaggle_plate_license_recognition,0af39d30-64c3-44f7-a5de-2ea676f02381_jpg,test,0af39d30-64c3-44f7-a5de-2ea676f02381_jpg.rf.1169dbade98c5db515bf0ebe7a5862d0.jpg,1,LicensePlate,259,230,149.0,143.0,640,640,license_plate
kaggle_plate_license_recognition,0af39d30-64c3-44f7-a5de-2ea676f02381_jpg,valid,0af39d30-64c3-44f7-a5de-2ea676f02381_jpg.rf.7795449f1dbaea73bd5f803af20844d0.jpg,1,LicensePlate,259,229,149.0,145.0,640,640,license_plate
kaggle_plate_license_recognition,0b00249f-96cd-4852-b9a5-5701f81d9f62_jpg,train,0b00249f-96cd-4852-b9a5-5701f81d9f62_jpg.rf.52d40b5e8a51d9c50867227c186a082b.jpg,1,LicensePlate,242,340,51.0,55.0,640,640,license_plate
kaggle_plate_license_recognition,0b684845-8284-4015-bd84-2495db69eea1_jpg,valid,0b684845-8284-4015-bd84-2495db69eea1_jpg.rf.78288c9b54cf8642acda6c258cb6eec6.jpg,1,LicensePlate,217,456,118.0,107.0,640,640,license_plate
kaggle_plate_license_recognition,0b684845-8284-4015-bd84-2495db69eea1_jpg,train,0b684845-8284-4015-bd84-2495db69eea1_jpg.rf.daff96b71976f7cac0243ebd5e428541.jpg,1,LicensePlate,231,468,91.0,79.0,640,640,license_plate
kaggle_plate_license_recognition,0b8e31b4-fa34-4b55-81c6-10e0daa248a8_jpg,test,0b8e31b4-fa34-4b55-81c6-10e0daa248a8_jpg.rf.9d55841363842ffab3fb4216cc7a3ce2.jpg,1,LicensePlate,287,320,77.0,70.0,640,640,license_plate
kaggle_plate_license_recognition,0baafb32-0841-422f-ae14-ef5c9b7c2dee_jpg,train,0baafb32-0841-422f-ae14-ef5c9b7c2dee_jpg.rf.062fdc62e642ef017a0ed16bfaa6aadf.jpg,1,LicensePlate,288,255,59.0,58.0,640,640,license_plate
kaggle_plate_license_recognition,0bae52ad-a0c4-4cca-91bb-1fc71c0d24c5_jpg,valid,0bae52ad-a0c4-4cca-91bb-1fc71c0d24c5_jpg.rf.0ddfdc9eb9876ef790e982140725d3d6.jpg,1,LicensePlate,229,208,148.0,183.0,640,640,license_plate
kaggle_plate_license_recognition,0bae52ad-a0c4-4cca-91bb-1fc71c0d24c5_jpg,train,0bae52ad-a0c4-4cca-91bb-1fc71c0d24c5_jpg.rf.ab1365c07da960fbccf4135b6178f05d.jpg,1,LicensePlate,214,184,175.0,223.0,640,640,license_plate
kaggle_plate_license_recognition,0bc938ee-0844-428f-98fb-0a99397c93dd_jpg,train,0bc938ee-0844-428f-98fb-0a99397c93dd_jpg.rf.3c58c50a011eb9d38d097f061d7fb16d.jpg,1,LicensePlate,238,197,113.0,140.0,640,640,license_plate
kaggle_plate_license_recognition,0bf9cfd5-2bf2-4c39-b116-3aa6016c1b93_jpg,train,0bf9cfd5-2bf2-4c39-b116-3aa6016c1b93_jpg.rf.b632bb0af5dbbe07df6c52cf119e461f.jpg,1,LicensePlate,231,225,161.0,178.0,640,640,license_plate
kaggle_plate_license_recognition,0bf9cfd5-2bf2-4c39-b116-3aa6016c1b93_jpg,train,0bf9cfd5-2bf2-4c39-b116-3aa6016c1b93_jpg.rf.db1cbec4ba85137dda04f2122ece88a6.jpg,1,LicensePlate,240,249,133.0,129.0,640,640,license_plate
kaggle_plate_license_recognition,0c0505d1-d3b3-4d54-b18d-ea2eaee9386d_jpg,train,0c0505d1-d3b3-4d54-b18d-ea2eaee9386d_jpg.rf.d32b1221e26a891031b9993df87c268d.jpg,1,LicensePlate,245,351,53.0,51.0,640,640,license_plate
kaggle_plate_license_recognition,0c0505d1-d3b3-4d54-b18d-ea2eaee9386d_jpg,train,0c0505d1-d3b3-4d54-b18d-ea2eaee9386d_jpg.rf.d32b1221e26a891031b9993df87c268d.jpg,2,LicensePlate,538,236,22.0,28.0,640,640,license_plate
kaggle_plate_license_recognition,0c090580-6358-4605-aba1-9d4608154de2_jpg,train,0c090580-6358-4605-aba1-9d4608154de2_jpg.rf.490650e0ad942318cc4f4957e2567149.jpg,1,LicensePlate,264,313,71.0,69.0,640,640,license_plate
kaggle_plate_license_recognition,0c514644-5fd8-475c-b6d0-43436399c59d_jpg,train,0c514644-5fd8-475c-b6d0-43436399c59d_jpg.rf.17f848b019653677167fc248011fbe89.jpg,1,LicensePlate,222,237,181.0,169.0,640,640,license_plate
kaggle_plate_license_recognition,0c514644-5fd8-475c-b6d0-43436399c59d_jpg,train,0c514644-5fd8-475c-b6d0-43436399c59d_jpg.rf.78a74cb3586eeef924eaa70fac861ad2.jpg,1,LicensePlate,206,218,212.0,203.0,640,640,license_plate
kaggle_plate_license_recognition,0c514644-5fd8-475c-b6d0-43436399c59d_jpg,test,0c514644-5fd8-475c-b6d0-43436399c59d_jpg.rf.9bc1ef40f8916522b132c47dc9fe615c.jpg,1,LicensePlate,222,237,181.0,169.0,640,640,license_plate
kaggle_plate_license_recognition,0c514644-5fd8-475c-b6d0-43436399c59d_jpg,train,0c514644-5fd8-475c-b6d0-43436399c59d_jpg.rf.9c54610c9b2daeac791a360ae4b15115.jpg,1,LicensePlate,224,233,171.0,169.0,640,640,license_plate
kaggle_plate_license_recognition,0c570f3d-1643-4531-8d3c-6ffcb3fd6487_jpg,train,0c570f3d-1643-4531-8d3c-6ffcb3fd6487_jpg.rf.4e9a7674285502f811f2ef1441079749.jpg,1,LicensePlate,243,234,106.0,111.0,640,640,license_plate
kaggle_plate_license_recognition,0c6354e9-6668-4351-92ea-0d9a81f6e5e6_jpg,train,0c6354e9-6668-4351-92ea-0d9a81f6e5e6_jpg.rf.84bdf870803a47acd8942414da9d82aa.jpg,1,LicensePlate,230,267,93.0,89.0,640,640,license_plate
kaggle_plate_license_recognition,0c66200c-90bc-49a8-a560-db684298057b_jpg,valid,0c66200c-90bc-49a8-a560-db684298057b_jpg.rf.2266212988fa2e2c4d59a8c9ed75b6bb.jpg,1,LicensePlate,209,184,241.0,244.0,640,640,license_plate
kaggle_plate_license_recognition,0c66200c-90bc-49a8-a560-db684298057b_jpg,train,0c66200c-90bc-49a8-a560-db684298057b_jpg.rf.91afa0805b8761e8122ea9afbdd1d08c.jpg,1,LicensePlate,218,208,219.0,197.0,640,640,license_plate
kaggle_plate_license_recognition,0c66200c-90bc-49a8-a560-db684298057b_jpg,train,0c66200c-90bc-49a8-a560-db684298057b_jpg.rf.995e99bacc55607c7575361e9a2be4d6.jpg,1,LicensePlate,218,208,219.0,197.0,640,640,license_plate
kaggle_plate_license_recognition,0c721292-8fb5-4461-9afc-e9cab1bc6c83_jpg,test,0c721292-8fb5-4461-9afc-e9cab1bc6c83_jpg.rf.2878610e264d155d4f551dc4bbe00ddd.jpg,1,LicensePlate,255,458,63.0,60.0,640,640,license_plate
kaggle_plate_license_recognition,0c721292-8fb5-4461-9afc-e9cab1bc6c83_jpg,train,0c721292-8fb5-4461-9afc-e9cab1bc6c83_jpg.rf.e0c136f9e8643bf8783c4cc3d7659561.jpg,1,LicensePlate,248,444,83.0,91.0,640,640,license_plate
kaggle_plate_license_recognition,0c73139e-9b6b-483a-8363-1bd40a904489_jpg,test,0c73139e-9b6b-483a-8363-1bd40a904489_jpg.rf.a027b740598799a51d99d27f8ae34faa.jpg,1,LicensePlate,222,205,219.0,194.0,640,640,license_plate
kaggle_plate_license_recognition,0c82cb85-5522-45a7-a130-5e3479f8c800_jpg,valid,0c82cb85-5522-45a7-a130-5e3479f8c800_jpg.rf.5c096d6d50d1255ed143c310964ae6dc.jpg,1,LicensePlate,291,258,57.0,56.0,640,640,license_plate
kaggle_plate_license_recognition,0c82f9fc-0288-4293-afec-20bcd8d1a8da_jpg,train,0c82f9fc-0288-4293-afec-20bcd8d1a8da_jpg.rf.0226f6dce6d17fd1dc41ff54046e8789.jpg,1,LicensePlate,356,310,133.333,174.815,640,640,license_plate
kaggle_plate_license_recognition,0c82f9fc-0288-4293-afec-20bcd8d1a8da_jpg,train,0c82f9fc-0288-4293-afec-20bcd8d1a8da_jpg.rf.15dd30e484bb57876aa4fd6bbed7be5f.jpg,1,LicensePlate,353,320,147.0,146.0,640,640,license_plate
kaggle_plate_license_recognition,0cc12d2b-8c6c-4674-9def-d3cd3bf551f6_jpg,train,0cc12d2b-8c6c-4674-9def-d3cd3bf551f6_jpg.rf.7ae798121e2c547744c2ff6697cef94f.jpg,1,LicensePlate,252,243,174.0,201.0,640,640,license_plate
kaggle_plate_license_recognition,0ccd6b18-705e-48f3-b0df-0cb4797bc515_jpg,train,0ccd6b18-705e-48f3-b0df-0cb4797bc515_jpg.rf.0f0098b0d7698e36be8dde4cf1a4cb5d.jpg,1,LicensePlate,275,287,85.0,91.0,640,640,license_plate
kaggle_plate_license_recognition,0ccd6b18-705e-48f3-b0df-0cb4797bc515_jpg,valid,0ccd6b18-705e-48f3-b0df-0cb4797bc515_jpg.rf.194b2d4abd34c782f6c4bae138905e77.jpg,1,LicensePlate,275,287,85.0,91.0,640,640,license_plate
kaggle_plate_license_recognition,0ccd6b18-705e-48f3-b0df-0cb4797bc515_jpg,train,0ccd6b18-705e-48f3-b0df-0cb4797bc515_jpg.rf.863c2b061a00ff913cb543a7ffd0d62e.jpg,1,LicensePlate,268,272,98.0,114.0,640,640,license_plate
kaggle_plate_license_recognition,0cfcf734-1182-4404-9d50-1602f2204ec8_jpg,valid,0cfcf734-1182-4404-9d50-1602f2204ec8_jpg.rf.15fc913340a21d020ea2cd37fded565c.jpg,1,LicensePlate,348,262,106.0,96.0,640,640,license_plate
kaggle_plate_license_recognition,0d0564d8-62c4-46d6-9c1b-38abb4ad78d6_jpg,train,0d0564d8-62c4-46d6-9c1b-38abb4ad78d6_jpg.rf.3b1e52a92c2f60fb6cef4e288b6bb89c.jpg,1,LicensePlate,289,341,56.0,59.0,640,640,license_plate
kaggle_plate_license_recognition,0d0564d8-62c4-46d6-9c1b-38abb4ad78d6_jpg,train,0d0564d8-62c4-46d6-9c1b-38abb4ad78d6_jpg.rf.8931bc0419799ba10944ac958a2be709.jpg,1,LicensePlate,285,344,68.0,62.0,640,640,license_plate
kaggle_plate_license_recognition,0d0564d8-62c4-46d6-9c1b-38abb4ad78d6_jpg,train,0d0564d8-62c4-46d6-9c1b-38abb4ad78d6_jpg.rf.c3a8ff5714d985f14d14351fba574169.jpg,1,LicensePlate,285,344,68.0,62.0,640,640,license_plate
kaggle_plate_license_recognition,0d056ff0-c51e-48af-b9a8-9a01613480b3_jpg,valid,0d056ff0-c51e-48af-b9a8-9a01613480b3_jpg.rf.9849ab8ac57de5c61e3d33ff50fec0f4.jpg,1,LicensePlate,175,289,202.0,213.0,640,640,license_plate
kaggle_plate_license_recognition,0d056ff0-c51e-48af-b9a8-9a01613480b3_jpg,train,0d056ff0-c51e-48af-b9a8-9a01613480b3_jpg.rf.bf0a932f92c342ada3e1cad8ff05772c.jpg,1,LicensePlate,183,307,184.0,177.0,640,640,license_plate
kaggle_plate_license_recognition,0d056ff0-c51e-48af-b9a8-9a01613480b3_jpg,train,0d056ff0-c51e-48af-b9a8-9a01613480b3_jpg.rf.e35540894298f783a1f258555353b2b0.jpg,1,LicensePlate,178,291,198.0,210.0,640,640,license_plate
kaggle_plate_license_recognition,0d3da2fb-1b05-4f1f-a740-6822ed0bce20_jpg,train,0d3da2fb-1b05-4f1f-a740-6822ed0bce20_jpg.rf.5af3b48ee6a5a1aace32fa3ddefb1b66.jpg,1,LicensePlate,244,268,62.0,57.0,640,640,license_plate
kaggle_plate_license_recognition,0d88e0e6-4914-4a69-9383-1a1b31762ea1_jpg,train,0d88e0e6-4914-4a69-9383-1a1b31762ea1_jpg.rf.9040705374e04378c71aa8f6a87e18de.jpg,1,LicensePlate,227,212,151.0,164.0,640,640,license_plate
kaggle_plate_license_recognition,0da5d8bc-b4ee-4ed4-abd6-35737e89eb14_jpg,train,0da5d8bc-b4ee-4ed4-abd6-35737e89eb14_jpg.rf.f7cf9205d86343645d589883cbff493f.jpg,1,LicensePlate,251,445,75.0,84.0,640,640,license_plate
kaggle_plate_license_recognition,0dc72cde-2c7c-4ac8-8b04-187914f68f2b_jpg,train,0dc72cde-2c7c-4ac8-8b04-187914f68f2b_jpg.rf.52abcee1d680dc2ab383d2d9e2ac43bf.jpg,1,LicensePlate,286,252,61.0,57.0,640,640,license_plate
kaggle_plate_license_recognition,0dc72cde-2c7c-4ac8-8b04-187914f68f2b_jpg,train,0dc72cde-2c7c-4ac8-8b04-187914f68f2b_jpg.rf.af145bf919ac114475972dd8b1c8e767.jpg,1,LicensePlate,288,251,57.0,60.0,640,640,license_plate
kaggle_plate_license_recognition,0df07f67-50f0-4730-bab8-576ad26b6ee9_jpg,train,0df07f67-50f0-4730-bab8-576ad26b6ee9_jpg.rf.200e1ed4615f44cb869dbee3bafe873d.jpg,1,LicensePlate,270,268,80.0,68.0,640,640,license_plate
kaggle_plate_license_recognition,0df07f67-50f0-4730-bab8-576ad26b6ee9_jpg,train,0df07f67-50f0-4730-bab8-576ad26b6ee9_jpg.rf.3b9ece249fb04fc1164eb5a13ba337b7.jpg,1,LicensePlate,270,268,80.0,68.0,640,640,license_plate
kaggle_plate_license_recognition,0df9ddce-e86d-4832-9982-3af0336137ad_jpg,valid,0df9ddce-e86d-4832-9982-3af0336137ad_jpg.rf.05d89d8ac3bbfdaf7b7850e67e6edbd2.jpg,1,LicensePlate,242,202,131.0,125.0,640,640,license_plate
kaggle_plate_license_recognition,0df9ddce-e86d-4832-9982-3af0336137ad_jpg,train,0df9ddce-e86d-4832-9982-3af0336137ad_jpg.rf.9b84c4fe26c57e4cf653bc7bde5814ad.jpg,1,LicensePlate,242,201,130.0,125.0,640,640,license_plate
kaggle_plate_license_recognition,0df9ddce-e86d-4832-9982-3af0336137ad_jpg,valid,0df9ddce-e86d-4832-9982-3af0336137ad_jpg.rf.bc0f318f458a6f182af23570d25e66c2.jpg,1,LicensePlate,245,188,133.0,125.0,640,640,license_plate
kaggle_plate_license_recognition,0e1f8f89-3cac-4221-b1d2-d28da44c49e4_jpg,train,0e1f8f89-3cac-4221-b1d2-d28da44c49e4_jpg.rf.0b1dca60750c5c65683b814c17f8c6e9.jpg,1,LicensePlate,236,182,146.0,131.0,640,640,license_plate
kaggle_plate_license_recognition,0e1f8f89-3cac-4221-b1d2-d28da44c49e4_jpg,train,0e1f8f89-3cac-4221-b1d2-d28da44c49e4_jpg.rf.33ff311a4da25700f1dc20db4f02e0b3.jpg,1,LicensePlate,234,181,151.0,136.0,640,640,license_plate
kaggle_plate_license_recognition,0e1f8f89-3cac-4221-b1d2-d28da44c49e4_jpg,test,0e1f8f89-3cac-4221-b1d2-d28da44c49e4_jpg.rf.e370fc0884c1c97626f4484f545833a3.jpg,1,LicensePlate,234,181,151.0,136.0,640,640,license_plate
kaggle_plate_license_recognition,0e221ec5-6706-4af2-9e42-fbb71851257c_jpg,train,0e221ec5-6706-4af2-9e42-fbb71851257c_jpg.rf.185ebdcaa042e3a5a0e9591dd57178df.jpg,1,LicensePlate,255,223,103.0,113.0,640,640,license_plate
kaggle_plate_license_recognition,0e221ec5-6706-4af2-9e42-fbb71851257c_jpg,train,0e221ec5-6706-4af2-9e42-fbb71851257c_jpg.rf.3d3106c1892d963ff1e48f29d7370805.jpg,1,LicensePlate,255,223,103.0,113.0,640,640,license_plate
kaggle_plate_license_recognition,0e221ec5-6706-4af2-9e42-fbb71851257c_jpg,train,0e221ec5-6706-4af2-9e42-fbb71851257c_jpg.rf.a990c3983de706192cb817a2c3f7a668.jpg,1,LicensePlate,261,222,93.0,107.0,640,640,license_plate
kaggle_plate_license_recognition,0e221ec5-6706-4af2-9e42-fbb71851257c_jpg,valid,0e221ec5-6706-4af2-9e42-fbb71851257c_jpg.rf.cad19e498bd7501ff818bb014d3816f8.jpg,1,LicensePlate,255,223,103.0,113.0,640,640,license_plate
kaggle_plate_license_recognition,0e28f9be-0ca4-456e-9e1f-2b3d5f0b49d3_jpg,train,0e28f9be-0ca4-456e-9e1f-2b3d5f0b49d3_jpg.rf.0aac14049465eb75b80b491a445ee43f.jpg,1,LicensePlate,195,179,145.0,141.0,640,640,license_plate
kaggle_plate_license_recognition,0e40616d-3f31-4621-bf7c-038fa27e0fd5_jpg,valid,0e40616d-3f31-4621-bf7c-038fa27e0fd5_jpg.rf.c2ebe5d168e2fd4e631a70222ae7ed27.jpg,1,LicensePlate,166,169,213.0,206.0,640,640,license_plate
kaggle_plate_license_recognition,0e781d61-e061-492c-a66c-d80616b5ae6e_jpg,train,0e781d61-e061-492c-a66c-d80616b5ae6e_jpg.rf.3905cb81e671846f7f2f29324429b976.jpg,1,LicensePlate,235,191,113.0,134.0,640,640,license_plate
kaggle_plate_license_recognition,0e97554e-4742-42e9-8be9-096fbe16aa03_jpg,test,0e97554e-4742-42e9-8be9-096fbe16aa03_jpg.rf.4e4dc40c75140a80531380ed78cbdabb.jpg,1,LicensePlate,201,271,161.0,148.0,640,640,license_plate
kaggle_plate_license_recognition,0ea1b423-577d-4b28-a820-16332c647cb9_jpg,train,0ea1b423-577d-4b28-a820-16332c647cb9_jpg.rf.894cfb46bdf042d632927d07cc27ca7a.jpg,1,LicensePlate,228,178,136.0,177.0,640,640,license_plate
kaggle_plate_license_recognition,0f367e41-dd0d-4695-96a3-635fbf94e73e_jpg,train,0f367e41-dd0d-4695-96a3-635fbf94e73e_jpg.rf.076f21fd97cadeab24aa3e3724802a17.jpg,1,LicensePlate,149,197,210.0,243.0,640,640,license_plate
kaggle_plate_license_recognition,0f367e41-dd0d-4695-96a3-635fbf94e73e_jpg,train,0f367e41-dd0d-4695-96a3-635fbf94e73e_jpg.rf.71e286eafda366e552b8a2ce702e19d1.jpg,1,LicensePlate,134,175,242.0,270.0,640,640,license_plate
kaggle_plate_license_recognition,0f367e41-dd0d-4695-96a3-635fbf94e73e_jpg,valid,0f367e41-dd0d-4695-96a3-635fbf94e73e_jpg.rf.ac5dc77fb1517fa5203c1dafd3f3b24a.jpg,1,LicensePlate,149,197,210.0,243.0,640,640,license_plate
kaggle_plate_license_recognition,0f7a47da-f799-476a-9873-31c278c5f9a5_jpg,train,0f7a47da-f799-476a-9873-31c278c5f9a5_jpg.rf.f7cf6abf5ffa8cafeb5ab93b5793eeb0.jpg,1,LicensePlate,217,138,194.0,169.0,640,640,license_plate
kaggle_plate_license_recognition,0f7f4f92-5a87-4272-9621-5eece0b32bd0_jpg,valid,0f7f4f92-5a87-4272-9621-5eece0b32bd0_jpg.rf.ea359f3827338810e9e381bc681ce442.jpg,1,LicensePlate,225,171,85.0,93.0,640,640,license_plate
kaggle_plate_license_recognition,0fc545ce-6973-47d5-8209-a0521cccaafe_jpg,valid,0fc545ce-6973-47d5-8209-a0521cccaafe_jpg.rf.84e501375bd70f8d6b8327f0e9e23839.jpg,1,LicensePlate,267,244,139.0,131.0,640,640,license_plate
kaggle_plate_license_recognition,0fc545ce-6973-47d5-8209-a0521cccaafe_jpg,train,0fc545ce-6973-47d5-8209-a0521cccaafe_jpg.rf.d3358210d140b09e7769eda3e6085078.jpg,1,LicensePlate,266,247,141.0,123.0,640,640,license_plate
kaggle_plate_license_recognition,0fe53fa2-0975-43a9-9c5e-6001fa84298f_jpg,train,0fe53fa2-0975-43a9-9c5e-6001fa84298f_jpg.rf.08a00132abbe6b50e7a105035b76f539.jpg,1,LicensePlate,220,286,121.0,110.0,640,640,license_plate
kaggle_plate_license_recognition,0fe53fa2-0975-43a9-9c5e-6001fa84298f_jpg,train,0fe53fa2-0975-43a9-9c5e-6001fa84298f_jpg.rf.99679281f7ee0d27e779a9c854f97929.jpg,1,LicensePlate,220,287,122.0,109.0,640,640,license_plate
kaggle_plate_license_recognition,0ff7c353-56ed-46fb-a5d9-44042051fe86_jpg,train,0ff7c353-56ed-46fb-a5d9-44042051fe86_jpg.rf.0c1b03e97fd1761a0acf168cf794b7a7.jpg,1,LicensePlate,214,184,88.0,92.0,640,640,license_plate
kaggle_plate_license_recognition,0ff7c353-56ed-46fb-a5d9-44042051fe86_jpg,train,0ff7c353-56ed-46fb-a5d9-44042051fe86_jpg.rf.18fd29b2d35914926c7e40f72e114f5c.jpg,1,LicensePlate,207,177,109.0,112.0,640,640,license_plate
kaggle_plate_license_recognition,0h288a1h6gna1_jpg,train,0h288a1h6gna1_jpg.rf.8511bb7b75d8ea7e583d7d485eebd55f.jpg,1,LicensePlate,246,309,119.684,89.669,640,640,license_plate
kaggle_plate_license_recognition,0h288a1h6gna1_jpg,train,0h288a1h6gna1_jpg.rf.f0fd3dd757a2480ddea4579fa90544c3.jpg,1,LicensePlate,246,309,118.978,88.113,640,640,license_plate
kaggle_plate_license_recognition,0wa1p1qvveoa1_jpg,train,0wa1p1qvveoa1_jpg.rf.68dde0b54bb8f853a4d554c729690a72.jpg,1,LicensePlate,171,373,80.735,51.719,640,640,license_plate
kaggle_plate_license_recognition,102c956b-4dc3-40a2-bda6-ee0341406047_jpg,test,102c956b-4dc3-40a2-bda6-ee0341406047_jpg.rf.5e3e9b304b33e0fe7ea794a7899d71eb.jpg,1,LicensePlate,224,153,134.0,169.0,640,640,license_plate
kaggle_plate_license_recognition,102c956b-4dc3-40a2-bda6-ee0341406047_jpg,valid,102c956b-4dc3-40a2-bda6-ee0341406047_jpg.rf.b1ef078d18ac3e2b2ae4e83b8c4e5ecf.jpg,1,LicensePlate,224,153,134.0,169.0,640,640,license_plate
kaggle_plate_license_recognition,105917c4-a3b8-4b9f-a79d-6218056c5e70_jpg,train,105917c4-a3b8-4b9f-a79d-6218056c5e70_jpg.rf.6ac2e7d311bfe0c47a47b5f809270360.jpg,1,LicensePlate,287,319,82.0,73.0,640,640,license_plate
kaggle_plate_license_recognition,105917c4-a3b8-4b9f-a79d-6218056c5e70_jpg,train,105917c4-a3b8-4b9f-a79d-6218056c5e70_jpg.rf.a70b55118bc3c2904570cea840eedaa9.jpg,1,LicensePlate,288,312,79.0,85.0,640,640,license_plate
kaggle_plate_license_recognition,105c5381-5cd3-4bcd-b8bd-2dc8c66c9e20_jpg,train,105c5381-5cd3-4bcd-b8bd-2dc8c66c9e20_jpg.rf.27cd9d088a6606b332877f006afe2d40.jpg,1,LicensePlate,202,84,111.0,111.0,640,640,license_plate
kaggle_plate_license_recognition,105c5381-5cd3-4bcd-b8bd-2dc8c66c9e20_jpg,train,105c5381-5cd3-4bcd-b8bd-2dc8c66c9e20_jpg.rf.4463d6545b82c145a7f6fb00475a3491.jpg,1,LicensePlate,200,75,131.0,136.0,640,640,license_plate
kaggle_plate_license_recognition,130_0014_jpg,train,130_0014_jpg.rf.f1919ab28d0b9431e0cb7b74ce95d954.jpg,1,LicensePlate,250,277,160.0,100.0,640,640,license_plate
kaggle_plate_license_recognition,130_0018_jpg,train,130_0018_jpg.rf.9bd6f18892846b95b7bbc7ecca1afc01.jpg,1,LicensePlate,305,250,206.0,149.0,640,640,license_plate
kaggle_plate_license_recognition,130_0018_jpg,valid,130_0018_jpg.rf.f91dd9716f7af63cad8b404bf6b21f91.jpg,1,LicensePlate,305,250,206.0,149.0,640,640,license_plate
kaggle_plate_license_recognition,130_0056_jpg,train,130_0056_jpg.rf.786ee8e36b161fc57898d72c9c89af52.jpg,1,LicensePlate,145,366,351.0,242.0,640,640,license_plate
kaggle_plate_license_recognition,19gl841j49na1_jpg,train,19gl841j49na1_jpg.rf.81ef1b3a910bb70705d855eae397688c.jpg,1,LicensePlate,217,338,117.75,75.882,640,640,license_plate
kaggle_plate_license_recognition,19gl841j49na1_jpg,test,19gl841j49na1_jpg.rf.86c8c9bd121e02c01bd6ae33ec81800f.jpg,1,LicensePlate,224,334,131.055,100.425,640,640,license_plate
kaggle_plate_license_recognition,1k9uinoun9ha1_jpg,test,1k9uinoun9ha1_jpg.rf.1a35ac65df068a9c0da71a0edc88d714.jpg,1,LicensePlate,251,291,116.02,72.7,640,640,license_plate
kaggle_plate_license_recognition,1msfk054tmha1_jpg,valid,1msfk054tmha1_jpg.rf.00ae3d7fda306471fa32007f4e3e6b95.jpg,1,LicensePlate,257,407,71.545,41.18,640,640,license_plate
kaggle_plate_license_recognition,1msfk054tmha1_jpg,test,1msfk054tmha1_jpg.rf.884c53ba7f26c2ee8713a054595c5fb5.jpg,1,LicensePlate,235,398,72.601,43.945,640,640,license_plate
kaggle_plate_license_recognition,1msfk054tmha1_jpg,train,1msfk054tmha1_jpg.rf.9cb38f229334e3bdf45f83b5be481023.jpg,1,LicensePlate,245,405,70.0,38.217,640,640,license_plate
kaggle_plate_license_recognition,1msfk054tmha1_jpg,test,1msfk054tmha1_jpg.rf.c86cb6aeda4751c456059cc351cbff74.jpg,1,LicensePlate,245,405,70.0,38.217,640,640,license_plate
kaggle_plate_license_recognition,1msfk054tmha1_jpg,train,1msfk054tmha1_jpg.rf.cd7b8d3166457767fbdfa0a8db449467.jpg,1,LicensePlate,245,405,70.0,38.217,640,640,license_plate
kaggle_plate_license_recognition,1qbox1dtstna1_jpg,valid,1qbox1dtstna1_jpg.rf.2b2773da3674e585d328f5a0dfb820d6.jpg,1,LicensePlate,205,268,198.153,174.188,640,640,license_plate
kaggle_plate_license_recognition,1uvkqab6fmha1_jpg,train,1uvkqab6fmha1_jpg.rf.3882211d66405762b47a9c46f6b65d81.jpg,1,LicensePlate,277,293,109.32,56.25,640,640,license_plate
kaggle_plate_license_recognition,21x4z3qcxmfa1_jpg,train,21x4z3qcxmfa1_jpg.rf.2184f83113048608edcb545b89136371.jpg,1,LicensePlate,262,330,153.163,95.813,640,640,license_plate
kaggle_plate_license_recognition,21x4z3qcxmfa1_jpg,train,21x4z3qcxmfa1_jpg.rf.2f2d67461215588f4d9abe6a1f3e7cc9.jpg,1,LicensePlate,238,329,151.353,103.753,640,640,license_plate
kaggle_plate_license_recognition,21x4z3qcxmfa1_jpg,train,21x4z3qcxmfa1_jpg.rf.45da9745509e76768a40ab78a5667945.jpg,1,LicensePlate,250,338,144.662,85.838,640,640,license_plate
kaggle_plate_license_recognition,2fwtoshqayaa1_jpg,train,2fwtoshqayaa1_jpg.rf.85a217a52f4ad73425b896c371422deb.jpg,1,LicensePlate,255,332,96.978,88.14,640,640,license_plate
kaggle_plate_license_recognition,2qwexcctm9oa1_jpg,train,2qwexcctm9oa1_jpg.rf.23f8baf77ad6cf9da0651c9b412ccedd.jpg,1,LicensePlate,218,346,138.755,106.979,640,640,license_plate
kaggle_plate_license_recognition,2qwexcctm9oa1_jpg,train,2qwexcctm9oa1_jpg.rf.52492e51cee969789d26ac2e6ff85a70.jpg,1,LicensePlate,244,361,126.16,87.56,640,640,license_plate
kaggle_plate_license_recognition,2qwexcctm9oa1_jpg,train,2qwexcctm9oa1_jpg.rf.b81b21110fe3c7150803b92edf64aec2.jpg,1,LicensePlate,250,355,135.05,101.799,640,640,license_plate
kaggle_plate_license_recognition,2wrrbogu87la1_jpg,train,2wrrbogu87la1_jpg.rf.17df49fd9f8f11d1343f2c81a9b8bf94.jpg,1,LicensePlate,261,484,60.504,51.192,640,640,license_plate
kaggle_plate_license_recognition,2wrrbogu87la1_jpg,test,2wrrbogu87la1_jpg.rf.515a6f4a3ed2ef2423fec12558957bb4.jpg,1,LicensePlate,301,489,54.733,44.982,640,640,license_plate
kaggle_plate_license_recognition,2wrrbogu87la1_jpg,train,2wrrbogu87la1_jpg.rf.b1e2992f29081cd03306e6e4a22f9589.jpg,1,LicensePlate,298,489,54.0,44.052,640,640,license_plate
kaggle_plate_license_recognition,2xzi19udwjba1_jpg,valid,2xzi19udwjba1_jpg.rf.5396f58bd0f0d7d7984a3b89946f4892.jpg,1,LicensePlate,261,260,128.441,87.078,640,640,license_plate
kaggle_plate_license_recognition,2xzi19udwjba1_jpg,train,2xzi19udwjba1_jpg.rf.58457079b1cd4071bae4252f1082b93c.jpg,1,LicensePlate,262,261,127.08,84.916,640,640,license_plate
kaggle_plate_license_recognition,2xzi19udwjba1_jpg,train,2xzi19udwjba1_jpg.rf.e0e6317fcc87f7f2ac6bbbfab210ab1a.jpg,1,LicensePlate,262,261,127.08,84.916,640,640,license_plate
kaggle_plate_license_recognition,3180fsf3e5oa1_jpg,train,3180fsf3e5oa1_jpg.rf.597c1b34fbe91be84ec3930c1e41d615.jpg,1,LicensePlate,253,265,96.013,54.478,640,640,license_plate
kaggle_plate_license_recognition,31nyka5gwhca1_jpg,train,31nyka5gwhca1_jpg.rf.4623e0e970c84e214624c0ccd72ba0c1.jpg,1,LicensePlate,305,282,124.496,81.175,640,640,license_plate
kaggle_plate_license_recognition,31nyka5gwhca1_jpg,train,31nyka5gwhca1_jpg.rf.7115e570ca6e23e37ffcba41d518337e.jpg,1,LicensePlate,302,273,129.702,90.651,640,640,license_plate
kaggle_plate_license_recognition,31nyka5gwhca1_jpg,train,31nyka5gwhca1_jpg.rf.99c1dc7cbf7476a8075b61b34146ff88.jpg,1,LicensePlate,307,289,121.33,79.849,640,640,license_plate
kaggle_plate_license_recognition,34l5ua6ptufa1_jpg,train,34l5ua6ptufa1_jpg.rf.175ac80ba928a9924ed12f2c776b2fe8.jpg,1,LicensePlate,273,189,130.758,101.271,640,640,license_plate
kaggle_plate_license_recognition,34l5ua6ptufa1_jpg,train,34l5ua6ptufa1_jpg.rf.3809181f21aca7ca1c0e8a5a6fbc02b1.jpg,1,LicensePlate,265,197,117.41,84.907,640,640,license_plate
kaggle_plate_license_recognition,36auaeejilka1_jpg,train,36auaeejilka1_jpg.rf.002cacd4aa2ffc5407b7e20fd3c5ada1.jpg,1,LicensePlate,286,288,99.532,67.754,640,640,license_plate
kaggle_plate_license_recognition,3abo4pwl8ana1_jpg,train,3abo4pwl8ana1_jpg.rf.534aaf2ff428febb546426149ee4bac4.jpg,1,LicensePlate,204,252,73.192,56.652,640,640,license_plate
kaggle_plate_license_recognition,3abo4pwl8ana1_jpg,valid,3abo4pwl8ana1_jpg.rf.a1f8611e21dd2acf0058c784efa74a10.jpg,1,LicensePlate,203,261,70.233,52.14,640,640,license_plate
kaggle_plate_license_recognition,3b5v88mliyca1_jpg,test,3b5v88mliyca1_jpg.rf.572b640d628b0677fa83ab1698f502cd.jpg,1,LicensePlate,332,289,74.1,51.367,640,640,license_plate
kaggle_plate_license_recognition,3bbovepfz2la1_jpg,train,3bbovepfz2la1_jpg.rf.778b4f0bb702d20ff281e12e87fa67d9.jpg,1,LicensePlate,347,197,78.0,42.99,640,640,license_plate
kaggle_plate_license_recognition,3bbovepfz2la1_jpg,train,3bbovepfz2la1_jpg.rf.e7c9c1e1c53312df1f5a276d4348fd7e.jpg,1,LicensePlate,377,220,80.804,58.667,640,640,license_plate
kaggle_plate_license_recognition,3vqna87qsmma1_jpg,valid,3vqna87qsmma1_jpg.rf.0569b4777b48292c5461cb89adb98012.jpg,1,LicensePlate,242,171,127.4,84.486,640,640,license_plate
kaggle_plate_license_recognition,42ap97bwjxea1_jpg,train,42ap97bwjxea1_jpg.rf.5a78dd4f75d482b5a13425ba9dcaae57.jpg,1,LicensePlate,324,231,185.48,129.48,640,640,license_plate
kaggle_plate_license_recognition,47aqrq78ezma1_jpg,train,47aqrq78ezma1_jpg.rf.138c4c4778688653c80b22eb80ecd183.jpg,1,LicensePlate,360,496,86.983,35.049,640,640,license_plate
kaggle_plate_license_recognition,47aqrq78ezma1_jpg,train,47aqrq78ezma1_jpg.rf.2889876f8b95072c5a5f78512234f9e1.jpg,1,LicensePlate,367,491,88.116,37.969,640,640,license_plate
kaggle_plate_license_recognition,47aqrq78ezma1_jpg,train,47aqrq78ezma1_jpg.rf.ada6143498f126f6f3e9ffe473cd312a.jpg,1,LicensePlate,357,496,86.377,35.501,640,640,license_plate
kaggle_plate_license_recognition,47aqrq78ezma1_jpg,valid,47aqrq78ezma1_jpg.rf.f8dba869c9c78fafcc9556e1e2f67a20.jpg,1,LicensePlate,360,496,86.983,35.049,640,640,license_plate
kaggle_plate_license_recognition,47uvqaycdbha1_jpg,test,47uvqaycdbha1_jpg.rf.ae32d421f561060942ad2d2d7324a161.jpg,1,LicensePlate,435,192,89.79,90.75,640,640,license_plate
kaggle_plate_license_recognition,4d1om12ximja1_jpg,valid,4d1om12ximja1_jpg.rf.4b327ebe15302cd25429fa481afa5e34.jpg,1,LicensePlate,180,413,69.879,62.635,640,640,license_plate
kaggle_plate_license_recognition,4d1om12ximja1_jpg,train,4d1om12ximja1_jpg.rf.c68c711ad10ccb6ee0f3a121fa7f2b86.jpg,1,LicensePlate,182,416,69.376,61.635,640,640,license_plate
kaggle_plate_license_recognition,4onkhaa2opca1_jpg,train,4onkhaa2opca1_jpg.rf.316faeb0d3b8ef6dbe211af14b64b242.jpg,1,LicensePlate,325,261,102.9,65.802,640,640,license_plate
kaggle_plate_license_recognition,4onkhaa2opca1_jpg,test,4onkhaa2opca1_jpg.rf.76404c7482738553b7e0954951a41a96.jpg,1,LicensePlate,318,249,109.247,76.229,640,640,license_plate
kaggle_plate_license_recognition,4onkhaa2opca1_jpg,train,4onkhaa2opca1_jpg.rf.e45fbcd830b68f318545ac8de5711b94.jpg,1,LicensePlate,326,263,101.866,64.229,640,640,license_plate
kaggle_plate_license_recognition,4ut3jn8d3uga1_jpg,valid,4ut3jn8d3uga1_jpg.rf.1e770479ae93398e650b2d7c504a095b.jpg,1,LicensePlate,360,343,67.02,41.468,640,640,license_plate
kaggle_plate_license_recognition,4ut3jn8d3uga1_jpg,valid,4ut3jn8d3uga1_jpg.rf.a52a3746cbb585f18518631a5ed17c4d.jpg,1,LicensePlate,357,353,64.21,35.56,640,640,license_plate
kaggle_plate_license_recognition,51o11j5480na1_jpg,valid,51o11j5480na1_jpg.rf.4776ff279012ea619c9c998fc7dcc154.jpg,1,LicensePlate,290,198,69.79,46.703,640,640,license_plate
kaggle_plate_license_recognition,5hbatsdpugla1_jpg,train,5hbatsdpugla1_jpg.rf.64eebdd3859b19d299af7ffe0b47a477.jpg,1,LicensePlate,356,379,115.406,95.591,640,640,license_plate
kaggle_plate_license_recognition,61do0lolkgla1_jpg,valid,61do0lolkgla1_jpg.rf.f4001fe24999961d33a21fc52f00bf36.jpg,1,LicensePlate,297,284,113.229,84.453,640,640,license_plate
kaggle_plate_license_recognition,6k5yofm5stna1_jpg,train,6k5yofm5stna1_jpg.rf.6fb294dd1dd3d1b252452e0e9fb52118.jpg,1,LicensePlate,187,362,202.833,148.807,640,640,license_plate
kaggle_plate_license_recognition,6k5yofm5stna1_jpg,test,6k5yofm5stna1_jpg.rf.7009aa654e11724a9a23fcc42bb49466.jpg,1,LicensePlate,237,360,202.176,157.918,640,640,license_plate
kaggle_plate_license_recognition,6k5yofm5stna1_jpg,train,6k5yofm5stna1_jpg.rf.887a0bbb625732e2e22da5e62bb76f40.jpg,1,LicensePlate,205,373,192.789,131.636,640,640,license_plate
kaggle_plate_license_recognition,6kryid75ytka1_jpg,train,6kryid75ytka1_jpg.rf.4f02a6b22f1e6affc565063d39db6ad1.jpg,1,LicensePlate,337,425,104.297,67.912,640,640,license_plate
kaggle_plate_license_recognition,6kryid75ytka1_jpg,train,6kryid75ytka1_jpg.rf.e8d1308c39e447b33db4315e180c2239.jpg,1,LicensePlate,324,436,101.527,58.776,640,640,license_plate
kaggle_plate_license_recognition,6kryid75ytka1_jpg,train,6kryid75ytka1_jpg.rf.f97d6cc13107645fd2f915e6f49dbe21.jpg,1,LicensePlate,310,446,97.721,48.997,640,640,license_plate
kaggle_plate_license_recognition,6tojxy6qmeka1_jpg,valid,6tojxy6qmeka1_jpg.rf.5f11817dceef7f2c4c819b72b776f108.jpg,1,LicensePlate,263,315,114.63,59.43,640,640,license_plate
kaggle_plate_license_recognition,6tojxy6qmeka1_jpg,valid,6tojxy6qmeka1_jpg.rf.940cd5238a144600c8777e0fef9ff11b.jpg,1,LicensePlate,264,309,119.43,71.905,640,640,license_plate
kaggle_plate_license_recognition,6zval7k05nfa1_jpg,train,6zval7k05nfa1_jpg.rf.41b7440febdcf3797fc65c1659971197.jpg,1,LicensePlate,413,302,74.03,63.16,640,640,license_plate
kaggle_plate_license_recognition,6zval7k05nfa1_jpg,test,6zval7k05nfa1_jpg.rf.9ab17e16dd5245865f01686e09912053.jpg,1,LicensePlate,413,302,74.03,63.16,640,640,license_plate
kaggle_plate_license_recognition,71ey50gtegma1_jpg,train,71ey50gtegma1_jpg.rf.b4068ddd3a5c772eea14f89b001f9045.jpg,1,LicensePlate,273,295,117.81,63.68,640,640,license_plate
kaggle_plate_license_recognition,75zYjIR8Mh11i3i6GSO6LNrn180hDjYvOSbifuinK8A_jpg,train,75zYjIR8Mh11i3i6GSO6LNrn180hDjYvOSbifuinK8A_jpg.rf.cc0b763ae49210f09b1f69876bcfb5be.jpg,1,LicensePlate,269,268,113.672,79.596,640,640,license_plate
kaggle_plate_license_recognition,7696kmyx4fla1_jpg,train,7696kmyx4fla1_jpg.rf.f0c79858765495599f602f9ce0f93db0.jpg,1,LicensePlate,283,352,56.92,31.311,640,640,license_plate
kaggle_plate_license_recognition,77wli7ve42ia1_jpg,train,77wli7ve42ia1_jpg.rf.0be573fcdd5c17c1c14654881020f1ad.jpg,1,LicensePlate,313,298,74.133,50.595,640,640,license_plate
kaggle_plate_license_recognition,7g12v72r1vga1_jpg,train,7g12v72r1vga1_jpg.rf.9322470ffb364590ccf16aff71808a73.jpg,1,LicensePlate,239,351,153.2,105.073,640,640,license_plate
kaggle_plate_license_recognition,7ijxq29z7qea1_jpg,train,7ijxq29z7qea1_jpg.rf.e3bfcd7494007235755a6acd9dc1133b.jpg,1,LicensePlate,239,223,125.37,116.213,640,640,license_plate
kaggle_plate_license_recognition,7ocnpsitp0oa1_jpg,valid,7ocnpsitp0oa1_jpg.rf.22c5e8b534c5629e8a15ff2e7c938f2e.jpg,1,LicensePlate,276,407,107.357,86.058,640,640,license_plate
kaggle_plate_license_recognition,7uiom7ezxcoa1_jpg,train,7uiom7ezxcoa1_jpg.rf.1393a60f598c4396e363430631941954.jpg,1,LicensePlate,175,303,76.41,38.21,640,640,license_plate
kaggle_plate_license_recognition,7uiom7ezxcoa1_jpg,train,7uiom7ezxcoa1_jpg.rf.53bcbf4f2bf9e7fc795cc9b6dafb9fec.jpg,1,LicensePlate,176,311,74.714,44.406,640,640,license_plate
kaggle_plate_license_recognition,7uiom7ezxcoa1_jpg,valid,7uiom7ezxcoa1_jpg.rf.6491f4dfcb1c955aea203600726d17e1.jpg,1,LicensePlate,177,308,74.146,41.861,640,640,license_plate
kaggle_plate_license_recognition,7uiom7ezxcoa1_jpg,train,7uiom7ezxcoa1_jpg.rf.b484d4217fa7ebd08391bea8d660cc00.jpg,1,LicensePlate,174,284,80.763,47.735,640,640,license_plate
kaggle_plate_license_recognition,841e71je61ha1_jpg,train,841e71je61ha1_jpg.rf.6f0c2b666c0117dd9837e9b43fb7f185.jpg,1,LicensePlate,294,408,100.504,68.226,640,640,license_plate
kaggle_plate_license_recognition,841e71je61ha1_jpg,train,841e71je61ha1_jpg.rf.d45247a10dc6a0d84061165e94284f4b.jpg,1,LicensePlate,312,393,110.531,85.151,640,640,license_plate
kaggle_plate_license_recognition,8i4tjjo711aa1_jpg,train,8i4tjjo711aa1_jpg.rf.004a4953e5f74d93227d82c1564240a1.jpg,1,LicensePlate,239,331,68.24,46.18,640,640,license_plate
kaggle_plate_license_recognition,8p0bc3skp0aa1_jpg,train,8p0bc3skp0aa1_jpg.rf.5df12e58214fbb5d3facb5ea6f0ff9ca.jpg,1,LicensePlate,147,194,384.624,312.753,640,640,license_plate
kaggle_plate_license_recognition,8p0bc3skp0aa1_jpg,train,8p0bc3skp0aa1_jpg.rf.6f6d20b51acabcef373318da612606b4.jpg,1,LicensePlate,164,213,359.747,266.789,640,640,license_plate
kaggle_plate_license_recognition,8p0bc3skp0aa1_jpg,train,8p0bc3skp0aa1_jpg.rf.7793372d3eb0d2259abbdeb4cb1aeb9f.jpg,1,LicensePlate,175,225,342.06,238.335,640,640,license_plate
kaggle_plate_license_recognition,98f9pszw8mfa1_jpg,valid,98f9pszw8mfa1_jpg.rf.0847954bb7ef85b779f7dbb4d4aa2a79.jpg,1,LicensePlate,265,494,124.41,71.112,640,640,license_plate
kaggle_plate_license_recognition,98f9pszw8mfa1_jpg,train,98f9pszw8mfa1_jpg.rf.526f1d3f4a2d90fb4e7ec5a130121c52.jpg,1,LicensePlate,257,492,126.501,75.16,640,640,license_plate
kaggle_plate_license_recognition,98f9pszw8mfa1_jpg,train,98f9pszw8mfa1_jpg.rf.865dbcd16b968914dd7005e349ccb025.jpg,1,LicensePlate,281,492,121.885,70.617,640,640,license_plate
kaggle_plate_license_recognition,98fzhwj5xuga1_jpg,train,98fzhwj5xuga1_jpg.rf.3ab97d505a495755339634199588fdaf.jpg,1,LicensePlate,256,303,144.28,61.555,640,640,license_plate
kaggle_plate_license_recognition,98fzhwj5xuga1_jpg,train,98fzhwj5xuga1_jpg.rf.4087dccb0aa076ca4ec1070f606061e5.jpg,1,LicensePlate,257,299,143.424,67.771,640,640,license_plate
kaggle_plate_license_recognition,9PMmNr8ktgb3IEgxVivgI2pEQtcxZC89Fh3K1vtC_0c_jpg,valid,9PMmNr8ktgb3IEgxVivgI2pEQtcxZC89Fh3K1vtC_0c_jpg.rf.9833b7e748322d656707ce134afdec7e.jpg,1,LicensePlate,247,262,239.662,175.603,640,640,license_plate
kaggle_plate_license_recognition,9PMmNr8ktgb3IEgxVivgI2pEQtcxZC89Fh3K1vtC_0c_jpg,train,9PMmNr8ktgb3IEgxVivgI2pEQtcxZC89Fh3K1vtC_0c_jpg.rf.cb123fbda33ee5947fc26147bebf69e6.jpg,1,LicensePlate,266,266,213.73,160.267,640,640,license_plate
kaggle_plate_license_recognition,9PMmNr8ktgb3IEgxVivgI2pEQtcxZC89Fh3K1vtC_0c_jpg,train,9PMmNr8ktgb3IEgxVivgI2pEQtcxZC89Fh3K1vtC_0c_jpg.rf.edc55692788015d7761e0fecdac797c6.jpg,1,LicensePlate,266,266,213.73,160.267,640,640,license_plate
kaggle_plate_license_recognition,9ch9quykckma1_jpg,train,9ch9quykckma1_jpg.rf.47d95d1c883b9a24129df8fe801ef939.jpg,1,LicensePlate,306,281,85.833,68.135,640,640,license_plate
kaggle_plate_license_recognition,9ch9quykckma1_jpg,train,9ch9quykckma1_jpg.rf.8fa85b4557a7c3e286657e8967a9c8a2.jpg,1,LicensePlate,306,281,86.315,69.181,640,640,license_plate
kaggle_plate_license_recognition,9g6i438tozna1_jpg,train,9g6i438tozna1_jpg.rf.6c34c7403e7a3a480abb4fc1fdfc18a7.jpg,1,LicensePlate,286,339,83.19,57.853,640,640,license_plate
kaggle_plate_license_recognition,9g9vn1b40nia1_jpg,test,9g9vn1b40nia1_jpg.rf.4c2f1aa5b742ac79bfd41fb6dc18ebec.jpg,1,LicensePlate,152,57,334.347,330.033,640,640,license_plate
kaggle_plate_license_recognition,9lncbz9bs9na1_jpg,train,9lncbz9bs9na1_jpg.rf.356323828e88e670960b9dd2bc153c26.jpg,1,LicensePlate,280,319,100.459,70.844,640,640,license_plate
kaggle_plate_license_recognition,9lncbz9bs9na1_jpg,train,9lncbz9bs9na1_jpg.rf.c2d06d38e0f99e2a90a71c43e3947c4b.jpg,1,LicensePlate,281,316,104.205,76.964,640,640,license_plate
kaggle_plate_license_recognition,9m7dlurztfka1_jpg,train,9m7dlurztfka1_jpg.rf.7d4d891395111952cb0eda30db5ddb15.jpg,1,LicensePlate,216,316,158.41,120.912,640,640,license_plate
kaggle_plate_license_recognition,9rwm68xu3yea1_jpg,valid,9rwm68xu3yea1_jpg.rf.98b05910d01eab15b59882a5d3ef66ea.jpg,1,LicensePlate,177,195,224.984,179.152,640,640,license_plate
kaggle_plate_license_recognition,9rwm68xu3yea1_jpg,valid,9rwm68xu3yea1_jpg.rf.c9cfb8257f048b394fb7e5de935df100.jpg,1,LicensePlate,196,202,200.173,160.398,640,640,license_plate
kaggle_plate_license_recognition,AEhiGiHQyHb5ywHMufVfafn7M508v_8Yfnsy_c_F9vo_jpg,train,AEhiGiHQyHb5ywHMufVfafn7M508v_8Yfnsy_c_F9vo_jpg.rf.0543efbfcb77943916653e7f59978446.jpg,1,LicensePlate,283,298,87.675,70.461,640,640,license_plate
kaggle_plate_license_recognition,AEhiGiHQyHb5ywHMufVfafn7M508v_8Yfnsy_c_F9vo_jpg,train,AEhiGiHQyHb5ywHMufVfafn7M508v_8Yfnsy_c_F9vo_jpg.rf.62c08bd3cf4330763910947b28feff23.jpg,1,LicensePlate,281,300,77.597,68.552,640,640,license_plate
kaggle_plate_license_recognition,AEhiGiHQyHb5ywHMufVfafn7M508v_8Yfnsy_c_F9vo_jpg,train,AEhiGiHQyHb5ywHMufVfafn7M508v_8Yfnsy_c_F9vo_jpg.rf.be609824dfd5da52f8de32b1877488bc.jpg,1,LicensePlate,280,299,79.0,70.77,640,640,license_plate
kaggle_plate_license_recognition,AEhiGiHQyHb5ywHMufVfafn7M508v_8Yfnsy_c_F9vo_jpg,valid,AEhiGiHQyHb5ywHMufVfafn7M508v_8Yfnsy_c_F9vo_jpg.rf.cc056600ef47c7df3cb8d1a2477fcaa4.jpg,1,LicensePlate,285,306,77.61,56.787,640,640,license_plate
kaggle_plate_license_recognition,BJU0Td3ImLhLin6z3eKfKIoa0SjrPoG8C9wlJu8n5WM_jpg,train,BJU0Td3ImLhLin6z3eKfKIoa0SjrPoG8C9wlJu8n5WM_jpg.rf.4ef1b91afcf6892141420873d82383ae.jpg,1,LicensePlate,315,411,114.971,77.069,640,640,license_plate
kaggle_plate_license_recognition,BJU0Td3ImLhLin6z3eKfKIoa0SjrPoG8C9wlJu8n5WM_jpg,train,BJU0Td3ImLhLin6z3eKfKIoa0SjrPoG8C9wlJu8n5WM_jpg.rf.622da3dfb8cc177eb8df940ae662218e.jpg,1,LicensePlate,285,427,110.418,62.528,640,640,license_plate
kaggle_plate_license_recognition,BJU0Td3ImLhLin6z3eKfKIoa0SjrPoG8C9wlJu8n5WM_jpg,train,BJU0Td3ImLhLin6z3eKfKIoa0SjrPoG8C9wlJu8n5WM_jpg.rf.679c464c460a029c8f4439fcc8f444bd.jpg,1,LicensePlate,300,424,108.873,63.156,640,640,license_plate
kaggle_plate_license_recognition,BJU0Td3ImLhLin6z3eKfKIoa0SjrPoG8C9wlJu8n5WM_jpg,train,BJU0Td3ImLhLin6z3eKfKIoa0SjrPoG8C9wlJu8n5WM_jpg.rf.ba8fcce7464bc3c10abb61e8768c5511.jpg,1,LicensePlate,290,428,108.54,58.899,640,640,license_plate
kaggle_plate_license_recognition,DALL-E-2023-05-21-18-48-23_png_jpg,train,DALL-E-2023-05-21-18-48-23_png_jpg.rf.64a3e352bc7abf8e718f443a7f7f0824.jpg,1,LicensePlate,198,293,296.97,133.853,640,640,license_plate
kaggle_plate_license_recognition,DALL-E-2023-05-21-18-48-35_png_jpg,train,DALL-E-2023-05-21-18-48-35_png_jpg.rf.56cd9b61841364ce89d3bad031a7744c.jpg,1,LicensePlate,180,270,296.875,76.875,640,640,license_plate
kaggle_plate_license_recognition,Es34KjRd9-FzsN5lftfNAq2kJfaZsnKFGrKVswvP3dU_jpg,train,Es34KjRd9-FzsN5lftfNAq2kJfaZsnKFGrKVswvP3dU_jpg.rf.acf1307c2a665761a8dc9d3a4fb2f798.jpg,1,LicensePlate,263,297,118.264,90.119,640,640,license_plate
kaggle_plate_license_recognition,IMG_0852_jpg,train,IMG_0852_jpg.rf.f65a6c4b3fb68a6c305acfff2765fe15.jpg,1,LicensePlate,519,355,20.635,18.413,640,640,license_plate
kaggle_plate_license_recognition,IMG_0862_jpg,test,IMG_0862_jpg.rf.5f6d6f83e024adc017b26ad5a6c26e95.jpg,1,LicensePlate,442,420,76.19,61.905,640,640,license_plate
kaggle_plate_license_recognition,ITbrHXGkkzaOSsNJwFxm0Lk-OAiTUxsq1LdRgbnpPJE_jpg,test,ITbrHXGkkzaOSsNJwFxm0Lk-OAiTUxsq1LdRgbnpPJE_jpg.rf.29c07b369c05ad467168c38e310a2971.jpg,1,LicensePlate,320,177,95.13,115.693,640,640,license_plate
kaggle_plate_license_recognition,ITbrHXGkkzaOSsNJwFxm0Lk-OAiTUxsq1LdRgbnpPJE_jpg,train,ITbrHXGkkzaOSsNJwFxm0Lk-OAiTUxsq1LdRgbnpPJE_jpg.rf.6277eb9b18932224b267b63f2e4693ed.jpg,1,LicensePlate,320,177,95.13,115.693,640,640,license_plate
kaggle_plate_license_recognition,Screenshot-2023-05-20-at-1-09-03-PM_png_jpg,valid,Screenshot-2023-05-20-at-1-09-03-PM_png_jpg.rf.06b8394f40946332f15447d1849bfa32.jpg,1,LicensePlate,503,357,52.706,87.216,640,640,license_plate
kaggle_plate_license_recognition,Screenshot-2023-05-21-at-6-38-38-PM_png_jpg,train,Screenshot-2023-05-21-at-6-38-38-PM_png_jpg.rf.91bb588043eea922a426d226de5ddce4.jpg,1,LicensePlate,391,377,103.01,46.889,640,640,license_plate
kaggle_plate_license_recognition,Screenshot-2023-05-21-at-6-38-38-PM_png_jpg,train,Screenshot-2023-05-21-at-6-38-38-PM_png_jpg.rf.91bb588043eea922a426d226de5ddce4.jpg,2,LicensePlate,122,342,91.565,37.841,640,640,license_plate
kaggle_plate_license_recognition,Screenshot-2023-05-21-at-6-38-50-PM_png_jpg,train,Screenshot-2023-05-21-at-6-38-50-PM_png_jpg.rf.89244f026d09ec9e79858ac1851b0ea4.jpg,1,LicensePlate,323,407,36.617,23.613,640,640,license_plate
kaggle_plate_license_recognition,Screenshot-2023-05-21-at-6-38-50-PM_png_jpg,train,Screenshot-2023-05-21-at-6-38-50-PM_png_jpg.rf.89244f026d09ec9e79858ac1851b0ea4.jpg,2,LicensePlate,156,325,27.71,17.386,640,640,license_plate
kaggle_plate_license_recognition,Screenshot-2023-05-21-at-6-38-50-PM_png_jpg,train,Screenshot-2023-05-21-at-6-38-50-PM_png_jpg.rf.89244f026d09ec9e79858ac1851b0ea4.jpg,3,LicensePlate,37,282,23.19,15.271,640,640,license_plate
kaggle_plate_license_recognition,Screenshot-2023-05-21-at-6-38-50-PM_png_jpg,valid,Screenshot-2023-05-21-at-6-38-50-PM_png_jpg.rf.911302766002a8505b00dc9c45c51946.jpg,1,LicensePlate,335,404,34.97,20.444,640,640,license_plate
kaggle_plate_license_recognition,Screenshot-2023-05-21-at-6-38-50-PM_png_jpg,valid,Screenshot-2023-05-21-at-6-38-50-PM_png_jpg.rf.911302766002a8505b00dc9c45c51946.jpg,2,LicensePlate,159,345,27.305,14.222,640,640,license_plate
kaggle_plate_license_recognition,Screenshot-2023-05-21-at-6-38-50-PM_png_jpg,valid,Screenshot-2023-05-21-at-6-38-50-PM_png_jpg.rf.911302766002a8505b00dc9c45c51946.jpg,3,LicensePlate,34,316,23.952,12.444,640,640,license_plate
kaggle_plate_license_recognition,WhatsApp-Image-2023-02-05-at-11-35-12-AM-2-_jpeg_jpg,train,WhatsApp-Image-2023-02-05-at-11-35-12-AM-2-_jpeg_jpg.rf.715377cf9de35df39b15f34e5727dce3.jpg,1,LicensePlate,421,402,133.333,113.333,640,640,license_plate
kaggle_plate_license_recognition,WhatsApp-Image-2023-02-05-at-11-35-14-AM_jpeg_jpg,train,WhatsApp-Image-2023-02-05-at-11-35-14-AM_jpeg_jpg.rf.90de6f0ba6ac17d7979f714a878baef7.jpg,1,LicensePlate,267,421,102.0,39.0,640,640,license_plate
kaggle_plate_license_recognition,WhatsApp-Image-2023-02-05-at-11-35-20-AM_jpeg_jpg,train,WhatsApp-Image-2023-02-05-at-11-35-20-AM_jpeg_jpg.rf.3d4c80ff004772aa26c8ce8bbf520255.jpg,1,LicensePlate,193,195,181.0,154.0,640,640,license_plate
kaggle_plate_license_recognition,WhatsApp-Image-2023-02-05-at-11-35-31-AM-1-_jpeg_jpg,train,WhatsApp-Image-2023-02-05-at-11-35-31-AM-1-_jpeg_jpg.rf.5cbeb8ce31074f8976465b956572032a.jpg,1,LicensePlate,220,378,162.0,74.0,640,640,license_plate
kaggle_plate_license_recognition,abdbrtbzozna1_jpg,train,abdbrtbzozna1_jpg.rf.7fcd8a3a9ddec2dd27de09f6151f19d1.jpg,1,LicensePlate,258,214,69.26,48.827,640,640,license_plate
kaggle_plate_license_recognition,abdbrtbzozna1_jpg,train,abdbrtbzozna1_jpg.rf.af5a41963ec515548bf62cb25faf317a.jpg,1,LicensePlate,254,215,70.522,48.67,640,640,license_plate
kaggle_plate_license_recognition,aiftcg78bhla1_jpg,train,aiftcg78bhla1_jpg.rf.b61eef1eed81a4ee1740849386213dc5.jpg,1,LicensePlate,264,333,130.659,76.615,640,640,license_plate
kaggle_plate_license_recognition,aiftcg78bhla1_jpg,train,aiftcg78bhla1_jpg.rf.cc12c21ec4345a290c5fce17a89abd5b.jpg,1,LicensePlate,275,338,124.54,62.618,640,640,license_plate
kaggle_plate_license_recognition,aiftcg78bhla1_jpg,valid,aiftcg78bhla1_jpg.rf.e2a7de897f4264531c2a26c13a8b855e.jpg,1,LicensePlate,268,335,128.245,70.546,640,640,license_plate
kaggle_plate_license_recognition,apk5vt2kruja1_jpg,train,apk5vt2kruja1_jpg.rf.72b2ceb59dd10360d8f7cb3cc2584a3a.jpg,1,LicensePlate,194,439,217.14,121.417,640,640,license_plate
kaggle_plate_license_recognition,apk5vt2kruja1_jpg,train,apk5vt2kruja1_jpg.rf.772b33020c2f538175fb31b8a218ebde.jpg,1,LicensePlate,254,415,229.795,156.52,640,640,license_plate
kaggle_plate_license_recognition,as3jwwbrznma1_jpg,train,as3jwwbrznma1_jpg.rf.75492678715d783e308e7dd87a1d5c9c.jpg,1,LicensePlate,260,306,114.196,66.963,640,640,license_plate
kaggle_plate_license_recognition,azmh6nw3dnoa1_jpg,valid,azmh6nw3dnoa1_jpg.rf.8857146b1e2284c27b95864c5b08a42c.jpg,1,LicensePlate,298,264,124.184,77.546,640,640,license_plate
kaggle_plate_license_recognition,b-yRIwkM0VqCfp1-xVypTfqD8aOnDn0OIybZalLFrjY_jpg,train,b-yRIwkM0VqCfp1-xVypTfqD8aOnDn0OIybZalLFrjY_jpg.rf.0443bf12f52fe7f402f6f187b9c64e99.jpg,1,LicensePlate,169,322,68.32,71.643,640,640,license_plate
kaggle_plate_license_recognition,b-yRIwkM0VqCfp1-xVypTfqD8aOnDn0OIybZalLFrjY_jpg,train,b-yRIwkM0VqCfp1-xVypTfqD8aOnDn0OIybZalLFrjY_jpg.rf.1d57943a8a23c16979fe95d7055537c8.jpg,1,LicensePlate,169,322,68.32,71.643,640,640,license_plate
kaggle_plate_license_recognition,b-yRIwkM0VqCfp1-xVypTfqD8aOnDn0OIybZalLFrjY_jpg,valid,b-yRIwkM0VqCfp1-xVypTfqD8aOnDn0OIybZalLFrjY_jpg.rf.7ba9af249e4d5f5f786622d6be1e0c78.jpg,1,LicensePlate,167,315,69.698,74.496,640,640,license_plate
kaggle_plate_license_recognition,b-yRIwkM0VqCfp1-xVypTfqD8aOnDn0OIybZalLFrjY_jpg,train,b-yRIwkM0VqCfp1-xVypTfqD8aOnDn0OIybZalLFrjY_jpg.rf.b7fca96a22edb79c2f56f30df31716e2.jpg,1,LicensePlate,163,297,72.166,80.348,640,640,license_plate
kaggle_plate_license_recognition,b77sey1ok0la1_jpg,valid,b77sey1ok0la1_jpg.rf.857f4914118be7c9e6b6cbce05a2acb0.jpg,1,LicensePlate,260,260,132.196,108.748,640,640,license_plate
kaggle_plate_license_recognition,b77sey1ok0la1_jpg,test,b77sey1ok0la1_jpg.rf.9d14d64138fa5a5521673983441cc302.jpg,1,LicensePlate,262,262,128.937,103.577,640,640,license_plate
kaggle_plate_license_recognition,b77sey1ok0la1_jpg,test,b77sey1ok0la1_jpg.rf.c72dd2626ad30a95fe9e8ac73ebcb063.jpg,1,LicensePlate,267,269,117.96,87.035,640,640,license_plate
kaggle_plate_license_recognition,bOJQcPksQsqb0ETniS3WMONIpi_2FyogetzOynurX9s_jpg,train,bOJQcPksQsqb0ETniS3WMONIpi_2FyogetzOynurX9s_jpg.rf.1a3b25ce4d05216f7951730e1c65f892.jpg,1,LicensePlate,290,425,119.065,85.059,640,640,license_plate
kaggle_plate_license_recognition,bOJQcPksQsqb0ETniS3WMONIpi_2FyogetzOynurX9s_jpg,train,bOJQcPksQsqb0ETniS3WMONIpi_2FyogetzOynurX9s_jpg.rf.542c60159e018a05a65392c0c750501f.jpg,1,LicensePlate,315,421,114.87,81.191,640,640,license_plate
kaggle_plate_license_recognition,bOJQcPksQsqb0ETniS3WMONIpi_2FyogetzOynurX9s_jpg,valid,bOJQcPksQsqb0ETniS3WMONIpi_2FyogetzOynurX9s_jpg.rf.8362e96258fede246bbfe08a4f0bcc7b.jpg,1,LicensePlate,250,418,130.263,106.01,640,640,license_plate
kaggle_plate_license_recognition,bOJQcPksQsqb0ETniS3WMONIpi_2FyogetzOynurX9s_jpg,test,bOJQcPksQsqb0ETniS3WMONIpi_2FyogetzOynurX9s_jpg.rf.9b48d79974ca06278e444f5237dfb47b.jpg,1,LicensePlate,253,418,129.633,104.579,640,640,license_plate
kaggle_plate_license_recognition,bc5k1oyurvja1_jpg,test,bc5k1oyurvja1_jpg.rf.42be58adbad1aa3ca92ceff9b57fae64.jpg,1,LicensePlate,304,341,113.26,81.479,640,640,license_plate
kaggle_plate_license_recognition,bc5k1oyurvja1_jpg,valid,bc5k1oyurvja1_jpg.rf.6a7fc723b683ecc9c4455977fa97bfc3.jpg,1,LicensePlate,289,342,114.658,95.416,640,640,license_plate
kaggle_plate_license_recognition,bn9neb1uij9a1_jpg,valid,bn9neb1uij9a1_jpg.rf.942bc3882b505c57214a1aaf82a4f364.jpg,1,LicensePlate,296,364,117.43,64.747,640,640,license_plate
kaggle_plate_license_recognition,bn9neb1uij9a1_jpg,train,bn9neb1uij9a1_jpg.rf.dfa8a6b516303c91eabd4896518ace53.jpg,1,LicensePlate,296,364,117.43,64.747,640,640,license_plate
kaggle_plate_license_recognition,brnvuiro6sia1_jpg,train,brnvuiro6sia1_jpg.rf.4475b4577fb7f1200702fcca6c00d6b7.jpg,1,LicensePlate,254,312,139.542,153.888,640,640,license_plate
kaggle_plate_license_recognition,bthmv8kw7oda1_jpg,valid,bthmv8kw7oda1_jpg.rf.4aa170da4840cd1d435d770a5154e9dc.jpg,1,LicensePlate,318,337,114.941,89.537,640,640,license_plate
kaggle_plate_license_recognition,bthmv8kw7oda1_jpg,valid,bthmv8kw7oda1_jpg.rf.845f7d4c12335043d61c2347fd93c37e.jpg,1,LicensePlate,313,352,105.1,74.261,640,640,license_plate
kaggle_plate_license_recognition,bthmv8kw7oda1_jpg,train,bthmv8kw7oda1_jpg.rf.e5dbe08636ca9e04f427b8215c7d6dc7.jpg,1,LicensePlate,315,346,109.809,81.299,640,640,license_plate
kaggle_plate_license_recognition,c94k9fqfdhla1_jpg,train,c94k9fqfdhla1_jpg.rf.38234df874420d7d2da6184cfea3e74a.jpg,1,LicensePlate,259,417,75.106,67.848,640,640,license_plate
kaggle_plate_license_recognition,c94k9fqfdhla1_jpg,train,c94k9fqfdhla1_jpg.rf.4501c4605836374ecbe9079974ed8fed.jpg,1,LicensePlate,306,418,74.625,68.951,640,640,license_plate
kaggle_plate_license_recognition,c94k9fqfdhla1_jpg,test,c94k9fqfdhla1_jpg.rf.4be6efd6d874013bf0c68c7bd6f7fbd4.jpg,1,LicensePlate,248,414,78.134,71.5,640,640,license_plate
kaggle_plate_license_recognition,c9afcyqbvroa1_jpg,train,c9afcyqbvroa1_jpg.rf.0f73fc1f6c97bf79baef25ecdcfd0cd5.jpg,1,LicensePlate,278,380,103.27,73.233,640,640,license_plate
kaggle_plate_license_recognition,c9afcyqbvroa1_jpg,test,c9afcyqbvroa1_jpg.rf.42fdba61985f88d0fb74f2cf076698f8.jpg,1,LicensePlate,271,379,105.373,74.828,640,640,license_plate
kaggle_plate_license_recognition,c9afcyqbvroa1_jpg,train,c9afcyqbvroa1_jpg.rf.9a2cb3489dcb2766633fd27879f3a3ef.jpg,1,LicensePlate,278,380,103.27,73.233,640,640,license_plate
kaggle_plate_license_recognition,clLw_6qUvdqXssWeOIX1ZrcGxubxxDXn3-9Iwid23cQ_jpg,train,clLw_6qUvdqXssWeOIX1ZrcGxubxxDXn3-9Iwid23cQ_jpg.rf.1a75b5d39854043306c23acd2d89ac39.jpg,1,LicensePlate,304,280,101.731,79.153,640,640,license_plate
kaggle_plate_license_recognition,cp9fnjx9bxia1_jpg,train,cp9fnjx9bxia1_jpg.rf.43b88492504b49c23115ab7c8ac81dc3.jpg,1,LicensePlate,317,347,94.73,78.013,640,640,license_plate
kaggle_plate_license_recognition,cp9fnjx9bxia1_jpg,train,cp9fnjx9bxia1_jpg.rf.ae01d3b3c67abace9077ca794ca1e286.jpg,1,LicensePlate,330,319,112.545,81.468,640,640,license_plate
kaggle_plate_license_recognition,cuwpuuf8gzoa1_jpg,train,cuwpuuf8gzoa1_jpg.rf.b6fb1ed5c2fab5d7dc67b943bd6c27e1.jpg,1,LicensePlate,346,376,71.5,59.43,640,640,license_plate
kaggle_plate_license_recognition,cuwpuuf8gzoa1_jpg,train,cuwpuuf8gzoa1_jpg.rf.dc44d7f9785658cb60a45c35aaed9b00.jpg,1,LicensePlate,360,350,82.729,74.963,640,640,license_plate
kaggle_plate_license_recognition,d5slhm6xk1oa1_jpg,test,d5slhm6xk1oa1_jpg.rf.189f5be2e4c08d51779b85d88872e9ca.jpg,1,LicensePlate,214,329,99.53,71.514,640,640,license_plate
kaggle_plate_license_recognition,d5slhm6xk1oa1_jpg,train,d5slhm6xk1oa1_jpg.rf.cc7053f080a7c3c3516db21f6365ac0a.jpg,1,LicensePlate,206,316,104.701,80.8,640,640,license_plate
kaggle_plate_license_recognition,dsn3pg8nwtoa1_jpg,train,dsn3pg8nwtoa1_jpg.rf.50e5ad328285384962702501e8bc85fd.jpg,1,LicensePlate,289,418,139.804,110.427,640,640,license_plate
kaggle_plate_license_recognition,dsn3pg8nwtoa1_jpg,train,dsn3pg8nwtoa1_jpg.rf.9827756734ea3c116eb148d3ff5099be.jpg,1,LicensePlate,253,438,123.22,80.135,640,640,license_plate
kaggle_plate_license_recognition,dso8xg84l2ha1_jpg,valid,dso8xg84l2ha1_jpg.rf.5fee1e3986d848adfdbae63574442fed.jpg,1,LicensePlate,314,299,88.271,62.019,640,640,license_plate
kaggle_plate_license_recognition,dwlc3prqd9ga1_jpg,train,dwlc3prqd9ga1_jpg.rf.e149668f838905cd2fc12edd15d6a378.jpg,1,LicensePlate,282,320,96.82,48.397,640,640,license_plate
kaggle_plate_license_recognition,dyqreypgc1pa1_jpg,valid,dyqreypgc1pa1_jpg.rf.f9223f4abddb70e02f7e3257535f787e.jpg,1,LicensePlate,281,313,110.511,94.074,640,640,license_plate
kaggle_plate_license_recognition,dzmsrsx9vyna1_jpg,valid,dzmsrsx9vyna1_jpg.rf.f294d094e6c654ff99d91df10857a0ed.jpg,1,LicensePlate,231,344,213.666,98.54,640,640,license_plate
kaggle_plate_license_recognition,e0sj3ntaipia1_jpg,valid,e0sj3ntaipia1_jpg.rf.476beebcc3a570a5d2fff921b0b49134.jpg,1,LicensePlate,205,217,176.378,145.565,640,640,license_plate
kaggle_plate_license_recognition,e0sj3ntaipia1_jpg,train,e0sj3ntaipia1_jpg.rf.57549a383a10a88ce2834c14bd77ae40.jpg,1,LicensePlate,210,248,151.452,102.897,640,640,license_plate
kaggle_plate_license_recognition,e0sj3ntaipia1_jpg,test,e0sj3ntaipia1_jpg.rf.b1cf74d6e5f81bd611576d2e2ad7db6d.jpg,1,LicensePlate,210,248,150.05,104.533,640,640,license_plate
kaggle_plate_license_recognition,e1hzdr4u5nja1_jpg,train,e1hzdr4u5nja1_jpg.rf.b63df68e92bf40c4f2136b1fa8b249a9.jpg,1,LicensePlate,275,366,121.0,61.03,640,640,license_plate
kaggle_plate_license_recognition,ee4j45maswba1_jpg,train,ee4j45maswba1_jpg.rf.16b491bb485992931c3ba1e4ecdcc101.jpg,1,LicensePlate,426,432,51.507,39.729,640,640,license_plate
kaggle_plate_license_recognition,eem7z224qdoa1_jpg,valid,eem7z224qdoa1_jpg.rf.0d5e40969987634e97cac853b760e5bb.jpg,1,LicensePlate,121,128,269.844,216.099,640,640,license_plate
kaggle_plate_license_recognition,eem7z224qdoa1_jpg,valid,eem7z224qdoa1_jpg.rf.89805d24cd0a24d71b0ac7dc4a0b7f31.jpg,1,LicensePlate,112,172,246.843,172.42,640,640,license_plate
kaggle_plate_license_recognition,eem7z224qdoa1_jpg,test,eem7z224qdoa1_jpg.rf.9d582ad2a45216f513302d2b2ed9370a.jpg,1,LicensePlate,99,170,260.858,195.278,640,640,license_plate
kaggle_plate_license_recognition,eem7z224qdoa1_jpg,valid,eem7z224qdoa1_jpg.rf.a452eaaae9ae0240e7a24df939f7c2d3.jpg,1,LicensePlate,118,174,239.61,160.8,640,640,license_plate
kaggle_plate_license_recognition,ekmg0byaz8ia1_jpg,valid,ekmg0byaz8ia1_jpg.rf.0d52c689eb88c367d5ce121d3f7afd86.jpg,1,LicensePlate,262,310,47.23,26.0,640,640,license_plate
kaggle_plate_license_recognition,ekmg0byaz8ia1_jpg,train,ekmg0byaz8ia1_jpg.rf.51844f6bbdd1f10810b3250ed5434390.jpg,1,LicensePlate,260,296,52.213,36.789,640,640,license_plate
kaggle_plate_license_recognition,ekmg0byaz8ia1_jpg,train,ekmg0byaz8ia1_jpg.rf.dfe63bfd1def15caf87e5b605ef6db62.jpg,1,LicensePlate,263,313,50.06,36.139,640,640,license_plate
kaggle_plate_license_recognition,exxe8kw2hhia1_jpg,valid,exxe8kw2hhia1_jpg.rf.696594fd83f54ee0da14f43d1bc4dc6c.jpg,1,LicensePlate,197,248,253.579,188.443,640,640,license_plate
kaggle_plate_license_recognition,f3qb1vrj1yoa1_jpg,train,f3qb1vrj1yoa1_jpg.rf.b0d005784ae4d5bc1da5600115883d4d.jpg,1,LicensePlate,280,317,118.87,62.62,640,640,license_plate
kaggle_plate_license_recognition,f7v97s7ltcaa1_jpg,valid,f7v97s7ltcaa1_jpg.rf.90218d30532607e73c913204221f8964.jpg,1,LicensePlate,201,239,136.52,97.12,640,640,license_plate
kaggle_plate_license_recognition,f7v97s7ltcaa1_jpg,train,f7v97s7ltcaa1_jpg.rf.d84a371a9050d64aeebc97581f8b0415.jpg,1,LicensePlate,209,190,165.723,152.168,640,640,license_plate
kaggle_plate_license_recognition,g1p35c8s49na1_jpg,train,g1p35c8s49na1_jpg.rf.3582f6328b0b1f0094987031c5100b82.jpg,1,LicensePlate,205,267,187.3,177.776,640,640,license_plate
kaggle_plate_license_recognition,g1p35c8s49na1_jpg,train,g1p35c8s49na1_jpg.rf.84cf9f9b23542b56f90811d4f55703a3.jpg,1,LicensePlate,208,271,183.125,171.527,640,640,license_plate
kaggle_plate_license_recognition,g1p35c8s49na1_jpg,train,g1p35c8s49na1_jpg.rf.b47174b132c9bfdb5bb4080ae645168a.jpg,1,LicensePlate,194,256,201.252,195.196,640,640,license_plate
kaggle_plate_license_recognition,g1p35c8s49na1_jpg,train,g1p35c8s49na1_jpg.rf.b7a83761a2d0e042067031b734e8d753.jpg,1,LicensePlate,205,267,187.3,177.776,640,640,license_plate
kaggle_plate_license_recognition,guq17cvhblna1_jpg,train,guq17cvhblna1_jpg.rf.0544a3d388222997b0e1cd1531e90b2d.jpg,1,LicensePlate,71,414,64.212,49.724,640,640,license_plate
kaggle_plate_license_recognition,guq17cvhblna1_jpg,valid,guq17cvhblna1_jpg.rf.1589f65c5dc7fcd0bb7f9a3d99ff3560.jpg,1,LicensePlate,58,388,67.449,55.405,640,640,license_plate
kaggle_plate_license_recognition,h6mbhkcjrhca1_jpg,train,h6mbhkcjrhca1_jpg.rf.516aacf37a67536669a3e5a66c59529f.jpg,1,LicensePlate,293,266,88.998,73.203,640,640,license_plate
kaggle_plate_license_recognition,heb17ecppoma1_jpg,train,heb17ecppoma1_jpg.rf.35464cd704697402b10a11918fed4351.jpg,1,LicensePlate,265,312,111.97,57.31,640,640,license_plate
kaggle_plate_license_recognition,hoj7wt6bkxea1_jpg,test,hoj7wt6bkxea1_jpg.rf.35fddc5b67788f3794811a5c4f288d34.jpg,1,LicensePlate,204,165,195.205,150.398,640,640,license_plate
kaggle_plate_license_recognition,hoj7wt6bkxea1_jpg,train,hoj7wt6bkxea1_jpg.rf.7cab875fa348def1d3c5580ab12218ad.jpg,1,LicensePlate,240,169,191.496,146.089,640,640,license_plate
kaggle_plate_license_recognition,hoj7wt6bkxea1_jpg,valid,hoj7wt6bkxea1_jpg.rf.d9a3434ad2a2e2c1aabd1bd174842c57.jpg,1,LicensePlate,236,176,181.865,129.604,640,640,license_plate
kaggle_plate_license_recognition,hpyu1i6ky8fa1_jpg,valid,hpyu1i6ky8fa1_jpg.rf.4e8878e9b9b28cc0499cb061867159d2.jpg,1,LicensePlate,244,287,93.741,57.529,640,640,license_plate
kaggle_plate_license_recognition,hpyu1i6ky8fa1_jpg,train,hpyu1i6ky8fa1_jpg.rf.7bb6d7fda064605bdfd7a491762f4af2.jpg,1,LicensePlate,246,297,88.62,45.64,640,640,license_plate
kaggle_plate_license_recognition,hpyu1i6ky8fa1_jpg,train,hpyu1i6ky8fa1_jpg.rf.d442f01d7a5cf6c0062f0fa0f8a65497.jpg,1,LicensePlate,244,289,93.199,56.1,640,640,license_plate
kaggle_plate_license_recognition,hpyu1i6ky8fa1_jpg,train,hpyu1i6ky8fa1_jpg.rf.f97f1cb62b95cd853564a07bf69d9e2f.jpg,1,LicensePlate,245,293,90.748,50.215,640,640,license_plate
kaggle_plate_license_recognition,i449ytv2lmba1_jpg,train,i449ytv2lmba1_jpg.rf.0e478e714e23e18bbed6bca963b476b8.jpg,1,LicensePlate,145,252,239.769,177.555,640,640,license_plate
kaggle_plate_license_recognition,ithewb2rbxfa1_jpg,train,ithewb2rbxfa1_jpg.rf.d71ce9b1e870c7a73c286e3b0ae74c72.jpg,1,LicensePlate,281,462,79.221,66.597,640,640,license_plate
kaggle_plate_license_recognition,jZwxHv3L5WzAWzQNFENl5yU3rSDx1fZozL7bfoV36j8_jpg,train,jZwxHv3L5WzAWzQNFENl5yU3rSDx1fZozL7bfoV36j8_jpg.rf.3303f4d09c37ba4687b21efeddc3627f.jpg,1,LicensePlate,287,343,93.556,58.923,640,640,license_plate
kaggle_plate_license_recognition,jZwxHv3L5WzAWzQNFENl5yU3rSDx1fZozL7bfoV36j8_jpg,train,jZwxHv3L5WzAWzQNFENl5yU3rSDx1fZozL7bfoV36j8_jpg.rf.fd527c75cc657697f62ee4b313ea8d6c.jpg,1,LicensePlate,278,352,85.938,45.014,640,640,license_plate
kaggle_plate_license_recognition,jaqria5uy7ha1_jpg,valid,jaqria5uy7ha1_jpg.rf.779ea8f5ece8cca3ca9391040970c812.jpg,1,LicensePlate,220,394,82.79,43.51,640,640,license_plate
kaggle_plate_license_recognition,jdgdp12a7qea1_jpg,test,jdgdp12a7qea1_jpg.rf.1eb3eb530ebc7a8f355b3b744177c411.jpg,1,LicensePlate,218,244,152.04,106.667,640,640,license_plate
kaggle_plate_license_recognition,jdgdp12a7qea1_jpg,valid,jdgdp12a7qea1_jpg.rf.a623f4547fe7fffb37fe339ad42f9f6c.jpg,1,LicensePlate,215,242,156.569,113.924,640,640,license_plate
kaggle_plate_license_recognition,jl6z20g2lpea1_jpg,train,jl6z20g2lpea1_jpg.rf.8f0a5f2554411e587a3c059f05dd80c1.jpg,1,LicensePlate,356,347,95.521,70.079,640,640,license_plate
kaggle_plate_license_recognition,jlc29sco6hga1_jpg,valid,jlc29sco6hga1_jpg.rf.3225c110cc4a54103dd2224174313696.jpg,1,LicensePlate,299,247,75.04,34.489,640,640,license_plate
kaggle_plate_license_recognition,jlc29sco6hga1_jpg,train,jlc29sco6hga1_jpg.rf.8aa15b3f30b89f4b00fc33d7938dbb29.jpg,1,LicensePlate,298,246,75.584,35.773,640,640,license_plate
kaggle_plate_license_recognition,jlc29sco6hga1_jpg,train,jlc29sco6hga1_jpg.rf.ba353d6c7da121175c1fb619409f7b5b.jpg,1,LicensePlate,304,247,77.523,40.754,640,640,license_plate
kaggle_plate_license_recognition,jpqfy8q88ida1_jpg,train,jpqfy8q88ida1_jpg.rf.ee13e434d4a32602b3fca185c2a0bcbd.jpg,1,LicensePlate,413,291,79.126,59.822,640,640,license_plate
kaggle_plate_license_recognition,jxtpts0yzaea1_jpg,valid,jxtpts0yzaea1_jpg.rf.650388a095bef3b4af44fb5c6a5900e1.jpg,1,LicensePlate,276,414,86.218,50.822,640,640,license_plate
kaggle_plate_license_recognition,jxtpts0yzaea1_jpg,train,jxtpts0yzaea1_jpg.rf.a099eb04ccc8054b7f4ebac13be78fb1.jpg,1,LicensePlate,257,407,92.039,62.025,640,640,license_plate
kaggle_plate_license_recognition,k1g3b7tc8vna1_jpg,test,k1g3b7tc8vna1_jpg.rf.213ed35b09d886b28e253da0a9265125.jpg,1,LicensePlate,198,314,124.57,92.867,640,640,license_plate
kaggle_plate_license_recognition,kcw17lituuma1_jpg,valid,kcw17lituuma1_jpg.rf.ed55a8e427027f8acf55d35c4832bde3.jpg,1,LicensePlate,340,352,109.06,81.187,640,640,license_plate
kaggle_plate_license_recognition,kd0p3zis3hha1_jpg,valid,kd0p3zis3hha1_jpg.rf.7adaa675dc935c1bcd639d47d9dbdbbc.jpg,1,LicensePlate,279,353,169.6,90.764,640,640,license_plate
kaggle_plate_license_recognition,kd0p3zis3hha1_jpg,valid,kd0p3zis3hha1_jpg.rf.92c250affc2ae9c0eb0c1313b0fc8fb4.jpg,1,LicensePlate,244,342,188.396,133.669,640,640,license_plate
kaggle_plate_license_recognition,kd0p3zis3hha1_jpg,valid,kd0p3zis3hha1_jpg.rf.bb3f99dab938a5567afa050113aba20f.jpg,1,LicensePlate,265,351,178.405,105.494,640,640,license_plate
kaggle_plate_license_recognition,kf5d31el7xda1_jpg,train,kf5d31el7xda1_jpg.rf.b5f856fc8d35b409a7c19753e40f4128.jpg,1,LicensePlate,251,192,119.317,91.753,640,640,license_plate
kaggle_plate_license_recognition,koilrpdqsmma1_jpg,train,koilrpdqsmma1_jpg.rf.1370fe4180ed7052973758cf3ceeb4ab.jpg,1,LicensePlate,203,278,118.872,36.826,640,640,license_plate
kaggle_plate_license_recognition,koilrpdqsmma1_jpg,test,koilrpdqsmma1_jpg.rf.54aa8dc386b82124572afd135a3ee42a.jpg,1,LicensePlate,203,281,117.74,34.49,640,640,license_plate
kaggle_plate_license_recognition,koilrpdqsmma1_jpg,train,koilrpdqsmma1_jpg.rf.6650c25be351699de733d7cca5d8873e.jpg,1,LicensePlate,203,281,117.74,34.49,640,640,license_plate
kaggle_plate_license_recognition,ku4285099oga1_jpg,valid,ku4285099oga1_jpg.rf.a6e6a424a5a3912cc445d5e7f6925e2c.jpg,1,LicensePlate,269,399,82.03,44.915,640,640,license_plate
kaggle_plate_license_recognition,l1b2tl4iz2aa1_jpg,train,l1b2tl4iz2aa1_jpg.rf.aa8d1622ad555cbec9f4fef9b12daab0.jpg,1,LicensePlate,274,289,96.17,71.013,640,640,license_plate
kaggle_plate_license_recognition,l1b2tl4iz2aa1_jpg,train,l1b2tl4iz2aa1_jpg.rf.f61a1d3f206c2438fea92d838d4e4125.jpg,1,LicensePlate,276,303,87.247,43.972,640,640,license_plate
kaggle_plate_license_recognition,l8uqlisis0fa1_jpg,train,l8uqlisis0fa1_jpg.rf.04c1b6728a3df362f0883dde2244c2ac.jpg,1,LicensePlate,274,398,66.049,53.832,640,640,license_plate
kaggle_plate_license_recognition,l8uqlisis0fa1_jpg,train,l8uqlisis0fa1_jpg.rf.b744b81261eb5300d1c94772e8c076cd.jpg,1,LicensePlate,280,397,69.09,57.913,640,640,license_plate
kaggle_plate_license_recognition,lemvtfhtxtoa1_jpg,train,lemvtfhtxtoa1_jpg.rf.b3d8319a7bebabec0d1d27a8bf86f432.jpg,1,LicensePlate,323,164,142.114,104.096,640,640,license_plate
kaggle_plate_license_recognition,lemvtfhtxtoa1_jpg,train,lemvtfhtxtoa1_jpg.rf.c2db617b154b57f4eccca4eff26f037e.jpg,1,LicensePlate,298,141,153.524,126.999,640,640,license_plate
kaggle_plate_license_recognition,lnlti0pl1nla1_jpg,train,lnlti0pl1nla1_jpg.rf.a1d1a75594c213baa3dc50f81ab81e2b.jpg,1,LicensePlate,319,360,93.815,69.523,640,640,license_plate
kaggle_plate_license_recognition,lsibmb1um6ea1_jpg,train,lsibmb1um6ea1_jpg.rf.a78747eedc3cda934f7f47cbfdede4d3.jpg,1,LicensePlate,252,350,156.105,110.743,640,640,license_plate
kaggle_plate_license_recognition,luaw2gghbr9a1_jpg,train,luaw2gghbr9a1_jpg.rf.85dc053cc967eca5353299f5ed0552ae.jpg,1,LicensePlate,73,354,359.838,249.342,640,640,license_plate
kaggle_plate_license_recognition,lylggeo8y9da1_jpg,train,lylggeo8y9da1_jpg.rf.9e4c66152215308962b1f5a9d168db51.jpg,1,LicensePlate,238,332,172.48,89.68,640,640,license_plate
kaggle_plate_license_recognition,m2knm1yzssoa1_jpg,train,m2knm1yzssoa1_jpg.rf.610cc55027b33883845f732e27ff9c16.jpg,1,LicensePlate,231,274,183.31,134.259,640,640,license_plate
kaggle_plate_license_recognition,m2qjy4ekz3ga1_jpg,train,m2qjy4ekz3ga1_jpg.rf.8591010ec54f6db15f50723dbfa247b8.jpg,1,LicensePlate,242,269,111.45,85.296,640,640,license_plate
kaggle_plate_license_recognition,m417sncy6eda1_jpg,valid,m417sncy6eda1_jpg.rf.bf3001aa292e45fea5f68a517bcaec83.jpg,1,LicensePlate,251,415,116.83,87.032,640,640,license_plate
kaggle_plate_license_recognition,mfm6fz0yvela1_jpg,valid,mfm6fz0yvela1_jpg.rf.2207f5101c729a0fcda61095699ed772.jpg,1,LicensePlate,291,376,98.079,65.797,640,640,license_plate
kaggle_plate_license_recognition,mfm6fz0yvela1_jpg,valid,mfm6fz0yvela1_jpg.rf.47ab873a851f19c77a3d404ba33343d9.jpg,1,LicensePlate,286,380,96.224,60.237,640,640,license_plate
kaggle_plate_license_recognition,mfm6fz0yvela1_jpg,train,mfm6fz0yvela1_jpg.rf.5107e50664e2602be42a4c26920eac0e.jpg,1,LicensePlate,286,380,96.224,60.237,640,640,license_plate
kaggle_plate_license_recognition,mtg6u7luzmga1_jpg,train,mtg6u7luzmga1_jpg.rf.15103b958a0514b335dd8d207c00e97c.jpg,1,LicensePlate,285,321,125.748,93.405,640,640,license_plate
kaggle_plate_license_recognition,mtg6u7luzmga1_jpg,train,mtg6u7luzmga1_jpg.rf.86e254e0ca55a6cbaa8efa93091f45ff.jpg,1,LicensePlate,285,321,125.748,93.405,640,640,license_plate
kaggle_plate_license_recognition,mukg1xrvamna1_jpg,train,mukg1xrvamna1_jpg.rf.50a5633fbf8057fab0aa549abca73424.jpg,1,LicensePlate,272,337,110.91,59.97,640,640,license_plate
kaggle_plate_license_recognition,mwdvk4c47uda1_jpg,valid,mwdvk4c47uda1_jpg.rf.e57ea9e5627d971d1e7526bc60ab65b6.jpg,1,LicensePlate,14,182,253.34,208.231,640,640,license_plate
kaggle_plate_license_recognition,mwhmvhum2fna1_jpg,train,mwhmvhum2fna1_jpg.rf.1796cc60d0739d16fba2fd9f41193bbd.jpg,1,LicensePlate,285,385,106.27,66.867,640,640,license_plate
kaggle_plate_license_recognition,mwhmvhum2fna1_jpg,train,mwhmvhum2fna1_jpg.rf.c524fa87bae1be96f15bc3831ed841d2.jpg,1,LicensePlate,285,385,106.27,66.867,640,640,license_plate
kaggle_plate_license_recognition,mwhmvhum2fna1_jpg,train,mwhmvhum2fna1_jpg.rf.f6dc28ea20d78fa56a3a43aa4e65f51c.jpg,1,LicensePlate,263,379,115.345,83.959,640,640,license_plate
kaggle_plate_license_recognition,mzrzg7i213ha1_jpg,train,mzrzg7i213ha1_jpg.rf.17e67aafc197ae182abf5f16de311210.jpg,1,LicensePlate,198,259,268.066,204.871,640,640,license_plate
kaggle_plate_license_recognition,mzrzg7i213ha1_jpg,valid,mzrzg7i213ha1_jpg.rf.92625c7ca4b798de198c2cee7502423b.jpg,1,LicensePlate,201,278,246.37,167.693,640,640,license_plate
kaggle_plate_license_recognition,mzrzg7i213ha1_jpg,train,mzrzg7i213ha1_jpg.rf.d0aec30a910b2c98afb6ccea38879c7e.jpg,1,LicensePlate,201,278,246.37,167.693,640,640,license_plate
kaggle_plate_license_recognition,n01pyaskozna1_jpg,train,n01pyaskozna1_jpg.rf.a9771635ccf6264761b77a762c63ef1e.jpg,1,LicensePlate,294,254,80.791,54.939,640,640,license_plate
kaggle_plate_license_recognition,n3wwf4c9nuga1_jpg,train,n3wwf4c9nuga1_jpg.rf.27eaeb29b573efbe9afe410efea2cedb.jpg,1,LicensePlate,197,255,84.204,58.535,640,640,license_plate
kaggle_plate_license_recognition,nf94pwed89ma1_jpg,train,nf94pwed89ma1_jpg.rf.0e48062694f9e7b0975d6ca6d054f361.jpg,1,LicensePlate,270,486,83.223,47.615,640,640,license_plate
kaggle_plate_license_recognition,nksbinegm0ma1_jpg,train,nksbinegm0ma1_jpg.rf.c1d13f06136f36d8eb4cb3d7c7bd2426.jpg,1,LicensePlate,225,431,86.98,64.924,640,640,license_plate
kaggle_plate_license_recognition,nksbinegm0ma1_jpg,train,nksbinegm0ma1_jpg.rf.c788e997b3b03bf2937571bd264b7088.jpg,1,LicensePlate,168,394,91.026,71.869,640,640,license_plate
kaggle_plate_license_recognition,np7atvi85nga1_jpg,train,np7atvi85nga1_jpg.rf.318ecf70905128f221d890ae0999affb.jpg,1,LicensePlate,276,350,143.751,107.085,640,640,license_plate
kaggle_plate_license_recognition,np7atvi85nga1_jpg,train,np7atvi85nga1_jpg.rf.ee585c416be6ed0049883fa2d3880608.jpg,1,LicensePlate,266,363,132.29,87.037,640,640,license_plate
kaggle_plate_license_recognition,nr2rjxss6ena1_jpg,test,nr2rjxss6ena1_jpg.rf.75be5be90aee22c50a08e8953311824b.jpg,1,LicensePlate,250,470,89.77,50.947,640,640,license_plate
kaggle_plate_license_recognition,oakiqj6oa0ha1_jpg,train,oakiqj6oa0ha1_jpg.rf.55fefa28ebad7bcbd851641333cd0342.jpg,1,LicensePlate,263,424,80.827,75.609,640,640,license_plate
kaggle_plate_license_recognition,oakiqj6oa0ha1_jpg,train,oakiqj6oa0ha1_jpg.rf.96686bec1cd821b585ffa2ce059eaaea.jpg,1,LicensePlate,309,432,73.855,56.484,640,640,license_plate
kaggle_plate_license_recognition,og0495u1j0ca1_jpg,valid,og0495u1j0ca1_jpg.rf.2a47900a780cb2e6f89d33d5dd5992e7.jpg,1,LicensePlate,362,416,80.51,51.482,640,640,license_plate
kaggle_plate_license_recognition,og0495u1j0ca1_jpg,train,og0495u1j0ca1_jpg.rf.8273cc35f449924f8390f2569038da82.jpg,1,LicensePlate,362,416,80.51,51.482,640,640,license_plate
kaggle_plate_license_recognition,og0495u1j0ca1_jpg,train,og0495u1j0ca1_jpg.rf.e38ae6ddc413330d42c0475f83ee7cc6.jpg,1,LicensePlate,367,409,83.038,55.512,640,640,license_plate
kaggle_plate_license_recognition,okvijzim7vna1_jpg,valid,okvijzim7vna1_jpg.rf.35963d1ca7ceb0935e9304a97cee88eb.jpg,1,LicensePlate,279,352,82.4,52.008,640,640,license_plate
kaggle_plate_license_recognition,okvijzim7vna1_jpg,valid,okvijzim7vna1_jpg.rf.c09b0d9f60cc4019b6cd5885ce45b6f5.jpg,1,LicensePlate,269,347,87.606,61.345,640,640,license_plate
kaggle_plate_license_recognition,os57kt6qfyga1_jpg,valid,os57kt6qfyga1_jpg.rf.1b922d54f445aed4cdcce0377e4ab8f3.jpg,1,LicensePlate,259,237,105.958,134.56,640,640,license_plate
kaggle_plate_license_recognition,ozim4711k5da1_jpg,train,ozim4711k5da1_jpg.rf.3818b35016c42262f122f98cb619909a.jpg,1,LicensePlate,262,422,103.619,56.514,640,640,license_plate
kaggle_plate_license_recognition,ozim4711k5da1_jpg,valid,ozim4711k5da1_jpg.rf.820191565fec36799c81cd196e542e33.jpg,1,LicensePlate,243,416,104.889,66.631,640,640,license_plate
kaggle_plate_license_recognition,ozim4711k5da1_jpg,train,ozim4711k5da1_jpg.rf.bead096ca2de9fd738648ae5523bddc4.jpg,1,LicensePlate,251,419,102.53,61.554,640,640,license_plate
kaggle_plate_license_recognition,p4smg0eq3gna1_jpg,train,p4smg0eq3gna1_jpg.rf.0fe79ef7fa8dcec5e82a176fb674121e.jpg,1,LicensePlate,200,179,182.596,147.044,640,640,license_plate
kaggle_plate_license_recognition,p4smg0eq3gna1_jpg,valid,p4smg0eq3gna1_jpg.rf.6634540eeb4b22875fdba213b9f6106f.jpg,1,LicensePlate,191,176,188.156,159.729,640,640,license_plate
kaggle_plate_license_recognition,p4smg0eq3gna1_jpg,train,p4smg0eq3gna1_jpg.rf.eb041e051f3b3bf6ab225225ad79c803.jpg,1,LicensePlate,221,189,167.267,119.716,640,640,license_plate
kaggle_plate_license_recognition,p7bjpcom7fia1_jpg,test,p7bjpcom7fia1_jpg.rf.cb2ab447edeeb7c96836fd94d8a93689.jpg,1,LicensePlate,213,262,177.667,155.791,640,640,license_plate
kaggle_plate_license_recognition,pd3j5167oola1_jpg,train,pd3j5167oola1_jpg.rf.0b576c67b0e16292fbdfa871c6b93a4d.jpg,1,LicensePlate,292,306,108.593,54.867,640,640,license_plate
kaggle_plate_license_recognition,pxuvds6zr5da1_jpg,train,pxuvds6zr5da1_jpg.rf.57c3ec774c947c4db1ce8f9df1983790.jpg,1,LicensePlate,241,294,73.87,52.011,640,640,license_plate
kaggle_plate_license_recognition,pxuvds6zr5da1_jpg,train,pxuvds6zr5da1_jpg.rf.d88f508526f92880ff3982bbe46902bb.jpg,1,LicensePlate,239,289,78.804,53.721,640,640,license_plate
kaggle_plate_license_recognition,pyyw6nfbhbha1_jpg,valid,pyyw6nfbhbha1_jpg.rf.8324d3a032b1e211d2ff8e10f39690cd.jpg,1,LicensePlate,256,362,150.899,84.098,640,640,license_plate
kaggle_plate_license_recognition,pyyw6nfbhbha1_jpg,train,pyyw6nfbhbha1_jpg.rf.8337b49befab8156f62e4fb9c5ab6490.jpg,1,LicensePlate,250,358,153.421,91.799,640,640,license_plate
kaggle_plate_license_recognition,q2qvtn9unboa1_jpg,train,q2qvtn9unboa1_jpg.rf.f770ee01515ff2b5120c25f652222bad.jpg,1,LicensePlate,270,313,98.9,76.947,640,640,license_plate
kaggle_plate_license_recognition,qahilqr79jca1_jpg,train,qahilqr79jca1_jpg.rf.2464765dc07173e83ba0d1d64aae53d5.jpg,1,LicensePlate,281,414,74.75,79.907,640,640,license_plate
kaggle_plate_license_recognition,qhhwq8bja9na1_jpg,train,qhhwq8bja9na1_jpg.rf.118ac6c314303733a75d74c80cdfa994.jpg,1,LicensePlate,278,429,84.5,50.416,640,640,license_plate
kaggle_plate_license_recognition,qp3ab0qrdbga1_jpg,valid,qp3ab0qrdbga1_jpg.rf.352f3f3359422d7a01fa0545314265a3.jpg,1,LicensePlate,294,371,88.75,61.56,640,640,license_plate
kaggle_plate_license_recognition,qp3ab0qrdbga1_jpg,train,qp3ab0qrdbga1_jpg.rf.680c61cf09173b5cf0b0655c3b3749f9.jpg,1,LicensePlate,297,367,92.458,67.295,640,640,license_plate
kaggle_plate_license_recognition,qp3ab0qrdbga1_jpg,train,qp3ab0qrdbga1_jpg.rf.8be3476b0b60d7080ef4ed9e9b1c746f.jpg,1,LicensePlate,294,371,88.75,61.56,640,640,license_plate
kaggle_plate_license_recognition,qp3ab0qrdbga1_jpg,valid,qp3ab0qrdbga1_jpg.rf.9933081edb5bebd7555dc67f6c6c34ce.jpg,1,LicensePlate,303,360,97.17,75.275,640,640,license_plate
kaggle_plate_license_recognition,qp3ab0qrdbga1_jpg,train,qp3ab0qrdbga1_jpg.rf.b33c528290995d62f2fb648801617b67.jpg,1,LicensePlate,294,371,88.75,61.56,640,640,license_plate
kaggle_plate_license_recognition,qq038429hdna1_jpg,train,qq038429hdna1_jpg.rf.5460a4362979241acf50077855f14701.jpg,1,LicensePlate,195,238,214.504,174.848,640,640,license_plate
kaggle_plate_license_recognition,qv33f7i7b0ia1_jpg,train,qv33f7i7b0ia1_jpg.rf.4c4499b029c7215db01aa7bddbd14f48.jpg,1,LicensePlate,328,270,73.24,51.48,640,640,license_plate
kaggle_plate_license_recognition,qv33f7i7b0ia1_jpg,train,qv33f7i7b0ia1_jpg.rf.a2cc36c4820ba2fa7685c17af364ebd1.jpg,1,LicensePlate,326,266,75.278,54.826,640,640,license_plate
kaggle_plate_license_recognition,qwmd0qj54tla1_jpg,train,qwmd0qj54tla1_jpg.rf.04ea7f0a47eb3ed5af391697304659db.jpg,1,LicensePlate,184,371,89.309,71.329,640,640,license_plate
kaggle_plate_license_recognition,qwmd0qj54tla1_jpg,valid,qwmd0qj54tla1_jpg.rf.23b16a197e1343f2ddde44a484fbd5cd.jpg,1,LicensePlate,192,379,85.63,65.802,640,640,license_plate
kaggle_plate_license_recognition,r0b4iez4dana1_jpg,valid,r0b4iez4dana1_jpg.rf.aa8a6a4a0c662428270d26f25e8d2a0c.jpg,1,LicensePlate,317,284,121.384,90.626,640,640,license_plate
kaggle_plate_license_recognition,r2lojt1013ga1_jpg,train,r2lojt1013ga1_jpg.rf.2ef83c1cbc0aa9281b4cb45db1561b1a.jpg,1,LicensePlate,251,467,108.26,55.19,640,640,license_plate
kaggle_plate_license_recognition,rj794aeqtrba1_jpg,train,rj794aeqtrba1_jpg.rf.966ca916c4585952328619131d4963c8.jpg,1,LicensePlate,247,275,88.76,61.56,640,640,license_plate
kaggle_plate_license_recognition,u0f044lfh5da1_jpg,train,u0f044lfh5da1_jpg.rf.0a20b653bbbf629801be06c353b6a9ca.jpg,1,LicensePlate,271,329,119.34,113.573,640,640,license_plate
kaggle_plate_license_recognition,u0f044lfh5da1_jpg,train,u0f044lfh5da1_jpg.rf.6693bcd6802a3f20357c4bb664889f80.jpg,1,LicensePlate,261,334,127.3,104.225,640,640,license_plate
kaggle_plate_license_recognition,u0f044lfh5da1_jpg,train,u0f044lfh5da1_jpg.rf.b653bc3936689ea0f4e2dce4e89a37a0.jpg,1,LicensePlate,271,329,119.34,113.573,640,640,license_plate
kaggle_plate_license_recognition,u4wyzxa29oka1_jpg,test,u4wyzxa29oka1_jpg.rf.52dd33769902369515ed2363d7019cac.jpg,1,LicensePlate,486,295,39.01,63.151,640,640,license_plate
kaggle_plate_license_recognition,unx8gr3itzka1_jpg,train,unx8gr3itzka1_jpg.rf.101666b39b1b2804c18fa8ec96eac9a5.jpg,1,LicensePlate,205,275,105.61,54.66,640,640,license_plate
kaggle_plate_license_recognition,unx8gr3itzka1_jpg,train,unx8gr3itzka1_jpg.rf.551df2e0d33e4cc7b3b0855f24a5d9b1.jpg,1,LicensePlate,206,250,115.053,76.788,640,640,license_plate
kaggle_plate_license_recognition,unx8gr3itzka1_jpg,valid,unx8gr3itzka1_jpg.rf.64dc872ad6760a040d728612fd47985e.jpg,1,LicensePlate,205,272,107.36,58.053,640,640,license_plate
kaggle_plate_license_recognition,unx8gr3itzka1_jpg,train,unx8gr3itzka1_jpg.rf.ebdcff2047190a98c8011dfa9f0f3988.jpg,1,LicensePlate,206,256,113.592,72.389,640,640,license_plate
kaggle_plate_license_recognition,uovneg34ahma1_jpg,valid,uovneg34ahma1_jpg.rf.b6e792cfe5dc225ff0af25917a3639de.jpg,1,LicensePlate,259,420,58.97,52.996,640,640,license_plate
kaggle_plate_license_recognition,vfc3gbg3b8ia1_jpg,valid,vfc3gbg3b8ia1_jpg.rf.3bda737a9293f2ca8e9c909767c95463.jpg,1,LicensePlate,210,384,72.87,39.8,640,640,license_plate
kaggle_plate_license_recognition,wWQCsmStWRTD4UklG0SYirJjXQ_cKUKE8osAv3s4nyE_jpg,train,wWQCsmStWRTD4UklG0SYirJjXQ_cKUKE8osAv3s4nyE_jpg.rf.62c4bb08f72c03867775abc401779cee.jpg,1,LicensePlate,164,421,73.99,76.939,640,640,license_plate
kaggle_plate_license_recognition,wWQCsmStWRTD4UklG0SYirJjXQ_cKUKE8osAv3s4nyE_jpg,train,wWQCsmStWRTD4UklG0SYirJjXQ_cKUKE8osAv3s4nyE_jpg.rf.6a1adae1a9f6769268656f55a1af6761.jpg,1,LicensePlate,133,388,81.971,87.629,640,640,license_plate
kaggle_plate_license_recognition,wWQCsmStWRTD4UklG0SYirJjXQ_cKUKE8osAv3s4nyE_jpg,train,wWQCsmStWRTD4UklG0SYirJjXQ_cKUKE8osAv3s4nyE_jpg.rf.a1977dde271ba8789c5ebfeeb915f34c.jpg,1,LicensePlate,203,453,77.386,63.741,640,640,license_plate
kaggle_plate_license_recognition,wpqnw7j2qjea1_jpg,train,wpqnw7j2qjea1_jpg.rf.abe09422fc600e9eb722ca7a8fc58dc8.jpg,1,LicensePlate,201,352,81.49,50.413,640,640,license_plate
kaggle_plate_license_recognition,wqwpkf6fw4ha1_jpg,valid,wqwpkf6fw4ha1_jpg.rf.6d78c459d6643645e64203d2dacb29b3.jpg,1,LicensePlate,210,538,115.78,84.384,640,640,license_plate
kaggle_plate_license_recognition,wvbb9f5a3jca1_jpg,test,wvbb9f5a3jca1_jpg.rf.883ea79a77a6000c734ae1f2329dbcfb.jpg,1,LicensePlate,298,453,123.12,70.58,640,640,license_plate
kaggle_plate_license_recognition,x95jva8vsfha1_jpg,train,x95jva8vsfha1_jpg.rf.2005da77d6f733312f0e54750e442c2a.jpg,1,LicensePlate,387,329,80.343,83.345,640,640,license_plate
kaggle_plate_license_recognition,x95jva8vsfha1_jpg,train,x95jva8vsfha1_jpg.rf.ccf2be39c0fd6535554eda8ccb567c58.jpg,1,LicensePlate,377,356,77.789,69.784,640,640,license_plate
kaggle_plate_license_recognition,xeeej1a7mvla1_jpg,train,xeeej1a7mvla1_jpg.rf.27441aedc75f10fc210451c53ac58223.jpg,1,LicensePlate,164,241,191.734,150.241,640,640,license_plate
kaggle_plate_license_recognition,xg9o2ck79coa1_jpg,train,xg9o2ck79coa1_jpg.rf.30540ba0dd746686b8ce2fe58e7c14fd.jpg,1,LicensePlate,315,399,113.97,56.777,640,640,license_plate
kaggle_plate_license_recognition,xxpwb4ts4eka1_jpg,train,xxpwb4ts4eka1_jpg.rf.6cd44df4b05c5b80c3a8c8d473a614dc.jpg,1,LicensePlate,259,216,138.9,96.573,640,640,license_plate
kaggle_plate_license_recognition,xyiyazotn9ga1_jpg,train,xyiyazotn9ga1_jpg.rf.3c515b2e7698504da6192822dcb4ab7e.jpg,1,LicensePlate,255,318,80.52,58.366,640,640,license_plate
kaggle_plate_license_recognition,xyiyazotn9ga1_jpg,train,xyiyazotn9ga1_jpg.rf.7b6264512e774d792d1b296e3b176029.jpg,1,LicensePlate,254,317,81.369,59.687,640,640,license_plate
kaggle_plate_license_recognition,xyiyazotn9ga1_jpg,train,xyiyazotn9ga1_jpg.rf.c526d2e8be940d6fad005a3d47e6fd88.jpg,1,LicensePlate,257,321,79.13,54.705,640,640,license_plate
kaggle_plate_license_recognition,y6ng4evbboba1_jpg,valid,y6ng4evbboba1_jpg.rf.38a605e6a3509c5fe97f4ab015615868.jpg,1,LicensePlate,326,376,78.41,53.6,640,640,license_plate
kaggle_plate_license_recognition,yfrjkwh4tbka1_jpg,train,yfrjkwh4tbka1_jpg.rf.9b25f16617678d1a47fe8a76232b0bd2.jpg,1,LicensePlate,447,314,54.13,32.9,640,640,license_plate
kaggle_plate_license_recognition,z9bype9vpuga1_jpg,train,z9bype9vpuga1_jpg.rf.a91de3b94591470eab99cb656cd606f7.jpg,1,LicensePlate,310,205,155.89,81.734,640,640,license_plate
kaggle_plate_license_recognition,zr2m1dok9tja1_jpg,train,zr2m1dok9tja1_jpg.rf.0539c7f1625ed1d5e8b8e76811690401.jpg,1,LicensePlate,313,282,117.85,66.34,640,640,license_plate
kaggle_plate_license_recognition,zr2m1dok9tja1_jpg,train,zr2m1dok9tja1_jpg.rf.8b5bbb631a8c0fa8110d8e6a81ea8ad3.jpg,1,LicensePlate,310,273,123.183,74.637,640,640,license_plate
kaggle_plate_license_recognition,zwa92s97xzaa1_jpg,train,zwa92s97xzaa1_jpg.rf.bae525d9b236c16e5f06bcb619879dd3.jpg,1,LicensePlate,292,379,111.37,78.542,640,640,license_plate
