source_dataset,source_split,source_image_name,source_annotation_name,source_sequence,source_frame,source_image_path,source_annotation_path,image_sha256,annotation_sha256,image_width,image_height,xml_width,xml_height,dimension_match,plate_instance_count,object_classes,invalid_box_count,real_synthetic,is_negative,canonical_class,license_reference,readme_reference
romanian_public_lp,train,dayride_type1_001.mp4#t=3.jpg,dayride_type1_001.mp4#t=3.xml,dayride_type1_001.mp4,3,AI/PlateDetector/datasets/raw/romanian_lp/dataset/train/images/dayride_type1_001.mp4#t=3.jpg,AI/PlateDetector/datasets/raw/romanian_lp/dataset/train/annots/dayride_type1_001.mp4#t=3.xml,fc237b5dc252cb1bee19a74a07bcf12fd45f09c97ab0ac38f38ed29c4759558d,330a6635b33e53446aa6e436e3b363d465a3d1db35b105e8890426779abce201,1280,720,1280,720,True,1,license-plate,0,REAL,False,license_plate,AI/PlateDetector/datasets/raw/romanian_lp/LICENSE,AI/PlateDetector/datasets/raw/romanian_lp/README.md
romanian_public_lp,train,dayride_type1_001.mp4#t=20.jpg,dayride_type1_001.mp4#t=20.xml,dayride_type1_001.mp4,20,AI/PlateDetector/datasets/raw/romanian_lp/dataset/train/images/dayride_type1_001.mp4#t=20.jpg,AI/PlateDetector/datasets/raw/romanian_lp/dataset/train/annots/dayride_type1_001.mp4#t=20.xml,071803991fd4fc8ac070562f4c61b46e3820963b96c4f5521792da04e27fcb3e,77a522ad70af32451dbb757b267dafd55a120d02c7efcc93c9a3914bb1aa37ec,1280,720,1280,720,True,1,license-plate,0,REAL,False,license_plate,AI/PlateDetector/datasets/raw/romanian_lp/LICENSE,AI/PlateDetector/datasets/raw/romanian_lp/README.md
romanian_public_lp,train,dayride_type1_001.mp4#t=31.jpg,dayride_type1_001.mp4#t=31.xml,dayride_type1_001.mp4,31,AI/PlateDetector/datasets/raw/romanian_lp/dataset/train/images/dayride_type1_001.mp4#t=31.jpg,AI/PlateDetector/datasets/raw/romanian_lp/dataset/train/annots/dayride_type1_001.mp4#t=31.xml,966152c8794d898cc783a9cc383ecb097bf174c420f39f0800d98649d77ff5db,8b3f123d96b7afa5625ea2fa384271fba10604b4a7ba3680ad8a1e2eb00df2b8,1280,720,1280,720,True,1,license-plate,0,REAL,False,license_plate,AI/PlateDetector/datasets/raw/romanian_lp/LICENSE,AI/PlateDetector/datasets/raw/romanian_lp/README.md
romanian_public_lp,train,dayride_type1_001.mp4#t=32.jpg,dayride_type1_001.mp4#t=32.xml,dayride_type1_001.mp4,32,AI/PlateDetector/datasets/raw/romanian_lp/dataset/train/images/dayride_type1_001.mp4#t=32.jpg,AI/PlateDetector/datasets/raw/romanian_lp/dataset/train/annots/dayride_type1_001.mp4#t=32.xml,6925f0de653003a6291bc7cad58ec4a2c2c06d5054d7fb10d28bcb4aa78bd963,6e26e7df79dbe0eaa2858bbb21662e92f68daf0a0f6a03da723e27903e481d03,1280,720,1280,720,True,1,license-plate,0,REAL,False,license_plate,AI/PlateDetector/datasets/raw/romanian_lp/LICENSE,AI/PlateDetector/datasets/raw/romanian_lp/README.md
romanian_public_lp,train,dayride_type1_001.mp4#t=33.jpg,dayride_type1_001.mp4#t=33.xml,dayride_type1_001.mp4,33,AI/PlateDetector/datasets/raw/romanian_lp/dataset/train/images/dayride_type1_001.mp4#t=33.jpg,AI/PlateDetector/datasets/raw/romanian_lp/dataset/train/annots/dayride_type1_001.mp4#t=33.xml,778f0a1c636e9f34a051062245d99280af5b4db27bdf6fa0bf96df136a654e50,f760305cfbace45c70ae9e00950a2f23b2daa284e3cf57fdd2d442d63d0f2a53,1280,720,1280,720,True,1,license-plate,0,REAL,False,license_plate,AI/PlateDetector/datasets/raw/romanian_lp/LICENSE,AI/PlateDetector/datasets/raw/romanian_lp/README.md
romanian_public_lp,valid,dayride_type1_001.mp4#t=37.jpg,dayride_type1_001.mp4#t=37.xml,dayride_type1_001.mp4,37,AI/PlateDetector/datasets/raw/romanian_lp/dataset/valid/images/dayride_type1_001.mp4#t=37.jpg,AI/PlateDetector/datasets/raw/romanian_lp/dataset/valid/annots/dayride_type1_001.mp4#t=37.xml,e9497a2de4f82d95c97ed1534e111c626a025161dd257a7904a0df8c224f5a3a,7fe954888cf0f5a2a601d13808a6dbe10a73c1bf389bd97810eb98d0906f833e,1280,720,1280,720,True,1,license-plate,0,REAL,False,license_plate,AI/PlateDetector/datasets/raw/romanian_lp/LICENSE,AI/PlateDetector/datasets/raw/romanian_lp/README.md
romanian_public_lp,train,dayride_type1_001.mp4#t=56.jpg,dayride_type1_001.mp4#t=56.xml,dayride_type1_001.mp4,56,AI/PlateDetector/datasets/raw/romanian_lp/dataset/train/images/dayride_type1_001.mp4#t=56.jpg,AI/PlateDetector/datasets/raw/romanian_lp/dataset/train/annots/dayride_type1_001.mp4#t=56.xml,4e419a2687739ba37f25eacc7ab381aed8e808cf18184bb410e2cbfe6e51d62b,c1eb57bd7185e64c39949a926d7b188c425d90dd251499dac51b17583cfd0199,1280,720,1280,720,True,1,license-plate,0,REAL,False,license_plate,AI/PlateDetector/datasets/raw/romanian_lp/LICENSE,AI/PlateDetector/datasets/raw/romanian_lp/README.md
romanian_public_lp,train,dayride_type1_001.mp4#t=83.jpg,dayride_type1_001.mp4#t=83.xml,dayride_type1_001.mp4,83,AI/PlateDetector/datasets/raw/romanian_lp/dataset/train/images/dayride_type1_001.mp4#t=83.jpg,AI/PlateDetector/datasets/raw/romanian_lp/dataset/train/annots/dayride_type1_001.mp4#t=83.xml,1cf749c08cd3a2254e1d01ffb6e5eaa4e774ba5edfa54680efbe5612dd73fcab,168420b62b8b2fffe319db0ec2547c40982040eda3786ee3ea96515deda483df,1280,720,1280,720,True,1,license-plate,0,REAL,False,license_plate,AI/PlateDetector/datasets/raw/romanian_lp/LICENSE,AI/PlateDetector/datasets/raw/romanian_lp/README.md
romanian_public_lp,train,dayride_type1_001.mp4#t=84.jpg,dayride_type1_001.mp4#t=84.xml,dayride_type1_001.mp4,84,AI/PlateDetector/datasets/raw/romanian_lp/dataset/train/images/dayride_type1_001.mp4#t=84.jpg,AI/PlateDetector/datasets/raw/romanian_lp/dataset/train/annots/dayride_type1_001.mp4#t=84.xml,0efd978c9899ed87b5c2301c1839e2ef91ce66a61e5425c1b9b43824824ef04c,3bf569b3aff53812b73da6296e20360ae3f34795995bff92fd1d3830a295bf90,1280,720,1280,720,True,1,license-plate,0,REAL,False,license_plate,AI/PlateDetector/datasets/raw/romanian_lp/LICENSE,AI/PlateDetector/datasets/raw/romanian_lp/README.md
romanian_public_lp,valid,dayride_type1_001.mp4#t=85.jpg,dayride_type1_001.mp4#t=85.xml,dayride_type1_001.mp4,85,AI/PlateDetector/datasets/raw/romanian_lp/dataset/valid/images/dayride_type1_001.mp4#t=85.jpg,AI/PlateDetector/datasets/raw/romanian_lp/dataset/valid/annots/dayride_type1_001.mp4#t=85.xml,6eb9d859bb3c339efb937a330bf1e00cc17abb6318b4e8511306901aa9612082,a2ef6712003faf69e6270cc313098a7484e20ef6034cdf7435f9cae791e8eff2,1280,720,1280,720,True,1,license-plate,0,REAL,False,license_plate,AI/PlateDetector/datasets/raw/romanian_lp/LICENSE,AI/PlateDetector/datasets/raw/romanian_lp/README.md
romanian_public_lp,train,dayride_type1_001.mp4#t=86.jpg,dayride_type1_001.mp4#t=86.xml,dayride_type1_001.mp4,86,AI/PlateDetector/datasets/raw/romanian_lp/dataset/train/images/dayride_type1_001.mp4#t=86.jpg,AI/PlateDetector/datasets/raw/romanian_lp/dataset/train/annots/dayride_type1_001.mp4#t=86.xml,ec92211b46a89247ea83fce1c9644ba870e3951b0e20339db31be063cc697a8f,ef44ac500d2345bbb5639f022c316538259c815c3651bb8115b5681d39078f36,1280,720,1280,720,True,1,license-plate,0,REAL,False,license_plate,AI/PlateDetector/datasets/raw/romanian_lp/LICENSE,AI/PlateDetector/datasets/raw/romanian_lp/README.md
romanian_public_lp,train,dayride_type1_001.mp4#t=87.jpg,dayride_type1_001.mp4#t=87.xml,dayride_type1_001.mp4,87,AI/PlateDetector/datasets/raw/romanian_lp/dataset/train/images/dayride_type1_001.mp4#t=87.jpg,AI/PlateDetector/datasets/raw/romanian_lp/dataset/train/annots/dayride_type1_001.mp4#t=87.xml,061ee0e78908f2cfab9d78618c1520eb8b80b16f8f87ecefb1f6ff2f4b7b851c,46420e98536b240e392f47c56c7aaca233cab4f1978ac1c08ebda8c43a2eaecd,1280,720,1280,720,True,1,license-plate,0,REAL,False,license_plate,AI/PlateDetector/datasets/raw/romanian_lp/LICENSE,AI/PlateDetector/datasets/raw/romanian_lp/README.md
romanian_public_lp,train,dayride_type1_001.mp4#t=119.jpg,dayride_type1_001.mp4#t=119.xml,dayride_type1_001.mp4,119,AI/PlateDetector/datasets/raw/romanian_lp/dataset/train/images/dayride_type1_001.mp4#t=119.jpg,AI/PlateDetector/datasets/raw/romanian_lp/dataset/train/annots/dayride_type1_001.mp4#t=119.xml,7f3c855b20fd61d0cecef18d55f00bb8ec23c09c0f92d104e8a04c4605a7c13a,7e5556a63012108c3556ded4c1a7bea14db237027e9f1c3ab68d50846b5c57f7,1280,720,1280,720,True,1,license-plate,0,REAL,False,license_plate,AI/PlateDetector/datasets/raw/romanian_lp/LICENSE,AI/PlateDetector/datasets/raw/romanian_lp/README.md
romanian_public_lp,train,dayride_type1_001.mp4#t=120.jpg,dayride_type1_001.mp4#t=120.xml,dayride_type1_001.mp4,120,AI/PlateDetector/datasets/raw/romanian_lp/dataset/train/images/dayride_type1_001.mp4#t=120.jpg,AI/PlateDetector/datasets/raw/romanian_lp/dataset/train/annots/dayride_type1_001.mp4#t=120.xml,6ffa09172a357286c6527556f5dad872680c3ddc421831c7a6e2e8e9843a66af,de6712e96c0e22fa27b5fe20c83d5f8c72fe7e073185b6d42b4f94a1824db79b,1280,720,1280,720,True,1,license-plate,0,REAL,False,license_plate,AI/PlateDetector/datasets/raw/romanian_lp/LICENSE,AI/PlateDetector/datasets/raw/romanian_lp/README.md
romanian_public_lp,valid,dayride_type1_001.mp4#t=147.jpg,dayride_type1_001.mp4#t=147.xml,dayride_type1_001.mp4,147,AI/PlateDetector/datasets/raw/romanian_lp/dataset/valid/images/dayride_type1_001.mp4#t=147.jpg,AI/PlateDetector/datasets/raw/romanian_lp/dataset/valid/annots/dayride_type1_001.mp4#t=147.xml,d41824998fac4cdbc58168ce702b9caf43de357ebb16d26fdff023950200a9c7,1d08dc39e9512ab9ca80b8d705f5270027dc5a609eda798ced55df211d2a3d7a,1280,720,1280,720,True,1,license-plate,0,REAL,False,license_plate,AI/PlateDetector/datasets/raw/romanian_lp/LICENSE,AI/PlateDetector/datasets/raw/romanian_lp/README.md
romanian_public_lp,train,dayride_type1_001.mp4#t=148.jpg,dayride_type1_001.mp4#t=148.xml,dayride_type1_001.mp4,148,AI/PlateDetector/datasets/raw/romanian_lp/dataset/train/images/dayride_type1_001.mp4#t=148.jpg,AI/PlateDetector/datasets/raw/romanian_lp/dataset/train/annots/dayride_type1_001.mp4#t=148.xml,fedbd2eecc1411314cbb5fc4c01c9da9e10bb10f1cee9f051177087b56078ac0,df3221547ba188dfed08dab6b103904b91e108b6e077122fcde71516e7cbab65,1280,720,1280,720,True,1,license-plate,0,REAL,False,license_plate,AI/PlateDetector/datasets/raw/romanian_lp/LICENSE,AI/PlateDetector/datasets/raw/romanian_lp/README.md
romanian_public_lp,train,dayride_type1_001.mp4#t=149.jpg,dayride_type1_001.mp4#t=149.xml,dayride_type1_001.mp4,149,AI/PlateDetector/datasets/raw/romanian_lp/dataset/train/images/dayride_type1_001.mp4#t=149.jpg,AI/PlateDetector/datasets/raw/romanian_lp/dataset/train/annots/dayride_type1_001.mp4#t=149.xml,c4873d268fd7d640631cc201d76ba2da4d372251b68418857b53acf4106c35c4,0af73ddbff132b26963c7631ce99dd065f71a4f4836915682dfd687139ada9e2,1280,720,1280,720,True,1,license-plate,0,REAL,False,license_plate,AI/PlateDetector/datasets/raw/romanian_lp/LICENSE,AI/PlateDetector/datasets/raw/romanian_lp/README.md
romanian_public_lp,train,dayride_type1_001.mp4#t=150.jpg,dayride_type1_001.mp4#t=150.xml,dayride_type1_001.mp4,150,AI/PlateDetector/datasets/raw/romanian_lp/dataset/train/images/dayride_type1_001.mp4#t=150.jpg,AI/PlateDetector/datasets/raw/romanian_lp/dataset/train/annots/dayride_type1_001.mp4#t=150.xml,92f4fa6b15e24bef77a26a6abe1c9ec9b6b834949ae867365e62dae06265aee7,dc3ef849dde73f15ad0e647b62acdbf329984d8f42c9c6d25b3448757fb2d98e,1280,720,1280,720,True,1,license-plate,0,REAL,False,license_plate,AI/PlateDetector/datasets/raw/romanian_lp/LICENSE,AI/PlateDetector/datasets/raw/romanian_lp/README.md
romanian_public_lp,valid,dayride_type1_001.mp4#t=151.jpg,dayride_type1_001.mp4#t=151.xml,dayride_type1_001.mp4,151,AI/PlateDetector/datasets/raw/romanian_lp/dataset/valid/images/dayride_type1_001.mp4#t=151.jpg,AI/PlateDetector/datasets/raw/romanian_lp/dataset/valid/annots/dayride_type1_001.mp4#t=151.xml,41e9418891f16b0f05960ef7da2114d292260bffec6dc1606000d9aca5b8b99d,63564a061fe58d601223370c654d120b5fc529e49da6f8938c6b084098004f62,1280,720,1280,720,True,1,license-plate,0,REAL,False,license_plate,AI/PlateDetector/datasets/raw/romanian_lp/LICENSE,AI/PlateDetector/datasets/raw/romanian_lp/README.md
romanian_public_lp,train,dayride_type1_001.mp4#t=152.jpg,dayride_type1_001.mp4#t=152.xml,dayride_type1_001.mp4,152,AI/PlateDetector/datasets/raw/romanian_lp/dataset/train/images/dayride_type1_001.mp4#t=152.jpg,AI/PlateDetector/datasets/raw/romanian_lp/dataset/train/annots/dayride_type1_001.mp4#t=152.xml,62e1993190c20e3cc588449f71595bc185fb6cef32b0a50d482cef36b56ef533,4b9b6effdd0dd17eee97b4b6d8984568352ee7b714bab395f54647b7ade3199c,1280,720,1280,720,True,1,license-plate,0,REAL,False,license_plate,AI/PlateDetector/datasets/raw/romanian_lp/LICENSE,AI/PlateDetector/datasets/raw/romanian_lp/README.md
romanian_public_lp,valid,dayride_type1_001.mp4#t=153.jpg,dayride_type1_001.mp4#t=153.xml,dayride_type1_001.mp4,153,AI/PlateDetector/datasets/raw/romanian_lp/dataset/valid/images/dayride_type1_001.mp4#t=153.jpg,AI/PlateDetector/datasets/raw/romanian_lp/dataset/valid/annots/dayride_type1_001.mp4#t=153.xml,0b756914d068a6be98c518e92ab7938a16231692db5f92cbdf16a5bcea07eccf,26485acd07bb82560706a6d32139a38867c68f2a202f85e65f3c3345e1870d5d,1280,720,1280,720,True,1,license-plate,0,REAL,False,license_plate,AI/PlateDetector/datasets/raw/romanian_lp/LICENSE,AI/PlateDetector/datasets/raw/romanian_lp/README.md
romanian_public_lp,train,dayride_type1_001.mp4#t=154.jpg,dayride_type1_001.mp4#t=154.xml,dayride_type1_001.mp4,154,AI/PlateDetector/datasets/raw/romanian_lp/dataset/train/images/dayride_type1_001.mp4#t=154.jpg,AI/PlateDetector/datasets/raw/romanian_lp/dataset/train/annots/dayride_type1_001.mp4#t=154.xml,b23e8ebe8240d6869c1dd0ea903e30831800046c8434f62b191f304a2fe0829b,155d058436fde24e123149a2072c1ed1df09c5b2d7c47df31ffdfeae610f4b97,1280,720,1280,720,True,1,license-plate,0,REAL,False,license_plate,AI/PlateDetector/datasets/raw/romanian_lp/LICENSE,AI/PlateDetector/datasets/raw/romanian_lp/README.md
romanian_public_lp,train,dayride_type1_001.mp4#t=156.jpg,dayride_type1_001.mp4#t=156.xml,dayride_type1_001.mp4,156,AI/PlateDetector/datasets/raw/romanian_lp/dataset/train/images/dayride_type1_001.mp4#t=156.jpg,AI/PlateDetector/datasets/raw/romanian_lp/dataset/train/annots/dayride_type1_001.mp4#t=156.xml,a9bea04f75b5cd1a3e49843e51ad696de6bf00f4c91b9195a2d92c26355c8e1c,3b8d3da2307249a285acfb3c286f2a89155c6125cc0c944a083d12cbe891615f,1280,720,1280,720,True,1,license-plate,0,REAL,False,license_plate,AI/PlateDetector/datasets/raw/romanian_lp/LICENSE,AI/PlateDetector/datasets/raw/romanian_lp/README.md
romanian_public_lp,valid,dayride_type1_001.mp4#t=163.jpg,dayride_type1_001.mp4#t=163.xml,dayride_type1_001.mp4,163,AI/PlateDetector/datasets/raw/romanian_lp/dataset/valid/images/dayride_type1_001.mp4#t=163.jpg,AI/PlateDetector/datasets/raw/romanian_lp/dataset/valid/annots/dayride_type1_001.mp4#t=163.xml,9ea4c29d122101e89c7413cf084ffb78c8c1218424a3bc41940ad7062072569c,f016507c46e1063fd5c4eac9859b13e0a98996e3549f1b3bb27b6f5b69ad7a43,1280,720,1280,720,True,1,license-plate,0,REAL,False,license_plate,AI/PlateDetector/datasets/raw/romanian_lp/LICENSE,AI/PlateDetector/datasets/raw/romanian_lp/README.md
romanian_public_lp,train,dayride_type1_001.mp4#t=164.jpg,dayride_type1_001.mp4#t=164.xml,dayride_type1_001.mp4,164,AI/PlateDetector/datasets/raw/romanian_lp/dataset/train/images/dayride_type1_001.mp4#t=164.jpg,AI/PlateDetector/datasets/raw/romanian_lp/dataset/train/annots/dayride_type1_001.mp4#t=164.xml,9a0de028b9a1846b8d63ccb01ed04dc23c94eba72e845a7b2c7c107b6bcd4636,9d5140abba6c792f7ebd8fac86c8349090dd185cbb988c92f3540d3b0c714747,1280,720,1280,720,True,1,license-plate,0,REAL,False,license_plate,AI/PlateDetector/datasets/raw/romanian_lp/LICENSE,AI/PlateDetector/datasets/raw/romanian_lp/README.md
romanian_public_lp,train,dayride_type1_001.mp4#t=165.jpg,dayride_type1_001.mp4#t=165.xml,dayride_type1_001.mp4,165,AI/PlateDetector/datasets/raw/romanian_lp/dataset/train/images/dayride_type1_001.mp4#t=165.jpg,AI/PlateDetector/datasets/raw/romanian_lp/dataset/train/annots/dayride_type1_001.mp4#t=165.xml,eb8e57a5f1f9558b03c447e9072ef1c904f2b8eda7d8ae4b1b89c09839231159,c8c321e453dd6e9c7eea3ddb613d8d7d777711263c51961ce28fdc8b28f109e1,1280,720,1280,720,True,1,license-plate,0,REAL,False,license_plate,AI/PlateDetector/datasets/raw/romanian_lp/LICENSE,AI/PlateDetector/datasets/raw/romanian_lp/README.md
romanian_public_lp,train,dayride_type1_001.mp4#t=171.jpg,dayride_type1_001.mp4#t=171.xml,dayride_type1_001.mp4,171,AI/PlateDetector/datasets/raw/romanian_lp/dataset/train/images/dayride_type1_001.mp4#t=171.jpg,AI/PlateDetector/datasets/raw/romanian_lp/dataset/train/annots/dayride_type1_001.mp4#t=171.xml,48c05c48b186f875cbf1d4a763d35adbb7be5777649364b28fdb59d90d79c6b1,eb5f7656239be14f0a563c5f5787ac133d7af99e14039eccf9dd6efeef7febf7,1280,720,1280,720,True,1,license-plate,0,REAL,False,license_plate,AI/PlateDetector/datasets/raw/romanian_lp/LICENSE,AI/PlateDetector/datasets/raw/romanian_lp/README.md
romanian_public_lp,valid,dayride_type1_001.mp4#t=172.jpg,dayride_type1_001.mp4#t=172.xml,dayride_type1_001.mp4,172,AI/PlateDetector/datasets/raw/romanian_lp/dataset/valid/images/dayride_type1_001.mp4#t=172.jpg,AI/PlateDetector/datasets/raw/romanian_lp/dataset/valid/annots/dayride_type1_001.mp4#t=172.xml,4d38a69c1d905b8d45c913d4bcfed00df5c481fc086b0abed0ffd76ce650ad6b,9afe1670da709602d220f2c818fbb016d25646f6ba54ee0c20ed58d8649a034d,1280,720,1280,720,True,1,license-plate,0,REAL,False,license_plate,AI/PlateDetector/datasets/raw/romanian_lp/LICENSE,AI/PlateDetector/datasets/raw/romanian_lp/README.md
romanian_public_lp,train,dayride_type1_001.mp4#t=186.jpg,dayride_type1_001.mp4#t=186.xml,dayride_type1_001.mp4,186,AI/PlateDetector/datasets/raw/romanian_lp/dataset/train/images/dayride_type1_001.mp4#t=186.jpg,AI/PlateDetector/datasets/raw/romanian_lp/dataset/train/annots/dayride_type1_001.mp4#t=186.xml,c5b8508e574310132a79b6c2677820ad98203f10db5cefd6b1ecfd128424cad6,b5bb508a1ceeeba81c503e824df85baf94699cadad75ada668fdac6b45f467c0,1280,720,1280,720,True,1,license-plate,0,REAL,False,license_plate,AI/PlateDetector/datasets/raw/romanian_lp/LICENSE,AI/PlateDetector/datasets/raw/romanian_lp/README.md
romanian_public_lp,train,dayride_type1_001.mp4#t=189.jpg,dayride_type1_001.mp4#t=189.xml,dayride_type1_001.mp4,189,AI/PlateDetector/datasets/raw/romanian_lp/dataset/train/images/dayride_type1_001.mp4#t=189.jpg,AI/PlateDetector/datasets/raw/romanian_lp/dataset/train/annots/dayride_type1_001.mp4#t=189.xml,ee3a1364ac1227431ecd374d2c3621e2311c79081362883a7c57d73055500289,b3e3928bb008dd85e6868ee498e53318f86012ca845a84e1409fd876862f5efb,1280,720,1280,720,True,1,license-plate,0,REAL,False,license_plate,AI/PlateDetector/datasets/raw/romanian_lp/LICENSE,AI/PlateDetector/datasets/raw/romanian_lp/README.md
romanian_public_lp,train,dayride_type1_001.mp4#t=191.jpg,dayride_type1_001.mp4#t=191.xml,dayride_type1_001.mp4,191,AI/PlateDetector/datasets/raw/romanian_lp/dataset/train/images/dayride_type1_001.mp4#t=191.jpg,AI/PlateDetector/datasets/raw/romanian_lp/dataset/train/annots/dayride_type1_001.mp4#t=191.xml,d57976ffa7363312f3d1455201e75a1a02eb901a4b99f5f5e19e8924b439e272,0338cd31c95e75331f49216429d99a00c74118cbf38ca158ec97273934269f5c,1280,720,1280,720,True,1,license-plate,0,REAL,False,license_plate,AI/PlateDetector/datasets/raw/romanian_lp/LICENSE,AI/PlateDetector/datasets/raw/romanian_lp/README.md
romanian_public_lp,train,dayride_type1_001.mp4#t=199.jpg,dayride_type1_001.mp4#t=199.xml,dayride_type1_001.mp4,199,AI/PlateDetector/datasets/raw/romanian_lp/dataset/train/images/dayride_type1_001.mp4#t=199.jpg,AI/PlateDetector/datasets/raw/romanian_lp/dataset/train/annots/dayride_type1_001.mp4#t=199.xml,575cb54bb02303029d4eb4022e1f49fdcca6eae3af2672e05b6ee74b6d06da9c,d86dd5069ae7267576a7002b1c16caa7581a91567f26d0452fbbae0908cd01a7,1280,720,1280,720,True,1,license-plate,0,REAL,False,license_plate,AI/PlateDetector/datasets/raw/romanian_lp/LICENSE,AI/PlateDetector/datasets/raw/romanian_lp/README.md
romanian_public_lp,train,dayride_type1_001.mp4#t=200.jpg,dayride_type1_001.mp4#t=200.xml,dayride_type1_001.mp4,200,AI/PlateDetector/datasets/raw/romanian_lp/dataset/train/images/dayride_type1_001.mp4#t=200.jpg,AI/PlateDetector/datasets/raw/romanian_lp/dataset/train/annots/dayride_type1_001.mp4#t=200.xml,bb5d2f37f00e43e07da740ea36f048829b45a9e82f65e0da4ff38c333f524884,5bd12aff295cd359287cb12d68022a20c8b461fdb02e228db2adfee3664ecb99,1280,720,1280,720,True,1,license-plate,0,REAL,False,license_plate,AI/PlateDetector/datasets/raw/romanian_lp/LICENSE,AI/PlateDetector/datasets/raw/romanian_lp/README.md
romanian_public_lp,valid,dayride_type1_001.mp4#t=201.jpg,dayride_type1_001.mp4#t=201.xml,dayride_type1_001.mp4,201,AI/PlateDetector/datasets/raw/romanian_lp/dataset/valid/images/dayride_type1_001.mp4#t=201.jpg,AI/PlateDetector/datasets/raw/romanian_lp/dataset/valid/annots/dayride_type1_001.mp4#t=201.xml,3ed2abb0a2e3125d7e10949374b288e760a5819d301b427598c604cbdd6eb8f3,7fa43101a4274ba3ffe4c2fffd98b9d39b15f3306f448f954ea94c9f771cbdc5,1280,720,1280,720,True,1,license-plate,0,REAL,False,license_plate,AI/PlateDetector/datasets/raw/romanian_lp/LICENSE,AI/PlateDetector/datasets/raw/romanian_lp/README.md
romanian_public_lp,valid,dayride_type1_001.mp4#t=203.jpg,dayride_type1_001.mp4#t=203.xml,dayride_type1_001.mp4,203,AI/PlateDetector/datasets/raw/romanian_lp/dataset/valid/images/dayride_type1_001.mp4#t=203.jpg,AI/PlateDetector/datasets/raw/romanian_lp/dataset/valid/annots/dayride_type1_001.mp4#t=203.xml,728fbc759e097a56cf9965b8e7e1c34db746dd813583226b08d26b1632e3b75b,2bc12507d24738707535d68b8730c36270454a0364fde1735af524d722347147,1280,720,1280,720,True,1,license-plate,0,REAL,False,license_plate,AI/PlateDetector/datasets/raw/romanian_lp/LICENSE,AI/PlateDetector/datasets/raw/romanian_lp/README.md
romanian_public_lp,train,dayride_type1_001.mp4#t=243.jpg,dayride_type1_001.mp4#t=243.xml,dayride_type1_001.mp4,243,AI/PlateDetector/datasets/raw/romanian_lp/dataset/train/images/dayride_type1_001.mp4#t=243.jpg,AI/PlateDetector/datasets/raw/romanian_lp/dataset/train/annots/dayride_type1_001.mp4#t=243.xml,364d804e8bd09af201295a1b5899c1b0560e1347b049d6028e02408b28176217,7dc2840633724432f3c03248032bf9576182102005944640eddf801a318b99d6,1280,720,1280,720,True,1,license-plate,0,REAL,False,license_plate,AI/PlateDetector/datasets/raw/romanian_lp/LICENSE,AI/PlateDetector/datasets/raw/romanian_lp/README.md
romanian_public_lp,train,dayride_type1_001.mp4#t=245.jpg,dayride_type1_001.mp4#t=245.xml,dayride_type1_001.mp4,245,AI/PlateDetector/datasets/raw/romanian_lp/dataset/train/images/dayride_type1_001.mp4#t=245.jpg,AI/PlateDetector/datasets/raw/romanian_lp/dataset/train/annots/dayride_type1_001.mp4#t=245.xml,9b2851097f49e47aef818d6447d1b9d68a31c31aea3c51e2eb330e6ea2d77520,2fe127bdb3d4926abaeef07caff700bbb8cdb552eb011c141dc29f3dbd7c8842,1280,720,1280,720,True,1,license-plate,0,REAL,False,license_plate,AI/PlateDetector/datasets/raw/romanian_lp/LICENSE,AI/PlateDetector/datasets/raw/romanian_lp/README.md
romanian_public_lp,train,dayride_type1_001.mp4#t=259.jpg,dayride_type1_001.mp4#t=259.xml,dayride_type1_001.mp4,259,AI/PlateDetector/datasets/raw/romanian_lp/dataset/train/images/dayride_type1_001.mp4#t=259.jpg,AI/PlateDetector/datasets/raw/romanian_lp/dataset/train/annots/dayride_type1_001.mp4#t=259.xml,a10222b4c55d82bfdaf221df390e1b5dd10cf6dabbf74da9b6bdda570e5741f1,6be162ac4c3fa6a6a2144bdd5daeb57b8d15340c5cc8484f9e225054aa8011b6,1280,720,1280,720,True,1,license-plate,0,REAL,False,license_plate,AI/PlateDetector/datasets/raw/romanian_lp/LICENSE,AI/PlateDetector/datasets/raw/romanian_lp/README.md
romanian_public_lp,train,dayride_type1_001.mp4#t=267.jpg,dayride_type1_001.mp4#t=267.xml,dayride_type1_001.mp4,267,AI/PlateDetector/datasets/raw/romanian_lp/dataset/train/images/dayride_type1_001.mp4#t=267.jpg,AI/PlateDetector/datasets/raw/romanian_lp/dataset/train/annots/dayride_type1_001.mp4#t=267.xml,298fb9eae0a54cb55f734d897e2525596191b494c7f163108fe8608cc546d40a,9af23f8caaa8e9c838d7f2595df1bf330d1468102bf3421ef8d6de05ee522efa,1280,720,1280,720,True,1,license-plate,0,REAL,False,license_plate,AI/PlateDetector/datasets/raw/romanian_lp/LICENSE,AI/PlateDetector/datasets/raw/romanian_lp/README.md
romanian_public_lp,train,dayride_type1_001.mp4#t=270.jpg,dayride_type1_001.mp4#t=270.xml,dayride_type1_001.mp4,270,AI/PlateDetector/datasets/raw/romanian_lp/dataset/train/images/dayride_type1_001.mp4#t=270.jpg,AI/PlateDetector/datasets/raw/romanian_lp/dataset/train/annots/dayride_type1_001.mp4#t=270.xml,9cc5293681038c47c175264f011ac5561fbbed5fb6c33256451c9bb3ef50123d,4685365fa621d5370d190d4625c2bdefa294984d6e9fa33cfedb95aebb3972dd,1280,720,1280,720,True,1,license-plate,0,REAL,False,license_plate,AI/PlateDetector/datasets/raw/romanian_lp/LICENSE,AI/PlateDetector/datasets/raw/romanian_lp/README.md
romanian_public_lp,train,dayride_type1_001.mp4#t=272.jpg,dayride_type1_001.mp4#t=272.xml,dayride_type1_001.mp4,272,AI/PlateDetector/datasets/raw/romanian_lp/dataset/train/images/dayride_type1_001.mp4#t=272.jpg,AI/PlateDetector/datasets/raw/romanian_lp/dataset/train/annots/dayride_type1_001.mp4#t=272.xml,25c7b2dd47f58a3d32a12d83772704afbf3c4fe1ff78d2629986dbc19e13e5e4,bffb14eaf56e83486859c7da35c0d3e806b4b1922074033e09e6734feea39614,1280,720,1280,720,True,1,license-plate,0,REAL,False,license_plate,AI/PlateDetector/datasets/raw/romanian_lp/LICENSE,AI/PlateDetector/datasets/raw/romanian_lp/README.md
romanian_public_lp,train,dayride_type1_001.mp4#t=274.jpg,dayride_type1_001.mp4#t=274.xml,dayride_type1_001.mp4,274,AI/PlateDetector/datasets/raw/romanian_lp/dataset/train/images/dayride_type1_001.mp4#t=274.jpg,AI/PlateDetector/datasets/raw/romanian_lp/dataset/train/annots/dayride_type1_001.mp4#t=274.xml,483ede44d15edc19349bb5979abcb2410c6b4e1862c51d64a070ed3fe7f233ab,931325704cd33392b3c4be42117b0645c205f83ea324053bdb92744dcd4399da,1280,720,1280,720,True,1,license-plate,0,REAL,False,license_plate,AI/PlateDetector/datasets/raw/romanian_lp/LICENSE,AI/PlateDetector/datasets/raw/romanian_lp/README.md
romanian_public_lp,train,dayride_type1_001.mp4#t=276.jpg,dayride_type1_001.mp4#t=276.xml,dayride_type1_001.mp4,276,AI/PlateDetector/datasets/raw/romanian_lp/dataset/train/images/dayride_type1_001.mp4#t=276.jpg,AI/PlateDetector/datasets/raw/romanian_lp/dataset/train/annots/dayride_type1_001.mp4#t=276.xml,e9ae14afa6063e8caabeb186045eb470918fc0e76aca9812361cc68b78465e55,edf647038f1da6b320b1bd05248114a032374765470b49ff25b5c388d3a7ac25,1280,720,1280,720,True,1,license-plate,0,REAL,False,license_plate,AI/PlateDetector/datasets/raw/romanian_lp/LICENSE,AI/PlateDetector/datasets/raw/romanian_lp/README.md
romanian_public_lp,train,dayride_type1_001.mp4#t=279.jpg,dayride_type1_001.mp4#t=279.xml,dayride_type1_001.mp4,279,AI/PlateDetector/datasets/raw/romanian_lp/dataset/train/images/dayride_type1_001.mp4#t=279.jpg,AI/PlateDetector/datasets/raw/romanian_lp/dataset/train/annots/dayride_type1_001.mp4#t=279.xml,bb87d77647587a9e923f0f294d0744554e94735e86b27b575616343ec07f3ff2,ba33b2cbd8708ace5e475400f5be4a2bf0cd558852095f5a40363e31306fbb0a,1280,720,1280,720,True,1,license-plate,0,REAL,False,license_plate,AI/PlateDetector/datasets/raw/romanian_lp/LICENSE,AI/PlateDetector/datasets/raw/romanian_lp/README.md
romanian_public_lp,train,dayride_type1_001.mp4#t=280.jpg,dayride_type1_001.mp4#t=280.xml,dayride_type1_001.mp4,280,AI/PlateDetector/datasets/raw/romanian_lp/dataset/train/images/dayride_type1_001.mp4#t=280.jpg,AI/PlateDetector/datasets/raw/romanian_lp/dataset/train/annots/dayride_type1_001.mp4#t=280.xml,744fc725750654639a89faa3098cd3d1f799d2214489661c411e478d7d0f291e,85c2db0d406dc16acf2a1aedcffb8388f892032632603bfcbf8681ee820b9c0d,1280,720,1280,720,True,2,license-plate,0,REAL,False,license_plate,AI/PlateDetector/datasets/raw/romanian_lp/LICENSE,AI/PlateDetector/datasets/raw/romanian_lp/README.md
romanian_public_lp,train,dayride_type1_001.mp4#t=281.jpg,dayride_type1_001.mp4#t=281.xml,dayride_type1_001.mp4,281,AI/PlateDetector/datasets/raw/romanian_lp/dataset/train/images/dayride_type1_001.mp4#t=281.jpg,AI/PlateDetector/datasets/raw/romanian_lp/dataset/train/annots/dayride_type1_001.mp4#t=281.xml,ec32351589940b5afaaf37908040ad43b6e493ebe0abf6fb1c7a7027d09c14f0,90ea7e670a0fb1364ef9ff24527f70b788cd790ab90fc976c350f86d7b6ce893,1280,720,1280,720,True,1,license-plate,0,REAL,False,license_plate,AI/PlateDetector/datasets/raw/romanian_lp/LICENSE,AI/PlateDetector/datasets/raw/romanian_lp/README.md
romanian_public_lp,valid,dayride_type1_001.mp4#t=282.jpg,dayride_type1_001.mp4#t=282.xml,dayride_type1_001.mp4,282,AI/PlateDetector/datasets/raw/romanian_lp/dataset/valid/images/dayride_type1_001.mp4#t=282.jpg,AI/PlateDetector/datasets/raw/romanian_lp/dataset/valid/annots/dayride_type1_001.mp4#t=282.xml,a5f2adb4dd48ccebe40d997f3ee21b47652fe2251e94c0cf5b75591f30d5783a,f4a9bd9d41e3c2dcebda33997b755a71cfefe1c933c2c85700ac18ae1f838e4f,1280,720,1280,720,True,1,license-plate,0,REAL,False,license_plate,AI/PlateDetector/datasets/raw/romanian_lp/LICENSE,AI/PlateDetector/datasets/raw/romanian_lp/README.md
romanian_public_lp,train,dayride_type1_001.mp4#t=288.jpg,dayride_type1_001.mp4#t=288.xml,dayride_type1_001.mp4,288,AI/PlateDetector/datasets/raw/romanian_lp/dataset/train/images/dayride_type1_001.mp4#t=288.jpg,AI/PlateDetector/datasets/raw/romanian_lp/dataset/train/annots/dayride_type1_001.mp4#t=288.xml,28d3920020a23271c5ededfb45637dfc4dbe56695c7c69931cf52c23f70dd9da,44b212c9bd4e4605fb9ff5f359ca38778aee642b3ae25c5455a4278857f69f36,1280,720,1280,720,True,1,license-plate,0,REAL,False,license_plate,AI/PlateDetector/datasets/raw/romanian_lp/LICENSE,AI/PlateDetector/datasets/raw/romanian_lp/README.md
romanian_public_lp,train,dayride_type1_001.mp4#t=292.jpg,dayride_type1_001.mp4#t=292.xml,dayride_type1_001.mp4,292,AI/PlateDetector/datasets/raw/romanian_lp/dataset/train/images/dayride_type1_001.mp4#t=292.jpg,AI/PlateDetector/datasets/raw/romanian_lp/dataset/train/annots/dayride_type1_001.mp4#t=292.xml,aa04eb1f764b8662696b00c6606c01f0a1953a0394de09462796cf40b220dc76,10181becaa8fe62c3a9a97ebd9c9580df3e2c348f7e540ab03d809285a3be733,1280,720,1280,720,True,1,license-plate,0,REAL,False,license_plate,AI/PlateDetector/datasets/raw/romanian_lp/LICENSE,AI/PlateDetector/datasets/raw/romanian_lp/README.md
romanian_public_lp,valid,dayride_type1_001.mp4#t=293.jpg,dayride_type1_001.mp4#t=293.xml,dayride_type1_001.mp4,293,AI/PlateDetector/datasets/raw/romanian_lp/dataset/valid/images/dayride_type1_001.mp4#t=293.jpg,AI/PlateDetector/datasets/raw/romanian_lp/dataset/valid/annots/dayride_type1_001.mp4#t=293.xml,6a073c955faf22e5eb3759f257e2bc6e6436438765a337be7cd7141f9c43a009,41ced5ae102a4c27aba1dbe8b6c9768d2644f58bcceb9c3d183ccb7c15da2a81,1280,720,1280,720,True,1,license-plate,0,REAL,False,license_plate,AI/PlateDetector/datasets/raw/romanian_lp/LICENSE,AI/PlateDetector/datasets/raw/romanian_lp/README.md
romanian_public_lp,train,dayride_type1_001.mp4#t=294.jpg,dayride_type1_001.mp4#t=294.xml,dayride_type1_001.mp4,294,AI/PlateDetector/datasets/raw/romanian_lp/dataset/train/images/dayride_type1_001.mp4#t=294.jpg,AI/PlateDetector/datasets/raw/romanian_lp/dataset/train/annots/dayride_type1_001.mp4#t=294.xml,c6346f6f6572e8ff9566e169a9d2be59bff58f265837dfc888e87162f43fec96,cc86610e786569cc6faa99dc4a7e75f04b2f1d90da78e02233cdd0d3365ffdc5,1280,720,1280,720,True,1,license-plate,0,REAL,False,license_plate,AI/PlateDetector/datasets/raw/romanian_lp/LICENSE,AI/PlateDetector/datasets/raw/romanian_lp/README.md
romanian_public_lp,train,dayride_type1_001.mp4#t=296.jpg,dayride_type1_001.mp4#t=296.xml,dayride_type1_001.mp4,296,AI/PlateDetector/datasets/raw/romanian_lp/dataset/train/images/dayride_type1_001.mp4#t=296.jpg,AI/PlateDetector/datasets/raw/romanian_lp/dataset/train/annots/dayride_type1_001.mp4#t=296.xml,ed0be88afe78878f7db1987f891c0d8d04b13bac8dcc4d1a83286087bfd339fb,9e9e55247badabb1dedfe257f94dea504a800eae844390bc1f298898553fb7da,1280,720,1280,720,True,1,license-plate,0,REAL,False,license_plate,AI/PlateDetector/datasets/raw/romanian_lp/LICENSE,AI/PlateDetector/datasets/raw/romanian_lp/README.md
romanian_public_lp,train,dayride_type1_001.mp4#t=298.jpg,dayride_type1_001.mp4#t=298.xml,dayride_type1_001.mp4,298,AI/PlateDetector/datasets/raw/romanian_lp/dataset/train/images/dayride_type1_001.mp4#t=298.jpg,AI/PlateDetector/datasets/raw/romanian_lp/dataset/train/annots/dayride_type1_001.mp4#t=298.xml,e43a1eb13b2c7fdcddc21174ab5c6bee37d9b8c70899e957e357731279f43ee9,27241d2953ba8c8c85f1aa5bd5228b12245e2be830c7d20aad6cb17692ba9847,1280,720,1280,720,True,1,license-plate,0,REAL,False,license_plate,AI/PlateDetector/datasets/raw/romanian_lp/LICENSE,AI/PlateDetector/datasets/raw/romanian_lp/README.md
romanian_public_lp,train,dayride_type1_001.mp4#t=299.jpg,dayride_type1_001.mp4#t=299.xml,dayride_type1_001.mp4,299,AI/PlateDetector/datasets/raw/romanian_lp/dataset/train/images/dayride_type1_001.mp4#t=299.jpg,AI/PlateDetector/datasets/raw/romanian_lp/dataset/train/annots/dayride_type1_001.mp4#t=299.xml,1b0e1170818f46a0c87256be6d8c85c241e8be813baefd5b36a3a2fba0052e6e,8173dfa255b559d5bc6efc354f15c331c4a27141f7d4f8bf8e6564035a152d10,1280,720,1280,720,True,2,license-plate,0,REAL,False,license_plate,AI/PlateDetector/datasets/raw/romanian_lp/LICENSE,AI/PlateDetector/datasets/raw/romanian_lp/README.md
romanian_public_lp,train,dayride_type1_001.mp4#t=301.jpg,dayride_type1_001.mp4#t=301.xml,dayride_type1_001.mp4,301,AI/PlateDetector/datasets/raw/romanian_lp/dataset/train/images/dayride_type1_001.mp4#t=301.jpg,AI/PlateDetector/datasets/raw/romanian_lp/dataset/train/annots/dayride_type1_001.mp4#t=301.xml,9cca67c458874f1f6eef6d41985e09afa9646f7cfb0e89d7ceb8939e187145ef,00e755086e1f66bcbc26b8213607f14d0a2cf71b51aa1da52271b0b013b2c1b8,1280,720,1280,720,True,1,license-plate,0,REAL,False,license_plate,AI/PlateDetector/datasets/raw/romanian_lp/LICENSE,AI/PlateDetector/datasets/raw/romanian_lp/README.md
romanian_public_lp,train,dayride_type1_001.mp4#t=307.jpg,dayride_type1_001.mp4#t=307.xml,dayride_type1_001.mp4,307,AI/PlateDetector/datasets/raw/romanian_lp/dataset/train/images/dayride_type1_001.mp4#t=307.jpg,AI/PlateDetector/datasets/raw/romanian_lp/dataset/train/annots/dayride_type1_001.mp4#t=307.xml,570c852195117ffd0989c499082d4d8b4631c8ac904b6a0046b6fe9711d10bda,440209dd7f3fe2073266b3e6bc1b77a6cbb765e1b83e2779521f697267f31540,1280,720,1280,720,True,1,license-plate,0,REAL,False,license_plate,AI/PlateDetector/datasets/raw/romanian_lp/LICENSE,AI/PlateDetector/datasets/raw/romanian_lp/README.md
romanian_public_lp,train,dayride_type1_001.mp4#t=339.jpg,dayride_type1_001.mp4#t=339.xml,dayride_type1_001.mp4,339,AI/PlateDetector/datasets/raw/romanian_lp/dataset/train/images/dayride_type1_001.mp4#t=339.jpg,AI/PlateDetector/datasets/raw/romanian_lp/dataset/train/annots/dayride_type1_001.mp4#t=339.xml,72d975e35460967a7c4a0c4569861576b43e1838371b82b8ac5ebbd84b40d967,8c3c908cd3e8c4be4d7c80421fbf23f758828d9afe2823c0732d73a168ae7ae1,1280,720,1280,720,True,2,license-plate,0,REAL,False,license_plate,AI/PlateDetector/datasets/raw/romanian_lp/LICENSE,AI/PlateDetector/datasets/raw/romanian_lp/README.md
romanian_public_lp,train,dayride_type1_001.mp4#t=340.jpg,dayride_type1_001.mp4#t=340.xml,dayride_type1_001.mp4,340,AI/PlateDetector/datasets/raw/romanian_lp/dataset/train/images/dayride_type1_001.mp4#t=340.jpg,AI/PlateDetector/datasets/raw/romanian_lp/dataset/train/annots/dayride_type1_001.mp4#t=340.xml,a69001b241da312afc930cb2dd413ee589d3a914ec5b5b4bc2f6c95209076a76,6db7ef357e308eaef5b0069b5a2a02534571388a0d4eae0c5cd5fb28b2478754,1280,720,1280,720,True,2,license-plate,0,REAL,False,license_plate,AI/PlateDetector/datasets/raw/romanian_lp/LICENSE,AI/PlateDetector/datasets/raw/romanian_lp/README.md
romanian_public_lp,train,dayride_type1_001.mp4#t=341.jpg,dayride_type1_001.mp4#t=341.xml,dayride_type1_001.mp4,341,AI/PlateDetector/datasets/raw/romanian_lp/dataset/train/images/dayride_type1_001.mp4#t=341.jpg,AI/PlateDetector/datasets/raw/romanian_lp/dataset/train/annots/dayride_type1_001.mp4#t=341.xml,3c2000b760d1a12c6cec1bb874e9681d05f4b48dc37da9366d540d6b1aa124ea,6621b96561214f6c29520d61435e2653f53d12ccab30dcc83edffdc156123ebe,1280,720,1280,720,True,2,license-plate,0,REAL,False,license_plate,AI/PlateDetector/datasets/raw/romanian_lp/LICENSE,AI/PlateDetector/datasets/raw/romanian_lp/README.md
romanian_public_lp,train,dayride_type1_001.mp4#t=342.jpg,dayride_type1_001.mp4#t=342.xml,dayride_type1_001.mp4,342,AI/PlateDetector/datasets/raw/romanian_lp/dataset/train/images/dayride_type1_001.mp4#t=342.jpg,AI/PlateDetector/datasets/raw/romanian_lp/dataset/train/annots/dayride_type1_001.mp4#t=342.xml,41fbb58e7a819ae24b8661cd1df2dd2addb9d010b40cb160cd06c97d0a1427c2,3abebab18053d85d3f4918abe52fb7ac4cb11b9e574c30d8303f43e5e45b96c2,1280,720,1280,720,True,1,license-plate,0,REAL,False,license_plate,AI/PlateDetector/datasets/raw/romanian_lp/LICENSE,AI/PlateDetector/datasets/raw/romanian_lp/README.md
romanian_public_lp,train,dayride_type1_001.mp4#t=343.jpg,dayride_type1_001.mp4#t=343.xml,dayride_type1_001.mp4,343,AI/PlateDetector/datasets/raw/romanian_lp/dataset/train/images/dayride_type1_001.mp4#t=343.jpg,AI/PlateDetector/datasets/raw/romanian_lp/dataset/train/annots/dayride_type1_001.mp4#t=343.xml,2f6b24b18669f128f85a62310027b32892617c7cc2f0a729360bf1aed3d879fb,f4fdacb7b3c90386faa97fb49d8ecb80d526e7e2833685cd23d85eb62aa4db12,1280,720,1280,720,True,1,license-plate,0,REAL,False,license_plate,AI/PlateDetector/datasets/raw/romanian_lp/LICENSE,AI/PlateDetector/datasets/raw/romanian_lp/README.md
romanian_public_lp,train,dayride_type1_001.mp4#t=344.jpg,dayride_type1_001.mp4#t=344.xml,dayride_type1_001.mp4,344,AI/PlateDetector/datasets/raw/romanian_lp/dataset/train/images/dayride_type1_001.mp4#t=344.jpg,AI/PlateDetector/datasets/raw/romanian_lp/dataset/train/annots/dayride_type1_001.mp4#t=344.xml,47a5368309c45b96848f10e2ee36bd2a7dafebe53fd901a5c4c340c0fb2a142d,7cfc5cbbe0d2c615b67cc2caf2e60ed62c366123b4ff05b16fe47bb936632774,1280,720,1280,720,True,1,license-plate,0,REAL,False,license_plate,AI/PlateDetector/datasets/raw/romanian_lp/LICENSE,AI/PlateDetector/datasets/raw/romanian_lp/README.md
romanian_public_lp,train,dayride_type1_001.mp4#t=345.jpg,dayride_type1_001.mp4#t=345.xml,dayride_type1_001.mp4,345,AI/PlateDetector/datasets/raw/romanian_lp/dataset/train/images/dayride_type1_001.mp4#t=345.jpg,AI/PlateDetector/datasets/raw/romanian_lp/dataset/train/annots/dayride_type1_001.mp4#t=345.xml,e1aa7df7c933443fe5ec28e98e90a1adb37e1b9252ad29de8e02b55d5924a704,f9a562d814a0a80a61f712660441c87d94cd8f99d2fa39bbbf7cd72aaf278507,1280,720,1280,720,True,1,license-plate,0,REAL,False,license_plate,AI/PlateDetector/datasets/raw/romanian_lp/LICENSE,AI/PlateDetector/datasets/raw/romanian_lp/README.md
romanian_public_lp,train,dayride_type1_001.mp4#t=362.jpg,dayride_type1_001.mp4#t=362.xml,dayride_type1_001.mp4,362,AI/PlateDetector/datasets/raw/romanian_lp/dataset/train/images/dayride_type1_001.mp4#t=362.jpg,AI/PlateDetector/datasets/raw/romanian_lp/dataset/train/annots/dayride_type1_001.mp4#t=362.xml,fe7f781502166cc540d6ec5af96773b2fc7cdaf67d692ace31ed6ddf9f05a397,8848a7a33a4f666297e3add88bc764c3b9ec0ecff331d85572bbe39b4f9b587a,1280,720,1280,720,True,1,license-plate,0,REAL,False,license_plate,AI/PlateDetector/datasets/raw/romanian_lp/LICENSE,AI/PlateDetector/datasets/raw/romanian_lp/README.md
romanian_public_lp,train,dayride_type1_001.mp4#t=363.jpg,dayride_type1_001.mp4#t=363.xml,dayride_type1_001.mp4,363,AI/PlateDetector/datasets/raw/romanian_lp/dataset/train/images/dayride_type1_001.mp4#t=363.jpg,AI/PlateDetector/datasets/raw/romanian_lp/dataset/train/annots/dayride_type1_001.mp4#t=363.xml,48ec659235dcdce4511d9a1a769c1d8a9bfc4d11261daf855a5f679a6b9f986a,c377eb4a14461c51b44d01196ca13b8e565adf31a2a65f81daab9e8051a8e1c5,1280,720,1280,720,True,1,license-plate,0,REAL,False,license_plate,AI/PlateDetector/datasets/raw/romanian_lp/LICENSE,AI/PlateDetector/datasets/raw/romanian_lp/README.md
romanian_public_lp,train,dayride_type1_001.mp4#t=374.jpg,dayride_type1_001.mp4#t=374.xml,dayride_type1_001.mp4,374,AI/PlateDetector/datasets/raw/romanian_lp/dataset/train/images/dayride_type1_001.mp4#t=374.jpg,AI/PlateDetector/datasets/raw/romanian_lp/dataset/train/annots/dayride_type1_001.mp4#t=374.xml,0eaab8a5ccc770683403125b72263644761ad07c3955b4235f17101693d55634,af2ef32036f1fdfe4af3cbb3c41bc39f2ac593665bc9a4ffec12e23f29960f9a,1280,720,1280,720,True,1,license-plate,0,REAL,False,license_plate,AI/PlateDetector/datasets/raw/romanian_lp/LICENSE,AI/PlateDetector/datasets/raw/romanian_lp/README.md
romanian_public_lp,train,dayride_type1_001.mp4#t=384.jpg,dayride_type1_001.mp4#t=384.xml,dayride_type1_001.mp4,384,AI/PlateDetector/datasets/raw/romanian_lp/dataset/train/images/dayride_type1_001.mp4#t=384.jpg,AI/PlateDetector/datasets/raw/romanian_lp/dataset/train/annots/dayride_type1_001.mp4#t=384.xml,ac0d9a9c0a444bc7eb2e0d701ab2df54ea99228ef033255ed7ed42bf29a10200,47829a61c11b12ddef62d9c89556235d88ba9828256dd6521b15f1fe05bbb829,1280,720,1280,720,True,1,license-plate,0,REAL,False,license_plate,AI/PlateDetector/datasets/raw/romanian_lp/LICENSE,AI/PlateDetector/datasets/raw/romanian_lp/README.md
romanian_public_lp,train,dayride_type1_001.mp4#t=409.jpg,dayride_type1_001.mp4#t=409.xml,dayride_type1_001.mp4,409,AI/PlateDetector/datasets/raw/romanian_lp/dataset/train/images/dayride_type1_001.mp4#t=409.jpg,AI/PlateDetector/datasets/raw/romanian_lp/dataset/train/annots/dayride_type1_001.mp4#t=409.xml,fb8aed017a0065416cfc03c0c1461379f865fc4b156fcab4c58bd622327e4b9a,bd314885fecbef56e6b634ee373010276c3c9d54e49e356adca5d58db3c495fe,1280,720,1280,720,True,1,license-plate,0,REAL,False,license_plate,AI/PlateDetector/datasets/raw/romanian_lp/LICENSE,AI/PlateDetector/datasets/raw/romanian_lp/README.md
romanian_public_lp,train,dayride_type1_001.mp4#t=411.jpg,dayride_type1_001.mp4#t=411.xml,dayride_type1_001.mp4,411,AI/PlateDetector/datasets/raw/romanian_lp/dataset/train/images/dayride_type1_001.mp4#t=411.jpg,AI/PlateDetector/datasets/raw/romanian_lp/dataset/train/annots/dayride_type1_001.mp4#t=411.xml,6abe28530d942097ffdaa690c9bd99ca3d549e686410a0361ab6ac767ba10b97,de4cbebfa2c80cf4f25f70afa6d988cfc209a1f9df1936a5b9a9e236b291de11,1280,720,1280,720,True,1,license-plate,0,REAL,False,license_plate,AI/PlateDetector/datasets/raw/romanian_lp/LICENSE,AI/PlateDetector/datasets/raw/romanian_lp/README.md
romanian_public_lp,valid,dayride_type1_001.mp4#t=413.jpg,dayride_type1_001.mp4#t=413.xml,dayride_type1_001.mp4,413,AI/PlateDetector/datasets/raw/romanian_lp/dataset/valid/images/dayride_type1_001.mp4#t=413.jpg,AI/PlateDetector/datasets/raw/romanian_lp/dataset/valid/annots/dayride_type1_001.mp4#t=413.xml,394ba06e955b9c102431f726f18504ed5264fbf458abeee6ccdc64ccbf0861b7,79045eddf65103a8bacb279ec486054b71a990af20b616894e087777b94f3896,1280,720,1280,720,True,2,license-plate,0,REAL,False,license_plate,AI/PlateDetector/datasets/raw/romanian_lp/LICENSE,AI/PlateDetector/datasets/raw/romanian_lp/README.md
romanian_public_lp,train,dayride_type1_001.mp4#t=414.jpg,dayride_type1_001.mp4#t=414.xml,dayride_type1_001.mp4,414,AI/PlateDetector/datasets/raw/romanian_lp/dataset/train/images/dayride_type1_001.mp4#t=414.jpg,AI/PlateDetector/datasets/raw/romanian_lp/dataset/train/annots/dayride_type1_001.mp4#t=414.xml,3a7855ea29f44091af7e1076ae118792ec60583a5419e038974c41a944ad66af,2f09a453353859803b816a830fbd31c6c7e0cc30c3288f1891ac2cc5288b1de4,1280,720,1280,720,True,1,license-plate,0,REAL,False,license_plate,AI/PlateDetector/datasets/raw/romanian_lp/LICENSE,AI/PlateDetector/datasets/raw/romanian_lp/README.md
romanian_public_lp,train,dayride_type1_001.mp4#t=418.jpg,dayride_type1_001.mp4#t=418.xml,dayride_type1_001.mp4,418,AI/PlateDetector/datasets/raw/romanian_lp/dataset/train/images/dayride_type1_001.mp4#t=418.jpg,AI/PlateDetector/datasets/raw/romanian_lp/dataset/train/annots/dayride_type1_001.mp4#t=418.xml,aa613151405acc755c55b8c109485435ce68fb145d0b6a704f71605d4e44f94e,5a16e647680b5ea40aef9fccfcae5c547499daae872b338e846902edd67bfa53,1280,720,1280,720,True,1,license-plate,0,REAL,False,license_plate,AI/PlateDetector/datasets/raw/romanian_lp/LICENSE,AI/PlateDetector/datasets/raw/romanian_lp/README.md
romanian_public_lp,train,dayride_type1_001.mp4#t=421.jpg,dayride_type1_001.mp4#t=421.xml,dayride_type1_001.mp4,421,AI/PlateDetector/datasets/raw/romanian_lp/dataset/train/images/dayride_type1_001.mp4#t=421.jpg,AI/PlateDetector/datasets/raw/romanian_lp/dataset/train/annots/dayride_type1_001.mp4#t=421.xml,85909ae053bee3e515ffa4b7a05a7f4c62d9e8020e18e6e2a767d694d476605a,c4bcf387dbc059af6ac385a917d6ba640f4668ffa68940b5b7b6f08ccc406742,1280,720,1280,720,True,2,license-plate,0,REAL,False,license_plate,AI/PlateDetector/datasets/raw/romanian_lp/LICENSE,AI/PlateDetector/datasets/raw/romanian_lp/README.md
romanian_public_lp,train,dayride_type1_001.mp4#t=423.jpg,dayride_type1_001.mp4#t=423.xml,dayride_type1_001.mp4,423,AI/PlateDetector/datasets/raw/romanian_lp/dataset/train/images/dayride_type1_001.mp4#t=423.jpg,AI/PlateDetector/datasets/raw/romanian_lp/dataset/train/annots/dayride_type1_001.mp4#t=423.xml,7575d765be6226e7d8aedf89c013d1bf2355586f44b1cd9a5c54b6f38cd6ba3b,cc58c7f010a9cb68ef06233dd6b8e719c42cb94d4e0d30ffa8c02dc2ed984c9e,1280,720,1280,720,True,2,license-plate,0,REAL,False,license_plate,AI/PlateDetector/datasets/raw/romanian_lp/LICENSE,AI/PlateDetector/datasets/raw/romanian_lp/README.md
romanian_public_lp,train,dayride_type1_001.mp4#t=428.jpg,dayride_type1_001.mp4#t=428.xml,dayride_type1_001.mp4,428,AI/PlateDetector/datasets/raw/romanian_lp/dataset/train/images/dayride_type1_001.mp4#t=428.jpg,AI/PlateDetector/datasets/raw/romanian_lp/dataset/train/annots/dayride_type1_001.mp4#t=428.xml,d325cd943f9c8f56fda6144995cb5cac8689e35ba6e0ae16a457d5488b617a94,e5ba2588f125eae7537704e9b3d2d543aa57f80e549c2b3b036fe02da7c1cc88,1280,720,1280,720,True,1,license-plate,0,REAL,False,license_plate,AI/PlateDetector/datasets/raw/romanian_lp/LICENSE,AI/PlateDetector/datasets/raw/romanian_lp/README.md
romanian_public_lp,train,dayride_type1_001.mp4#t=429.jpg,dayride_type1_001.mp4#t=429.xml,dayride_type1_001.mp4,429,AI/PlateDetector/datasets/raw/romanian_lp/dataset/train/images/dayride_type1_001.mp4#t=429.jpg,AI/PlateDetector/datasets/raw/romanian_lp/dataset/train/annots/dayride_type1_001.mp4#t=429.xml,e971bebb4c7d00f67da6fbf35c4fae841bf2c692f5c976041df7aee83e1ef715,96d9b95840e4de9fa5b7994d4d6d2f028fe89bb48f749eea2801713d19142053,1280,720,1280,720,True,1,license-plate,0,REAL,False,license_plate,AI/PlateDetector/datasets/raw/romanian_lp/LICENSE,AI/PlateDetector/datasets/raw/romanian_lp/README.md
romanian_public_lp,train,dayride_type1_001.mp4#t=430.jpg,dayride_type1_001.mp4#t=430.xml,dayride_type1_001.mp4,430,AI/PlateDetector/datasets/raw/romanian_lp/dataset/train/images/dayride_type1_001.mp4#t=430.jpg,AI/PlateDetector/datasets/raw/romanian_lp/dataset/train/annots/dayride_type1_001.mp4#t=430.xml,34c0ffd16602c66c16c400b8c2e6a565121e22d18da687e3e8049f60086b489b,881ff798199d77f1ea60f969eef0eed7490537b27709257819cb20150d8b96b2,1280,720,1280,720,True,1,license-plate,0,REAL,False,license_plate,AI/PlateDetector/datasets/raw/romanian_lp/LICENSE,AI/PlateDetector/datasets/raw/romanian_lp/README.md
romanian_public_lp,train,dayride_type1_001.mp4#t=431.jpg,dayride_type1_001.mp4#t=431.xml,dayride_type1_001.mp4,431,AI/PlateDetector/datasets/raw/romanian_lp/dataset/train/images/dayride_type1_001.mp4#t=431.jpg,AI/PlateDetector/datasets/raw/romanian_lp/dataset/train/annots/dayride_type1_001.mp4#t=431.xml,91a2a31caa14e8bd21a117620c1e85399184445289b13dab2bad855a75bc714e,f14a295089bb26a3adb37893d29f5b02944d270c74e9a352c6aca3711a6e1eb9,1280,720,1280,720,True,2,license-plate,0,REAL,False,license_plate,AI/PlateDetector/datasets/raw/romanian_lp/LICENSE,AI/PlateDetector/datasets/raw/romanian_lp/README.md
romanian_public_lp,train,dayride_type1_001.mp4#t=432.jpg,dayride_type1_001.mp4#t=432.xml,dayride_type1_001.mp4,432,AI/PlateDetector/datasets/raw/romanian_lp/dataset/train/images/dayride_type1_001.mp4#t=432.jpg,AI/PlateDetector/datasets/raw/romanian_lp/dataset/train/annots/dayride_type1_001.mp4#t=432.xml,d771c8548c8dd825f4f7c85e8448e90b28e75a85f0706df4285c31319a8ebd7d,7a3d9c4b819b141ba873b395f4871b958d2c45ddfbc1c9ff31984f61a6dbc719,1280,720,1280,720,True,2,license-plate,0,REAL,False,license_plate,AI/PlateDetector/datasets/raw/romanian_lp/LICENSE,AI/PlateDetector/datasets/raw/romanian_lp/README.md
romanian_public_lp,train,dayride_type1_001.mp4#t=434.jpg,dayride_type1_001.mp4#t=434.xml,dayride_type1_001.mp4,434,AI/PlateDetector/datasets/raw/romanian_lp/dataset/train/images/dayride_type1_001.mp4#t=434.jpg,AI/PlateDetector/datasets/raw/romanian_lp/dataset/train/annots/dayride_type1_001.mp4#t=434.xml,cbadd919bb5b4da24bc9e029ae52e8cbc136033e8c271958dae78faa4c2c1b3e,4c942a89817594e380e28f463882daf906f6abc14982c2ad1fc61aa715315a6e,1280,720,1280,720,True,1,license-plate,0,REAL,False,license_plate,AI/PlateDetector/datasets/raw/romanian_lp/LICENSE,AI/PlateDetector/datasets/raw/romanian_lp/README.md
romanian_public_lp,train,dayride_type1_001.mp4#t=436.jpg,dayride_type1_001.mp4#t=436.xml,dayride_type1_001.mp4,436,AI/PlateDetector/datasets/raw/romanian_lp/dataset/train/images/dayride_type1_001.mp4#t=436.jpg,AI/PlateDetector/datasets/raw/romanian_lp/dataset/train/annots/dayride_type1_001.mp4#t=436.xml,8e81c97aee450f1b40522f7b7e6227dd5764a48ddd33b1a1ee8af45e23426b97,339acc9e4772fc3634bccb9871fe602232a5061cf0055f85a579a7d4c66d0a8d,1280,720,1280,720,True,1,license-plate,0,REAL,False,license_plate,AI/PlateDetector/datasets/raw/romanian_lp/LICENSE,AI/PlateDetector/datasets/raw/romanian_lp/README.md
romanian_public_lp,train,dayride_type1_001.mp4#t=438.jpg,dayride_type1_001.mp4#t=438.xml,dayride_type1_001.mp4,438,AI/PlateDetector/datasets/raw/romanian_lp/dataset/train/images/dayride_type1_001.mp4#t=438.jpg,AI/PlateDetector/datasets/raw/romanian_lp/dataset/train/annots/dayride_type1_001.mp4#t=438.xml,cbc9ea2c967ef38abd5ad7dce67bdbd917976cfd62b4565f1ef1f3d5d4995b56,ad4a6e9792039d18caf03575beefda767f7520bd3298046a5fd85bc401c5ccf2,1280,720,1280,720,True,1,license-plate,0,REAL,False,license_plate,AI/PlateDetector/datasets/raw/romanian_lp/LICENSE,AI/PlateDetector/datasets/raw/romanian_lp/README.md
romanian_public_lp,train,dayride_type1_001.mp4#t=444.jpg,dayride_type1_001.mp4#t=444.xml,dayride_type1_001.mp4,444,AI/PlateDetector/datasets/raw/romanian_lp/dataset/train/images/dayride_type1_001.mp4#t=444.jpg,AI/PlateDetector/datasets/raw/romanian_lp/dataset/train/annots/dayride_type1_001.mp4#t=444.xml,36c616c1df1e7dda60f117307808cd6d055a887104e75e0877386aaa3154c9c2,005852e9ec7bc3fcc2db943457c6e268d08cc7fd3a1ee42af0e73b69abd3d091,1280,720,1280,720,True,1,license-plate,0,REAL,False,license_plate,AI/PlateDetector/datasets/raw/romanian_lp/LICENSE,AI/PlateDetector/datasets/raw/romanian_lp/README.md
romanian_public_lp,train,dayride_type1_001.mp4#t=445.jpg,dayride_type1_001.mp4#t=445.xml,dayride_type1_001.mp4,445,AI/PlateDetector/datasets/raw/romanian_lp/dataset/train/images/dayride_type1_001.mp4#t=445.jpg,AI/PlateDetector/datasets/raw/romanian_lp/dataset/train/annots/dayride_type1_001.mp4#t=445.xml,f72c094fc72ac9651601968930051a3a39fd989f5f2fa0c5b3f3c6d62810df8e,237c5abc528a71a0973fc73ba56d7b3f62ceab6ae77181cc441cb422c1dcc1aa,1280,720,1280,720,True,1,license-plate,0,REAL,False,license_plate,AI/PlateDetector/datasets/raw/romanian_lp/LICENSE,AI/PlateDetector/datasets/raw/romanian_lp/README.md
romanian_public_lp,train,dayride_type1_001.mp4#t=446.jpg,dayride_type1_001.mp4#t=446.xml,dayride_type1_001.mp4,446,AI/PlateDetector/datasets/raw/romanian_lp/dataset/train/images/dayride_type1_001.mp4#t=446.jpg,AI/PlateDetector/datasets/raw/romanian_lp/dataset/train/annots/dayride_type1_001.mp4#t=446.xml,36246618878347e8a59e5d7e1b5d0a69e19b09e4bbda809206b792712a250893,be952e5d5b39ce2ef76c5f3fb370c1ed005fabb582ad3b18272e47d54e492345,1280,720,1280,720,True,2,license-plate,0,REAL,False,license_plate,AI/PlateDetector/datasets/raw/romanian_lp/LICENSE,AI/PlateDetector/datasets/raw/romanian_lp/README.md
romanian_public_lp,train,dayride_type1_001.mp4#t=450.jpg,dayride_type1_001.mp4#t=450.xml,dayride_type1_001.mp4,450,AI/PlateDetector/datasets/raw/romanian_lp/dataset/train/images/dayride_type1_001.mp4#t=450.jpg,AI/PlateDetector/datasets/raw/romanian_lp/dataset/train/annots/dayride_type1_001.mp4#t=450.xml,1c07a2966f9189f7ea2f8f9cee5826d2201a006d17d35dacfa79c3b1f14d3402,a23e1593a393fa941a71e36f76469b2c244150569a3f40c07df225e6e9129083,1280,720,1280,720,True,1,license-plate,0,REAL,False,license_plate,AI/PlateDetector/datasets/raw/romanian_lp/LICENSE,AI/PlateDetector/datasets/raw/romanian_lp/README.md
romanian_public_lp,train,dayride_type1_001.mp4#t=451.jpg,dayride_type1_001.mp4#t=451.xml,dayride_type1_001.mp4,451,AI/PlateDetector/datasets/raw/romanian_lp/dataset/train/images/dayride_type1_001.mp4#t=451.jpg,AI/PlateDetector/datasets/raw/romanian_lp/dataset/train/annots/dayride_type1_001.mp4#t=451.xml,8e99ac9f8250c0d587130a5381615d7d3247e2a79213a670c4c820f633422ac7,ba4eaac2fd524e0d74772c9a50b20b85f60c522f9dc14a9bfd0e83803f13f442,1280,720,1280,720,True,2,license-plate,0,REAL,False,license_plate,AI/PlateDetector/datasets/raw/romanian_lp/LICENSE,AI/PlateDetector/datasets/raw/romanian_lp/README.md
romanian_public_lp,train,dayride_type1_001.mp4#t=452.jpg,dayride_type1_001.mp4#t=452.xml,dayride_type1_001.mp4,452,AI/PlateDetector/datasets/raw/romanian_lp/dataset/train/images/dayride_type1_001.mp4#t=452.jpg,AI/PlateDetector/datasets/raw/romanian_lp/dataset/train/annots/dayride_type1_001.mp4#t=452.xml,9d659a5308ff24bebbc16f7122f66e5b50ecba3cdf45ae35bb3fe11fbd3e55cd,fc5788c062929c664f51389047a0c94f6959a5d4838904253d9aca09365bddca,1280,720,1280,720,True,2,license-plate,0,REAL,False,license_plate,AI/PlateDetector/datasets/raw/romanian_lp/LICENSE,AI/PlateDetector/datasets/raw/romanian_lp/README.md
romanian_public_lp,train,dayride_type1_001.mp4#t=453.jpg,dayride_type1_001.mp4#t=453.xml,dayride_type1_001.mp4,453,AI/PlateDetector/datasets/raw/romanian_lp/dataset/train/images/dayride_type1_001.mp4#t=453.jpg,AI/PlateDetector/datasets/raw/romanian_lp/dataset/train/annots/dayride_type1_001.mp4#t=453.xml,dec03b332ba348a5a22bdbfa1c53af7ba161a8c8265ff6cadd4a0cfc0ca91e2e,07c41dc6c0dae5544cf1236bf881cbf153d659e0733f7f7399403f9c19201998,1280,720,1280,720,True,2,license-plate,0,REAL,False,license_plate,AI/PlateDetector/datasets/raw/romanian_lp/LICENSE,AI/PlateDetector/datasets/raw/romanian_lp/README.md
romanian_public_lp,train,dayride_type1_001.mp4#t=462.jpg,dayride_type1_001.mp4#t=462.xml,dayride_type1_001.mp4,462,AI/PlateDetector/datasets/raw/romanian_lp/dataset/train/images/dayride_type1_001.mp4#t=462.jpg,AI/PlateDetector/datasets/raw/romanian_lp/dataset/train/annots/dayride_type1_001.mp4#t=462.xml,b0106730922ddcdc66dece6c569ebd5860383d2042f0bfc325082b500c1d3353,a44dcc5d85b863349748d3e2e19ddfee717de388cac935e698ff6eae98224fa1,1280,720,1280,720,True,1,license-plate,0,REAL,False,license_plate,AI/PlateDetector/datasets/raw/romanian_lp/LICENSE,AI/PlateDetector/datasets/raw/romanian_lp/README.md
romanian_public_lp,train,dayride_type1_001.mp4#t=464.jpg,dayride_type1_001.mp4#t=464.xml,dayride_type1_001.mp4,464,AI/PlateDetector/datasets/raw/romanian_lp/dataset/train/images/dayride_type1_001.mp4#t=464.jpg,AI/PlateDetector/datasets/raw/romanian_lp/dataset/train/annots/dayride_type1_001.mp4#t=464.xml,26ed6afafbcb07e3117c7b36f3fafec8bce59e4023ffd2a78d19c66a4c1427a0,cfad1d8e2f4626d3bfd86eb281aaf730365ca1220a228cbd597e5850d2f970b5,1280,720,1280,720,True,1,license-plate,0,REAL,False,license_plate,AI/PlateDetector/datasets/raw/romanian_lp/LICENSE,AI/PlateDetector/datasets/raw/romanian_lp/README.md
romanian_public_lp,valid,dayride_type1_001.mp4#t=465.jpg,dayride_type1_001.mp4#t=465.xml,dayride_type1_001.mp4,465,AI/PlateDetector/datasets/raw/romanian_lp/dataset/valid/images/dayride_type1_001.mp4#t=465.jpg,AI/PlateDetector/datasets/raw/romanian_lp/dataset/valid/annots/dayride_type1_001.mp4#t=465.xml,d2f6bd0442781926123fa2b32ea5c20324272f44879b56beea3b31caaff59226,18f3fb02686fa3288da0c8125b51f547352ee7a6bda6fa70bac50e25b93da77d,1280,720,1280,720,True,1,license-plate,0,REAL,False,license_plate,AI/PlateDetector/datasets/raw/romanian_lp/LICENSE,AI/PlateDetector/datasets/raw/romanian_lp/README.md
romanian_public_lp,train,dayride_type1_001.mp4#t=466.jpg,dayride_type1_001.mp4#t=466.xml,dayride_type1_001.mp4,466,AI/PlateDetector/datasets/raw/romanian_lp/dataset/train/images/dayride_type1_001.mp4#t=466.jpg,AI/PlateDetector/datasets/raw/romanian_lp/dataset/train/annots/dayride_type1_001.mp4#t=466.xml,dae9a934d7e0ee8cb73ed2bb7b7da3ed4e67ec49f80520bf7f2be12892b4165f,b1c4aaf1bc0070fb40e453738d3b0dc60dd06bb2052dff6eb2a4e73590344235,1280,720,1280,720,True,1,license-plate,0,REAL,False,license_plate,AI/PlateDetector/datasets/raw/romanian_lp/LICENSE,AI/PlateDetector/datasets/raw/romanian_lp/README.md
romanian_public_lp,valid,dayride_type1_001.mp4#t=467.jpg,dayride_type1_001.mp4#t=467.xml,dayride_type1_001.mp4,467,AI/PlateDetector/datasets/raw/romanian_lp/dataset/valid/images/dayride_type1_001.mp4#t=467.jpg,AI/PlateDetector/datasets/raw/romanian_lp/dataset/valid/annots/dayride_type1_001.mp4#t=467.xml,f17fa64fc5b718ed5079624b94a864c2a2ac32e55bd7d2ca1355647bfbb634e8,a0d661970e22e3332e6360146fcc473b6846cd9552669e6fa948f397b2f80b7a,1280,720,1280,720,True,1,license-plate,0,REAL,False,license_plate,AI/PlateDetector/datasets/raw/romanian_lp/LICENSE,AI/PlateDetector/datasets/raw/romanian_lp/README.md
romanian_public_lp,train,dayride_type1_001.mp4#t=471.jpg,dayride_type1_001.mp4#t=471.xml,dayride_type1_001.mp4,471,AI/PlateDetector/datasets/raw/romanian_lp/dataset/train/images/dayride_type1_001.mp4#t=471.jpg,AI/PlateDetector/datasets/raw/romanian_lp/dataset/train/annots/dayride_type1_001.mp4#t=471.xml,1bbf51ee83b31cce53fc520f23c1c3618431f98ec318ac9b1146f1b9f521bf60,b70e03f2acdf544130cc3428a2dc6bc74f81b14aca9791467b5606eb590cf82b,1280,720,1280,720,True,1,license-plate,0,REAL,False,license_plate,AI/PlateDetector/datasets/raw/romanian_lp/LICENSE,AI/PlateDetector/datasets/raw/romanian_lp/README.md
romanian_public_lp,train,dayride_type1_001.mp4#t=472.jpg,dayride_type1_001.mp4#t=472.xml,dayride_type1_001.mp4,472,AI/PlateDetector/datasets/raw/romanian_lp/dataset/train/images/dayride_type1_001.mp4#t=472.jpg,AI/PlateDetector/datasets/raw/romanian_lp/dataset/train/annots/dayride_type1_001.mp4#t=472.xml,a0666c876f3b27a9cb78e9a64d62e22f37e43772959aeab2406e9bd9c3882d84,9124c2561f845af11cb6e99a370603c661e9a9fa9cf1de7ac167643feeac92ec,1280,720,1280,720,True,1,license-plate,0,REAL,False,license_plate,AI/PlateDetector/datasets/raw/romanian_lp/LICENSE,AI/PlateDetector/datasets/raw/romanian_lp/README.md
romanian_public_lp,train,dayride_type1_001.mp4#t=474.jpg,dayride_type1_001.mp4#t=474.xml,dayride_type1_001.mp4,474,AI/PlateDetector/datasets/raw/romanian_lp/dataset/train/images/dayride_type1_001.mp4#t=474.jpg,AI/PlateDetector/datasets/raw/romanian_lp/dataset/train/annots/dayride_type1_001.mp4#t=474.xml,d10c3131c9c13ce9d8601da3b9393a5477061d68acb097d586f8b12045489de2,9afefae2dc02134473bf3768fabcc887d7badcf7b2dba035954973418c0bcd80,1280,720,1280,720,True,1,license-plate,0,REAL,False,license_plate,AI/PlateDetector/datasets/raw/romanian_lp/LICENSE,AI/PlateDetector/datasets/raw/romanian_lp/README.md
romanian_public_lp,train,dayride_type1_001.mp4#t=482.jpg,dayride_type1_001.mp4#t=482.xml,dayride_type1_001.mp4,482,AI/PlateDetector/datasets/raw/romanian_lp/dataset/train/images/dayride_type1_001.mp4#t=482.jpg,AI/PlateDetector/datasets/raw/romanian_lp/dataset/train/annots/dayride_type1_001.mp4#t=482.xml,06b3eed99d4836b2363215827880c8892fcacbfff59780eedeeed562ecf028ad,a163a69433c6309581f9ee9c60fa0807f24db8511ac64ffc87e84ec4ded61682,1280,720,1280,720,True,1,license-plate,0,REAL,False,license_plate,AI/PlateDetector/datasets/raw/romanian_lp/LICENSE,AI/PlateDetector/datasets/raw/romanian_lp/README.md
romanian_public_lp,train,dayride_type1_001.mp4#t=484.jpg,dayride_type1_001.mp4#t=484.xml,dayride_type1_001.mp4,484,AI/PlateDetector/datasets/raw/romanian_lp/dataset/train/images/dayride_type1_001.mp4#t=484.jpg,AI/PlateDetector/datasets/raw/romanian_lp/dataset/train/annots/dayride_type1_001.mp4#t=484.xml,a6c98f6b82d74de7d62720b70ed76d41a68cafdd6ae805580f3d51d029e8e99f,3e3a0f783bc25d54640c21e70dc6d37683cf75df1380189c59dd12e6c327aa53,1280,720,1280,720,True,1,license-plate,0,REAL,False,license_plate,AI/PlateDetector/datasets/raw/romanian_lp/LICENSE,AI/PlateDetector/datasets/raw/romanian_lp/README.md
romanian_public_lp,valid,dayride_type1_001.mp4#t=485.jpg,dayride_type1_001.mp4#t=485.xml,dayride_type1_001.mp4,485,AI/PlateDetector/datasets/raw/romanian_lp/dataset/valid/images/dayride_type1_001.mp4#t=485.jpg,AI/PlateDetector/datasets/raw/romanian_lp/dataset/valid/annots/dayride_type1_001.mp4#t=485.xml,00fdadf1807c61bf3a0bb664a6bca3753b0b71da75784023d973e53343979de1,20b980c3a0bcb3678d86d27bc45d28c76fbd5cc02ac031034d3b08de2e9de818,1280,720,1280,720,True,1,license-plate,0,REAL,False,license_plate,AI/PlateDetector/datasets/raw/romanian_lp/LICENSE,AI/PlateDetector/datasets/raw/romanian_lp/README.md
romanian_public_lp,train,dayride_type1_001.mp4#t=488.jpg,dayride_type1_001.mp4#t=488.xml,dayride_type1_001.mp4,488,AI/PlateDetector/datasets/raw/romanian_lp/dataset/train/images/dayride_type1_001.mp4#t=488.jpg,AI/PlateDetector/datasets/raw/romanian_lp/dataset/train/annots/dayride_type1_001.mp4#t=488.xml,91001680014b8b84a1b47aff2aac6d0060558d3cb88641ac7f5d4c250e4078b1,23f777e7db153e82e235dfeb12960a854c8616e9faa7b3f2dddc94192b9760f5,1280,720,1280,720,True,2,license-plate,0,REAL,False,license_plate,AI/PlateDetector/datasets/raw/romanian_lp/LICENSE,AI/PlateDetector/datasets/raw/romanian_lp/README.md
romanian_public_lp,train,dayride_type1_001.mp4#t=490.jpg,dayride_type1_001.mp4#t=490.xml,dayride_type1_001.mp4,490,AI/PlateDetector/datasets/raw/romanian_lp/dataset/train/images/dayride_type1_001.mp4#t=490.jpg,AI/PlateDetector/datasets/raw/romanian_lp/dataset/train/annots/dayride_type1_001.mp4#t=490.xml,15af9814481ac1267b5ae1fa99a90be403d979610d74837a735a06e066ba7f2d,3c35916f28d3a22d40d1dc25888ff3fee450ed583e0c4f9ee8e97f46e345647c,1280,720,1280,720,True,1,license-plate,0,REAL,False,license_plate,AI/PlateDetector/datasets/raw/romanian_lp/LICENSE,AI/PlateDetector/datasets/raw/romanian_lp/README.md
romanian_public_lp,valid,dayride_type1_001.mp4#t=491.jpg,dayride_type1_001.mp4#t=491.xml,dayride_type1_001.mp4,491,AI/PlateDetector/datasets/raw/romanian_lp/dataset/valid/images/dayride_type1_001.mp4#t=491.jpg,AI/PlateDetector/datasets/raw/romanian_lp/dataset/valid/annots/dayride_type1_001.mp4#t=491.xml,bcd4adf891669f94f713d231fbfbb72bd598e63c34325e00879c0e6f5f8cbbd2,63d9e86723f2c093839b6f6aea59c0ffe28898120354a3a8114df5b3414906b6,1280,720,1280,720,True,2,license-plate,0,REAL,False,license_plate,AI/PlateDetector/datasets/raw/romanian_lp/LICENSE,AI/PlateDetector/datasets/raw/romanian_lp/README.md
romanian_public_lp,train,dayride_type1_001.mp4#t=493.jpg,dayride_type1_001.mp4#t=493.xml,dayride_type1_001.mp4,493,AI/PlateDetector/datasets/raw/romanian_lp/dataset/train/images/dayride_type1_001.mp4#t=493.jpg,AI/PlateDetector/datasets/raw/romanian_lp/dataset/train/annots/dayride_type1_001.mp4#t=493.xml,a8b6ffd81e1bc6b84dcf5bc168b4476b86eab13194722ee835603d31a0bd178c,75837f7ca62a609fdd105261afec49791bc3db90da5ff024408069a2b0a6533e,1280,720,1280,720,True,1,license-plate,0,REAL,False,license_plate,AI/PlateDetector/datasets/raw/romanian_lp/LICENSE,AI/PlateDetector/datasets/raw/romanian_lp/README.md
romanian_public_lp,train,dayride_type1_001.mp4#t=498.jpg,dayride_type1_001.mp4#t=498.xml,dayride_type1_001.mp4,498,AI/PlateDetector/datasets/raw/romanian_lp/dataset/train/images/dayride_type1_001.mp4#t=498.jpg,AI/PlateDetector/datasets/raw/romanian_lp/dataset/train/annots/dayride_type1_001.mp4#t=498.xml,0886da8285ae5d942b995c22f537fb7af83d390f177178c70f8f2efc54fee156,1737c1261473e16785b7a521f5a4779a9f35fd9eec5d79661f142547bd4e2c08,1280,720,1280,720,True,1,license-plate,0,REAL,False,license_plate,AI/PlateDetector/datasets/raw/romanian_lp/LICENSE,AI/PlateDetector/datasets/raw/romanian_lp/README.md
romanian_public_lp,train,dayride_type1_001.mp4#t=503.jpg,dayride_type1_001.mp4#t=503.xml,dayride_type1_001.mp4,503,AI/PlateDetector/datasets/raw/romanian_lp/dataset/train/images/dayride_type1_001.mp4#t=503.jpg,AI/PlateDetector/datasets/raw/romanian_lp/dataset/train/annots/dayride_type1_001.mp4#t=503.xml,c54da117ab4ec5ef5a06bcfb5bc29deafb056ed7454e5c7675875e8b32cfaec8,eaa9a7fc05a2222cac9e1b487aded852936285c8999ea3fdb597d4fd16437a20,1280,720,1280,720,True,1,license-plate,0,REAL,False,license_plate,AI/PlateDetector/datasets/raw/romanian_lp/LICENSE,AI/PlateDetector/datasets/raw/romanian_lp/README.md
romanian_public_lp,train,dayride_type1_001.mp4#t=509.jpg,dayride_type1_001.mp4#t=509.xml,dayride_type1_001.mp4,509,AI/PlateDetector/datasets/raw/romanian_lp/dataset/train/images/dayride_type1_001.mp4#t=509.jpg,AI/PlateDetector/datasets/raw/romanian_lp/dataset/train/annots/dayride_type1_001.mp4#t=509.xml,7feaa1106b355a389c146257d96bec274bb8ff42354345bc3bfc8cdd32eeabf5,68ef974910888be7f2039476df35aad924c8f595a07c749c78516bd90658dad4,1280,720,1280,720,True,1,license-plate,0,REAL,False,license_plate,AI/PlateDetector/datasets/raw/romanian_lp/LICENSE,AI/PlateDetector/datasets/raw/romanian_lp/README.md
romanian_public_lp,train,dayride_type1_001.mp4#t=511.jpg,dayride_type1_001.mp4#t=511.xml,dayride_type1_001.mp4,511,AI/PlateDetector/datasets/raw/romanian_lp/dataset/train/images/dayride_type1_001.mp4#t=511.jpg,AI/PlateDetector/datasets/raw/romanian_lp/dataset/train/annots/dayride_type1_001.mp4#t=511.xml,e05d3ad3701b087d8fa5678e8ec8a6a4f708e4132503a8851a18c62af679365e,57cf6401f877c15ff88ad97ca7fedace8bca7409a18c30c537788fc51d8c31d5,1280,720,1280,720,True,2,license-plate,0,REAL,False,license_plate,AI/PlateDetector/datasets/raw/romanian_lp/LICENSE,AI/PlateDetector/datasets/raw/romanian_lp/README.md
romanian_public_lp,train,dayride_type1_001.mp4#t=513.jpg,dayride_type1_001.mp4#t=513.xml,dayride_type1_001.mp4,513,AI/PlateDetector/datasets/raw/romanian_lp/dataset/train/images/dayride_type1_001.mp4#t=513.jpg,AI/PlateDetector/datasets/raw/romanian_lp/dataset/train/annots/dayride_type1_001.mp4#t=513.xml,f80b4b0097b6301d28e0661fb684f3aec1489a8d64bcd1c274c71953c4582ca1,ff5cc50113809a5496d54786dec7fcfaf1d2a79b3466b2be1b284ff54dc42fc7,1280,720,1280,720,True,1,license-plate,0,REAL,False,license_plate,AI/PlateDetector/datasets/raw/romanian_lp/LICENSE,AI/PlateDetector/datasets/raw/romanian_lp/README.md
romanian_public_lp,valid,dayride_type1_001.mp4#t=515.jpg,dayride_type1_001.mp4#t=515.xml,dayride_type1_001.mp4,515,AI/PlateDetector/datasets/raw/romanian_lp/dataset/valid/images/dayride_type1_001.mp4#t=515.jpg,AI/PlateDetector/datasets/raw/romanian_lp/dataset/valid/annots/dayride_type1_001.mp4#t=515.xml,8cc214882fc2d7bdb22c8ea1b3bcfc0c17bbef9aa9e063193ba19d5c730c58bf,1b1cbfb03c5bfe1f1a9fbad2759fa938ef7480d9d40e68ec2145e5b1fc201928,1280,720,1280,720,True,2,license-plate,0,REAL,False,license_plate,AI/PlateDetector/datasets/raw/romanian_lp/LICENSE,AI/PlateDetector/datasets/raw/romanian_lp/README.md
romanian_public_lp,valid,dayride_type1_001.mp4#t=517.jpg,dayride_type1_001.mp4#t=517.xml,dayride_type1_001.mp4,517,AI/PlateDetector/datasets/raw/romanian_lp/dataset/valid/images/dayride_type1_001.mp4#t=517.jpg,AI/PlateDetector/datasets/raw/romanian_lp/dataset/valid/annots/dayride_type1_001.mp4#t=517.xml,59b8543cb385cea0f5eace4d3173edac59db17b8a4749b5b3448123278585d55,171832dacfc76f947fe9a4396fc4450c1ed42841b6cb941ea3ea62dcb2be1ae8,1280,720,1280,720,True,2,license-plate,0,REAL,False,license_plate,AI/PlateDetector/datasets/raw/romanian_lp/LICENSE,AI/PlateDetector/datasets/raw/romanian_lp/README.md
romanian_public_lp,train,dayride_type1_001.mp4#t=519.jpg,dayride_type1_001.mp4#t=519.xml,dayride_type1_001.mp4,519,AI/PlateDetector/datasets/raw/romanian_lp/dataset/train/images/dayride_type1_001.mp4#t=519.jpg,AI/PlateDetector/datasets/raw/romanian_lp/dataset/train/annots/dayride_type1_001.mp4#t=519.xml,c5e6030e65a1d8949579200736036317188d2f0652da4255ca8aa7867dcd1704,dd1918798f3be40aded8a6615fb4386f1d96cdcbf9fc15deec879b9595088b03,1280,720,1280,720,True,3,license-plate,0,REAL,False,license_plate,AI/PlateDetector/datasets/raw/romanian_lp/LICENSE,AI/PlateDetector/datasets/raw/romanian_lp/README.md
romanian_public_lp,train,dayride_type1_001.mp4#t=520.jpg,dayride_type1_001.mp4#t=520.xml,dayride_type1_001.mp4,520,AI/PlateDetector/datasets/raw/romanian_lp/dataset/train/images/dayride_type1_001.mp4#t=520.jpg,AI/PlateDetector/datasets/raw/romanian_lp/dataset/train/annots/dayride_type1_001.mp4#t=520.xml,6b10b10c39fd0fedf786475d0e830047f09e11e45538019da26080dc1370256b,ba94792f0ba32622aba4469d1b2aa9657bc7b190672b6d3508b1cefca6b1a92c,1280,720,1280,720,True,2,license-plate,0,REAL,False,license_plate,AI/PlateDetector/datasets/raw/romanian_lp/LICENSE,AI/PlateDetector/datasets/raw/romanian_lp/README.md
romanian_public_lp,train,dayride_type1_001.mp4#t=521.jpg,dayride_type1_001.mp4#t=521.xml,dayride_type1_001.mp4,521,AI/PlateDetector/datasets/raw/romanian_lp/dataset/train/images/dayride_type1_001.mp4#t=521.jpg,AI/PlateDetector/datasets/raw/romanian_lp/dataset/train/annots/dayride_type1_001.mp4#t=521.xml,47b8edc5ad54dec39a508101adfdddbce68accea3599ac70d9b7c0c942ac5d85,429ce4f3cd16d6ed1294794cd96f0feb918437c623c0026fea236694016b5414,1280,720,1280,720,True,2,license-plate,0,REAL,False,license_plate,AI/PlateDetector/datasets/raw/romanian_lp/LICENSE,AI/PlateDetector/datasets/raw/romanian_lp/README.md
romanian_public_lp,valid,dayride_type1_001.mp4#t=522.jpg,dayride_type1_001.mp4#t=522.xml,dayride_type1_001.mp4,522,AI/PlateDetector/datasets/raw/romanian_lp/dataset/valid/images/dayride_type1_001.mp4#t=522.jpg,AI/PlateDetector/datasets/raw/romanian_lp/dataset/valid/annots/dayride_type1_001.mp4#t=522.xml,294c977a488fe24e29849d8cd5222e12652b85425ae741f0f286e3ae577ce113,7bce766b3f11543e98a6078ed6c163b0f930a6c5ce09341f611d7788125b6486,1280,720,1280,720,True,2,license-plate,0,REAL,False,license_plate,AI/PlateDetector/datasets/raw/romanian_lp/LICENSE,AI/PlateDetector/datasets/raw/romanian_lp/README.md
romanian_public_lp,train,dayride_type1_001.mp4#t=525.jpg,dayride_type1_001.mp4#t=525.xml,dayride_type1_001.mp4,525,AI/PlateDetector/datasets/raw/romanian_lp/dataset/train/images/dayride_type1_001.mp4#t=525.jpg,AI/PlateDetector/datasets/raw/romanian_lp/dataset/train/annots/dayride_type1_001.mp4#t=525.xml,a51368a99931a1632ce92a529bd88244804245b7e7960bf11de743654b4c45e0,0818ebd2ff88220b5a4e94d65462298d27e4fe382966be7e2c583505e5fe4d26,1280,720,1280,720,True,1,license-plate,0,REAL,False,license_plate,AI/PlateDetector/datasets/raw/romanian_lp/LICENSE,AI/PlateDetector/datasets/raw/romanian_lp/README.md
romanian_public_lp,train,dayride_type1_001.mp4#t=528.jpg,dayride_type1_001.mp4#t=528.xml,dayride_type1_001.mp4,528,AI/PlateDetector/datasets/raw/romanian_lp/dataset/train/images/dayride_type1_001.mp4#t=528.jpg,AI/PlateDetector/datasets/raw/romanian_lp/dataset/train/annots/dayride_type1_001.mp4#t=528.xml,643b239d40d69a1804d6f48fee7c9c42a577b8f3835ddeb8b0445104c5d7bba0,1568c5c26f4d8468e5fb548abd5e7897dbbbc677756ba895b94f2af30641ba39,1280,720,1280,720,True,1,license-plate,0,REAL,False,license_plate,AI/PlateDetector/datasets/raw/romanian_lp/LICENSE,AI/PlateDetector/datasets/raw/romanian_lp/README.md
romanian_public_lp,train,dayride_type1_001.mp4#t=530.jpg,dayride_type1_001.mp4#t=530.xml,dayride_type1_001.mp4,530,AI/PlateDetector/datasets/raw/romanian_lp/dataset/train/images/dayride_type1_001.mp4#t=530.jpg,AI/PlateDetector/datasets/raw/romanian_lp/dataset/train/annots/dayride_type1_001.mp4#t=530.xml,1db71c148160fcd631590a50602dea2724068434e31f05d69f611ba4aba5c1b5,a6a93f9955039034808ccf40ef1edbe7ec3334a23477de3acf2ca64df5a95757,1280,720,1280,720,True,1,license-plate,0,REAL,False,license_plate,AI/PlateDetector/datasets/raw/romanian_lp/LICENSE,AI/PlateDetector/datasets/raw/romanian_lp/README.md
romanian_public_lp,train,dayride_type1_001.mp4#t=532.jpg,dayride_type1_001.mp4#t=532.xml,dayride_type1_001.mp4,532,AI/PlateDetector/datasets/raw/romanian_lp/dataset/train/images/dayride_type1_001.mp4#t=532.jpg,AI/PlateDetector/datasets/raw/romanian_lp/dataset/train/annots/dayride_type1_001.mp4#t=532.xml,ee766575e8f9ce4d6e461bfacd9059aa505a02dcf71755b8a151a93e7294f9c3,4797eeb5190b585948e45fd316b153cfc1669acdd463fb2319da48f5bb0d015d,1280,720,1280,720,True,1,license-plate,0,REAL,False,license_plate,AI/PlateDetector/datasets/raw/romanian_lp/LICENSE,AI/PlateDetector/datasets/raw/romanian_lp/README.md
romanian_public_lp,train,dayride_type1_001.mp4#t=533.jpg,dayride_type1_001.mp4#t=533.xml,dayride_type1_001.mp4,533,AI/PlateDetector/datasets/raw/romanian_lp/dataset/train/images/dayride_type1_001.mp4#t=533.jpg,AI/PlateDetector/datasets/raw/romanian_lp/dataset/train/annots/dayride_type1_001.mp4#t=533.xml,e680c270c609ea3fdfa96d7fac77d8547016e3e39581834f94d96897ce6d7df7,b06a80163486f24325bece02341e7f5106645aa570bfaf6b5b5402603f61e462,1280,720,1280,720,True,1,license-plate,0,REAL,False,license_plate,AI/PlateDetector/datasets/raw/romanian_lp/LICENSE,AI/PlateDetector/datasets/raw/romanian_lp/README.md
romanian_public_lp,train,dayride_type1_001.mp4#t=535.jpg,dayride_type1_001.mp4#t=535.xml,dayride_type1_001.mp4,535,AI/PlateDetector/datasets/raw/romanian_lp/dataset/train/images/dayride_type1_001.mp4#t=535.jpg,AI/PlateDetector/datasets/raw/romanian_lp/dataset/train/annots/dayride_type1_001.mp4#t=535.xml,1c0132bb32a926d94984e4a9ed0689bfeea16ff675531e10e405a0fab79c9f1c,5c75cae58c3247457053096dfdf5665668e16586d17d823513f2f1544b42191c,1280,720,1280,720,True,1,license-plate,0,REAL,False,license_plate,AI/PlateDetector/datasets/raw/romanian_lp/LICENSE,AI/PlateDetector/datasets/raw/romanian_lp/README.md
romanian_public_lp,train,dayride_type1_001.mp4#t=536.jpg,dayride_type1_001.mp4#t=536.xml,dayride_type1_001.mp4,536,AI/PlateDetector/datasets/raw/romanian_lp/dataset/train/images/dayride_type1_001.mp4#t=536.jpg,AI/PlateDetector/datasets/raw/romanian_lp/dataset/train/annots/dayride_type1_001.mp4#t=536.xml,9df636851bfcfe6be795c2b1f8227fa982520cd1ddd56fb640679d2cd670f904,cbca6b661e525ec58135af7070a7b768535dc7727d41b1e7e94dc366ff56d8fd,1280,720,1280,720,True,1,license-plate,0,REAL,False,license_plate,AI/PlateDetector/datasets/raw/romanian_lp/LICENSE,AI/PlateDetector/datasets/raw/romanian_lp/README.md
romanian_public_lp,train,dayride_type1_001.mp4#t=539.jpg,dayride_type1_001.mp4#t=539.xml,dayride_type1_001.mp4,539,AI/PlateDetector/datasets/raw/romanian_lp/dataset/train/images/dayride_type1_001.mp4#t=539.jpg,AI/PlateDetector/datasets/raw/romanian_lp/dataset/train/annots/dayride_type1_001.mp4#t=539.xml,a4f9d04f41f3558875fff153b6e6ebe1d02196c10308cd01390ca39d179497be,011d93746afc8732b93317409dbd8aa4c135b6f476e524163cc58de33257ef75,1280,720,1280,720,True,1,license-plate,0,REAL,False,license_plate,AI/PlateDetector/datasets/raw/romanian_lp/LICENSE,AI/PlateDetector/datasets/raw/romanian_lp/README.md
romanian_public_lp,train,dayride_type1_001.mp4#t=540.jpg,dayride_type1_001.mp4#t=540.xml,dayride_type1_001.mp4,540,AI/PlateDetector/datasets/raw/romanian_lp/dataset/train/images/dayride_type1_001.mp4#t=540.jpg,AI/PlateDetector/datasets/raw/romanian_lp/dataset/train/annots/dayride_type1_001.mp4#t=540.xml,0759455004a0c13ebc8a36dd24ef67464c8abd5f49706339554e09e9b17d7c4a,4f9c850fd0426c15fac047a8cc75e9657b3888a0172864b30f4e43c233510627,1280,720,1280,720,True,1,license-plate,0,REAL,False,license_plate,AI/PlateDetector/datasets/raw/romanian_lp/LICENSE,AI/PlateDetector/datasets/raw/romanian_lp/README.md
romanian_public_lp,train,dayride_type1_001.mp4#t=553.jpg,dayride_type1_001.mp4#t=553.xml,dayride_type1_001.mp4,553,AI/PlateDetector/datasets/raw/romanian_lp/dataset/train/images/dayride_type1_001.mp4#t=553.jpg,AI/PlateDetector/datasets/raw/romanian_lp/dataset/train/annots/dayride_type1_001.mp4#t=553.xml,11554de66969b459552d27eac1267c4e39b49b667bedc593881fff374b05b899,855dd7c0deb99e6d0d229126ab64bcb4aa70827da6449df5ed11e368e4fd3908,1280,720,1280,720,True,1,license-plate,0,REAL,False,license_plate,AI/PlateDetector/datasets/raw/romanian_lp/LICENSE,AI/PlateDetector/datasets/raw/romanian_lp/README.md
romanian_public_lp,valid,dayride_type1_001.mp4#t=555.jpg,dayride_type1_001.mp4#t=555.xml,dayride_type1_001.mp4,555,AI/PlateDetector/datasets/raw/romanian_lp/dataset/valid/images/dayride_type1_001.mp4#t=555.jpg,AI/PlateDetector/datasets/raw/romanian_lp/dataset/valid/annots/dayride_type1_001.mp4#t=555.xml,243a014743363187ec6f8ea19684b3f0aab7b6c5e2a57a6e15d5f2bfc2160807,b3846975a014a56ca519bcebafae5b3fd34ca4c990ca166e5b441d4f5dc7d3c6,1280,720,1280,720,True,2,license-plate,0,REAL,False,license_plate,AI/PlateDetector/datasets/raw/romanian_lp/LICENSE,AI/PlateDetector/datasets/raw/romanian_lp/README.md
romanian_public_lp,train,dayride_type1_001.mp4#t=557.jpg,dayride_type1_001.mp4#t=557.xml,dayride_type1_001.mp4,557,AI/PlateDetector/datasets/raw/romanian_lp/dataset/train/images/dayride_type1_001.mp4#t=557.jpg,AI/PlateDetector/datasets/raw/romanian_lp/dataset/train/annots/dayride_type1_001.mp4#t=557.xml,47a8179b2916106d87e2dd4cbd509796c0f14da5630286c067d8a3082735c066,e47d172d82592272a90480066c11279b2cfff84c3cea7fc107a45b7c2b01a061,1280,720,1280,720,True,2,license-plate,0,REAL,False,license_plate,AI/PlateDetector/datasets/raw/romanian_lp/LICENSE,AI/PlateDetector/datasets/raw/romanian_lp/README.md
romanian_public_lp,train,dayride_type1_001.mp4#t=558.jpg,dayride_type1_001.mp4#t=558.xml,dayride_type1_001.mp4,558,AI/PlateDetector/datasets/raw/romanian_lp/dataset/train/images/dayride_type1_001.mp4#t=558.jpg,AI/PlateDetector/datasets/raw/romanian_lp/dataset/train/annots/dayride_type1_001.mp4#t=558.xml,15310d9b17cc73de48eedcdf01e9e624b2c384f2b02e18877d760b31ca7e9559,374d83a66645b5ce806347a3eb186da56879e78ff2a940cb564b499b038a015d,1280,720,1280,720,True,2,license-plate,0,REAL,False,license_plate,AI/PlateDetector/datasets/raw/romanian_lp/LICENSE,AI/PlateDetector/datasets/raw/romanian_lp/README.md
romanian_public_lp,train,dayride_type1_001.mp4#t=561.jpg,dayride_type1_001.mp4#t=561.xml,dayride_type1_001.mp4,561,AI/PlateDetector/datasets/raw/romanian_lp/dataset/train/images/dayride_type1_001.mp4#t=561.jpg,AI/PlateDetector/datasets/raw/romanian_lp/dataset/train/annots/dayride_type1_001.mp4#t=561.xml,cd17b72d26b7f5dfcd46d232eb1cb001fcf487be43cf3449fa9cce65ac7955d0,3ebc0c7798bc75c31eb265ff4a28ab46b8251b6601ef1db0a49b70ccd9423159,1280,720,1280,720,True,2,license-plate,0,REAL,False,license_plate,AI/PlateDetector/datasets/raw/romanian_lp/LICENSE,AI/PlateDetector/datasets/raw/romanian_lp/README.md
romanian_public_lp,train,dayride_type1_001.mp4#t=564.jpg,dayride_type1_001.mp4#t=564.xml,dayride_type1_001.mp4,564,AI/PlateDetector/datasets/raw/romanian_lp/dataset/train/images/dayride_type1_001.mp4#t=564.jpg,AI/PlateDetector/datasets/raw/romanian_lp/dataset/train/annots/dayride_type1_001.mp4#t=564.xml,842fd21d399035c1a95e5d02fd7baafe52d781198788852da2f29ae4cff5776a,9bcfea74567a542e584754448c420532c8439de9075a0e7d2a980113b4a8d857,1280,720,1280,720,True,1,license-plate,0,REAL,False,license_plate,AI/PlateDetector/datasets/raw/romanian_lp/LICENSE,AI/PlateDetector/datasets/raw/romanian_lp/README.md
romanian_public_lp,train,dayride_type1_001.mp4#t=570.jpg,dayride_type1_001.mp4#t=570.xml,dayride_type1_001.mp4,570,AI/PlateDetector/datasets/raw/romanian_lp/dataset/train/images/dayride_type1_001.mp4#t=570.jpg,AI/PlateDetector/datasets/raw/romanian_lp/dataset/train/annots/dayride_type1_001.mp4#t=570.xml,13658ebaae4747511f6c7ad6f00e7d97cb7910dee44dece4689a31b7ee271677,d2293905ef3b5f0dc9b4db050f17f457d800e9a7806094c5f4442ccfe505033f,1280,720,1280,720,True,1,license-plate,0,REAL,False,license_plate,AI/PlateDetector/datasets/raw/romanian_lp/LICENSE,AI/PlateDetector/datasets/raw/romanian_lp/README.md
romanian_public_lp,train,dayride_type1_001.mp4#t=580.jpg,dayride_type1_001.mp4#t=580.xml,dayride_type1_001.mp4,580,AI/PlateDetector/datasets/raw/romanian_lp/dataset/train/images/dayride_type1_001.mp4#t=580.jpg,AI/PlateDetector/datasets/raw/romanian_lp/dataset/train/annots/dayride_type1_001.mp4#t=580.xml,c7f90295823af007972721a90fc63d79e91ecfec6b68364283d357222c43e220,bdd48f6da15dfa2eb4096f93f98ad1e3c95bf67585053866d73f671ca2c18d24,1280,720,1280,720,True,1,license-plate,0,REAL,False,license_plate,AI/PlateDetector/datasets/raw/romanian_lp/LICENSE,AI/PlateDetector/datasets/raw/romanian_lp/README.md
romanian_public_lp,valid,dayride_type1_001.mp4#t=581.jpg,dayride_type1_001.mp4#t=581.xml,dayride_type1_001.mp4,581,AI/PlateDetector/datasets/raw/romanian_lp/dataset/valid/images/dayride_type1_001.mp4#t=581.jpg,AI/PlateDetector/datasets/raw/romanian_lp/dataset/valid/annots/dayride_type1_001.mp4#t=581.xml,f2dd3de0d9b5f8cd1941ba87479775be8d1018604b74ed759e8e047c0b8f8a02,8ce94e8f03b1e4ac5e861d99dd8949018a2352958ce84a676d614d10fe704165,1280,720,1280,720,True,1,license-plate,0,REAL,False,license_plate,AI/PlateDetector/datasets/raw/romanian_lp/LICENSE,AI/PlateDetector/datasets/raw/romanian_lp/README.md
romanian_public_lp,train,dayride_type1_001.mp4#t=582.jpg,dayride_type1_001.mp4#t=582.xml,dayride_type1_001.mp4,582,AI/PlateDetector/datasets/raw/romanian_lp/dataset/train/images/dayride_type1_001.mp4#t=582.jpg,AI/PlateDetector/datasets/raw/romanian_lp/dataset/train/annots/dayride_type1_001.mp4#t=582.xml,876c99f964c30d73ef3503f9365c080adbde6a8c0b80dd3b799d50a7de3e3c9d,9118a33635eb2a03b7341c11c02e1b5d441cf388b5b5217c24c09309aa1be64a,1280,720,1280,720,True,1,license-plate,0,REAL,False,license_plate,AI/PlateDetector/datasets/raw/romanian_lp/LICENSE,AI/PlateDetector/datasets/raw/romanian_lp/README.md
romanian_public_lp,train,dayride_type1_001.mp4#t=585.jpg,dayride_type1_001.mp4#t=585.xml,dayride_type1_001.mp4,585,AI/PlateDetector/datasets/raw/romanian_lp/dataset/train/images/dayride_type1_001.mp4#t=585.jpg,AI/PlateDetector/datasets/raw/romanian_lp/dataset/train/annots/dayride_type1_001.mp4#t=585.xml,0372754da4397b780b475458b90c731c0b7c78696cd6dec0caa18510baf73a35,7ce350ad1d091b29557baaba22aa74889329cf98fc86f9878bf434b48bc12dd2,1280,720,1280,720,True,1,license-plate,0,REAL,False,license_plate,AI/PlateDetector/datasets/raw/romanian_lp/LICENSE,AI/PlateDetector/datasets/raw/romanian_lp/README.md
romanian_public_lp,train,dayride_type1_001.mp4#t=586.jpg,dayride_type1_001.mp4#t=586.xml,dayride_type1_001.mp4,586,AI/PlateDetector/datasets/raw/romanian_lp/dataset/train/images/dayride_type1_001.mp4#t=586.jpg,AI/PlateDetector/datasets/raw/romanian_lp/dataset/train/annots/dayride_type1_001.mp4#t=586.xml,2b002e9ee884a111bdf58e41ce9d2612e7ecbb97a52f6e618e875d9d296afe62,9548f0a3fb920a275c696d22d6d373359f86ef482dea150301919f6c01fff17b,1280,720,1280,720,True,1,license-plate,0,REAL,False,license_plate,AI/PlateDetector/datasets/raw/romanian_lp/LICENSE,AI/PlateDetector/datasets/raw/romanian_lp/README.md
romanian_public_lp,train,dayride_type1_001.mp4#t=587.jpg,dayride_type1_001.mp4#t=587.xml,dayride_type1_001.mp4,587,AI/PlateDetector/datasets/raw/romanian_lp/dataset/train/images/dayride_type1_001.mp4#t=587.jpg,AI/PlateDetector/datasets/raw/romanian_lp/dataset/train/annots/dayride_type1_001.mp4#t=587.xml,58da047e90353375173d5253daa2a138b5f3573b7a729d057161b5c374395cd5,1955a50bbbd8d0c50aa3ce85304807e2fb61b649d33e7284dc2c7767311f1355,1280,720,1280,720,True,1,license-plate,0,REAL,False,license_plate,AI/PlateDetector/datasets/raw/romanian_lp/LICENSE,AI/PlateDetector/datasets/raw/romanian_lp/README.md
romanian_public_lp,train,dayride_type1_001.mp4#t=588.jpg,dayride_type1_001.mp4#t=588.xml,dayride_type1_001.mp4,588,AI/PlateDetector/datasets/raw/romanian_lp/dataset/train/images/dayride_type1_001.mp4#t=588.jpg,AI/PlateDetector/datasets/raw/romanian_lp/dataset/train/annots/dayride_type1_001.mp4#t=588.xml,3b8d7fded2d301a92ec344e3a1b90efe51c9ad86f91df24ef84d8b7b65458a1b,96fbf34eea5041985407b5728b7419efe24accb80f4ae29cecdf75624a0c2084,1280,720,1280,720,True,1,license-plate,0,REAL,False,license_plate,AI/PlateDetector/datasets/raw/romanian_lp/LICENSE,AI/PlateDetector/datasets/raw/romanian_lp/README.md
romanian_public_lp,valid,dayride_type1_001.mp4#t=589.jpg,dayride_type1_001.mp4#t=589.xml,dayride_type1_001.mp4,589,AI/PlateDetector/datasets/raw/romanian_lp/dataset/valid/images/dayride_type1_001.mp4#t=589.jpg,AI/PlateDetector/datasets/raw/romanian_lp/dataset/valid/annots/dayride_type1_001.mp4#t=589.xml,4ea791b8ea26128d66e62e706cbd60f732712ba4f572ef76c97e319e8814a67e,781edab15e04f689a8410a33323700832c045b03ed08a49f99cde1e7be14c4cb,1280,720,1280,720,True,1,license-plate,0,REAL,False,license_plate,AI/PlateDetector/datasets/raw/romanian_lp/LICENSE,AI/PlateDetector/datasets/raw/romanian_lp/README.md
romanian_public_lp,train,dayride_type1_001.mp4#t=593.jpg,dayride_type1_001.mp4#t=593.xml,dayride_type1_001.mp4,593,AI/PlateDetector/datasets/raw/romanian_lp/dataset/train/images/dayride_type1_001.mp4#t=593.jpg,AI/PlateDetector/datasets/raw/romanian_lp/dataset/train/annots/dayride_type1_001.mp4#t=593.xml,b82663e6aa5220af2e976368a46994fb2e8555f372813583655d998554b2fca2,57623b7fab45b2c8b86b716ce767ba078333301a4aaf22f75d88aac682cc7a32,1280,720,1280,720,True,2,license-plate,0,REAL,False,license_plate,AI/PlateDetector/datasets/raw/romanian_lp/LICENSE,AI/PlateDetector/datasets/raw/romanian_lp/README.md
romanian_public_lp,valid,dayride_type1_001.mp4#t=594.jpg,dayride_type1_001.mp4#t=594.xml,dayride_type1_001.mp4,594,AI/PlateDetector/datasets/raw/romanian_lp/dataset/valid/images/dayride_type1_001.mp4#t=594.jpg,AI/PlateDetector/datasets/raw/romanian_lp/dataset/valid/annots/dayride_type1_001.mp4#t=594.xml,55862d64029c10f4cf3b133a12271ddd0a0495b2468870a58d916a92290310b2,423fd9957ecdbf75c93f0fd6fb861187870d3dae9002b950861634caea367d50,1280,720,1280,720,True,1,license-plate,0,REAL,False,license_plate,AI/PlateDetector/datasets/raw/romanian_lp/LICENSE,AI/PlateDetector/datasets/raw/romanian_lp/README.md
romanian_public_lp,valid,dayride_type1_001.mp4#t=595.jpg,dayride_type1_001.mp4#t=595.xml,dayride_type1_001.mp4,595,AI/PlateDetector/datasets/raw/romanian_lp/dataset/valid/images/dayride_type1_001.mp4#t=595.jpg,AI/PlateDetector/datasets/raw/romanian_lp/dataset/valid/annots/dayride_type1_001.mp4#t=595.xml,b40ee1964f4758715ddfc399c9dabcc29ebebf8b3e8c638b8c6e56e0a38966f4,b5a85d31f48fd7fc3bfb8bb39c68790c7af32bbcb7f28637b221fcd6a89d09f6,1280,720,1280,720,True,1,license-plate,0,REAL,False,license_plate,AI/PlateDetector/datasets/raw/romanian_lp/LICENSE,AI/PlateDetector/datasets/raw/romanian_lp/README.md
romanian_public_lp,valid,dayride_type1_001.mp4#t=596.jpg,dayride_type1_001.mp4#t=596.xml,dayride_type1_001.mp4,596,AI/PlateDetector/datasets/raw/romanian_lp/dataset/valid/images/dayride_type1_001.mp4#t=596.jpg,AI/PlateDetector/datasets/raw/romanian_lp/dataset/valid/annots/dayride_type1_001.mp4#t=596.xml,41a66df4e19f570e03766cd6e05c4e4325d1a593913010f7ff88642b030e160d,d8ca3cb51eb56e22924b20edb44c839b5cac689030bc0d155d5482f1853eac42,1280,720,1280,720,True,1,license-plate,0,REAL,False,license_plate,AI/PlateDetector/datasets/raw/romanian_lp/LICENSE,AI/PlateDetector/datasets/raw/romanian_lp/README.md
romanian_public_lp,train,dayride_type1_001.mp4#t=597.jpg,dayride_type1_001.mp4#t=597.xml,dayride_type1_001.mp4,597,AI/PlateDetector/datasets/raw/romanian_lp/dataset/train/images/dayride_type1_001.mp4#t=597.jpg,AI/PlateDetector/datasets/raw/romanian_lp/dataset/train/annots/dayride_type1_001.mp4#t=597.xml,b1ba2c50d69512e4317f98363ff19a52c5cc64d03979318147d15e79e664163c,7aeeb04b93a68c6bab909c4cd3d62b19da26c9d77ee4a7a1ea6096a28cd7d487,1280,720,1280,720,True,1,license-plate,0,REAL,False,license_plate,AI/PlateDetector/datasets/raw/romanian_lp/LICENSE,AI/PlateDetector/datasets/raw/romanian_lp/README.md
romanian_public_lp,train,dayride_type1_001.mp4#t=598.jpg,dayride_type1_001.mp4#t=598.xml,dayride_type1_001.mp4,598,AI/PlateDetector/datasets/raw/romanian_lp/dataset/train/images/dayride_type1_001.mp4#t=598.jpg,AI/PlateDetector/datasets/raw/romanian_lp/dataset/train/annots/dayride_type1_001.mp4#t=598.xml,19b9512d6bedf4d4cce4e7a1c8e9ce40624455cc2a4765480236b6f34de7b746,a42884244ccda0765d141354c4bb71a18098e905330c595aa96328344aba5d36,1280,720,1280,720,True,1,license-plate,0,REAL,False,license_plate,AI/PlateDetector/datasets/raw/romanian_lp/LICENSE,AI/PlateDetector/datasets/raw/romanian_lp/README.md
romanian_public_lp,train,dayride_type1_001.mp4#t=599.jpg,dayride_type1_001.mp4#t=599.xml,dayride_type1_001.mp4,599,AI/PlateDetector/datasets/raw/romanian_lp/dataset/train/images/dayride_type1_001.mp4#t=599.jpg,AI/PlateDetector/datasets/raw/romanian_lp/dataset/train/annots/dayride_type1_001.mp4#t=599.xml,08098afa0972fb8e8d605eafa053a985208aaa9b5940b6ea09fcdf24330ec2d6,54906212933a113599475dbb194d0ea3f84b89d0cbf233bdb73578e87daae725,1280,720,1280,720,True,1,license-plate,0,REAL,False,license_plate,AI/PlateDetector/datasets/raw/romanian_lp/LICENSE,AI/PlateDetector/datasets/raw/romanian_lp/README.md
romanian_public_lp,train,dayride_type1_001.mp4#t=600.jpg,dayride_type1_001.mp4#t=600.xml,dayride_type1_001.mp4,600,AI/PlateDetector/datasets/raw/romanian_lp/dataset/train/images/dayride_type1_001.mp4#t=600.jpg,AI/PlateDetector/datasets/raw/romanian_lp/dataset/train/annots/dayride_type1_001.mp4#t=600.xml,a4cea92c7e04a2fcd13ed5899bba951e87c5ed05347cc2577a051aff6f2b0ab7,b65c3b082ad9d5f8119f2732fc005d19229043a0afc978212d81b47b3132db3c,1280,720,1280,720,True,1,license-plate,0,REAL,False,license_plate,AI/PlateDetector/datasets/raw/romanian_lp/LICENSE,AI/PlateDetector/datasets/raw/romanian_lp/README.md
romanian_public_lp,train,dayride_type1_001.mp4#t=603.jpg,dayride_type1_001.mp4#t=603.xml,dayride_type1_001.mp4,603,AI/PlateDetector/datasets/raw/romanian_lp/dataset/train/images/dayride_type1_001.mp4#t=603.jpg,AI/PlateDetector/datasets/raw/romanian_lp/dataset/train/annots/dayride_type1_001.mp4#t=603.xml,9e3dc789ea99ee014093a396d11c4c27fb12aee274c4aafea195a333544492e0,aaec58ce64f6479dc2fc4cb78e91b6803f41fa17e1902c2a637213f66bf6577b,1280,720,1280,720,True,1,license-plate,0,REAL,False,license_plate,AI/PlateDetector/datasets/raw/romanian_lp/LICENSE,AI/PlateDetector/datasets/raw/romanian_lp/README.md
romanian_public_lp,valid,dayride_type1_001.mp4#t=604.jpg,dayride_type1_001.mp4#t=604.xml,dayride_type1_001.mp4,604,AI/PlateDetector/datasets/raw/romanian_lp/dataset/valid/images/dayride_type1_001.mp4#t=604.jpg,AI/PlateDetector/datasets/raw/romanian_lp/dataset/valid/annots/dayride_type1_001.mp4#t=604.xml,dd01112d746ebabc9926251a8e9a0524e221466a83d83f8509639eb488009896,a8ee6515c6968dc3f873dce71cc878becd40ff72b76e4443e6ab3e321df62e6e,1280,720,1280,720,True,1,license-plate,0,REAL,False,license_plate,AI/PlateDetector/datasets/raw/romanian_lp/LICENSE,AI/PlateDetector/datasets/raw/romanian_lp/README.md
romanian_public_lp,valid,dayride_type1_001.mp4#t=607.jpg,dayride_type1_001.mp4#t=607.xml,dayride_type1_001.mp4,607,AI/PlateDetector/datasets/raw/romanian_lp/dataset/valid/images/dayride_type1_001.mp4#t=607.jpg,AI/PlateDetector/datasets/raw/romanian_lp/dataset/valid/annots/dayride_type1_001.mp4#t=607.xml,07adbe2e5af45dd75a3222e3b341f448beb05aac1b16578f6ffc6a91adb62742,9fdb30e9d4358b84711f1c73cbc577f1ba08f6a0b437f338bfcb2d2e2f371eab,1280,720,1280,720,True,1,license-plate,0,REAL,False,license_plate,AI/PlateDetector/datasets/raw/romanian_lp/LICENSE,AI/PlateDetector/datasets/raw/romanian_lp/README.md
romanian_public_lp,train,dayride_type1_001.mp4#t=612.jpg,dayride_type1_001.mp4#t=612.xml,dayride_type1_001.mp4,612,AI/PlateDetector/datasets/raw/romanian_lp/dataset/train/images/dayride_type1_001.mp4#t=612.jpg,AI/PlateDetector/datasets/raw/romanian_lp/dataset/train/annots/dayride_type1_001.mp4#t=612.xml,b4f24f6e7a7f6aeb0740d1e3be9f3e04c450e70880f27cef58b10e9980229ca3,e708e5ac9a4ee9a01b1252e223ca6ab10c6e929f3b9e87a1a1f94d11c3facd88,1280,720,1280,720,True,1,license-plate,0,REAL,False,license_plate,AI/PlateDetector/datasets/raw/romanian_lp/LICENSE,AI/PlateDetector/datasets/raw/romanian_lp/README.md
romanian_public_lp,train,dayride_type1_001.mp4#t=613.jpg,dayride_type1_001.mp4#t=613.xml,dayride_type1_001.mp4,613,AI/PlateDetector/datasets/raw/romanian_lp/dataset/train/images/dayride_type1_001.mp4#t=613.jpg,AI/PlateDetector/datasets/raw/romanian_lp/dataset/train/annots/dayride_type1_001.mp4#t=613.xml,18a77d4ebeed6dabfc0dd7faa7cdd537cdaffbf3cf2c98a53f9c6bd083f0c275,312595229c2b9a38f824bd996a55176487eae13bf23fa3cb2063c065e6959410,1280,720,1280,720,True,1,license-plate,0,REAL,False,license_plate,AI/PlateDetector/datasets/raw/romanian_lp/LICENSE,AI/PlateDetector/datasets/raw/romanian_lp/README.md
romanian_public_lp,train,dayride_type1_001.mp4#t=614.jpg,dayride_type1_001.mp4#t=614.xml,dayride_type1_001.mp4,614,AI/PlateDetector/datasets/raw/romanian_lp/dataset/train/images/dayride_type1_001.mp4#t=614.jpg,AI/PlateDetector/datasets/raw/romanian_lp/dataset/train/annots/dayride_type1_001.mp4#t=614.xml,26ced9fcd0078e4c096257152befead82abed734d8178d82cae39c96fa515387,d6f90fce23159556ad80fd3c68fb6aad3c375254db9dd0cd3a541ebbd22c8c69,1280,720,1280,720,True,1,license-plate,0,REAL,False,license_plate,AI/PlateDetector/datasets/raw/romanian_lp/LICENSE,AI/PlateDetector/datasets/raw/romanian_lp/README.md
romanian_public_lp,train,dayride_type1_001.mp4#t=615.jpg,dayride_type1_001.mp4#t=615.xml,dayride_type1_001.mp4,615,AI/PlateDetector/datasets/raw/romanian_lp/dataset/train/images/dayride_type1_001.mp4#t=615.jpg,AI/PlateDetector/datasets/raw/romanian_lp/dataset/train/annots/dayride_type1_001.mp4#t=615.xml,2904924dcea58c6311555860e509cdb5be49ad81155126a0d4ad31d689c24924,8a72c8216056969b9e82998f85db71d3580b2d3e1081fed729b631dca27a35a8,1280,720,1280,720,True,1,license-plate,0,REAL,False,license_plate,AI/PlateDetector/datasets/raw/romanian_lp/LICENSE,AI/PlateDetector/datasets/raw/romanian_lp/README.md
romanian_public_lp,valid,dayride_type1_001.mp4#t=616.jpg,dayride_type1_001.mp4#t=616.xml,dayride_type1_001.mp4,616,AI/PlateDetector/datasets/raw/romanian_lp/dataset/valid/images/dayride_type1_001.mp4#t=616.jpg,AI/PlateDetector/datasets/raw/romanian_lp/dataset/valid/annots/dayride_type1_001.mp4#t=616.xml,3246218d5e71e8bc42f310cddecb481c0f429893d0fa0f578975151edff72732,10626da433ca220202bc81d28310ec2adbbc410f3e97acf5d4165ceafdf592d2,1280,720,1280,720,True,1,license-plate,0,REAL,False,license_plate,AI/PlateDetector/datasets/raw/romanian_lp/LICENSE,AI/PlateDetector/datasets/raw/romanian_lp/README.md
romanian_public_lp,train,dayride_type1_001.mp4#t=617.jpg,dayride_type1_001.mp4#t=617.xml,dayride_type1_001.mp4,617,AI/PlateDetector/datasets/raw/romanian_lp/dataset/train/images/dayride_type1_001.mp4#t=617.jpg,AI/PlateDetector/datasets/raw/romanian_lp/dataset/train/annots/dayride_type1_001.mp4#t=617.xml,491457cfab8181bb3a72ecc30b5d4474e0145fa7d5f525a1cf602559242a732d,2ba7246dbe55a66338102b0b31ec5beade6e5efbe1fc9b8b119ca809f47a1dba,1280,720,1280,720,True,1,license-plate,0,REAL,False,license_plate,AI/PlateDetector/datasets/raw/romanian_lp/LICENSE,AI/PlateDetector/datasets/raw/romanian_lp/README.md
romanian_public_lp,train,dayride_type1_001.mp4#t=618.jpg,dayride_type1_001.mp4#t=618.xml,dayride_type1_001.mp4,618,AI/PlateDetector/datasets/raw/romanian_lp/dataset/train/images/dayride_type1_001.mp4#t=618.jpg,AI/PlateDetector/datasets/raw/romanian_lp/dataset/train/annots/dayride_type1_001.mp4#t=618.xml,23f4e95dde57d9b55d433093115ecf58e93a69b97dc0589161438ba23a6b1202,18da68e8d44206042df180662d9a96202158efe86734de4facb631c821b6977b,1280,720,1280,720,True,1,license-plate,0,REAL,False,license_plate,AI/PlateDetector/datasets/raw/romanian_lp/LICENSE,AI/PlateDetector/datasets/raw/romanian_lp/README.md
romanian_public_lp,train,dayride_type1_001.mp4#t=619.jpg,dayride_type1_001.mp4#t=619.xml,dayride_type1_001.mp4,619,AI/PlateDetector/datasets/raw/romanian_lp/dataset/train/images/dayride_type1_001.mp4#t=619.jpg,AI/PlateDetector/datasets/raw/romanian_lp/dataset/train/annots/dayride_type1_001.mp4#t=619.xml,06329c00953078192e83621bddc022e6b12f17c423563f95c90d1eee3ba41afb,53fe92baa47832932ac93363031e8a535532db5ff1e69f68961cf8682ab50eb2,1280,720,1280,720,True,1,license-plate,0,REAL,False,license_plate,AI/PlateDetector/datasets/raw/romanian_lp/LICENSE,AI/PlateDetector/datasets/raw/romanian_lp/README.md
romanian_public_lp,train,dayride_type1_001.mp4#t=621.jpg,dayride_type1_001.mp4#t=621.xml,dayride_type1_001.mp4,621,AI/PlateDetector/datasets/raw/romanian_lp/dataset/train/images/dayride_type1_001.mp4#t=621.jpg,AI/PlateDetector/datasets/raw/romanian_lp/dataset/train/annots/dayride_type1_001.mp4#t=621.xml,b084fbcf6612dbc37d9c4ca233ba7e82c18f780c8ab8e69b68f9b28891ec72e9,c4b59ff19faabb91c58efa9ddadfde3ab166f34e6c6f305d8976a583f5440881,1280,720,1280,720,True,1,license-plate,0,REAL,False,license_plate,AI/PlateDetector/datasets/raw/romanian_lp/LICENSE,AI/PlateDetector/datasets/raw/romanian_lp/README.md
romanian_public_lp,train,dayride_type1_001.mp4#t=624.jpg,dayride_type1_001.mp4#t=624.xml,dayride_type1_001.mp4,624,AI/PlateDetector/datasets/raw/romanian_lp/dataset/train/images/dayride_type1_001.mp4#t=624.jpg,AI/PlateDetector/datasets/raw/romanian_lp/dataset/train/annots/dayride_type1_001.mp4#t=624.xml,8249df7e9ad1432bd8007d1576e27c2b27237768ba6432f5f790610f4b772189,a0f6d107743b2770c4ddeab4b7bb6a4d3ff5d9ad98a87ad3bc3256ebcdaa293f,1280,720,1280,720,True,1,license-plate,0,REAL,False,license_plate,AI/PlateDetector/datasets/raw/romanian_lp/LICENSE,AI/PlateDetector/datasets/raw/romanian_lp/README.md
romanian_public_lp,train,dayride_type1_001.mp4#t=635.jpg,dayride_type1_001.mp4#t=635.xml,dayride_type1_001.mp4,635,AI/PlateDetector/datasets/raw/romanian_lp/dataset/train/images/dayride_type1_001.mp4#t=635.jpg,AI/PlateDetector/datasets/raw/romanian_lp/dataset/train/annots/dayride_type1_001.mp4#t=635.xml,28c8c6ee3c25d7b7fe03e62aa5d7cbe9f6b7472cd2490e6324d48bb66205514b,fa936bc4b020e4bf1ccdd845d4c60cdda9f7efddbd2af798125ce69a486ee217,1280,720,1280,720,True,1,license-plate,0,REAL,False,license_plate,AI/PlateDetector/datasets/raw/romanian_lp/LICENSE,AI/PlateDetector/datasets/raw/romanian_lp/README.md
romanian_public_lp,train,dayride_type1_001.mp4#t=671.jpg,dayride_type1_001.mp4#t=671.xml,dayride_type1_001.mp4,671,AI/PlateDetector/datasets/raw/romanian_lp/dataset/train/images/dayride_type1_001.mp4#t=671.jpg,AI/PlateDetector/datasets/raw/romanian_lp/dataset/train/annots/dayride_type1_001.mp4#t=671.xml,a396bcbbde32e2b7f30bb228170cfd321fa957330a632cd113ea63a4508d3e1d,2591c0e610bcecf62ceade2a5efff04a4ddda1fb8b40567a4882495f21ec30fe,1280,720,1280,720,True,1,license-plate,0,REAL,False,license_plate,AI/PlateDetector/datasets/raw/romanian_lp/LICENSE,AI/PlateDetector/datasets/raw/romanian_lp/README.md
romanian_public_lp,train,dayride_type1_001.mp4#t=674.jpg,dayride_type1_001.mp4#t=674.xml,dayride_type1_001.mp4,674,AI/PlateDetector/datasets/raw/romanian_lp/dataset/train/images/dayride_type1_001.mp4#t=674.jpg,AI/PlateDetector/datasets/raw/romanian_lp/dataset/train/annots/dayride_type1_001.mp4#t=674.xml,89b476e180c7c24787b78fcbc72cbca8b82605d2a1ab1fc41934668146b772b4,a6cfc1f45fde147ed118e67aa5c676aa8775f7a48250abd1ceffafca36a570bb,1280,720,1280,720,True,1,license-plate,0,REAL,False,license_plate,AI/PlateDetector/datasets/raw/romanian_lp/LICENSE,AI/PlateDetector/datasets/raw/romanian_lp/README.md
romanian_public_lp,train,dayride_type1_001.mp4#t=675.jpg,dayride_type1_001.mp4#t=675.xml,dayride_type1_001.mp4,675,AI/PlateDetector/datasets/raw/romanian_lp/dataset/train/images/dayride_type1_001.mp4#t=675.jpg,AI/PlateDetector/datasets/raw/romanian_lp/dataset/train/annots/dayride_type1_001.mp4#t=675.xml,69079900a9f5f2da0daabbb2731a16d05f1670201d996d9e73ddb672093f3648,84c07ac32f9a503d9a298273e1daa686e12e6af6b29a962973111b331f3bf6d9,1280,720,1280,720,True,1,license-plate,0,REAL,False,license_plate,AI/PlateDetector/datasets/raw/romanian_lp/LICENSE,AI/PlateDetector/datasets/raw/romanian_lp/README.md
romanian_public_lp,valid,dayride_type1_001.mp4#t=676.jpg,dayride_type1_001.mp4#t=676.xml,dayride_type1_001.mp4,676,AI/PlateDetector/datasets/raw/romanian_lp/dataset/valid/images/dayride_type1_001.mp4#t=676.jpg,AI/PlateDetector/datasets/raw/romanian_lp/dataset/valid/annots/dayride_type1_001.mp4#t=676.xml,a80b9abfecc9d2d3c95fa5ccb52767f100abf6b22a327202b5fc299a3fd815a7,9cc824a0ca0853e158facca27cf3c5128464e57e3d854d74cde94ac3eb3c513d,1280,720,1280,720,True,1,license-plate,0,REAL,False,license_plate,AI/PlateDetector/datasets/raw/romanian_lp/LICENSE,AI/PlateDetector/datasets/raw/romanian_lp/README.md
romanian_public_lp,valid,dayride_type1_001.mp4#t=684.jpg,dayride_type1_001.mp4#t=684.xml,dayride_type1_001.mp4,684,AI/PlateDetector/datasets/raw/romanian_lp/dataset/valid/images/dayride_type1_001.mp4#t=684.jpg,AI/PlateDetector/datasets/raw/romanian_lp/dataset/valid/annots/dayride_type1_001.mp4#t=684.xml,857ee7cc4f11ed1507cfab5bfcdba46246b0d19d4f4e4c157a8054c503efbed9,23ea4baba7cc00e24039b643683b9e19ac94aa34806a7e78b97f046a650f73b8,1280,720,1280,720,True,1,license-plate,0,REAL,False,license_plate,AI/PlateDetector/datasets/raw/romanian_lp/LICENSE,AI/PlateDetector/datasets/raw/romanian_lp/README.md
romanian_public_lp,train,dayride_type1_001.mp4#t=685.jpg,dayride_type1_001.mp4#t=685.xml,dayride_type1_001.mp4,685,AI/PlateDetector/datasets/raw/romanian_lp/dataset/train/images/dayride_type1_001.mp4#t=685.jpg,AI/PlateDetector/datasets/raw/romanian_lp/dataset/train/annots/dayride_type1_001.mp4#t=685.xml,38600cee04aaebd9352592d99be3467444d7938e57385f9cbd0ed228102ea30b,bdc860abda5eb9d4bb9f645bfd475ede1ed1646cb64d95919dfd144aaacf6f1f,1280,720,1280,720,True,1,license-plate,0,REAL,False,license_plate,AI/PlateDetector/datasets/raw/romanian_lp/LICENSE,AI/PlateDetector/datasets/raw/romanian_lp/README.md
romanian_public_lp,train,dayride_type1_001.mp4#t=693.jpg,dayride_type1_001.mp4#t=693.xml,dayride_type1_001.mp4,693,AI/PlateDetector/datasets/raw/romanian_lp/dataset/train/images/dayride_type1_001.mp4#t=693.jpg,AI/PlateDetector/datasets/raw/romanian_lp/dataset/train/annots/dayride_type1_001.mp4#t=693.xml,cec0f6edd09ece35cf74a3e27ad46df5de013bcf046b2415ec5620f7fba36d15,127d2345b6af967c87b943477fc989fd4c393b841be0bc7ea598e5f7679c1d2c,1280,720,1280,720,True,1,license-plate,0,REAL,False,license_plate,AI/PlateDetector/datasets/raw/romanian_lp/LICENSE,AI/PlateDetector/datasets/raw/romanian_lp/README.md
romanian_public_lp,valid,dayride_type1_001.mp4#t=695.jpg,dayride_type1_001.mp4#t=695.xml,dayride_type1_001.mp4,695,AI/PlateDetector/datasets/raw/romanian_lp/dataset/valid/images/dayride_type1_001.mp4#t=695.jpg,AI/PlateDetector/datasets/raw/romanian_lp/dataset/valid/annots/dayride_type1_001.mp4#t=695.xml,0997d2e4673a46b85903d43cfe1fbcec12420124e24d6255245a3586afdbce89,f7cb25eef675e949b75b78764bce4f4abdc71666ca8c4d6724d40156279cf1ec,1280,720,1280,720,True,1,license-plate,0,REAL,False,license_plate,AI/PlateDetector/datasets/raw/romanian_lp/LICENSE,AI/PlateDetector/datasets/raw/romanian_lp/README.md
romanian_public_lp,train,dayride_type1_001.mp4#t=696.jpg,dayride_type1_001.mp4#t=696.xml,dayride_type1_001.mp4,696,AI/PlateDetector/datasets/raw/romanian_lp/dataset/train/images/dayride_type1_001.mp4#t=696.jpg,AI/PlateDetector/datasets/raw/romanian_lp/dataset/train/annots/dayride_type1_001.mp4#t=696.xml,b5a78233a40d0cb433017c97900723428891fc2fb59257fc36ed2353a92507c0,883c8ed01583c5bda9908d2384d9a98eda1b488eb33d7a60785d9061be4a658a,1280,720,1280,720,True,1,license-plate,0,REAL,False,license_plate,AI/PlateDetector/datasets/raw/romanian_lp/LICENSE,AI/PlateDetector/datasets/raw/romanian_lp/README.md
romanian_public_lp,train,dayride_type1_001.mp4#t=697.jpg,dayride_type1_001.mp4#t=697.xml,dayride_type1_001.mp4,697,AI/PlateDetector/datasets/raw/romanian_lp/dataset/train/images/dayride_type1_001.mp4#t=697.jpg,AI/PlateDetector/datasets/raw/romanian_lp/dataset/train/annots/dayride_type1_001.mp4#t=697.xml,03e8f13c1f64e0eafb450f0821886eedff3e5dc5132c84c54dffc0c9f4ba6e13,b13ae8ce703a75c71c3fa62d24ca5418e1ad8b0e38b6cd43879703762e83f5fd,1280,720,1280,720,True,1,license-plate,0,REAL,False,license_plate,AI/PlateDetector/datasets/raw/romanian_lp/LICENSE,AI/PlateDetector/datasets/raw/romanian_lp/README.md
romanian_public_lp,train,dayride_type1_001.mp4#t=698.jpg,dayride_type1_001.mp4#t=698.xml,dayride_type1_001.mp4,698,AI/PlateDetector/datasets/raw/romanian_lp/dataset/train/images/dayride_type1_001.mp4#t=698.jpg,AI/PlateDetector/datasets/raw/romanian_lp/dataset/train/annots/dayride_type1_001.mp4#t=698.xml,d5f21c9ea2d6c16b6b4bf476b7fcedd9edea6c90142f4ff535d0551094c2054b,58ac929107971d0f78f63ab3384d164fdf7eac7fbfcd3e4fd6eb33e57331aeb0,1280,720,1280,720,True,1,license-plate,0,REAL,False,license_plate,AI/PlateDetector/datasets/raw/romanian_lp/LICENSE,AI/PlateDetector/datasets/raw/romanian_lp/README.md
romanian_public_lp,train,dayride_type1_001.mp4#t=734.jpg,dayride_type1_001.mp4#t=734.xml,dayride_type1_001.mp4,734,AI/PlateDetector/datasets/raw/romanian_lp/dataset/train/images/dayride_type1_001.mp4#t=734.jpg,AI/PlateDetector/datasets/raw/romanian_lp/dataset/train/annots/dayride_type1_001.mp4#t=734.xml,ed95864c9b865227d2c50be6696fe6e37e4407c42baefeebfa3125b9e243e43f,939b0d9ca27f70350c7c9cb9f5d84a52f2ca281a3d53900aac5853b7918c99c2,1280,720,1280,720,True,1,license-plate,0,REAL,False,license_plate,AI/PlateDetector/datasets/raw/romanian_lp/LICENSE,AI/PlateDetector/datasets/raw/romanian_lp/README.md
romanian_public_lp,train,dayride_type1_001.mp4#t=735.jpg,dayride_type1_001.mp4#t=735.xml,dayride_type1_001.mp4,735,AI/PlateDetector/datasets/raw/romanian_lp/dataset/train/images/dayride_type1_001.mp4#t=735.jpg,AI/PlateDetector/datasets/raw/romanian_lp/dataset/train/annots/dayride_type1_001.mp4#t=735.xml,5d4dd00208a06d26f31f22e4709aa442c7467141cab8e48e7c92f2bfec88ac24,7bff3217e9e7c65eed1f22ea77c32901884a15e784f3522e55b19c29fc34a6a1,1280,720,1280,720,True,1,license-plate,0,REAL,False,license_plate,AI/PlateDetector/datasets/raw/romanian_lp/LICENSE,AI/PlateDetector/datasets/raw/romanian_lp/README.md
romanian_public_lp,train,dayride_type1_001.mp4#t=748.jpg,dayride_type1_001.mp4#t=748.xml,dayride_type1_001.mp4,748,AI/PlateDetector/datasets/raw/romanian_lp/dataset/train/images/dayride_type1_001.mp4#t=748.jpg,AI/PlateDetector/datasets/raw/romanian_lp/dataset/train/annots/dayride_type1_001.mp4#t=748.xml,6d962828e8c71ddc9ba4c0af19ab6720aa41b5f12863a07abc391b95f8b5af08,976877b405f7e3a4d5dcd98257aa8bc65dd2e814aca9b1b049c609349699089a,1280,720,1280,720,True,1,license-plate,0,REAL,False,license_plate,AI/PlateDetector/datasets/raw/romanian_lp/LICENSE,AI/PlateDetector/datasets/raw/romanian_lp/README.md
romanian_public_lp,train,dayride_type1_001.mp4#t=749.jpg,dayride_type1_001.mp4#t=749.xml,dayride_type1_001.mp4,749,AI/PlateDetector/datasets/raw/romanian_lp/dataset/train/images/dayride_type1_001.mp4#t=749.jpg,AI/PlateDetector/datasets/raw/romanian_lp/dataset/train/annots/dayride_type1_001.mp4#t=749.xml,31e7bdc9644d3984478ac654f91c251e4ebc78852d320f127decb334b341291f,897b194d6bdccb067359588b9f0341a356ee97b1b74481582fb34aa2dfc69a7b,1280,720,1280,720,True,1,license-plate,0,REAL,False,license_plate,AI/PlateDetector/datasets/raw/romanian_lp/LICENSE,AI/PlateDetector/datasets/raw/romanian_lp/README.md
romanian_public_lp,train,dayride_type1_001.mp4#t=750.jpg,dayride_type1_001.mp4#t=750.xml,dayride_type1_001.mp4,750,AI/PlateDetector/datasets/raw/romanian_lp/dataset/train/images/dayride_type1_001.mp4#t=750.jpg,AI/PlateDetector/datasets/raw/romanian_lp/dataset/train/annots/dayride_type1_001.mp4#t=750.xml,ea74b7987082d95a7223f6d7f75336bb8ec7294817edfad0c766ae84154304fe,b5e79fb505197a8d98a4095916afeb89e547d1da91ab13208f7799aeb3945c53,1280,720,1280,720,True,1,license-plate,0,REAL,False,license_plate,AI/PlateDetector/datasets/raw/romanian_lp/LICENSE,AI/PlateDetector/datasets/raw/romanian_lp/README.md
romanian_public_lp,valid,dayride_type1_001.mp4#t=751.jpg,dayride_type1_001.mp4#t=751.xml,dayride_type1_001.mp4,751,AI/PlateDetector/datasets/raw/romanian_lp/dataset/valid/images/dayride_type1_001.mp4#t=751.jpg,AI/PlateDetector/datasets/raw/romanian_lp/dataset/valid/annots/dayride_type1_001.mp4#t=751.xml,6961259dc8e255c0d24f161faee5f5d9ca7b170c014e2c18a1ea6ff22c9ef963,8f9bc9319fbe470b85c7d62c8dd0b951dc631f353f81500134d2cdc6be965405,1280,720,1280,720,True,1,license-plate,0,REAL,False,license_plate,AI/PlateDetector/datasets/raw/romanian_lp/LICENSE,AI/PlateDetector/datasets/raw/romanian_lp/README.md
romanian_public_lp,train,dayride_type1_001.mp4#t=752.jpg,dayride_type1_001.mp4#t=752.xml,dayride_type1_001.mp4,752,AI/PlateDetector/datasets/raw/romanian_lp/dataset/train/images/dayride_type1_001.mp4#t=752.jpg,AI/PlateDetector/datasets/raw/romanian_lp/dataset/train/annots/dayride_type1_001.mp4#t=752.xml,8b3a751e084fcafb6177d2c1a7f26ff05b2991a67a73678b773bc3ab2c5e7e14,c3ff2492ca116b2e9359d1ce95e3ce48c511246ce9cf0ffb6fd75b6e69e7adf9,1280,720,1280,720,True,1,license-plate,0,REAL,False,license_plate,AI/PlateDetector/datasets/raw/romanian_lp/LICENSE,AI/PlateDetector/datasets/raw/romanian_lp/README.md
romanian_public_lp,train,dayride_type1_001.mp4#t=753.jpg,dayride_type1_001.mp4#t=753.xml,dayride_type1_001.mp4,753,AI/PlateDetector/datasets/raw/romanian_lp/dataset/train/images/dayride_type1_001.mp4#t=753.jpg,AI/PlateDetector/datasets/raw/romanian_lp/dataset/train/annots/dayride_type1_001.mp4#t=753.xml,31eee9945e133b240ad4a7870aaa668386f059e8ea1446891a207b295086e9fd,74608c7d38f12443f1cc45eddfceba70e87581ce02457fe682446f7425a04e01,1280,720,1280,720,True,1,license-plate,0,REAL,False,license_plate,AI/PlateDetector/datasets/raw/romanian_lp/LICENSE,AI/PlateDetector/datasets/raw/romanian_lp/README.md
romanian_public_lp,train,dayride_type1_001.mp4#t=754.jpg,dayride_type1_001.mp4#t=754.xml,dayride_type1_001.mp4,754,AI/PlateDetector/datasets/raw/romanian_lp/dataset/train/images/dayride_type1_001.mp4#t=754.jpg,AI/PlateDetector/datasets/raw/romanian_lp/dataset/train/annots/dayride_type1_001.mp4#t=754.xml,e3be6cc91ad8a3cdfe81c19ef79ccd30ad77946830d918eecd88c7cc233a0486,d8ded4f9e4add1db84586ff822ff008a9a9137748b18ad0da91be161e1c6aceb,1280,720,1280,720,True,1,license-plate,0,REAL,False,license_plate,AI/PlateDetector/datasets/raw/romanian_lp/LICENSE,AI/PlateDetector/datasets/raw/romanian_lp/README.md
romanian_public_lp,train,dayride_type1_001.mp4#t=755.jpg,dayride_type1_001.mp4#t=755.xml,dayride_type1_001.mp4,755,AI/PlateDetector/datasets/raw/romanian_lp/dataset/train/images/dayride_type1_001.mp4#t=755.jpg,AI/PlateDetector/datasets/raw/romanian_lp/dataset/train/annots/dayride_type1_001.mp4#t=755.xml,eba16c8435279c47be1d0d42e8f9ccd23447fa9a418c5dfbc8f783bcd9ebb28d,97e3cd4ec39e1ec3ccea061331c265bcdc7f3406dceaf9134e7c238a34cfe579,1280,720,1280,720,True,1,license-plate,0,REAL,False,license_plate,AI/PlateDetector/datasets/raw/romanian_lp/LICENSE,AI/PlateDetector/datasets/raw/romanian_lp/README.md
romanian_public_lp,train,dayride_type1_001.mp4#t=758.jpg,dayride_type1_001.mp4#t=758.xml,dayride_type1_001.mp4,758,AI/PlateDetector/datasets/raw/romanian_lp/dataset/train/images/dayride_type1_001.mp4#t=758.jpg,AI/PlateDetector/datasets/raw/romanian_lp/dataset/train/annots/dayride_type1_001.mp4#t=758.xml,aa029805fdd6828836f114bf1ca7aaf3e48bad5f90bba409597fd965decc788e,a54b5230bfffa61a45cb2b324fac8bda2cbe5262b9746d6f89d21d7623ea0a07,1280,720,1280,720,True,1,license-plate,0,REAL,False,license_plate,AI/PlateDetector/datasets/raw/romanian_lp/LICENSE,AI/PlateDetector/datasets/raw/romanian_lp/README.md
romanian_public_lp,train,dayride_type1_001.mp4#t=769.jpg,dayride_type1_001.mp4#t=769.xml,dayride_type1_001.mp4,769,AI/PlateDetector/datasets/raw/romanian_lp/dataset/train/images/dayride_type1_001.mp4#t=769.jpg,AI/PlateDetector/datasets/raw/romanian_lp/dataset/train/annots/dayride_type1_001.mp4#t=769.xml,0ebd1c4a18523987cf0d11cab5c1206d42720c6582b0234e152dc6def8e2b829,6ea3ad6cda449a6172d9437b9a905c04b6c6de938719f7209d5e4fb858030c73,1280,720,1280,720,True,1,license-plate,0,REAL,False,license_plate,AI/PlateDetector/datasets/raw/romanian_lp/LICENSE,AI/PlateDetector/datasets/raw/romanian_lp/README.md
romanian_public_lp,train,dayride_type1_001.mp4#t=770.jpg,dayride_type1_001.mp4#t=770.xml,dayride_type1_001.mp4,770,AI/PlateDetector/datasets/raw/romanian_lp/dataset/train/images/dayride_type1_001.mp4#t=770.jpg,AI/PlateDetector/datasets/raw/romanian_lp/dataset/train/annots/dayride_type1_001.mp4#t=770.xml,2243a9c58e7965dacba72993643af6346dba12eb64392eea5a9707712c927efc,98d01b48fd8000c417e1cf91a8c13c0901ff36e381b0e2c74558439b2794c639,1280,720,1280,720,True,1,license-plate,0,REAL,False,license_plate,AI/PlateDetector/datasets/raw/romanian_lp/LICENSE,AI/PlateDetector/datasets/raw/romanian_lp/README.md
romanian_public_lp,valid,dayride_type1_001.mp4#t=771.jpg,dayride_type1_001.mp4#t=771.xml,dayride_type1_001.mp4,771,AI/PlateDetector/datasets/raw/romanian_lp/dataset/valid/images/dayride_type1_001.mp4#t=771.jpg,AI/PlateDetector/datasets/raw/romanian_lp/dataset/valid/annots/dayride_type1_001.mp4#t=771.xml,19a795224b48d7311bb85aa8b4bf8c04c29226f1c027165b2439d1d29647bca0,5d946483fdb001194d5f96d56ee89424c31aa55a143ee0ece9a332df67b056e3,1280,720,1280,720,True,1,license-plate,0,REAL,False,license_plate,AI/PlateDetector/datasets/raw/romanian_lp/LICENSE,AI/PlateDetector/datasets/raw/romanian_lp/README.md
romanian_public_lp,valid,dayride_type1_001.mp4#t=772.jpg,dayride_type1_001.mp4#t=772.xml,dayride_type1_001.mp4,772,AI/PlateDetector/datasets/raw/romanian_lp/dataset/valid/images/dayride_type1_001.mp4#t=772.jpg,AI/PlateDetector/datasets/raw/romanian_lp/dataset/valid/annots/dayride_type1_001.mp4#t=772.xml,925b80a3e2e6933e8ae39e0ce49121e573b59bf7e5601cec488c07a727c3bbca,5cfb6ce2718067594ce23a146115134079103c161e8ab13c3ccf8092177e8ad2,1280,720,1280,720,True,1,license-plate,0,REAL,False,license_plate,AI/PlateDetector/datasets/raw/romanian_lp/LICENSE,AI/PlateDetector/datasets/raw/romanian_lp/README.md
romanian_public_lp,valid,dayride_type1_001.mp4#t=773.jpg,dayride_type1_001.mp4#t=773.xml,dayride_type1_001.mp4,773,AI/PlateDetector/datasets/raw/romanian_lp/dataset/valid/images/dayride_type1_001.mp4#t=773.jpg,AI/PlateDetector/datasets/raw/romanian_lp/dataset/valid/annots/dayride_type1_001.mp4#t=773.xml,087f15740afaa2ea7901da382d7b3c603aec36db431dc590be01c1bb92f50a7a,c60d9d48915bcfcf8e9300a635fac9572310682dcc364ca7bc2f0580ec82e67b,1280,720,1280,720,True,1,license-plate,0,REAL,False,license_plate,AI/PlateDetector/datasets/raw/romanian_lp/LICENSE,AI/PlateDetector/datasets/raw/romanian_lp/README.md
romanian_public_lp,train,dayride_type1_001.mp4#t=775.jpg,dayride_type1_001.mp4#t=775.xml,dayride_type1_001.mp4,775,AI/PlateDetector/datasets/raw/romanian_lp/dataset/train/images/dayride_type1_001.mp4#t=775.jpg,AI/PlateDetector/datasets/raw/romanian_lp/dataset/train/annots/dayride_type1_001.mp4#t=775.xml,65e85244d4ab020ddf2b03bbb9d229f26dda543a5d13f18834b81503ffd2246f,854e9e635a6c534a4d6e460a3be0d651bf6dbf7de535cb318e3645715020d8f8,1280,720,1280,720,True,1,license-plate,0,REAL,False,license_plate,AI/PlateDetector/datasets/raw/romanian_lp/LICENSE,AI/PlateDetector/datasets/raw/romanian_lp/README.md
romanian_public_lp,train,dayride_type1_001.mp4#t=776.jpg,dayride_type1_001.mp4#t=776.xml,dayride_type1_001.mp4,776,AI/PlateDetector/datasets/raw/romanian_lp/dataset/train/images/dayride_type1_001.mp4#t=776.jpg,AI/PlateDetector/datasets/raw/romanian_lp/dataset/train/annots/dayride_type1_001.mp4#t=776.xml,928e993548d763a70b348c8135a611f328080f5e218c8b87bfb084d64a9b86cb,37338ab564c3d2a775754cd71f40ae2620b7ea931a0c23387cd0193a4fe07e8c,1280,720,1280,720,True,1,license-plate,0,REAL,False,license_plate,AI/PlateDetector/datasets/raw/romanian_lp/LICENSE,AI/PlateDetector/datasets/raw/romanian_lp/README.md
romanian_public_lp,valid,dayride_type1_001.mp4#t=777.jpg,dayride_type1_001.mp4#t=777.xml,dayride_type1_001.mp4,777,AI/PlateDetector/datasets/raw/romanian_lp/dataset/valid/images/dayride_type1_001.mp4#t=777.jpg,AI/PlateDetector/datasets/raw/romanian_lp/dataset/valid/annots/dayride_type1_001.mp4#t=777.xml,9a15bca220f3f43d9056db0c81e854ac61ffbcffdee1f0847d9f418c33b3fe04,9e509ef0694947f0dba1a5580a059d7298e71b0644998a7b1c5f7510146fb466,1280,720,1280,720,True,1,license-plate,0,REAL,False,license_plate,AI/PlateDetector/datasets/raw/romanian_lp/LICENSE,AI/PlateDetector/datasets/raw/romanian_lp/README.md
romanian_public_lp,train,dayride_type1_001.mp4#t=778.jpg,dayride_type1_001.mp4#t=778.xml,dayride_type1_001.mp4,778,AI/PlateDetector/datasets/raw/romanian_lp/dataset/train/images/dayride_type1_001.mp4#t=778.jpg,AI/PlateDetector/datasets/raw/romanian_lp/dataset/train/annots/dayride_type1_001.mp4#t=778.xml,c1ad81a11babc9dcefbd52d254fa843a6e85798fb96090f663d650ec4a7a7491,42e97dd3f2c5b883c5dad2c07b46fabc0c1289e93fae18f33e7e6dba32e1866b,1280,720,1280,720,True,1,license-plate,0,REAL,False,license_plate,AI/PlateDetector/datasets/raw/romanian_lp/LICENSE,AI/PlateDetector/datasets/raw/romanian_lp/README.md
romanian_public_lp,valid,dayride_type1_001.mp4#t=779.jpg,dayride_type1_001.mp4#t=779.xml,dayride_type1_001.mp4,779,AI/PlateDetector/datasets/raw/romanian_lp/dataset/valid/images/dayride_type1_001.mp4#t=779.jpg,AI/PlateDetector/datasets/raw/romanian_lp/dataset/valid/annots/dayride_type1_001.mp4#t=779.xml,a8795c867cd9eee04e972515d6badc0ad2a024ca55a5f20059a0fdb70bd3c8e6,43193baeaa94e8b5fdb3f049185ac6260c5f9a36ff303c685ea699876742dce6,1280,720,1280,720,True,1,license-plate,0,REAL,False,license_plate,AI/PlateDetector/datasets/raw/romanian_lp/LICENSE,AI/PlateDetector/datasets/raw/romanian_lp/README.md
romanian_public_lp,train,dayride_type1_001.mp4#t=780.jpg,dayride_type1_001.mp4#t=780.xml,dayride_type1_001.mp4,780,AI/PlateDetector/datasets/raw/romanian_lp/dataset/train/images/dayride_type1_001.mp4#t=780.jpg,AI/PlateDetector/datasets/raw/romanian_lp/dataset/train/annots/dayride_type1_001.mp4#t=780.xml,e2b380c3334665c4f917cf1b6b159c09f0c8fa2550a6de10b4892694cb72ad80,e7365daf2cefa845dc4cf36b3da8c7bca0f762b6f11512377c03280904187eba,1280,720,1280,720,True,1,license-plate,0,REAL,False,license_plate,AI/PlateDetector/datasets/raw/romanian_lp/LICENSE,AI/PlateDetector/datasets/raw/romanian_lp/README.md
romanian_public_lp,train,dayride_type1_001.mp4#t=781.jpg,dayride_type1_001.mp4#t=781.xml,dayride_type1_001.mp4,781,AI/PlateDetector/datasets/raw/romanian_lp/dataset/train/images/dayride_type1_001.mp4#t=781.jpg,AI/PlateDetector/datasets/raw/romanian_lp/dataset/train/annots/dayride_type1_001.mp4#t=781.xml,33830d24c2e29b9157ec26d42d838f758ac51ae1f6abb04335bb0c753a9a0b4b,fbfc635bf19103aebea35dfe7e63c209e482db7313526eb3b10b64c8c1bc4259,1280,720,1280,720,True,2,license-plate,0,REAL,False,license_plate,AI/PlateDetector/datasets/raw/romanian_lp/LICENSE,AI/PlateDetector/datasets/raw/romanian_lp/README.md
romanian_public_lp,train,dayride_type1_001.mp4#t=782.jpg,dayride_type1_001.mp4#t=782.xml,dayride_type1_001.mp4,782,AI/PlateDetector/datasets/raw/romanian_lp/dataset/train/images/dayride_type1_001.mp4#t=782.jpg,AI/PlateDetector/datasets/raw/romanian_lp/dataset/train/annots/dayride_type1_001.mp4#t=782.xml,db4ff847d82e4d5851fe9fc152cc14e5fd930f14f53bac5d9022049ad2588f31,5d5979ffa0143e159505c6b3d79301a3affd8885deede27b5860971ae42b48a2,1280,720,1280,720,True,1,license-plate,0,REAL,False,license_plate,AI/PlateDetector/datasets/raw/romanian_lp/LICENSE,AI/PlateDetector/datasets/raw/romanian_lp/README.md
romanian_public_lp,train,dayride_type1_001.mp4#t=783.jpg,dayride_type1_001.mp4#t=783.xml,dayride_type1_001.mp4,783,AI/PlateDetector/datasets/raw/romanian_lp/dataset/train/images/dayride_type1_001.mp4#t=783.jpg,AI/PlateDetector/datasets/raw/romanian_lp/dataset/train/annots/dayride_type1_001.mp4#t=783.xml,cc1efc95d12643163b124f70c6ef01666cba765b674be88b0fd0031d536e5478,5956a8ad81f375d0a694747bf3d0d02bb5b1978200d6ed177124969e5fa84423,1280,720,1280,720,True,1,license-plate,0,REAL,False,license_plate,AI/PlateDetector/datasets/raw/romanian_lp/LICENSE,AI/PlateDetector/datasets/raw/romanian_lp/README.md
romanian_public_lp,valid,dayride_type1_001.mp4#t=784.jpg,dayride_type1_001.mp4#t=784.xml,dayride_type1_001.mp4,784,AI/PlateDetector/datasets/raw/romanian_lp/dataset/valid/images/dayride_type1_001.mp4#t=784.jpg,AI/PlateDetector/datasets/raw/romanian_lp/dataset/valid/annots/dayride_type1_001.mp4#t=784.xml,b81dd881259c07dea9b442fd9a4e2d44bac73226a7ea8ae9c0fa131c94ca7b92,3f1a613bc52d8e06e8d499560fa1ab9396ae4d8dc82d8f7c8ca0b104b97f0610,1280,720,1280,720,True,1,license-plate,0,REAL,False,license_plate,AI/PlateDetector/datasets/raw/romanian_lp/LICENSE,AI/PlateDetector/datasets/raw/romanian_lp/README.md
romanian_public_lp,train,dayride_type1_001.mp4#t=785.jpg,dayride_type1_001.mp4#t=785.xml,dayride_type1_001.mp4,785,AI/PlateDetector/datasets/raw/romanian_lp/dataset/train/images/dayride_type1_001.mp4#t=785.jpg,AI/PlateDetector/datasets/raw/romanian_lp/dataset/train/annots/dayride_type1_001.mp4#t=785.xml,7ca69509ddf72d92a03ca2b2e42b5cd3b334de67aa30285bc7d14a9073ac0109,781d1d3ebce06cc76ed9c2bdf559100645b15bb57f7afe5f9777229946bdc236,1280,720,1280,720,True,1,license-plate,0,REAL,False,license_plate,AI/PlateDetector/datasets/raw/romanian_lp/LICENSE,AI/PlateDetector/datasets/raw/romanian_lp/README.md
romanian_public_lp,train,dayride_type1_001.mp4#t=786.jpg,dayride_type1_001.mp4#t=786.xml,dayride_type1_001.mp4,786,AI/PlateDetector/datasets/raw/romanian_lp/dataset/train/images/dayride_type1_001.mp4#t=786.jpg,AI/PlateDetector/datasets/raw/romanian_lp/dataset/train/annots/dayride_type1_001.mp4#t=786.xml,2cad76c13592a51cfeab7b3d2639a8bd6e88abf8cb317b8caa0872fa6d328b60,2455bf0bd4a54a627c72f0f9b241dfe8d542a90f8f5cf7590d0d45826e29ad76,1280,720,1280,720,True,1,license-plate,0,REAL,False,license_plate,AI/PlateDetector/datasets/raw/romanian_lp/LICENSE,AI/PlateDetector/datasets/raw/romanian_lp/README.md
romanian_public_lp,train,dayride_type1_001.mp4#t=787.jpg,dayride_type1_001.mp4#t=787.xml,dayride_type1_001.mp4,787,AI/PlateDetector/datasets/raw/romanian_lp/dataset/train/images/dayride_type1_001.mp4#t=787.jpg,AI/PlateDetector/datasets/raw/romanian_lp/dataset/train/annots/dayride_type1_001.mp4#t=787.xml,cd126ce11cfd73f140d4d221001bf1a48b276bc4c40b1060503891f5db290198,656161e59f18859ffff0bb44625cd0d74e397f93042ee6ebd7420c4189fc7c4c,1280,720,1280,720,True,1,license-plate,0,REAL,False,license_plate,AI/PlateDetector/datasets/raw/romanian_lp/LICENSE,AI/PlateDetector/datasets/raw/romanian_lp/README.md
romanian_public_lp,valid,dayride_type1_001.mp4#t=788.jpg,dayride_type1_001.mp4#t=788.xml,dayride_type1_001.mp4,788,AI/PlateDetector/datasets/raw/romanian_lp/dataset/valid/images/dayride_type1_001.mp4#t=788.jpg,AI/PlateDetector/datasets/raw/romanian_lp/dataset/valid/annots/dayride_type1_001.mp4#t=788.xml,7dac6b869a2d19db785cc47449326b792ae4edf93f0bc2e2954e16554626352a,481b62132fe00b90a2576b954f60539e394e54fbdbc09c5e5c9ddd810ba740ae,1280,720,1280,720,True,1,license-plate,0,REAL,False,license_plate,AI/PlateDetector/datasets/raw/romanian_lp/LICENSE,AI/PlateDetector/datasets/raw/romanian_lp/README.md
romanian_public_lp,train,dayride_type1_001.mp4#t=789.jpg,dayride_type1_001.mp4#t=789.xml,dayride_type1_001.mp4,789,AI/PlateDetector/datasets/raw/romanian_lp/dataset/train/images/dayride_type1_001.mp4#t=789.jpg,AI/PlateDetector/datasets/raw/romanian_lp/dataset/train/annots/dayride_type1_001.mp4#t=789.xml,afcf6816336930153d3bcfe1e7b71008a3ca5e218576c0b0e785105fb4e3fa76,ed7756f92ee4a06a9e4be60b3526ab197d2f4fd6f7aad01944ab7936085959eb,1280,720,1280,720,True,2,license-plate,0,REAL,False,license_plate,AI/PlateDetector/datasets/raw/romanian_lp/LICENSE,AI/PlateDetector/datasets/raw/romanian_lp/README.md
romanian_public_lp,train,dayride_type1_001.mp4#t=790.jpg,dayride_type1_001.mp4#t=790.xml,dayride_type1_001.mp4,790,AI/PlateDetector/datasets/raw/romanian_lp/dataset/train/images/dayride_type1_001.mp4#t=790.jpg,AI/PlateDetector/datasets/raw/romanian_lp/dataset/train/annots/dayride_type1_001.mp4#t=790.xml,ad97f7a958c84a60b17b5cad97485d9a644f176ea0a1af9007d774cfe39efc42,c1f2cde3c74860899fbdc6ed96bac9946ab0e2f14fafb52b7ede811c608d5fc3,1280,720,1280,720,True,1,license-plate,0,REAL,False,license_plate,AI/PlateDetector/datasets/raw/romanian_lp/LICENSE,AI/PlateDetector/datasets/raw/romanian_lp/README.md
romanian_public_lp,train,dayride_type1_001.mp4#t=791.jpg,dayride_type1_001.mp4#t=791.xml,dayride_type1_001.mp4,791,AI/PlateDetector/datasets/raw/romanian_lp/dataset/train/images/dayride_type1_001.mp4#t=791.jpg,AI/PlateDetector/datasets/raw/romanian_lp/dataset/train/annots/dayride_type1_001.mp4#t=791.xml,102e6b8f006947fad15d983f2aeb88edea4a859f6f7a0525688e33358d31b837,1de87054b3cfa8c36b085e167f7cde47425705b052c630ba8ca4ce7aae4105eb,1280,720,1280,720,True,1,license-plate,0,REAL,False,license_plate,AI/PlateDetector/datasets/raw/romanian_lp/LICENSE,AI/PlateDetector/datasets/raw/romanian_lp/README.md
romanian_public_lp,valid,dayride_type1_001.mp4#t=792.jpg,dayride_type1_001.mp4#t=792.xml,dayride_type1_001.mp4,792,AI/PlateDetector/datasets/raw/romanian_lp/dataset/valid/images/dayride_type1_001.mp4#t=792.jpg,AI/PlateDetector/datasets/raw/romanian_lp/dataset/valid/annots/dayride_type1_001.mp4#t=792.xml,3a05e65ee454e845fda8fc87c681e3257bc512b0ef5d36e945b0ea0f1bd3a627,3a36febe7abe62ec32e7629e20f0dfc9101c2cf2c346fdf6497c350a8848c182,1280,720,1280,720,True,1,license-plate,0,REAL,False,license_plate,AI/PlateDetector/datasets/raw/romanian_lp/LICENSE,AI/PlateDetector/datasets/raw/romanian_lp/README.md
romanian_public_lp,valid,dayride_type1_001.mp4#t=793.jpg,dayride_type1_001.mp4#t=793.xml,dayride_type1_001.mp4,793,AI/PlateDetector/datasets/raw/romanian_lp/dataset/valid/images/dayride_type1_001.mp4#t=793.jpg,AI/PlateDetector/datasets/raw/romanian_lp/dataset/valid/annots/dayride_type1_001.mp4#t=793.xml,33c216acb656b414bec67cbae2d6049d837500c1a5bdb79d92ea4dc4d5a7529d,124647b2426b4807cf9c2f9960513e701511b588e3ce58a8c610927cf758c162,1280,720,1280,720,True,1,license-plate,0,REAL,False,license_plate,AI/PlateDetector/datasets/raw/romanian_lp/LICENSE,AI/PlateDetector/datasets/raw/romanian_lp/README.md
romanian_public_lp,train,dayride_type1_001.mp4#t=807.jpg,dayride_type1_001.mp4#t=807.xml,dayride_type1_001.mp4,807,AI/PlateDetector/datasets/raw/romanian_lp/dataset/train/images/dayride_type1_001.mp4#t=807.jpg,AI/PlateDetector/datasets/raw/romanian_lp/dataset/train/annots/dayride_type1_001.mp4#t=807.xml,96e27783e4e493ad3bb76defe2e524f58de0d5603da945bf2c2d1a919db6b286,f49692d8634f3e71df3b9fbe86b03a54c097332e5aa6130d41cedde7cd61bfaa,1280,720,1280,720,True,1,license-plate,0,REAL,False,license_plate,AI/PlateDetector/datasets/raw/romanian_lp/LICENSE,AI/PlateDetector/datasets/raw/romanian_lp/README.md
romanian_public_lp,valid,dayride_type1_001.mp4#t=808.jpg,dayride_type1_001.mp4#t=808.xml,dayride_type1_001.mp4,808,AI/PlateDetector/datasets/raw/romanian_lp/dataset/valid/images/dayride_type1_001.mp4#t=808.jpg,AI/PlateDetector/datasets/raw/romanian_lp/dataset/valid/annots/dayride_type1_001.mp4#t=808.xml,131c79a9d5c84c058edeaf7650ff8dcd6201dee20107d4957e58dbd808189b5b,b8b04ba41fa3e984cb62922a383a3f6a984e7dfd72198d6c868111516a7477ca,1280,720,1280,720,True,1,license-plate,0,REAL,False,license_plate,AI/PlateDetector/datasets/raw/romanian_lp/LICENSE,AI/PlateDetector/datasets/raw/romanian_lp/README.md
romanian_public_lp,train,dayride_type1_001.mp4#t=809.jpg,dayride_type1_001.mp4#t=809.xml,dayride_type1_001.mp4,809,AI/PlateDetector/datasets/raw/romanian_lp/dataset/train/images/dayride_type1_001.mp4#t=809.jpg,AI/PlateDetector/datasets/raw/romanian_lp/dataset/train/annots/dayride_type1_001.mp4#t=809.xml,15310d9b17cc73de48eedcdf01e9e624b2c384f2b02e18877d760b31ca7e9559,a3eaa7e14a5424daeeaa7c6f2052ddc9438dc86b5ab04b45853cfa65b4b4be0d,1280,720,1280,720,True,1,license-plate,0,REAL,False,license_plate,AI/PlateDetector/datasets/raw/romanian_lp/LICENSE,AI/PlateDetector/datasets/raw/romanian_lp/README.md
romanian_public_lp,train,dayride_type1_001.mp4#t=815.jpg,dayride_type1_001.mp4#t=815.xml,dayride_type1_001.mp4,815,AI/PlateDetector/datasets/raw/romanian_lp/dataset/train/images/dayride_type1_001.mp4#t=815.jpg,AI/PlateDetector/datasets/raw/romanian_lp/dataset/train/annots/dayride_type1_001.mp4#t=815.xml,e38e91d223b313ca64c9e51f7ddf1360e64fc61e5eb2ad5d64eb7706280f3b72,24c04b71137139084af77bfe5ce022516fb6e686e9d12f44cd97d2fc1965afa5,1280,720,1280,720,True,1,license-plate,0,REAL,False,license_plate,AI/PlateDetector/datasets/raw/romanian_lp/LICENSE,AI/PlateDetector/datasets/raw/romanian_lp/README.md
romanian_public_lp,valid,dayride_type1_001.mp4#t=816.jpg,dayride_type1_001.mp4#t=816.xml,dayride_type1_001.mp4,816,AI/PlateDetector/datasets/raw/romanian_lp/dataset/valid/images/dayride_type1_001.mp4#t=816.jpg,AI/PlateDetector/datasets/raw/romanian_lp/dataset/valid/annots/dayride_type1_001.mp4#t=816.xml,2d8ef5b55e8297c99110dc5ffefd57207eeec26e31ebbf680b3442ea8dfad98d,8619f2803d019047968a6b6ec63deb6e9e52bc85bb3c4df36b964050fa59fef1,1280,720,1280,720,True,1,license-plate,0,REAL,False,license_plate,AI/PlateDetector/datasets/raw/romanian_lp/LICENSE,AI/PlateDetector/datasets/raw/romanian_lp/README.md
romanian_public_lp,train,dayride_type1_001.mp4#t=820.jpg,dayride_type1_001.mp4#t=820.xml,dayride_type1_001.mp4,820,AI/PlateDetector/datasets/raw/romanian_lp/dataset/train/images/dayride_type1_001.mp4#t=820.jpg,AI/PlateDetector/datasets/raw/romanian_lp/dataset/train/annots/dayride_type1_001.mp4#t=820.xml,b1e9f1dfbb46d986468b1405cfc9323674c4c30841afce4e12240d11945e1597,dd6707eeb916df73b3b362c4eaea2e91329fe107e3a7b3d833f117aeb08fd894,1280,720,1280,720,True,1,license-plate,0,REAL,False,license_plate,AI/PlateDetector/datasets/raw/romanian_lp/LICENSE,AI/PlateDetector/datasets/raw/romanian_lp/README.md
romanian_public_lp,train,dayride_type1_001.mp4#t=821.jpg,dayride_type1_001.mp4#t=821.xml,dayride_type1_001.mp4,821,AI/PlateDetector/datasets/raw/romanian_lp/dataset/train/images/dayride_type1_001.mp4#t=821.jpg,AI/PlateDetector/datasets/raw/romanian_lp/dataset/train/annots/dayride_type1_001.mp4#t=821.xml,0213176a2b96848c3728df87cabd2b41bf6d71e0af05fd519181b53f15850e36,df0222b7d92fb548d116fb7fbbc9f78ffa714c464a6bd1549650e3ffa3bc3ac4,1280,720,1280,720,True,1,license-plate,0,REAL,False,license_plate,AI/PlateDetector/datasets/raw/romanian_lp/LICENSE,AI/PlateDetector/datasets/raw/romanian_lp/README.md
romanian_public_lp,train,dayride_type1_001.mp4#t=822.jpg,dayride_type1_001.mp4#t=822.xml,dayride_type1_001.mp4,822,AI/PlateDetector/datasets/raw/romanian_lp/dataset/train/images/dayride_type1_001.mp4#t=822.jpg,AI/PlateDetector/datasets/raw/romanian_lp/dataset/train/annots/dayride_type1_001.mp4#t=822.xml,b9cb7b5c87965d7975c69a5581d9677065a44bb3ef5fc2ff4e45685f4e2e98a5,3efec5728a42483508793ba7398c1bbea862a30ae8e75f84a95502af10f415b2,1280,720,1280,720,True,1,license-plate,0,REAL,False,license_plate,AI/PlateDetector/datasets/raw/romanian_lp/LICENSE,AI/PlateDetector/datasets/raw/romanian_lp/README.md
romanian_public_lp,train,dayride_type1_001.mp4#t=823.jpg,dayride_type1_001.mp4#t=823.xml,dayride_type1_001.mp4,823,AI/PlateDetector/datasets/raw/romanian_lp/dataset/train/images/dayride_type1_001.mp4#t=823.jpg,AI/PlateDetector/datasets/raw/romanian_lp/dataset/train/annots/dayride_type1_001.mp4#t=823.xml,e430581cdfb14477cd5a096892a475f6a2b7a83fc10dff72718c6f96ae1b0f7b,5f1483a783b3c6839df41bdb09fe5cfb101432889896d0bf67a3267f7694c6ab,1280,720,1280,720,True,1,license-plate,0,REAL,False,license_plate,AI/PlateDetector/datasets/raw/romanian_lp/LICENSE,AI/PlateDetector/datasets/raw/romanian_lp/README.md
romanian_public_lp,valid,dayride_type1_001.mp4#t=824.jpg,dayride_type1_001.mp4#t=824.xml,dayride_type1_001.mp4,824,AI/PlateDetector/datasets/raw/romanian_lp/dataset/valid/images/dayride_type1_001.mp4#t=824.jpg,AI/PlateDetector/datasets/raw/romanian_lp/dataset/valid/annots/dayride_type1_001.mp4#t=824.xml,8d131d259f15b3b2b62553eb8983401858417db1b6c2a744fc2c0abe3393ea57,41546dbbf5aa72275b1078c18f6fe7568c35a899b54adfb0759fb59871824b9d,1280,720,1280,720,True,1,license-plate,0,REAL,False,license_plate,AI/PlateDetector/datasets/raw/romanian_lp/LICENSE,AI/PlateDetector/datasets/raw/romanian_lp/README.md
romanian_public_lp,train,dayride_type1_001.mp4#t=830.jpg,dayride_type1_001.mp4#t=830.xml,dayride_type1_001.mp4,830,AI/PlateDetector/datasets/raw/romanian_lp/dataset/train/images/dayride_type1_001.mp4#t=830.jpg,AI/PlateDetector/datasets/raw/romanian_lp/dataset/train/annots/dayride_type1_001.mp4#t=830.xml,ca271ef9ba16f318d003a3709d07115cb87eb8147a340cbe473648c1b9b62501,4b82dfb5c75454876b5ce990a45e2e487b9772f78b35f0c7e1f3c5ff01ee684e,1280,720,1280,720,True,1,license-plate,0,REAL,False,license_plate,AI/PlateDetector/datasets/raw/romanian_lp/LICENSE,AI/PlateDetector/datasets/raw/romanian_lp/README.md
romanian_public_lp,train,dayride_type1_001.mp4#t=833.jpg,dayride_type1_001.mp4#t=833.xml,dayride_type1_001.mp4,833,AI/PlateDetector/datasets/raw/romanian_lp/dataset/train/images/dayride_type1_001.mp4#t=833.jpg,AI/PlateDetector/datasets/raw/romanian_lp/dataset/train/annots/dayride_type1_001.mp4#t=833.xml,4c885729a420873162fb8f23e1a4cf5fe32ff43df8692d89a557583c75b3642c,cba46eefcebb43eae042759b863dacbbfeabe87eaa24e7eadb7bf07934fc0f3d,1280,720,1280,720,True,2,license-plate,0,REAL,False,license_plate,AI/PlateDetector/datasets/raw/romanian_lp/LICENSE,AI/PlateDetector/datasets/raw/romanian_lp/README.md
romanian_public_lp,train,dayride_type1_001.mp4#t=834.jpg,dayride_type1_001.mp4#t=834.xml,dayride_type1_001.mp4,834,AI/PlateDetector/datasets/raw/romanian_lp/dataset/train/images/dayride_type1_001.mp4#t=834.jpg,AI/PlateDetector/datasets/raw/romanian_lp/dataset/train/annots/dayride_type1_001.mp4#t=834.xml,e469d49fb94cad2856a51d2429256ce1b1c8ffb0fa89110121d4e603b5164505,9434d2c3eb9e967da7f998637e161d9d9456fbf8f45ac23dfd0e7d0b1e3e6126,1280,720,1280,720,True,1,license-plate,0,REAL,False,license_plate,AI/PlateDetector/datasets/raw/romanian_lp/LICENSE,AI/PlateDetector/datasets/raw/romanian_lp/README.md
romanian_public_lp,train,dayride_type1_001.mp4#t=835.jpg,dayride_type1_001.mp4#t=835.xml,dayride_type1_001.mp4,835,AI/PlateDetector/datasets/raw/romanian_lp/dataset/train/images/dayride_type1_001.mp4#t=835.jpg,AI/PlateDetector/datasets/raw/romanian_lp/dataset/train/annots/dayride_type1_001.mp4#t=835.xml,5dd5145dc5e886833d8102a33f3b84c3c7d49cc4ee70b79a5ff4b254db2ac53f,524cb30592698cc5aac4b8abe134becf01ce2737ed9bdd6e7eeb5873232fc60a,1280,720,1280,720,True,1,license-plate,0,REAL,False,license_plate,AI/PlateDetector/datasets/raw/romanian_lp/LICENSE,AI/PlateDetector/datasets/raw/romanian_lp/README.md
romanian_public_lp,train,dayride_type1_001.mp4#t=888.jpg,dayride_type1_001.mp4#t=888.xml,dayride_type1_001.mp4,888,AI/PlateDetector/datasets/raw/romanian_lp/dataset/train/images/dayride_type1_001.mp4#t=888.jpg,AI/PlateDetector/datasets/raw/romanian_lp/dataset/train/annots/dayride_type1_001.mp4#t=888.xml,ebd91cad691f573c5c16e571272c1295bb683d122779da2f34b424c1acc12e95,2e9bae68d2381b8db8101415f3af47af52866aea76b0edb0f0cc06c46bc170cd,1280,720,1280,720,True,1,license-plate,0,REAL,False,license_plate,AI/PlateDetector/datasets/raw/romanian_lp/LICENSE,AI/PlateDetector/datasets/raw/romanian_lp/README.md
romanian_public_lp,train,dayride_type1_001.mp4#t=889.jpg,dayride_type1_001.mp4#t=889.xml,dayride_type1_001.mp4,889,AI/PlateDetector/datasets/raw/romanian_lp/dataset/train/images/dayride_type1_001.mp4#t=889.jpg,AI/PlateDetector/datasets/raw/romanian_lp/dataset/train/annots/dayride_type1_001.mp4#t=889.xml,616d83157dc29ec568aeddff486d4e39aad01315410f24b8482ba360aef0f195,fdf470b1c505fbf3cbd2c4e4e1842c95e6296b16053caa68512c28b241fb77ab,1280,720,1280,720,True,2,license-plate,0,REAL,False,license_plate,AI/PlateDetector/datasets/raw/romanian_lp/LICENSE,AI/PlateDetector/datasets/raw/romanian_lp/README.md
romanian_public_lp,train,dayride_type1_001.mp4#t=890.jpg,dayride_type1_001.mp4#t=890.xml,dayride_type1_001.mp4,890,AI/PlateDetector/datasets/raw/romanian_lp/dataset/train/images/dayride_type1_001.mp4#t=890.jpg,AI/PlateDetector/datasets/raw/romanian_lp/dataset/train/annots/dayride_type1_001.mp4#t=890.xml,7bcbe9087ff9cf3aaf026e4f1054bd18a310d3e5422e88c2331bded400419704,45df23b48f852aecb2ca8b6104fcfb56e4fb64a4174d43e8283ee0732d2f727b,1280,720,1280,720,True,2,license-plate,0,REAL,False,license_plate,AI/PlateDetector/datasets/raw/romanian_lp/LICENSE,AI/PlateDetector/datasets/raw/romanian_lp/README.md
romanian_public_lp,valid,dayride_type1_001.mp4#t=891.jpg,dayride_type1_001.mp4#t=891.xml,dayride_type1_001.mp4,891,AI/PlateDetector/datasets/raw/romanian_lp/dataset/valid/images/dayride_type1_001.mp4#t=891.jpg,AI/PlateDetector/datasets/raw/romanian_lp/dataset/valid/annots/dayride_type1_001.mp4#t=891.xml,6689b302bf13b2ff3ef9ac683581a79a9a34744c29309ef38823353c3426bd8a,c76fc1905df06bb2d70720b511c510c72dbc2851a96b68f9e8f0492b73acf684,1280,720,1280,720,True,1,license-plate,0,REAL,False,license_plate,AI/PlateDetector/datasets/raw/romanian_lp/LICENSE,AI/PlateDetector/datasets/raw/romanian_lp/README.md
romanian_public_lp,train,dayride_type1_001.mp4#t=892.jpg,dayride_type1_001.mp4#t=892.xml,dayride_type1_001.mp4,892,AI/PlateDetector/datasets/raw/romanian_lp/dataset/train/images/dayride_type1_001.mp4#t=892.jpg,AI/PlateDetector/datasets/raw/romanian_lp/dataset/train/annots/dayride_type1_001.mp4#t=892.xml,215eebe6d301fdefd2562d626bb9a490708354035e8f2ff040b8aec9366a35e9,584533a2bf6007da1ed7ecd381ecfbb8f2dbd822d13dd38bfe3f98502dc79480,1280,720,1280,720,True,1,license-plate,0,REAL,False,license_plate,AI/PlateDetector/datasets/raw/romanian_lp/LICENSE,AI/PlateDetector/datasets/raw/romanian_lp/README.md
romanian_public_lp,train,dayride_type1_001.mp4#t=893.jpg,dayride_type1_001.mp4#t=893.xml,dayride_type1_001.mp4,893,AI/PlateDetector/datasets/raw/romanian_lp/dataset/train/images/dayride_type1_001.mp4#t=893.jpg,AI/PlateDetector/datasets/raw/romanian_lp/dataset/train/annots/dayride_type1_001.mp4#t=893.xml,a1f01bd0201aa7d3cfb2b9072efa097bf02168760679c373ac851f6ba42ac833,2449472d337b2076cab71bd049698288799cc8a5cb4228906467237212f76361,1280,720,1280,720,True,1,license-plate,0,REAL,False,license_plate,AI/PlateDetector/datasets/raw/romanian_lp/LICENSE,AI/PlateDetector/datasets/raw/romanian_lp/README.md
romanian_public_lp,train,dayride_type1_001.mp4#t=894.jpg,dayride_type1_001.mp4#t=894.xml,dayride_type1_001.mp4,894,AI/PlateDetector/datasets/raw/romanian_lp/dataset/train/images/dayride_type1_001.mp4#t=894.jpg,AI/PlateDetector/datasets/raw/romanian_lp/dataset/train/annots/dayride_type1_001.mp4#t=894.xml,5cb599911174448119cbb1825dfc5643cf4f6d187678fb78ca67e6780e109e3b,221cd2df41e6f258ee7a2c78028e5178e4c83e9807d2da52dfb7ab598d4518ac,1280,720,1280,720,True,1,license-plate,0,REAL,False,license_plate,AI/PlateDetector/datasets/raw/romanian_lp/LICENSE,AI/PlateDetector/datasets/raw/romanian_lp/README.md
romanian_public_lp,train,dayride_type1_001.mp4#t=895.jpg,dayride_type1_001.mp4#t=895.xml,dayride_type1_001.mp4,895,AI/PlateDetector/datasets/raw/romanian_lp/dataset/train/images/dayride_type1_001.mp4#t=895.jpg,AI/PlateDetector/datasets/raw/romanian_lp/dataset/train/annots/dayride_type1_001.mp4#t=895.xml,7169a23db6787bd81e3953f90dd385ed4420e89e1369fa072560d7112fcb86d4,a83475eaee46c236fb28f8e3671c68b9f177074373678039037946cf1c8fbb63,1280,720,1280,720,True,1,license-plate,0,REAL,False,license_plate,AI/PlateDetector/datasets/raw/romanian_lp/LICENSE,AI/PlateDetector/datasets/raw/romanian_lp/README.md
romanian_public_lp,train,dayride_type1_001.mp4#t=896.jpg,dayride_type1_001.mp4#t=896.xml,dayride_type1_001.mp4,896,AI/PlateDetector/datasets/raw/romanian_lp/dataset/train/images/dayride_type1_001.mp4#t=896.jpg,AI/PlateDetector/datasets/raw/romanian_lp/dataset/train/annots/dayride_type1_001.mp4#t=896.xml,4dffd26102827e882d86a72beb68d5592e18bf0b89701e8ee47ba90efc4d4488,611085aa52216578b190457da0d746e6020d1cfe03485c1895df62a0a78997ca,1280,720,1280,720,True,1,license-plate,0,REAL,False,license_plate,AI/PlateDetector/datasets/raw/romanian_lp/LICENSE,AI/PlateDetector/datasets/raw/romanian_lp/README.md
romanian_public_lp,train,dayride_type1_001.mp4#t=897.jpg,dayride_type1_001.mp4#t=897.xml,dayride_type1_001.mp4,897,AI/PlateDetector/datasets/raw/romanian_lp/dataset/train/images/dayride_type1_001.mp4#t=897.jpg,AI/PlateDetector/datasets/raw/romanian_lp/dataset/train/annots/dayride_type1_001.mp4#t=897.xml,3611cf07b9e564974d22b725038955b21e8349885b86e28091ef87108e3210f0,24f37b79a97ebf0caf654e2df88885c99044ef8f000c5c5e0b4ffd90e6381aa1,1280,720,1280,720,True,1,license-plate,0,REAL,False,license_plate,AI/PlateDetector/datasets/raw/romanian_lp/LICENSE,AI/PlateDetector/datasets/raw/romanian_lp/README.md
romanian_public_lp,train,dayride_type1_001.mp4#t=898.jpg,dayride_type1_001.mp4#t=898.xml,dayride_type1_001.mp4,898,AI/PlateDetector/datasets/raw/romanian_lp/dataset/train/images/dayride_type1_001.mp4#t=898.jpg,AI/PlateDetector/datasets/raw/romanian_lp/dataset/train/annots/dayride_type1_001.mp4#t=898.xml,bded1dcd59ee395dc921922efc89460d3a2ce4d20b53cd0923a6c37fd583b973,26de85d3a382a022c2a426618e8f54ce93b999e43c666bc608994c8d9cef7d79,1280,720,1280,720,True,2,license-plate,0,REAL,False,license_plate,AI/PlateDetector/datasets/raw/romanian_lp/LICENSE,AI/PlateDetector/datasets/raw/romanian_lp/README.md
romanian_public_lp,train,dayride_type1_001.mp4#t=899.jpg,dayride_type1_001.mp4#t=899.xml,dayride_type1_001.mp4,899,AI/PlateDetector/datasets/raw/romanian_lp/dataset/train/images/dayride_type1_001.mp4#t=899.jpg,AI/PlateDetector/datasets/raw/romanian_lp/dataset/train/annots/dayride_type1_001.mp4#t=899.xml,ae1ca7abcba4566e64eb1598ea3b314560f0984f66092b4a4bbe7de17493a040,d8407fde25e2c154d98e6c8705fc5389f109d55f22343fb14e45c2fbf0b8337d,1280,720,1280,720,True,1,license-plate,0,REAL,False,license_plate,AI/PlateDetector/datasets/raw/romanian_lp/LICENSE,AI/PlateDetector/datasets/raw/romanian_lp/README.md
romanian_public_lp,train,dayride_type1_001.mp4#t=900.jpg,dayride_type1_001.mp4#t=900.xml,dayride_type1_001.mp4,900,AI/PlateDetector/datasets/raw/romanian_lp/dataset/train/images/dayride_type1_001.mp4#t=900.jpg,AI/PlateDetector/datasets/raw/romanian_lp/dataset/train/annots/dayride_type1_001.mp4#t=900.xml,572415fd79caf71695ea36cde79b95cd5389e59df51a62dd9b00111a423fc498,6c67d751dbec128fe4dda0f5be2c49944744278a6e3c348c6367f2b6669aea51,1280,720,1280,720,True,1,license-plate,0,REAL,False,license_plate,AI/PlateDetector/datasets/raw/romanian_lp/LICENSE,AI/PlateDetector/datasets/raw/romanian_lp/README.md
romanian_public_lp,valid,dayride_type1_001.mp4#t=903.jpg,dayride_type1_001.mp4#t=903.xml,dayride_type1_001.mp4,903,AI/PlateDetector/datasets/raw/romanian_lp/dataset/valid/images/dayride_type1_001.mp4#t=903.jpg,AI/PlateDetector/datasets/raw/romanian_lp/dataset/valid/annots/dayride_type1_001.mp4#t=903.xml,2c6bae2ceacbed9e4112c4dc2910ff2988a9ed8901b781a1b29a66874f3fb826,2cd7ef2fb31ce910e4ea131848dafac6bb0973ca75e40aab14491755edd4d2e0,1280,720,1280,720,True,1,license-plate,0,REAL,False,license_plate,AI/PlateDetector/datasets/raw/romanian_lp/LICENSE,AI/PlateDetector/datasets/raw/romanian_lp/README.md
romanian_public_lp,train,dayride_type1_001.mp4#t=905.jpg,dayride_type1_001.mp4#t=905.xml,dayride_type1_001.mp4,905,AI/PlateDetector/datasets/raw/romanian_lp/dataset/train/images/dayride_type1_001.mp4#t=905.jpg,AI/PlateDetector/datasets/raw/romanian_lp/dataset/train/annots/dayride_type1_001.mp4#t=905.xml,32a85d36317068cceeaaec2c1e12803d3c1ab39022d5ee4cb1ebffeb5d1eb064,810a1c4b081d389cd87c2adb4f789676af405d9027b3b14d58f801f3cf61cd2f,1280,720,1280,720,True,2,license-plate,0,REAL,False,license_plate,AI/PlateDetector/datasets/raw/romanian_lp/LICENSE,AI/PlateDetector/datasets/raw/romanian_lp/README.md
romanian_public_lp,train,dayride_type1_001.mp4#t=906.jpg,dayride_type1_001.mp4#t=906.xml,dayride_type1_001.mp4,906,AI/PlateDetector/datasets/raw/romanian_lp/dataset/train/images/dayride_type1_001.mp4#t=906.jpg,AI/PlateDetector/datasets/raw/romanian_lp/dataset/train/annots/dayride_type1_001.mp4#t=906.xml,b8fa677956fa3469288ee31e42bd48b45ebb815c5e6279d5fb9e3d488e81cade,3f0c8f254aab24b6b24a57c9a515a8b3e1b396edc1920f7a61296f2b165e55ed,1280,720,1280,720,True,2,license-plate,0,REAL,False,license_plate,AI/PlateDetector/datasets/raw/romanian_lp/LICENSE,AI/PlateDetector/datasets/raw/romanian_lp/README.md
romanian_public_lp,train,dayride_type1_001.mp4#t=907.jpg,dayride_type1_001.mp4#t=907.xml,dayride_type1_001.mp4,907,AI/PlateDetector/datasets/raw/romanian_lp/dataset/train/images/dayride_type1_001.mp4#t=907.jpg,AI/PlateDetector/datasets/raw/romanian_lp/dataset/train/annots/dayride_type1_001.mp4#t=907.xml,13ab686219e6c770415397bf3da242da865a35a812d1b23ef12883c9e6d24343,ec7de0bb1a8cc6cec3e6acf3442c24829f11e570154469477d77866cbb4f7859,1280,720,1280,720,True,1,license-plate,0,REAL,False,license_plate,AI/PlateDetector/datasets/raw/romanian_lp/LICENSE,AI/PlateDetector/datasets/raw/romanian_lp/README.md
romanian_public_lp,train,dayride_type1_001.mp4#t=908.jpg,dayride_type1_001.mp4#t=908.xml,dayride_type1_001.mp4,908,AI/PlateDetector/datasets/raw/romanian_lp/dataset/train/images/dayride_type1_001.mp4#t=908.jpg,AI/PlateDetector/datasets/raw/romanian_lp/dataset/train/annots/dayride_type1_001.mp4#t=908.xml,1e6fe7abd25c9d13092f9b5a9fb6818101776264f98aa480f5a4cba85fb31eba,8370aacaa3d52111eb42312f4a6c5f450a65faf25f7df65b3855b7ff7bf29bf5,1280,720,1280,720,True,1,license-plate,0,REAL,False,license_plate,AI/PlateDetector/datasets/raw/romanian_lp/LICENSE,AI/PlateDetector/datasets/raw/romanian_lp/README.md
romanian_public_lp,train,dayride_type1_001.mp4#t=909.jpg,dayride_type1_001.mp4#t=909.xml,dayride_type1_001.mp4,909,AI/PlateDetector/datasets/raw/romanian_lp/dataset/train/images/dayride_type1_001.mp4#t=909.jpg,AI/PlateDetector/datasets/raw/romanian_lp/dataset/train/annots/dayride_type1_001.mp4#t=909.xml,2b277d34af2a5fc6299dbd9f9140ba7e5366e3802bb21679f414775a5d5f2b64,a58fc42afbaf4654d7d670c2e0e32da9c37dd200c9b4a561059b16f0e97693f3,1280,720,1280,720,True,1,license-plate,0,REAL,False,license_plate,AI/PlateDetector/datasets/raw/romanian_lp/LICENSE,AI/PlateDetector/datasets/raw/romanian_lp/README.md
romanian_public_lp,train,dayride_type1_001.mp4#t=910.jpg,dayride_type1_001.mp4#t=910.xml,dayride_type1_001.mp4,910,AI/PlateDetector/datasets/raw/romanian_lp/dataset/train/images/dayride_type1_001.mp4#t=910.jpg,AI/PlateDetector/datasets/raw/romanian_lp/dataset/train/annots/dayride_type1_001.mp4#t=910.xml,1e35fa4f0fe6e429c1f131e3d422cc41b6e16cd8529fe9535419662881cc2bb3,236f0be6fde4f8dff920e95ad0f448718c6dec1eb2929d55bc81b3ab3b227254,1280,720,1280,720,True,2,license-plate,0,REAL,False,license_plate,AI/PlateDetector/datasets/raw/romanian_lp/LICENSE,AI/PlateDetector/datasets/raw/romanian_lp/README.md
romanian_public_lp,valid,dayride_type1_001.mp4#t=912.jpg,dayride_type1_001.mp4#t=912.xml,dayride_type1_001.mp4,912,AI/PlateDetector/datasets/raw/romanian_lp/dataset/valid/images/dayride_type1_001.mp4#t=912.jpg,AI/PlateDetector/datasets/raw/romanian_lp/dataset/valid/annots/dayride_type1_001.mp4#t=912.xml,63a25366e0280263739d9dc21d9e136f48c474c6ddce972e1e482010172fd1db,46b1b7b27cf7759901367bd2cc3c32ff1b61bf217b1058eaaa7ac7fb38f25f4c,1280,720,1280,720,True,1,license-plate,0,REAL,False,license_plate,AI/PlateDetector/datasets/raw/romanian_lp/LICENSE,AI/PlateDetector/datasets/raw/romanian_lp/README.md
romanian_public_lp,valid,dayride_type1_001.mp4#t=913.jpg,dayride_type1_001.mp4#t=913.xml,dayride_type1_001.mp4,913,AI/PlateDetector/datasets/raw/romanian_lp/dataset/valid/images/dayride_type1_001.mp4#t=913.jpg,AI/PlateDetector/datasets/raw/romanian_lp/dataset/valid/annots/dayride_type1_001.mp4#t=913.xml,a94c0171f632e86e92d7ee0098f7f1ee6d75bacf82539c6b1130fad2909639ff,946ed7475051e46446f0c114536f794eb270bfbc4db94deb578c052e1e584e9c,1280,720,1280,720,True,1,license-plate,0,REAL,False,license_plate,AI/PlateDetector/datasets/raw/romanian_lp/LICENSE,AI/PlateDetector/datasets/raw/romanian_lp/README.md
romanian_public_lp,train,dayride_type1_001.mp4#t=914.jpg,dayride_type1_001.mp4#t=914.xml,dayride_type1_001.mp4,914,AI/PlateDetector/datasets/raw/romanian_lp/dataset/train/images/dayride_type1_001.mp4#t=914.jpg,AI/PlateDetector/datasets/raw/romanian_lp/dataset/train/annots/dayride_type1_001.mp4#t=914.xml,d9d30e85ec0b14232225529185f6479f8c5c4f34488c898cf2ca3a06ca046ae2,45d2ecaca599dd8a696ec336335ee0d55a4d06c473ee387e91c0fcb0dacfc25f,1280,720,1280,720,True,1,license-plate,0,REAL,False,license_plate,AI/PlateDetector/datasets/raw/romanian_lp/LICENSE,AI/PlateDetector/datasets/raw/romanian_lp/README.md
romanian_public_lp,train,dayride_type1_001.mp4#t=915.jpg,dayride_type1_001.mp4#t=915.xml,dayride_type1_001.mp4,915,AI/PlateDetector/datasets/raw/romanian_lp/dataset/train/images/dayride_type1_001.mp4#t=915.jpg,AI/PlateDetector/datasets/raw/romanian_lp/dataset/train/annots/dayride_type1_001.mp4#t=915.xml,fe9e2c8a5da0e107aab70712fca5bd5858672e171fe7b9277041aaa93ba9dc46,a9eb9804b707821670fd3cb3abddac986f10c79fd6a895304892ed29a5f4eff1,1280,720,1280,720,True,1,license-plate,0,REAL,False,license_plate,AI/PlateDetector/datasets/raw/romanian_lp/LICENSE,AI/PlateDetector/datasets/raw/romanian_lp/README.md
romanian_public_lp,train,dayride_type1_001.mp4#t=916.jpg,dayride_type1_001.mp4#t=916.xml,dayride_type1_001.mp4,916,AI/PlateDetector/datasets/raw/romanian_lp/dataset/train/images/dayride_type1_001.mp4#t=916.jpg,AI/PlateDetector/datasets/raw/romanian_lp/dataset/train/annots/dayride_type1_001.mp4#t=916.xml,0922ead8d74c73aa5feaf0a5ce98f8bf93d9c51ccb0c9f24e11ad594d0f27954,b2e2c7644c55e11c02d336d97f2607323799f812148ee2b6261c0793a67db9bd,1280,720,1280,720,True,1,license-plate,0,REAL,False,license_plate,AI/PlateDetector/datasets/raw/romanian_lp/LICENSE,AI/PlateDetector/datasets/raw/romanian_lp/README.md
romanian_public_lp,train,dayride_type1_001.mp4#t=920.jpg,dayride_type1_001.mp4#t=920.xml,dayride_type1_001.mp4,920,AI/PlateDetector/datasets/raw/romanian_lp/dataset/train/images/dayride_type1_001.mp4#t=920.jpg,AI/PlateDetector/datasets/raw/romanian_lp/dataset/train/annots/dayride_type1_001.mp4#t=920.xml,d149ceb93ffcfc436c68b9c1b773acff525f02fa7df0dd664270c5d10e11efe8,d25956b6e6bbcac82919612f26574cb4fa2b113ac80b17b6ae0294f9ddb5c617,1280,720,1280,720,True,1,license-plate,0,REAL,False,license_plate,AI/PlateDetector/datasets/raw/romanian_lp/LICENSE,AI/PlateDetector/datasets/raw/romanian_lp/README.md
romanian_public_lp,train,dayride_type1_001.mp4#t=935.jpg,dayride_type1_001.mp4#t=935.xml,dayride_type1_001.mp4,935,AI/PlateDetector/datasets/raw/romanian_lp/dataset/train/images/dayride_type1_001.mp4#t=935.jpg,AI/PlateDetector/datasets/raw/romanian_lp/dataset/train/annots/dayride_type1_001.mp4#t=935.xml,c849fd9ad0e1bcab298d71ef6208a378fabf728a05a344e6e5a307bdaba61de0,b11634624a5af2017cc7b177a742a9b5dbd455c8adeded02b05cffeb1dcac2e7,1280,720,1280,720,True,1,license-plate,0,REAL,False,license_plate,AI/PlateDetector/datasets/raw/romanian_lp/LICENSE,AI/PlateDetector/datasets/raw/romanian_lp/README.md
romanian_public_lp,train,dayride_type1_001.mp4#t=936.jpg,dayride_type1_001.mp4#t=936.xml,dayride_type1_001.mp4,936,AI/PlateDetector/datasets/raw/romanian_lp/dataset/train/images/dayride_type1_001.mp4#t=936.jpg,AI/PlateDetector/datasets/raw/romanian_lp/dataset/train/annots/dayride_type1_001.mp4#t=936.xml,2b8571b224c4f30280c63ef632d3d9021184db6f7eac4938787653bd413f3a14,6a1f1a7168896cb3f546f5a6861f3b779b87ec08d8dc973f31b6ce2636ac0054,1280,720,1280,720,True,1,license-plate,0,REAL,False,license_plate,AI/PlateDetector/datasets/raw/romanian_lp/LICENSE,AI/PlateDetector/datasets/raw/romanian_lp/README.md
romanian_public_lp,train,dayride_type1_001.mp4#t=942.jpg,dayride_type1_001.mp4#t=942.xml,dayride_type1_001.mp4,942,AI/PlateDetector/datasets/raw/romanian_lp/dataset/train/images/dayride_type1_001.mp4#t=942.jpg,AI/PlateDetector/datasets/raw/romanian_lp/dataset/train/annots/dayride_type1_001.mp4#t=942.xml,7c117cf322e83d0acad083ca44a9c49e4c2e6722d439d3a480987a77d802648b,cedb6c925c406673acbdf8b124cd13b9de92db2dd6ca19d0bf06161792566846,1280,720,1280,720,True,1,license-plate,0,REAL,False,license_plate,AI/PlateDetector/datasets/raw/romanian_lp/LICENSE,AI/PlateDetector/datasets/raw/romanian_lp/README.md
romanian_public_lp,train,dayride_type1_001.mp4#t=1054.jpg,dayride_type1_001.mp4#t=1054.xml,dayride_type1_001.mp4,1054,AI/PlateDetector/datasets/raw/romanian_lp/dataset/train/images/dayride_type1_001.mp4#t=1054.jpg,AI/PlateDetector/datasets/raw/romanian_lp/dataset/train/annots/dayride_type1_001.mp4#t=1054.xml,6d16a0e01ecc5f5b50b3a5e455c30bbd37d3183e861ca34c0d04ea5c92f37118,99307a2fd43c7229c70931166da3edceef37aab6b7a7e479fd826ed8f24c9428,1280,720,1280,720,True,1,license-plate,0,REAL,False,license_plate,AI/PlateDetector/datasets/raw/romanian_lp/LICENSE,AI/PlateDetector/datasets/raw/romanian_lp/README.md
romanian_public_lp,valid,dayride_type1_001.mp4#t=1055.jpg,dayride_type1_001.mp4#t=1055.xml,dayride_type1_001.mp4,1055,AI/PlateDetector/datasets/raw/romanian_lp/dataset/valid/images/dayride_type1_001.mp4#t=1055.jpg,AI/PlateDetector/datasets/raw/romanian_lp/dataset/valid/annots/dayride_type1_001.mp4#t=1055.xml,41017116fea6cc60c354823ec7ec468633a916841afbcd5dcc4feec4d5194c71,2cdb08013c36a496797b32910b24d941cd772be25fab2c8385f1a01f1e88d2a9,1280,720,1280,720,True,2,license-plate,0,REAL,False,license_plate,AI/PlateDetector/datasets/raw/romanian_lp/LICENSE,AI/PlateDetector/datasets/raw/romanian_lp/README.md
romanian_public_lp,train,dayride_type1_001.mp4#t=1056.jpg,dayride_type1_001.mp4#t=1056.xml,dayride_type1_001.mp4,1056,AI/PlateDetector/datasets/raw/romanian_lp/dataset/train/images/dayride_type1_001.mp4#t=1056.jpg,AI/PlateDetector/datasets/raw/romanian_lp/dataset/train/annots/dayride_type1_001.mp4#t=1056.xml,4e680d065d74475da83883da7acd6795e8eddc7452492537dabd2da34f2b6255,06411bb2625fb18e708da8f3cead1e1d8f9ec969ff140b9c53fa9719e447020c,1280,720,1280,720,True,1,license-plate,0,REAL,False,license_plate,AI/PlateDetector/datasets/raw/romanian_lp/LICENSE,AI/PlateDetector/datasets/raw/romanian_lp/README.md
romanian_public_lp,train,dayride_type1_001.mp4#t=1057.jpg,dayride_type1_001.mp4#t=1057.xml,dayride_type1_001.mp4,1057,AI/PlateDetector/datasets/raw/romanian_lp/dataset/train/images/dayride_type1_001.mp4#t=1057.jpg,AI/PlateDetector/datasets/raw/romanian_lp/dataset/train/annots/dayride_type1_001.mp4#t=1057.xml,ae9a8db7e97c17fe0147d3bffe4e604d5e861bde6f6ac0a658c97152857639b0,493373d77b76289042b1750ed333ebdad67d958845633e3d63ebb412eca6861c,1280,720,1280,720,True,1,license-plate,0,REAL,False,license_plate,AI/PlateDetector/datasets/raw/romanian_lp/LICENSE,AI/PlateDetector/datasets/raw/romanian_lp/README.md
romanian_public_lp,valid,dayride_type1_001.mp4#t=1058.jpg,dayride_type1_001.mp4#t=1058.xml,dayride_type1_001.mp4,1058,AI/PlateDetector/datasets/raw/romanian_lp/dataset/valid/images/dayride_type1_001.mp4#t=1058.jpg,AI/PlateDetector/datasets/raw/romanian_lp/dataset/valid/annots/dayride_type1_001.mp4#t=1058.xml,234a85e651a933cfcf89ef513ccf0d1ebe144dc49e07fc1a80ce5effd05e13d1,872dcc90ccdc87e4eccf8cf6f9a633c2c300bc3d5076901dd3c747e8d7445f72,1280,720,1280,720,True,1,license-plate,0,REAL,False,license_plate,AI/PlateDetector/datasets/raw/romanian_lp/LICENSE,AI/PlateDetector/datasets/raw/romanian_lp/README.md
romanian_public_lp,train,dayride_type1_001.mp4#t=1059.jpg,dayride_type1_001.mp4#t=1059.xml,dayride_type1_001.mp4,1059,AI/PlateDetector/datasets/raw/romanian_lp/dataset/train/images/dayride_type1_001.mp4#t=1059.jpg,AI/PlateDetector/datasets/raw/romanian_lp/dataset/train/annots/dayride_type1_001.mp4#t=1059.xml,cd8788d2cda4cefacb58d30911311a7c1c08086073270d8116d5f34bccf1742b,f5303cf1aec0ae5dde6797378d247bf52c4c12d43ed2925c528537f6826d358e,1280,720,1280,720,True,1,license-plate,0,REAL,False,license_plate,AI/PlateDetector/datasets/raw/romanian_lp/LICENSE,AI/PlateDetector/datasets/raw/romanian_lp/README.md
romanian_public_lp,train,dayride_type1_001.mp4#t=1060.jpg,dayride_type1_001.mp4#t=1060.xml,dayride_type1_001.mp4,1060,AI/PlateDetector/datasets/raw/romanian_lp/dataset/train/images/dayride_type1_001.mp4#t=1060.jpg,AI/PlateDetector/datasets/raw/romanian_lp/dataset/train/annots/dayride_type1_001.mp4#t=1060.xml,d21aa941bb1af50c350ad490f3474ec21bce07eb220aa23ec3972118e9136d3a,4cdb65d370fbefe8077558d41fdf099d4f1987a716c7e0a2aeb11aa769dd8c02,1280,720,1280,720,True,1,license-plate,0,REAL,False,license_plate,AI/PlateDetector/datasets/raw/romanian_lp/LICENSE,AI/PlateDetector/datasets/raw/romanian_lp/README.md
romanian_public_lp,train,dayride_type1_001.mp4#t=1062.jpg,dayride_type1_001.mp4#t=1062.xml,dayride_type1_001.mp4,1062,AI/PlateDetector/datasets/raw/romanian_lp/dataset/train/images/dayride_type1_001.mp4#t=1062.jpg,AI/PlateDetector/datasets/raw/romanian_lp/dataset/train/annots/dayride_type1_001.mp4#t=1062.xml,89e37fccf61f2d808d1ca35fb9bf950e272130798d122ea9b14072f14616739b,25bfd3a1659480aa05d556fd821b32a5183c2736325d02f626db108fa59a5e83,1280,720,1280,720,True,1,license-plate,0,REAL,False,license_plate,AI/PlateDetector/datasets/raw/romanian_lp/LICENSE,AI/PlateDetector/datasets/raw/romanian_lp/README.md
romanian_public_lp,train,dayride_type1_001.mp4#t=1063.jpg,dayride_type1_001.mp4#t=1063.xml,dayride_type1_001.mp4,1063,AI/PlateDetector/datasets/raw/romanian_lp/dataset/train/images/dayride_type1_001.mp4#t=1063.jpg,AI/PlateDetector/datasets/raw/romanian_lp/dataset/train/annots/dayride_type1_001.mp4#t=1063.xml,1deb469f74fd3e9ac3097df98c15973d9dd1dd4428aba68383d11d1c5df6eb3d,bfc52dbd584b78ac4f553e27b81b72a0b371d7df074363e7b69437996edaeec1,1280,720,1280,720,True,1,license-plate,0,REAL,False,license_plate,AI/PlateDetector/datasets/raw/romanian_lp/LICENSE,AI/PlateDetector/datasets/raw/romanian_lp/README.md
romanian_public_lp,train,dayride_type1_001.mp4#t=1071.jpg,dayride_type1_001.mp4#t=1071.xml,dayride_type1_001.mp4,1071,AI/PlateDetector/datasets/raw/romanian_lp/dataset/train/images/dayride_type1_001.mp4#t=1071.jpg,AI/PlateDetector/datasets/raw/romanian_lp/dataset/train/annots/dayride_type1_001.mp4#t=1071.xml,16675d31fa753c5cd944ec0d66cf6ce0663133658963b5819ac8ce2c39655452,33a2579401178eebef563a294f07ef97e26c6ab2510c2ca09bbcab08d35dfefd,1280,720,1280,720,True,1,license-plate,0,REAL,False,license_plate,AI/PlateDetector/datasets/raw/romanian_lp/LICENSE,AI/PlateDetector/datasets/raw/romanian_lp/README.md
romanian_public_lp,train,dayride_type1_001.mp4#t=1072.jpg,dayride_type1_001.mp4#t=1072.xml,dayride_type1_001.mp4,1072,AI/PlateDetector/datasets/raw/romanian_lp/dataset/train/images/dayride_type1_001.mp4#t=1072.jpg,AI/PlateDetector/datasets/raw/romanian_lp/dataset/train/annots/dayride_type1_001.mp4#t=1072.xml,0d07148de3a5ef2c1f1c4961104e81743a3ddaba5572b7adf6bd52c3e31d6a1d,bc5b6b1e922e219df4856ef23586af30dfda55db9de10968d743617c9418566a,1280,720,1280,720,True,1,license-plate,0,REAL,False,license_plate,AI/PlateDetector/datasets/raw/romanian_lp/LICENSE,AI/PlateDetector/datasets/raw/romanian_lp/README.md
romanian_public_lp,train,dayride_type1_001.mp4#t=1073.jpg,dayride_type1_001.mp4#t=1073.xml,dayride_type1_001.mp4,1073,AI/PlateDetector/datasets/raw/romanian_lp/dataset/train/images/dayride_type1_001.mp4#t=1073.jpg,AI/PlateDetector/datasets/raw/romanian_lp/dataset/train/annots/dayride_type1_001.mp4#t=1073.xml,2f0bbf40ce6d35b9fadbef75781a0b6bf7ce297a2ea7434f530818f4e8745e90,79a5d08296b3893bc89f2d45b8a5bf87de59896efad1e006d63635a10346d55d,1280,720,1280,720,True,1,license-plate,0,REAL,False,license_plate,AI/PlateDetector/datasets/raw/romanian_lp/LICENSE,AI/PlateDetector/datasets/raw/romanian_lp/README.md
romanian_public_lp,valid,dayride_type1_001.mp4#t=1074.jpg,dayride_type1_001.mp4#t=1074.xml,dayride_type1_001.mp4,1074,AI/PlateDetector/datasets/raw/romanian_lp/dataset/valid/images/dayride_type1_001.mp4#t=1074.jpg,AI/PlateDetector/datasets/raw/romanian_lp/dataset/valid/annots/dayride_type1_001.mp4#t=1074.xml,34c0719b7bae74594fdc32f56b866cbb09b8becc6467504f9830e3d13366265f,56c9adc2c51a6f177fc307d9bb6adce1fa63d340c92b359d28a9270a2a70c4e9,1280,720,1280,720,True,1,license-plate,0,REAL,False,license_plate,AI/PlateDetector/datasets/raw/romanian_lp/LICENSE,AI/PlateDetector/datasets/raw/romanian_lp/README.md
romanian_public_lp,train,dayride_type1_001.mp4#t=1075.jpg,dayride_type1_001.mp4#t=1075.xml,dayride_type1_001.mp4,1075,AI/PlateDetector/datasets/raw/romanian_lp/dataset/train/images/dayride_type1_001.mp4#t=1075.jpg,AI/PlateDetector/datasets/raw/romanian_lp/dataset/train/annots/dayride_type1_001.mp4#t=1075.xml,fcd3d7c50925171ad544b1cfd50493f201f75476c082d00877d212d31eb74605,f82b94f13a10b269109e3ae11c40b0f2369b112a7ecedd725679ceff4bb6b3ce,1280,720,1280,720,True,1,license-plate,0,REAL,False,license_plate,AI/PlateDetector/datasets/raw/romanian_lp/LICENSE,AI/PlateDetector/datasets/raw/romanian_lp/README.md
romanian_public_lp,train,dayride_type1_001.mp4#t=1077.jpg,dayride_type1_001.mp4#t=1077.xml,dayride_type1_001.mp4,1077,AI/PlateDetector/datasets/raw/romanian_lp/dataset/train/images/dayride_type1_001.mp4#t=1077.jpg,AI/PlateDetector/datasets/raw/romanian_lp/dataset/train/annots/dayride_type1_001.mp4#t=1077.xml,fa0df300fbdfcef9c55d4321167d4675c8b0cea1af522e691a21f3d4ae2a0cd7,de0719911c0473e4abc49549c1ae1042e91877817a9225df3849e65966332c37,1280,720,1280,720,True,2,license-plate,0,REAL,False,license_plate,AI/PlateDetector/datasets/raw/romanian_lp/LICENSE,AI/PlateDetector/datasets/raw/romanian_lp/README.md
romanian_public_lp,train,dayride_type1_001.mp4#t=1078.jpg,dayride_type1_001.mp4#t=1078.xml,dayride_type1_001.mp4,1078,AI/PlateDetector/datasets/raw/romanian_lp/dataset/train/images/dayride_type1_001.mp4#t=1078.jpg,AI/PlateDetector/datasets/raw/romanian_lp/dataset/train/annots/dayride_type1_001.mp4#t=1078.xml,ba8a6f15c9e537e81428bf22b673c4a7b999224d0aa7577c713d66659b6cd7a7,da99363f354704fc321acf8c3a2aacc4361727a0a6bd69b182808d11354ff846,1280,720,1280,720,True,1,license-plate,0,REAL,False,license_plate,AI/PlateDetector/datasets/raw/romanian_lp/LICENSE,AI/PlateDetector/datasets/raw/romanian_lp/README.md
romanian_public_lp,train,dayride_type1_001.mp4#t=1082.jpg,dayride_type1_001.mp4#t=1082.xml,dayride_type1_001.mp4,1082,AI/PlateDetector/datasets/raw/romanian_lp/dataset/train/images/dayride_type1_001.mp4#t=1082.jpg,AI/PlateDetector/datasets/raw/romanian_lp/dataset/train/annots/dayride_type1_001.mp4#t=1082.xml,0690f79b7bff81792ac3824c0c106e3779bf8da8ec7f7d612d06c10232aa57e2,2156ed76b3a63ff113cc42f4e16f3b9cfa5cdddfce4d0e6a7fd9b046b805e882,1280,720,1280,720,True,1,license-plate,0,REAL,False,license_plate,AI/PlateDetector/datasets/raw/romanian_lp/LICENSE,AI/PlateDetector/datasets/raw/romanian_lp/README.md
romanian_public_lp,train,dayride_type1_001.mp4#t=1083.jpg,dayride_type1_001.mp4#t=1083.xml,dayride_type1_001.mp4,1083,AI/PlateDetector/datasets/raw/romanian_lp/dataset/train/images/dayride_type1_001.mp4#t=1083.jpg,AI/PlateDetector/datasets/raw/romanian_lp/dataset/train/annots/dayride_type1_001.mp4#t=1083.xml,04076235953187afb2a9cc614ab0b7374fea7a96e64603d93460b65a7afe9913,8dccea3bd5469b67d96cd79fc960c0ab4da695bb6e70ea493157ea1765c6ee9d,1280,720,1280,720,True,1,license-plate,0,REAL,False,license_plate,AI/PlateDetector/datasets/raw/romanian_lp/LICENSE,AI/PlateDetector/datasets/raw/romanian_lp/README.md
romanian_public_lp,train,dayride_type1_001.mp4#t=1084.jpg,dayride_type1_001.mp4#t=1084.xml,dayride_type1_001.mp4,1084,AI/PlateDetector/datasets/raw/romanian_lp/dataset/train/images/dayride_type1_001.mp4#t=1084.jpg,AI/PlateDetector/datasets/raw/romanian_lp/dataset/train/annots/dayride_type1_001.mp4#t=1084.xml,cda9a88ae8b817b8262b5d535c1840bce3d4f607cc97540c0e2d0dad63b6f74b,5b205faf1f55e68b1635adfc764c64892c29c44285c713e3a5a19c2860efe707,1280,720,1280,720,True,1,license-plate,0,REAL,False,license_plate,AI/PlateDetector/datasets/raw/romanian_lp/LICENSE,AI/PlateDetector/datasets/raw/romanian_lp/README.md
romanian_public_lp,valid,dayride_type1_001.mp4#t=1085.jpg,dayride_type1_001.mp4#t=1085.xml,dayride_type1_001.mp4,1085,AI/PlateDetector/datasets/raw/romanian_lp/dataset/valid/images/dayride_type1_001.mp4#t=1085.jpg,AI/PlateDetector/datasets/raw/romanian_lp/dataset/valid/annots/dayride_type1_001.mp4#t=1085.xml,e97b80600f1c8eaa661d881896e85f901710fc376c4145922bf345f4e5f8dde7,c06f984df4795650c2324c4247c43962746d189f5afaa2d820f2239fe1dcee79,1280,720,1280,720,True,1,license-plate,0,REAL,False,license_plate,AI/PlateDetector/datasets/raw/romanian_lp/LICENSE,AI/PlateDetector/datasets/raw/romanian_lp/README.md
romanian_public_lp,train,dayride_type1_001.mp4#t=1086.jpg,dayride_type1_001.mp4#t=1086.xml,dayride_type1_001.mp4,1086,AI/PlateDetector/datasets/raw/romanian_lp/dataset/train/images/dayride_type1_001.mp4#t=1086.jpg,AI/PlateDetector/datasets/raw/romanian_lp/dataset/train/annots/dayride_type1_001.mp4#t=1086.xml,414c267624ee836cc2f59e2ce7e9a18e83b68f22af3278609ce2c801aebba399,0d8b02ada95f284512cce6aca4c99f344cfd411d5e4a09325353661589e29b31,1280,720,1280,720,True,2,license-plate,0,REAL,False,license_plate,AI/PlateDetector/datasets/raw/romanian_lp/LICENSE,AI/PlateDetector/datasets/raw/romanian_lp/README.md
romanian_public_lp,train,dayride_type1_001.mp4#t=1087.jpg,dayride_type1_001.mp4#t=1087.xml,dayride_type1_001.mp4,1087,AI/PlateDetector/datasets/raw/romanian_lp/dataset/train/images/dayride_type1_001.mp4#t=1087.jpg,AI/PlateDetector/datasets/raw/romanian_lp/dataset/train/annots/dayride_type1_001.mp4#t=1087.xml,77513ea32cd8cba6baadc2285ce2534337c744c0ca02014602e896b219e02d24,91769c902f8d3ed08485de14f69e0a120957205237d064dd441955769089e0d2,1280,720,1280,720,True,1,license-plate,0,REAL,False,license_plate,AI/PlateDetector/datasets/raw/romanian_lp/LICENSE,AI/PlateDetector/datasets/raw/romanian_lp/README.md
romanian_public_lp,train,dayride_type1_001.mp4#t=1088.jpg,dayride_type1_001.mp4#t=1088.xml,dayride_type1_001.mp4,1088,AI/PlateDetector/datasets/raw/romanian_lp/dataset/train/images/dayride_type1_001.mp4#t=1088.jpg,AI/PlateDetector/datasets/raw/romanian_lp/dataset/train/annots/dayride_type1_001.mp4#t=1088.xml,5894faff484ea582bf720b945dade3c0eb68dc535f274ede08d3258c2aea2118,c4a3aa4b4981b7e54dbc4baf23af8fc34aa58292866704505876811511312d7f,1280,720,1280,720,True,2,license-plate,0,REAL,False,license_plate,AI/PlateDetector/datasets/raw/romanian_lp/LICENSE,AI/PlateDetector/datasets/raw/romanian_lp/README.md
romanian_public_lp,train,dayride_type1_001.mp4#t=1089.jpg,dayride_type1_001.mp4#t=1089.xml,dayride_type1_001.mp4,1089,AI/PlateDetector/datasets/raw/romanian_lp/dataset/train/images/dayride_type1_001.mp4#t=1089.jpg,AI/PlateDetector/datasets/raw/romanian_lp/dataset/train/annots/dayride_type1_001.mp4#t=1089.xml,37afd7aebd5c38d02f40630abba7241f6ca77bddde51e34a46e6d72f918023c2,8bca45edcdc4073ad054ec87676dda1a90b6b2c4c2f731e9c2b4492870607302,1280,720,1280,720,True,1,license-plate,0,REAL,False,license_plate,AI/PlateDetector/datasets/raw/romanian_lp/LICENSE,AI/PlateDetector/datasets/raw/romanian_lp/README.md
romanian_public_lp,train,dayride_type1_001.mp4#t=1090.jpg,dayride_type1_001.mp4#t=1090.xml,dayride_type1_001.mp4,1090,AI/PlateDetector/datasets/raw/romanian_lp/dataset/train/images/dayride_type1_001.mp4#t=1090.jpg,AI/PlateDetector/datasets/raw/romanian_lp/dataset/train/annots/dayride_type1_001.mp4#t=1090.xml,4c5fb3f432817fab26559a83121e48371c3ff1239f5c95f336597c3d77fe9dd5,b910112acef6f867e2fdf7e4d8210a6f94446a74ea1110823931fac9ccf287b1,1280,720,1280,720,True,1,license-plate,0,REAL,False,license_plate,AI/PlateDetector/datasets/raw/romanian_lp/LICENSE,AI/PlateDetector/datasets/raw/romanian_lp/README.md
romanian_public_lp,train,dayride_type1_001.mp4#t=1091.jpg,dayride_type1_001.mp4#t=1091.xml,dayride_type1_001.mp4,1091,AI/PlateDetector/datasets/raw/romanian_lp/dataset/train/images/dayride_type1_001.mp4#t=1091.jpg,AI/PlateDetector/datasets/raw/romanian_lp/dataset/train/annots/dayride_type1_001.mp4#t=1091.xml,15022b3116969abb7186a5fd20efe2b4c688d387979ff156cf93f19dc516647f,ac5fb25f9afd4f7b905df535c0614883a26a439c352f33a4bb7e2d29dd7a15b2,1280,720,1280,720,True,4,license-plate,0,REAL,False,license_plate,AI/PlateDetector/datasets/raw/romanian_lp/LICENSE,AI/PlateDetector/datasets/raw/romanian_lp/README.md
romanian_public_lp,train,dayride_type1_001.mp4#t=1092.jpg,dayride_type1_001.mp4#t=1092.xml,dayride_type1_001.mp4,1092,AI/PlateDetector/datasets/raw/romanian_lp/dataset/train/images/dayride_type1_001.mp4#t=1092.jpg,AI/PlateDetector/datasets/raw/romanian_lp/dataset/train/annots/dayride_type1_001.mp4#t=1092.xml,71bc54db4aa1cc89dfe944eda70974c0ccab2d42633de9eb3493871b15a5d17d,4c1d838963ea53a2c27588180a44d3f01f95b71c040a34d2649ae895ba6a0449,1280,720,1280,720,True,3,license-plate,0,REAL,False,license_plate,AI/PlateDetector/datasets/raw/romanian_lp/LICENSE,AI/PlateDetector/datasets/raw/romanian_lp/README.md
romanian_public_lp,train,dayride_type1_001.mp4#t=1093.jpg,dayride_type1_001.mp4#t=1093.xml,dayride_type1_001.mp4,1093,AI/PlateDetector/datasets/raw/romanian_lp/dataset/train/images/dayride_type1_001.mp4#t=1093.jpg,AI/PlateDetector/datasets/raw/romanian_lp/dataset/train/annots/dayride_type1_001.mp4#t=1093.xml,91b36ed4858167b50d35b5845f1dd8026dd83946f055c0093c3215d4cffb7166,76ebfaf24f0108e7e88cbdebe28e947d589bda689600915a2dc3540950fa95d2,1280,720,1280,720,True,3,license-plate,0,REAL,False,license_plate,AI/PlateDetector/datasets/raw/romanian_lp/LICENSE,AI/PlateDetector/datasets/raw/romanian_lp/README.md
romanian_public_lp,valid,dayride_type1_001.mp4#t=1094.jpg,dayride_type1_001.mp4#t=1094.xml,dayride_type1_001.mp4,1094,AI/PlateDetector/datasets/raw/romanian_lp/dataset/valid/images/dayride_type1_001.mp4#t=1094.jpg,AI/PlateDetector/datasets/raw/romanian_lp/dataset/valid/annots/dayride_type1_001.mp4#t=1094.xml,4219f5fe5cdb80f39284fb4d893cf5310dccc20f2d4264b42249efd3962548f5,d0eb72b2c9bc47720cddb014111d7a3d58613fba883a670095f5ef32d4a31573,1280,720,1280,720,True,3,license-plate,0,REAL,False,license_plate,AI/PlateDetector/datasets/raw/romanian_lp/LICENSE,AI/PlateDetector/datasets/raw/romanian_lp/README.md
romanian_public_lp,train,dayride_type1_001.mp4#t=1095.jpg,dayride_type1_001.mp4#t=1095.xml,dayride_type1_001.mp4,1095,AI/PlateDetector/datasets/raw/romanian_lp/dataset/train/images/dayride_type1_001.mp4#t=1095.jpg,AI/PlateDetector/datasets/raw/romanian_lp/dataset/train/annots/dayride_type1_001.mp4#t=1095.xml,6a388f93c10f275f43a086e1b451369e4023191b6e8f2ebe80382e045bbae27e,2523aad4a94df1f9e1cadac16f886687cfeda8c88148a21cda06148ba6c29188,1280,720,1280,720,True,3,license-plate,0,REAL,False,license_plate,AI/PlateDetector/datasets/raw/romanian_lp/LICENSE,AI/PlateDetector/datasets/raw/romanian_lp/README.md
romanian_public_lp,train,dayride_type1_001.mp4#t=1114.jpg,dayride_type1_001.mp4#t=1114.xml,dayride_type1_001.mp4,1114,AI/PlateDetector/datasets/raw/romanian_lp/dataset/train/images/dayride_type1_001.mp4#t=1114.jpg,AI/PlateDetector/datasets/raw/romanian_lp/dataset/train/annots/dayride_type1_001.mp4#t=1114.xml,3759433be9ef37e424ce98a8a931a00e459715cd9086d91b6a91ae6b7cbb8bb5,632aacab92c9e21286410fd93b68f5be67fcab16eaec776e973837006ff47f03,1280,720,1280,720,True,1,license-plate,0,REAL,False,license_plate,AI/PlateDetector/datasets/raw/romanian_lp/LICENSE,AI/PlateDetector/datasets/raw/romanian_lp/README.md
romanian_public_lp,train,dayride_type1_001.mp4#t=1115.jpg,dayride_type1_001.mp4#t=1115.xml,dayride_type1_001.mp4,1115,AI/PlateDetector/datasets/raw/romanian_lp/dataset/train/images/dayride_type1_001.mp4#t=1115.jpg,AI/PlateDetector/datasets/raw/romanian_lp/dataset/train/annots/dayride_type1_001.mp4#t=1115.xml,1a4e1811c9cddd4cd23e7aaf7a3d841b954afb8ba0e2721b52088b9f4306f935,4a325d95c8ff003af52105b7ac9856bd9237e42b75bb2f8ce70830240cd0bf4b,1280,720,1280,720,True,1,license-plate,0,REAL,False,license_plate,AI/PlateDetector/datasets/raw/romanian_lp/LICENSE,AI/PlateDetector/datasets/raw/romanian_lp/README.md
romanian_public_lp,train,dayride_type1_001.mp4#t=1116.jpg,dayride_type1_001.mp4#t=1116.xml,dayride_type1_001.mp4,1116,AI/PlateDetector/datasets/raw/romanian_lp/dataset/train/images/dayride_type1_001.mp4#t=1116.jpg,AI/PlateDetector/datasets/raw/romanian_lp/dataset/train/annots/dayride_type1_001.mp4#t=1116.xml,c9848994f99707a2f587f983722bd5331f1dd13fad6384d3886a2316ec40f924,a9b0895a8bae2896edda407b2dbe1043b855d235a085c27bfab3523c4b681b2f,1280,720,1280,720,True,1,license-plate,0,REAL,False,license_plate,AI/PlateDetector/datasets/raw/romanian_lp/LICENSE,AI/PlateDetector/datasets/raw/romanian_lp/README.md
romanian_public_lp,train,dayride_type1_001.mp4#t=1117.jpg,dayride_type1_001.mp4#t=1117.xml,dayride_type1_001.mp4,1117,AI/PlateDetector/datasets/raw/romanian_lp/dataset/train/images/dayride_type1_001.mp4#t=1117.jpg,AI/PlateDetector/datasets/raw/romanian_lp/dataset/train/annots/dayride_type1_001.mp4#t=1117.xml,65fd06a3645bab47a7700250d193e80d1ba6de203bff347d523085a09b2dc36c,4d4da96448f2a51159a4f4f50def958086bf2474d142905031c14c900cfa19d7,1280,720,1280,720,True,1,license-plate,0,REAL,False,license_plate,AI/PlateDetector/datasets/raw/romanian_lp/LICENSE,AI/PlateDetector/datasets/raw/romanian_lp/README.md
romanian_public_lp,train,dayride_type1_001.mp4#t=1118.jpg,dayride_type1_001.mp4#t=1118.xml,dayride_type1_001.mp4,1118,AI/PlateDetector/datasets/raw/romanian_lp/dataset/train/images/dayride_type1_001.mp4#t=1118.jpg,AI/PlateDetector/datasets/raw/romanian_lp/dataset/train/annots/dayride_type1_001.mp4#t=1118.xml,e26a05e9727bf4bf707ff641ba5432c9c2cd9a9f78557bb08b84f16e57b12531,e7c92e4c136cac746bcf05b0ed95b229250737d320b92db050d64b451333104d,1280,720,1280,720,True,1,license-plate,0,REAL,False,license_plate,AI/PlateDetector/datasets/raw/romanian_lp/LICENSE,AI/PlateDetector/datasets/raw/romanian_lp/README.md
romanian_public_lp,train,dayride_type1_001.mp4#t=1119.jpg,dayride_type1_001.mp4#t=1119.xml,dayride_type1_001.mp4,1119,AI/PlateDetector/datasets/raw/romanian_lp/dataset/train/images/dayride_type1_001.mp4#t=1119.jpg,AI/PlateDetector/datasets/raw/romanian_lp/dataset/train/annots/dayride_type1_001.mp4#t=1119.xml,de2ddf6d0c4a66395b3935178e27635a1cf6eb17f46d7b73d3d58dc2485203b5,ef9632f9e5a812cd043d898325de43313935491ae5d7a0d72c70709af5aaad77,1280,720,1280,720,True,1,license-plate,0,REAL,False,license_plate,AI/PlateDetector/datasets/raw/romanian_lp/LICENSE,AI/PlateDetector/datasets/raw/romanian_lp/README.md
romanian_public_lp,train,dayride_type1_001.mp4#t=1121.jpg,dayride_type1_001.mp4#t=1121.xml,dayride_type1_001.mp4,1121,AI/PlateDetector/datasets/raw/romanian_lp/dataset/train/images/dayride_type1_001.mp4#t=1121.jpg,AI/PlateDetector/datasets/raw/romanian_lp/dataset/train/annots/dayride_type1_001.mp4#t=1121.xml,113a2692374b0b52e9c3f96ac821340109c6f3696c2c455c19110fb7e04c445b,1215a970d0684c6e65a34a3d883be48e35219b7a726a8ed8f7b81c2ef042a62e,1280,720,1280,720,True,2,license-plate,0,REAL,False,license_plate,AI/PlateDetector/datasets/raw/romanian_lp/LICENSE,AI/PlateDetector/datasets/raw/romanian_lp/README.md
romanian_public_lp,train,dayride_type1_001.mp4#t=1122.jpg,dayride_type1_001.mp4#t=1122.xml,dayride_type1_001.mp4,1122,AI/PlateDetector/datasets/raw/romanian_lp/dataset/train/images/dayride_type1_001.mp4#t=1122.jpg,AI/PlateDetector/datasets/raw/romanian_lp/dataset/train/annots/dayride_type1_001.mp4#t=1122.xml,93d2c4d3974e3acec38dce033ae6ee66b20c9828aa1e6821b08c6e9140e961c7,58304d11ab6cdbcf31f4ca034e22d6a8fc77f1232876f268f9a78c360b3bbba1,1280,720,1280,720,True,1,license-plate,0,REAL,False,license_plate,AI/PlateDetector/datasets/raw/romanian_lp/LICENSE,AI/PlateDetector/datasets/raw/romanian_lp/README.md
romanian_public_lp,train,dayride_type1_001.mp4#t=1124.jpg,dayride_type1_001.mp4#t=1124.xml,dayride_type1_001.mp4,1124,AI/PlateDetector/datasets/raw/romanian_lp/dataset/train/images/dayride_type1_001.mp4#t=1124.jpg,AI/PlateDetector/datasets/raw/romanian_lp/dataset/train/annots/dayride_type1_001.mp4#t=1124.xml,9f0f9a8e193a974ab77ba7ea25be3e6b358bd0b782466904c7f93a2b51df046c,120399a4c6f0681c7fc1682c0c90b8013448178445c7a36508d5d48d3d2d248c,1280,720,1280,720,True,2,license-plate,0,REAL,False,license_plate,AI/PlateDetector/datasets/raw/romanian_lp/LICENSE,AI/PlateDetector/datasets/raw/romanian_lp/README.md
romanian_public_lp,train,dayride_type1_001.mp4#t=1125.jpg,dayride_type1_001.mp4#t=1125.xml,dayride_type1_001.mp4,1125,AI/PlateDetector/datasets/raw/romanian_lp/dataset/train/images/dayride_type1_001.mp4#t=1125.jpg,AI/PlateDetector/datasets/raw/romanian_lp/dataset/train/annots/dayride_type1_001.mp4#t=1125.xml,ceab368618e7c99f0d4b38dcbe6b8fdc6eb7e3b4424877b2d77ee3e56637d2a2,ca41d0947801008bd3aa88af9be5c4508e66328d66e9009d4f029bc6856a1084,1280,720,1280,720,True,1,license-plate,0,REAL,False,license_plate,AI/PlateDetector/datasets/raw/romanian_lp/LICENSE,AI/PlateDetector/datasets/raw/romanian_lp/README.md
romanian_public_lp,train,dayride_type1_001.mp4#t=1126.jpg,dayride_type1_001.mp4#t=1126.xml,dayride_type1_001.mp4,1126,AI/PlateDetector/datasets/raw/romanian_lp/dataset/train/images/dayride_type1_001.mp4#t=1126.jpg,AI/PlateDetector/datasets/raw/romanian_lp/dataset/train/annots/dayride_type1_001.mp4#t=1126.xml,57906d9408d7a8d8679bce88356be71b505f9343337d75fba364da682853a136,ee3a5c144b7ce082b47a6534ad425bfc53f3a32641bb2a42953b02cb1d5c9c34,1280,720,1280,720,True,1,license-plate,0,REAL,False,license_plate,AI/PlateDetector/datasets/raw/romanian_lp/LICENSE,AI/PlateDetector/datasets/raw/romanian_lp/README.md
romanian_public_lp,train,dayride_type1_001.mp4#t=1127.jpg,dayride_type1_001.mp4#t=1127.xml,dayride_type1_001.mp4,1127,AI/PlateDetector/datasets/raw/romanian_lp/dataset/train/images/dayride_type1_001.mp4#t=1127.jpg,AI/PlateDetector/datasets/raw/romanian_lp/dataset/train/annots/dayride_type1_001.mp4#t=1127.xml,d198bfe6727393ba163a0accb2e302ab27f08cec35541891d248c4e04b0a89a8,e77f421420fb402e95c6a0206b15becbe82b191cb731c3fbd4aad4d11884251d,1280,720,1280,720,True,1,license-plate,0,REAL,False,license_plate,AI/PlateDetector/datasets/raw/romanian_lp/LICENSE,AI/PlateDetector/datasets/raw/romanian_lp/README.md
romanian_public_lp,train,dayride_type1_001.mp4#t=1129.jpg,dayride_type1_001.mp4#t=1129.xml,dayride_type1_001.mp4,1129,AI/PlateDetector/datasets/raw/romanian_lp/dataset/train/images/dayride_type1_001.mp4#t=1129.jpg,AI/PlateDetector/datasets/raw/romanian_lp/dataset/train/annots/dayride_type1_001.mp4#t=1129.xml,7191b7a5908c51fb1e6be7139acd18ed45634ce2c0b7a2141674e9967292a078,88adedd78ce60169cb24b39614b943b58170bef715f34501f2e944a44514fd62,1280,720,1280,720,True,2,license-plate,0,REAL,False,license_plate,AI/PlateDetector/datasets/raw/romanian_lp/LICENSE,AI/PlateDetector/datasets/raw/romanian_lp/README.md
romanian_public_lp,valid,dayride_type1_001.mp4#t=1130.jpg,dayride_type1_001.mp4#t=1130.xml,dayride_type1_001.mp4,1130,AI/PlateDetector/datasets/raw/romanian_lp/dataset/valid/images/dayride_type1_001.mp4#t=1130.jpg,AI/PlateDetector/datasets/raw/romanian_lp/dataset/valid/annots/dayride_type1_001.mp4#t=1130.xml,c411adbea4f6613ca779a1651785f24cc4c6f3f76a1d3a70ebbb40276d930ffc,e8a573ae8ad04dd74a7b2d40f7fd5af04cc741d85fb7330a1452125a0f34c678,1280,720,1280,720,True,2,license-plate,0,REAL,False,license_plate,AI/PlateDetector/datasets/raw/romanian_lp/LICENSE,AI/PlateDetector/datasets/raw/romanian_lp/README.md
romanian_public_lp,train,dayride_type1_001.mp4#t=1131.jpg,dayride_type1_001.mp4#t=1131.xml,dayride_type1_001.mp4,1131,AI/PlateDetector/datasets/raw/romanian_lp/dataset/train/images/dayride_type1_001.mp4#t=1131.jpg,AI/PlateDetector/datasets/raw/romanian_lp/dataset/train/annots/dayride_type1_001.mp4#t=1131.xml,bd7220cc59b7f5e88f920ef0634bce396a6ad9b57b7f93cbde5efc69d0ad0393,2daf11eafe6d99026aa293995caef99ce3c4c0d460577a61bf8bc27da8ba8d94,1280,720,1280,720,True,1,license-plate,0,REAL,False,license_plate,AI/PlateDetector/datasets/raw/romanian_lp/LICENSE,AI/PlateDetector/datasets/raw/romanian_lp/README.md
romanian_public_lp,train,dayride_type1_001.mp4#t=1132.jpg,dayride_type1_001.mp4#t=1132.xml,dayride_type1_001.mp4,1132,AI/PlateDetector/datasets/raw/romanian_lp/dataset/train/images/dayride_type1_001.mp4#t=1132.jpg,AI/PlateDetector/datasets/raw/romanian_lp/dataset/train/annots/dayride_type1_001.mp4#t=1132.xml,6a3c4975dbd07a27c2a39ac79b241f9265982ed81944343f49c5e1ee45c591d5,b6d541c7d6e0afdb92e968915fb06702472ace3023b9f0d73415cf21bf2ade8b,1280,720,1280,720,True,1,license-plate,0,REAL,False,license_plate,AI/PlateDetector/datasets/raw/romanian_lp/LICENSE,AI/PlateDetector/datasets/raw/romanian_lp/README.md
romanian_public_lp,valid,dayride_type1_001.mp4#t=1135.jpg,dayride_type1_001.mp4#t=1135.xml,dayride_type1_001.mp4,1135,AI/PlateDetector/datasets/raw/romanian_lp/dataset/valid/images/dayride_type1_001.mp4#t=1135.jpg,AI/PlateDetector/datasets/raw/romanian_lp/dataset/valid/annots/dayride_type1_001.mp4#t=1135.xml,598dbfda2ecf53b8703dc78d82de6d34049a61ff311ec2d1964ef853743e729e,67ba294aec4331ee33b7a2faa0860fc713f5e2cadd2860debd71e2ba24f7c632,1280,720,1280,720,True,1,license-plate,0,REAL,False,license_plate,AI/PlateDetector/datasets/raw/romanian_lp/LICENSE,AI/PlateDetector/datasets/raw/romanian_lp/README.md
romanian_public_lp,train,dayride_type1_001.mp4#t=1139.jpg,dayride_type1_001.mp4#t=1139.xml,dayride_type1_001.mp4,1139,AI/PlateDetector/datasets/raw/romanian_lp/dataset/train/images/dayride_type1_001.mp4#t=1139.jpg,AI/PlateDetector/datasets/raw/romanian_lp/dataset/train/annots/dayride_type1_001.mp4#t=1139.xml,f38db44dbfff77319747f603fd3bfbb7b9e3b1b8ba08528d075ef0f1a8653392,381ddfdf861e442b1d5c98d720eb679a753494b857333991eab0aba969438b38,1280,720,1280,720,True,1,license-plate,0,REAL,False,license_plate,AI/PlateDetector/datasets/raw/romanian_lp/LICENSE,AI/PlateDetector/datasets/raw/romanian_lp/README.md
romanian_public_lp,valid,dayride_type1_001.mp4#t=1141.jpg,dayride_type1_001.mp4#t=1141.xml,dayride_type1_001.mp4,1141,AI/PlateDetector/datasets/raw/romanian_lp/dataset/valid/images/dayride_type1_001.mp4#t=1141.jpg,AI/PlateDetector/datasets/raw/romanian_lp/dataset/valid/annots/dayride_type1_001.mp4#t=1141.xml,ad41156ab819f5cbe2bd72a3986ac6cfc9cc640ca792021828c1c219fceb949a,23cdf2cd2149b7b035fd7e8db9db10e030d4b658b4401c1e0abb18c508dda8a9,1280,720,1280,720,True,2,license-plate,0,REAL,False,license_plate,AI/PlateDetector/datasets/raw/romanian_lp/LICENSE,AI/PlateDetector/datasets/raw/romanian_lp/README.md
romanian_public_lp,train,dayride_type1_001.mp4#t=1142.jpg,dayride_type1_001.mp4#t=1142.xml,dayride_type1_001.mp4,1142,AI/PlateDetector/datasets/raw/romanian_lp/dataset/train/images/dayride_type1_001.mp4#t=1142.jpg,AI/PlateDetector/datasets/raw/romanian_lp/dataset/train/annots/dayride_type1_001.mp4#t=1142.xml,ea7969d9533ecb308eb790d52f3bf8b2349c6553bac5b49bfecaf029c5097a38,b4923e7846f375a27fd81ab05e2f6c27c7620672dcd686eb7c1dcccb7d10a3fc,1280,720,1280,720,True,2,license-plate,0,REAL,False,license_plate,AI/PlateDetector/datasets/raw/romanian_lp/LICENSE,AI/PlateDetector/datasets/raw/romanian_lp/README.md
romanian_public_lp,train,dayride_type1_001.mp4#t=1143.jpg,dayride_type1_001.mp4#t=1143.xml,dayride_type1_001.mp4,1143,AI/PlateDetector/datasets/raw/romanian_lp/dataset/train/images/dayride_type1_001.mp4#t=1143.jpg,AI/PlateDetector/datasets/raw/romanian_lp/dataset/train/annots/dayride_type1_001.mp4#t=1143.xml,9487b541bd897ed05983f58f15b6e0a7790703b13236c8d670acbd16b2e5530a,904ecdb1f5062bbacae9420998c02bd44d3831384a69dfcbd6fbce14c04e3fbd,1280,720,1280,720,True,1,license-plate,0,REAL,False,license_plate,AI/PlateDetector/datasets/raw/romanian_lp/LICENSE,AI/PlateDetector/datasets/raw/romanian_lp/README.md
romanian_public_lp,train,dayride_type1_001.mp4#t=1145.jpg,dayride_type1_001.mp4#t=1145.xml,dayride_type1_001.mp4,1145,AI/PlateDetector/datasets/raw/romanian_lp/dataset/train/images/dayride_type1_001.mp4#t=1145.jpg,AI/PlateDetector/datasets/raw/romanian_lp/dataset/train/annots/dayride_type1_001.mp4#t=1145.xml,09e03af3f241cf35ad5b6a477d4c1eaf0a78c1898c4e45b7688ed2abb7caf7c7,851a2c571740b7142a19f56cf5d93fb54fe97c68420979fbd347f4c650918750,1280,720,1280,720,True,1,license-plate,0,REAL,False,license_plate,AI/PlateDetector/datasets/raw/romanian_lp/LICENSE,AI/PlateDetector/datasets/raw/romanian_lp/README.md
romanian_public_lp,train,dayride_type1_001.mp4#t=1150.jpg,dayride_type1_001.mp4#t=1150.xml,dayride_type1_001.mp4,1150,AI/PlateDetector/datasets/raw/romanian_lp/dataset/train/images/dayride_type1_001.mp4#t=1150.jpg,AI/PlateDetector/datasets/raw/romanian_lp/dataset/train/annots/dayride_type1_001.mp4#t=1150.xml,ee592d1d9077d6374c633e09ae877bdca174df61ba7d84d8e486bbac3fe6136b,0b57a8bba868ee9e5f4977aebf20527f95c23a293f9a57c1a7566d5413b04554,1280,720,1280,720,True,2,license-plate,0,REAL,False,license_plate,AI/PlateDetector/datasets/raw/romanian_lp/LICENSE,AI/PlateDetector/datasets/raw/romanian_lp/README.md
romanian_public_lp,train,dayride_type1_001.mp4#t=1151.jpg,dayride_type1_001.mp4#t=1151.xml,dayride_type1_001.mp4,1151,AI/PlateDetector/datasets/raw/romanian_lp/dataset/train/images/dayride_type1_001.mp4#t=1151.jpg,AI/PlateDetector/datasets/raw/romanian_lp/dataset/train/annots/dayride_type1_001.mp4#t=1151.xml,528fa97f8aa7ca0970d52996b5142ba27c8e20ed6ae3e69762262ed5d4303d2b,e7fd87c2a5e9a0bf0c6644a6f4482baffca404fb44457a1f5a8d2db880759eb0,1280,720,1280,720,True,1,license-plate,0,REAL,False,license_plate,AI/PlateDetector/datasets/raw/romanian_lp/LICENSE,AI/PlateDetector/datasets/raw/romanian_lp/README.md
romanian_public_lp,train,dayride_type1_001.mp4#t=1157.jpg,dayride_type1_001.mp4#t=1157.xml,dayride_type1_001.mp4,1157,AI/PlateDetector/datasets/raw/romanian_lp/dataset/train/images/dayride_type1_001.mp4#t=1157.jpg,AI/PlateDetector/datasets/raw/romanian_lp/dataset/train/annots/dayride_type1_001.mp4#t=1157.xml,5b468966d3535cf9d6b813fde0425e253eec2be43fd485c088ac4d37f12b92c3,a13ce2ff7903712025e475408fb9682463c1631a16d76608c9b6d447204035db,1280,720,1280,720,True,2,license-plate,0,REAL,False,license_plate,AI/PlateDetector/datasets/raw/romanian_lp/LICENSE,AI/PlateDetector/datasets/raw/romanian_lp/README.md
romanian_public_lp,train,dayride_type1_001.mp4#t=1159.jpg,dayride_type1_001.mp4#t=1159.xml,dayride_type1_001.mp4,1159,AI/PlateDetector/datasets/raw/romanian_lp/dataset/train/images/dayride_type1_001.mp4#t=1159.jpg,AI/PlateDetector/datasets/raw/romanian_lp/dataset/train/annots/dayride_type1_001.mp4#t=1159.xml,4d40e78d8bc95e4df7dd167fced97561606ff68b80896cf5884ee7d7b5a4e5b1,a74f16cff462b747b346eef02d780e1cc89c08788696ecef44b46185436cd53e,1280,720,1280,720,True,2,license-plate,0,REAL,False,license_plate,AI/PlateDetector/datasets/raw/romanian_lp/LICENSE,AI/PlateDetector/datasets/raw/romanian_lp/README.md
romanian_public_lp,train,dayride_type1_001.mp4#t=1170.jpg,dayride_type1_001.mp4#t=1170.xml,dayride_type1_001.mp4,1170,AI/PlateDetector/datasets/raw/romanian_lp/dataset/train/images/dayride_type1_001.mp4#t=1170.jpg,AI/PlateDetector/datasets/raw/romanian_lp/dataset/train/annots/dayride_type1_001.mp4#t=1170.xml,febd800f4d4bd4980919a505eb07b021086d4084fa896a9e4ae63e98deaf29f5,0b6fe261dac19d031077d2e102d4e6b291a5144fcc4565354167be5d1c421298,1280,720,1280,720,True,1,license-plate,0,REAL,False,license_plate,AI/PlateDetector/datasets/raw/romanian_lp/LICENSE,AI/PlateDetector/datasets/raw/romanian_lp/README.md
romanian_public_lp,train,dayride_type1_001.mp4#t=1171.jpg,dayride_type1_001.mp4#t=1171.xml,dayride_type1_001.mp4,1171,AI/PlateDetector/datasets/raw/romanian_lp/dataset/train/images/dayride_type1_001.mp4#t=1171.jpg,AI/PlateDetector/datasets/raw/romanian_lp/dataset/train/annots/dayride_type1_001.mp4#t=1171.xml,2b16f1a4fa5ac577b2d0d8a10ef4b1dbe39741544151abfad38b0f8fcede4ae4,6323be25e313ef2fe935669aaf2ce10e1aa6bd7b015db628f9ca532a078c5be1,1280,720,1280,720,True,1,license-plate,0,REAL,False,license_plate,AI/PlateDetector/datasets/raw/romanian_lp/LICENSE,AI/PlateDetector/datasets/raw/romanian_lp/README.md
romanian_public_lp,train,dayride_type1_001.mp4#t=1172.jpg,dayride_type1_001.mp4#t=1172.xml,dayride_type1_001.mp4,1172,AI/PlateDetector/datasets/raw/romanian_lp/dataset/train/images/dayride_type1_001.mp4#t=1172.jpg,AI/PlateDetector/datasets/raw/romanian_lp/dataset/train/annots/dayride_type1_001.mp4#t=1172.xml,e32da31688904b0100de62711151b60e6b72bf707c2270a7369a7945eb0155da,4e12ba01c51c252ac87388e9c0197640f6e563e16538a01c42865027b83c3537,1280,720,1280,720,True,1,license-plate,0,REAL,False,license_plate,AI/PlateDetector/datasets/raw/romanian_lp/LICENSE,AI/PlateDetector/datasets/raw/romanian_lp/README.md
romanian_public_lp,valid,dayride_type1_001.mp4#t=1174.jpg,dayride_type1_001.mp4#t=1174.xml,dayride_type1_001.mp4,1174,AI/PlateDetector/datasets/raw/romanian_lp/dataset/valid/images/dayride_type1_001.mp4#t=1174.jpg,AI/PlateDetector/datasets/raw/romanian_lp/dataset/valid/annots/dayride_type1_001.mp4#t=1174.xml,d47b2d3f7cf4835fe1701d939c2f2b136828219524447274a9e5edeb593f9123,0c5fbc013667ee6edf0ca5d3a24f21e33c757ed130fa36ff3d99afa41c8304bd,1280,720,1280,720,True,1,license-plate,0,REAL,False,license_plate,AI/PlateDetector/datasets/raw/romanian_lp/LICENSE,AI/PlateDetector/datasets/raw/romanian_lp/README.md
romanian_public_lp,train,dayride_type1_001.mp4#t=1175.jpg,dayride_type1_001.mp4#t=1175.xml,dayride_type1_001.mp4,1175,AI/PlateDetector/datasets/raw/romanian_lp/dataset/train/images/dayride_type1_001.mp4#t=1175.jpg,AI/PlateDetector/datasets/raw/romanian_lp/dataset/train/annots/dayride_type1_001.mp4#t=1175.xml,3a5f16f5bb39e8571d5f6660bf2dd1a2d2f2d0e6f4ed792a074358fcd690680b,c52c1b41934e22ca2b38186227287ab6d49d3a2601b67b5a4e4e949147333137,1280,720,1280,720,True,1,license-plate,0,REAL,False,license_plate,AI/PlateDetector/datasets/raw/romanian_lp/LICENSE,AI/PlateDetector/datasets/raw/romanian_lp/README.md
romanian_public_lp,train,dayride_type1_001.mp4#t=1177.jpg,dayride_type1_001.mp4#t=1177.xml,dayride_type1_001.mp4,1177,AI/PlateDetector/datasets/raw/romanian_lp/dataset/train/images/dayride_type1_001.mp4#t=1177.jpg,AI/PlateDetector/datasets/raw/romanian_lp/dataset/train/annots/dayride_type1_001.mp4#t=1177.xml,522d9be80ac43184660469e690420e24bae8ab32a65ad13f2d19feffe09d0685,efd6d1bdb971f86f4e29c7fb137a9aeb30bc608cd1f2f08319573de064c3679d,1280,720,1280,720,True,1,license-plate,0,REAL,False,license_plate,AI/PlateDetector/datasets/raw/romanian_lp/LICENSE,AI/PlateDetector/datasets/raw/romanian_lp/README.md
romanian_public_lp,train,dayride_type1_001.mp4#t=1181.jpg,dayride_type1_001.mp4#t=1181.xml,dayride_type1_001.mp4,1181,AI/PlateDetector/datasets/raw/romanian_lp/dataset/train/images/dayride_type1_001.mp4#t=1181.jpg,AI/PlateDetector/datasets/raw/romanian_lp/dataset/train/annots/dayride_type1_001.mp4#t=1181.xml,4ad06bbd20d5221f57bfd23223d4c6de6bf6e13772ae7f7b3dca6b3b360e21d5,942eda192c0ef5d1d252346ae9db6c47bea5c4a26d0620c7110912814b418f27,1280,720,1280,720,True,2,license-plate,0,REAL,False,license_plate,AI/PlateDetector/datasets/raw/romanian_lp/LICENSE,AI/PlateDetector/datasets/raw/romanian_lp/README.md
romanian_public_lp,valid,dayride_type1_001.mp4#t=1182.jpg,dayride_type1_001.mp4#t=1182.xml,dayride_type1_001.mp4,1182,AI/PlateDetector/datasets/raw/romanian_lp/dataset/valid/images/dayride_type1_001.mp4#t=1182.jpg,AI/PlateDetector/datasets/raw/romanian_lp/dataset/valid/annots/dayride_type1_001.mp4#t=1182.xml,92f3e73036528afe4127a483174cb4ac056444b1f5fd2ed8379d13abea371eb5,117ffabfedc4d1d89e9ae0aec176110fca5cde1e5f65449aa825203b885bee32,1280,720,1280,720,True,2,license-plate,0,REAL,False,license_plate,AI/PlateDetector/datasets/raw/romanian_lp/LICENSE,AI/PlateDetector/datasets/raw/romanian_lp/README.md
romanian_public_lp,train,dayride_type1_001.mp4#t=1186.jpg,dayride_type1_001.mp4#t=1186.xml,dayride_type1_001.mp4,1186,AI/PlateDetector/datasets/raw/romanian_lp/dataset/train/images/dayride_type1_001.mp4#t=1186.jpg,AI/PlateDetector/datasets/raw/romanian_lp/dataset/train/annots/dayride_type1_001.mp4#t=1186.xml,0b2952568d0b191946f68d552307892be2cea521d142829a4ab002a29fdd1440,74427fe423ac0f16b29e2e4d06da300bb65733de83809c46ae7cd945ba9ae6e8,1280,720,1280,720,True,2,license-plate,0,REAL,False,license_plate,AI/PlateDetector/datasets/raw/romanian_lp/LICENSE,AI/PlateDetector/datasets/raw/romanian_lp/README.md
romanian_public_lp,valid,dayride_type1_001.mp4#t=1192.jpg,dayride_type1_001.mp4#t=1192.xml,dayride_type1_001.mp4,1192,AI/PlateDetector/datasets/raw/romanian_lp/dataset/valid/images/dayride_type1_001.mp4#t=1192.jpg,AI/PlateDetector/datasets/raw/romanian_lp/dataset/valid/annots/dayride_type1_001.mp4#t=1192.xml,221a5846c0f9070b888132ef35dffbe3ba10f15de60aa3f32fe7f6ec009cd5d6,94b73d73240d89628b2088bfc380f1f94eda5e635007e040e4cee5983a61923d,1280,720,1280,720,True,3,license-plate,0,REAL,False,license_plate,AI/PlateDetector/datasets/raw/romanian_lp/LICENSE,AI/PlateDetector/datasets/raw/romanian_lp/README.md
romanian_public_lp,valid,dayride_type1_001.mp4#t=1193.jpg,dayride_type1_001.mp4#t=1193.xml,dayride_type1_001.mp4,1193,AI/PlateDetector/datasets/raw/romanian_lp/dataset/valid/images/dayride_type1_001.mp4#t=1193.jpg,AI/PlateDetector/datasets/raw/romanian_lp/dataset/valid/annots/dayride_type1_001.mp4#t=1193.xml,61e6840c95f3211a8c2c29fefa14b4095732dbe539255dc05e33972778b7312b,768d31a038e17e3d06d874a0832a005117c0d38536e28f711ccbc0f4ff2ff874,1280,720,1280,720,True,2,license-plate,0,REAL,False,license_plate,AI/PlateDetector/datasets/raw/romanian_lp/LICENSE,AI/PlateDetector/datasets/raw/romanian_lp/README.md
romanian_public_lp,train,dayride_type1_001.mp4#t=1197.jpg,dayride_type1_001.mp4#t=1197.xml,dayride_type1_001.mp4,1197,AI/PlateDetector/datasets/raw/romanian_lp/dataset/train/images/dayride_type1_001.mp4#t=1197.jpg,AI/PlateDetector/datasets/raw/romanian_lp/dataset/train/annots/dayride_type1_001.mp4#t=1197.xml,054749a39d46653a0e9c3c4acda4369829a71107a6591994422f35e8df8ca4d6,33df50a858f2c611e8d15088319f987c0a13e087f2c26ebd8e3cfcb8fda82fc3,1280,720,1280,720,True,2,license-plate,0,REAL,False,license_plate,AI/PlateDetector/datasets/raw/romanian_lp/LICENSE,AI/PlateDetector/datasets/raw/romanian_lp/README.md
romanian_public_lp,valid,dayride_type1_001.mp4#t=1198.jpg,dayride_type1_001.mp4#t=1198.xml,dayride_type1_001.mp4,1198,AI/PlateDetector/datasets/raw/romanian_lp/dataset/valid/images/dayride_type1_001.mp4#t=1198.jpg,AI/PlateDetector/datasets/raw/romanian_lp/dataset/valid/annots/dayride_type1_001.mp4#t=1198.xml,8b6cef38ce0d9fd40689ecf2c7f3a9ab93577b6d8403343e7cd4e4726f146e6f,a7de964bdb50162eab913b00d6c032f6f3ac7ae27830a5855e27fb39d7f761d9,1280,720,1280,720,True,2,license-plate,0,REAL,False,license_plate,AI/PlateDetector/datasets/raw/romanian_lp/LICENSE,AI/PlateDetector/datasets/raw/romanian_lp/README.md
romanian_public_lp,train,dayride_type1_001.mp4#t=1199.jpg,dayride_type1_001.mp4#t=1199.xml,dayride_type1_001.mp4,1199,AI/PlateDetector/datasets/raw/romanian_lp/dataset/train/images/dayride_type1_001.mp4#t=1199.jpg,AI/PlateDetector/datasets/raw/romanian_lp/dataset/train/annots/dayride_type1_001.mp4#t=1199.xml,566a3e2e42574db7e63be00a05a18ac30d25c5321e441137ba93fe1213793323,1de4317da280cbf895cd859dc25b03288ec70408a721e372dcbadfa5c12831cc,1280,720,1280,720,True,1,license-plate,0,REAL,False,license_plate,AI/PlateDetector/datasets/raw/romanian_lp/LICENSE,AI/PlateDetector/datasets/raw/romanian_lp/README.md
romanian_public_lp,train,dayride_type1_001.mp4#t=1202.jpg,dayride_type1_001.mp4#t=1202.xml,dayride_type1_001.mp4,1202,AI/PlateDetector/datasets/raw/romanian_lp/dataset/train/images/dayride_type1_001.mp4#t=1202.jpg,AI/PlateDetector/datasets/raw/romanian_lp/dataset/train/annots/dayride_type1_001.mp4#t=1202.xml,dbe30044baccd08dd9cfb0012742ae62f1793f7f9dd965889978907b3d777f09,e61ec9ced2d8c666a787709dd4f1217a4b9fb19a38aed9d56eb4f054a1e40800,1280,720,1280,720,True,2,license-plate,0,REAL,False,license_plate,AI/PlateDetector/datasets/raw/romanian_lp/LICENSE,AI/PlateDetector/datasets/raw/romanian_lp/README.md
romanian_public_lp,train,dayride_type1_001.mp4#t=1203.jpg,dayride_type1_001.mp4#t=1203.xml,dayride_type1_001.mp4,1203,AI/PlateDetector/datasets/raw/romanian_lp/dataset/train/images/dayride_type1_001.mp4#t=1203.jpg,AI/PlateDetector/datasets/raw/romanian_lp/dataset/train/annots/dayride_type1_001.mp4#t=1203.xml,c33f9ae48da08f654d37b385d28e25ed5771c0c254be3b01e21afba2ac930db2,48960e679061bec345010d7939e588fa8f6ae6465960f0ecc538070756744c2f,1280,720,1280,720,True,2,license-plate,0,REAL,False,license_plate,AI/PlateDetector/datasets/raw/romanian_lp/LICENSE,AI/PlateDetector/datasets/raw/romanian_lp/README.md
romanian_public_lp,train,dayride_type1_001.mp4#t=1205.jpg,dayride_type1_001.mp4#t=1205.xml,dayride_type1_001.mp4,1205,AI/PlateDetector/datasets/raw/romanian_lp/dataset/train/images/dayride_type1_001.mp4#t=1205.jpg,AI/PlateDetector/datasets/raw/romanian_lp/dataset/train/annots/dayride_type1_001.mp4#t=1205.xml,7a7ac29f6dafea47008686e5a02f0faa17186cd3df4ea4340f660d96e6d6b669,d2d68a331c7a807bb35ec51d2581550c644ab2a9301860558233e36072c54d9d,1280,720,1280,720,True,3,license-plate,0,REAL,False,license_plate,AI/PlateDetector/datasets/raw/romanian_lp/LICENSE,AI/PlateDetector/datasets/raw/romanian_lp/README.md
romanian_public_lp,valid,dayride_type1_001.mp4#t=1206.jpg,dayride_type1_001.mp4#t=1206.xml,dayride_type1_001.mp4,1206,AI/PlateDetector/datasets/raw/romanian_lp/dataset/valid/images/dayride_type1_001.mp4#t=1206.jpg,AI/PlateDetector/datasets/raw/romanian_lp/dataset/valid/annots/dayride_type1_001.mp4#t=1206.xml,dee0011928e1c4c2fee177b3cab340d60ab6b1aead74ae887cbaad5feb4151ee,266c74f489fd49bf2702e7dbbfda636eb13124df2d423f87b6d101e722f7de91,1280,720,1280,720,True,2,license-plate,0,REAL,False,license_plate,AI/PlateDetector/datasets/raw/romanian_lp/LICENSE,AI/PlateDetector/datasets/raw/romanian_lp/README.md
romanian_public_lp,train,dayride_type1_001.mp4#t=1207.jpg,dayride_type1_001.mp4#t=1207.xml,dayride_type1_001.mp4,1207,AI/PlateDetector/datasets/raw/romanian_lp/dataset/train/images/dayride_type1_001.mp4#t=1207.jpg,AI/PlateDetector/datasets/raw/romanian_lp/dataset/train/annots/dayride_type1_001.mp4#t=1207.xml,c544a659efa2c5ba887f87ec406a8ef5839d430f3e2f1ef8e02edf5393f677f3,81872ad081f0a089a525141041a479e39d12c28ae92e19653513880d7b56c750,1280,720,1280,720,True,2,license-plate,0,REAL,False,license_plate,AI/PlateDetector/datasets/raw/romanian_lp/LICENSE,AI/PlateDetector/datasets/raw/romanian_lp/README.md
romanian_public_lp,train,dayride_type1_001.mp4#t=1208.jpg,dayride_type1_001.mp4#t=1208.xml,dayride_type1_001.mp4,1208,AI/PlateDetector/datasets/raw/romanian_lp/dataset/train/images/dayride_type1_001.mp4#t=1208.jpg,AI/PlateDetector/datasets/raw/romanian_lp/dataset/train/annots/dayride_type1_001.mp4#t=1208.xml,079570ac030475a59adb49fcf15d2317ed06ef0c8e2579c7d65690feb19e9a34,3b2f92bed0898d73b4a09a77913de2876ddbc1a7491de7a030924fa6521cb960,1280,720,1280,720,True,3,license-plate,0,REAL,False,license_plate,AI/PlateDetector/datasets/raw/romanian_lp/LICENSE,AI/PlateDetector/datasets/raw/romanian_lp/README.md
romanian_public_lp,train,dayride_type1_001.mp4#t=1209.jpg,dayride_type1_001.mp4#t=1209.xml,dayride_type1_001.mp4,1209,AI/PlateDetector/datasets/raw/romanian_lp/dataset/train/images/dayride_type1_001.mp4#t=1209.jpg,AI/PlateDetector/datasets/raw/romanian_lp/dataset/train/annots/dayride_type1_001.mp4#t=1209.xml,3b522145b2395fe951c054d483f08bc7a942db12dc87a146b8b9630a69a5a86d,b844f2eda86479fdcf9c83ea130d054d0931223eb8ad54e2d7272167661a4e02,1280,720,1280,720,True,2,license-plate,0,REAL,False,license_plate,AI/PlateDetector/datasets/raw/romanian_lp/LICENSE,AI/PlateDetector/datasets/raw/romanian_lp/README.md
romanian_public_lp,train,dayride_type1_001.mp4#t=1257.jpg,dayride_type1_001.mp4#t=1257.xml,dayride_type1_001.mp4,1257,AI/PlateDetector/datasets/raw/romanian_lp/dataset/train/images/dayride_type1_001.mp4#t=1257.jpg,AI/PlateDetector/datasets/raw/romanian_lp/dataset/train/annots/dayride_type1_001.mp4#t=1257.xml,b6b031325b8073f47c9de32de6b3812a377798f7932c488d7d39bd6125109e5c,951fc7602395cf2d2ed0f4b3fd4a4f227751ae0e7d0f9365d4dbfebd355a53fb,1280,720,1280,720,True,1,license-plate,0,REAL,False,license_plate,AI/PlateDetector/datasets/raw/romanian_lp/LICENSE,AI/PlateDetector/datasets/raw/romanian_lp/README.md
romanian_public_lp,train,dayride_type1_001.mp4#t=1259.jpg,dayride_type1_001.mp4#t=1259.xml,dayride_type1_001.mp4,1259,AI/PlateDetector/datasets/raw/romanian_lp/dataset/train/images/dayride_type1_001.mp4#t=1259.jpg,AI/PlateDetector/datasets/raw/romanian_lp/dataset/train/annots/dayride_type1_001.mp4#t=1259.xml,0d7e61a196e562feccb770b69528ce69193b1c127d13881dbe42b9b396cc70f3,b0a31b5f3ced047613a753745d9556f03098f28be21ab2a7ab7ace316204c12e,1280,720,1280,720,True,1,license-plate,0,REAL,False,license_plate,AI/PlateDetector/datasets/raw/romanian_lp/LICENSE,AI/PlateDetector/datasets/raw/romanian_lp/README.md
romanian_public_lp,train,dayride_type1_001.mp4#t=1260.jpg,dayride_type1_001.mp4#t=1260.xml,dayride_type1_001.mp4,1260,AI/PlateDetector/datasets/raw/romanian_lp/dataset/train/images/dayride_type1_001.mp4#t=1260.jpg,AI/PlateDetector/datasets/raw/romanian_lp/dataset/train/annots/dayride_type1_001.mp4#t=1260.xml,185739e6ed894474f19048bd40b1bbe0178384efda1daf40309784b59cde1ff0,4499332c216aa85c97fd44f0977013b3dc2935795bddc25d39b9dac4a9dd4e03,1280,720,1280,720,True,2,license-plate,0,REAL,False,license_plate,AI/PlateDetector/datasets/raw/romanian_lp/LICENSE,AI/PlateDetector/datasets/raw/romanian_lp/README.md
romanian_public_lp,train,dayride_type1_001.mp4#t=1261.jpg,dayride_type1_001.mp4#t=1261.xml,dayride_type1_001.mp4,1261,AI/PlateDetector/datasets/raw/romanian_lp/dataset/train/images/dayride_type1_001.mp4#t=1261.jpg,AI/PlateDetector/datasets/raw/romanian_lp/dataset/train/annots/dayride_type1_001.mp4#t=1261.xml,58a341bc5f09b08a48904cec3f08c310d1705fa147b191209d76edded7572ebf,da1ab2f9eb50869fa6b66aa206e044435e0361182a79c2937f8d5cfb675543fb,1280,720,1280,720,True,1,license-plate,0,REAL,False,license_plate,AI/PlateDetector/datasets/raw/romanian_lp/LICENSE,AI/PlateDetector/datasets/raw/romanian_lp/README.md
romanian_public_lp,train,dayride_type1_001.mp4#t=1297.jpg,dayride_type1_001.mp4#t=1297.xml,dayride_type1_001.mp4,1297,AI/PlateDetector/datasets/raw/romanian_lp/dataset/train/images/dayride_type1_001.mp4#t=1297.jpg,AI/PlateDetector/datasets/raw/romanian_lp/dataset/train/annots/dayride_type1_001.mp4#t=1297.xml,fd00672e1642d19692c5b518d23095efa58dde09ba70fae5cde1e3f575e37800,4d4133e0bb8c4d21ee39508661f84268258716be85845d16fd18d2c10ae61691,1280,720,1280,720,True,1,license-plate,0,REAL,False,license_plate,AI/PlateDetector/datasets/raw/romanian_lp/LICENSE,AI/PlateDetector/datasets/raw/romanian_lp/README.md
romanian_public_lp,train,dayride_type1_001.mp4#t=1299.jpg,dayride_type1_001.mp4#t=1299.xml,dayride_type1_001.mp4,1299,AI/PlateDetector/datasets/raw/romanian_lp/dataset/train/images/dayride_type1_001.mp4#t=1299.jpg,AI/PlateDetector/datasets/raw/romanian_lp/dataset/train/annots/dayride_type1_001.mp4#t=1299.xml,ed83bae7a67ae5d8ee125bf1257bac3d857c175a7bd3f1f6c24bf54919dcc51f,2b4907cf52d2c00bab72d96a0e2624a520a27823a06fae8acff887930c301e9a,1280,720,1280,720,True,1,license-plate,0,REAL,False,license_plate,AI/PlateDetector/datasets/raw/romanian_lp/LICENSE,AI/PlateDetector/datasets/raw/romanian_lp/README.md
romanian_public_lp,train,dayride_type1_001.mp4#t=1300.jpg,dayride_type1_001.mp4#t=1300.xml,dayride_type1_001.mp4,1300,AI/PlateDetector/datasets/raw/romanian_lp/dataset/train/images/dayride_type1_001.mp4#t=1300.jpg,AI/PlateDetector/datasets/raw/romanian_lp/dataset/train/annots/dayride_type1_001.mp4#t=1300.xml,bf0c8f03f2d915dcc7e9e799ddb96e48cd3e56c9929e3c094162765296ac6e55,94b1cb6be6d1cb8124cfcf90c04c13521035e7f7693dc5ef3f63e311ffb61d86,1280,720,1280,720,True,1,license-plate,0,REAL,False,license_plate,AI/PlateDetector/datasets/raw/romanian_lp/LICENSE,AI/PlateDetector/datasets/raw/romanian_lp/README.md
romanian_public_lp,train,dayride_type1_001.mp4#t=1301.jpg,dayride_type1_001.mp4#t=1301.xml,dayride_type1_001.mp4,1301,AI/PlateDetector/datasets/raw/romanian_lp/dataset/train/images/dayride_type1_001.mp4#t=1301.jpg,AI/PlateDetector/datasets/raw/romanian_lp/dataset/train/annots/dayride_type1_001.mp4#t=1301.xml,e1792b02d6d8075ba5affac6da9959bc42503fb6f88723894f9d5b8d6d8460a4,0acf4a1cd95d8c92747ac689306c13b6067628de433a29866bbad71744f8d413,1280,720,1280,720,True,1,license-plate,0,REAL,False,license_plate,AI/PlateDetector/datasets/raw/romanian_lp/LICENSE,AI/PlateDetector/datasets/raw/romanian_lp/README.md
romanian_public_lp,train,dayride_type1_001.mp4#t=1302.jpg,dayride_type1_001.mp4#t=1302.xml,dayride_type1_001.mp4,1302,AI/PlateDetector/datasets/raw/romanian_lp/dataset/train/images/dayride_type1_001.mp4#t=1302.jpg,AI/PlateDetector/datasets/raw/romanian_lp/dataset/train/annots/dayride_type1_001.mp4#t=1302.xml,c949a949ee1a9265597081add02848fd2000c3be7eb8abb959ae1e943355639c,87c3f56432428ff15503dc9c6007f8af33e653555737228926979cc5dc93e769,1280,720,1280,720,True,1,license-plate,0,REAL,False,license_plate,AI/PlateDetector/datasets/raw/romanian_lp/LICENSE,AI/PlateDetector/datasets/raw/romanian_lp/README.md
romanian_public_lp,train,dayride_type1_001.mp4#t=1304.jpg,dayride_type1_001.mp4#t=1304.xml,dayride_type1_001.mp4,1304,AI/PlateDetector/datasets/raw/romanian_lp/dataset/train/images/dayride_type1_001.mp4#t=1304.jpg,AI/PlateDetector/datasets/raw/romanian_lp/dataset/train/annots/dayride_type1_001.mp4#t=1304.xml,f16d479d3fb69ccb9342fddccb80d446c0ed13721ac08505e24af2bc87c5ae53,3585dc7ad65521897c2838f7d2654f404139993cf59a1180d9a18654e75139cc,1280,720,1280,720,True,1,license-plate,0,REAL,False,license_plate,AI/PlateDetector/datasets/raw/romanian_lp/LICENSE,AI/PlateDetector/datasets/raw/romanian_lp/README.md
romanian_public_lp,train,dayride_type1_001.mp4#t=1309.jpg,dayride_type1_001.mp4#t=1309.xml,dayride_type1_001.mp4,1309,AI/PlateDetector/datasets/raw/romanian_lp/dataset/train/images/dayride_type1_001.mp4#t=1309.jpg,AI/PlateDetector/datasets/raw/romanian_lp/dataset/train/annots/dayride_type1_001.mp4#t=1309.xml,c09bbac7d76027c34524906435e85a7dc8bc9d42a162324ef36328b4acfe7862,073dc943055a171073fe547998ac1b368d45bd950d80d82dda9aa392361f7cdc,1280,720,1280,720,True,1,license-plate,0,REAL,False,license_plate,AI/PlateDetector/datasets/raw/romanian_lp/LICENSE,AI/PlateDetector/datasets/raw/romanian_lp/README.md
romanian_public_lp,train,dayride_type1_001.mp4#t=1310.jpg,dayride_type1_001.mp4#t=1310.xml,dayride_type1_001.mp4,1310,AI/PlateDetector/datasets/raw/romanian_lp/dataset/train/images/dayride_type1_001.mp4#t=1310.jpg,AI/PlateDetector/datasets/raw/romanian_lp/dataset/train/annots/dayride_type1_001.mp4#t=1310.xml,118574c50548b73c705c198c2e87deadb0f2968aea23468474ad05e019f95265,540888552746ba5ebc2fe72de82775b8434a20a32cce02b0437b2bcb94170309,1280,720,1280,720,True,1,license-plate,0,REAL,False,license_plate,AI/PlateDetector/datasets/raw/romanian_lp/LICENSE,AI/PlateDetector/datasets/raw/romanian_lp/README.md
romanian_public_lp,train,dayride_type1_001.mp4#t=1316.jpg,dayride_type1_001.mp4#t=1316.xml,dayride_type1_001.mp4,1316,AI/PlateDetector/datasets/raw/romanian_lp/dataset/train/images/dayride_type1_001.mp4#t=1316.jpg,AI/PlateDetector/datasets/raw/romanian_lp/dataset/train/annots/dayride_type1_001.mp4#t=1316.xml,211f307887de59a60e7c5cd78abed67a5608fd7b5aef97e64aa938a1c30c90a8,6383c5906212966250363b27f9b6bd067401d64aea66f7e350af5e3d125fd08f,1280,720,1280,720,True,2,license-plate,0,REAL,False,license_plate,AI/PlateDetector/datasets/raw/romanian_lp/LICENSE,AI/PlateDetector/datasets/raw/romanian_lp/README.md
romanian_public_lp,train,dayride_type1_001.mp4#t=1317.jpg,dayride_type1_001.mp4#t=1317.xml,dayride_type1_001.mp4,1317,AI/PlateDetector/datasets/raw/romanian_lp/dataset/train/images/dayride_type1_001.mp4#t=1317.jpg,AI/PlateDetector/datasets/raw/romanian_lp/dataset/train/annots/dayride_type1_001.mp4#t=1317.xml,06d55a68253a431059f627273aae8fdc87e54221d4b92b21ed2cde6dda34e9b2,77cbd6885e64512f18ebe2f595f77a96403b29fba2419ac926d9e6d26a75e258,1280,720,1280,720,True,1,license-plate,0,REAL,False,license_plate,AI/PlateDetector/datasets/raw/romanian_lp/LICENSE,AI/PlateDetector/datasets/raw/romanian_lp/README.md
romanian_public_lp,train,dayride_type1_001.mp4#t=1353.jpg,dayride_type1_001.mp4#t=1353.xml,dayride_type1_001.mp4,1353,AI/PlateDetector/datasets/raw/romanian_lp/dataset/train/images/dayride_type1_001.mp4#t=1353.jpg,AI/PlateDetector/datasets/raw/romanian_lp/dataset/train/annots/dayride_type1_001.mp4#t=1353.xml,68b9e1695a8486feb8c5009e5c47a50c0435b1eca76f42b794542d55edaa7534,211010b042adf45a599153433dec5fc03235bca3d11678fc580233856d129626,1280,720,1280,720,True,2,license-plate,0,REAL,False,license_plate,AI/PlateDetector/datasets/raw/romanian_lp/LICENSE,AI/PlateDetector/datasets/raw/romanian_lp/README.md
romanian_public_lp,train,dayride_type1_001.mp4#t=1354.jpg,dayride_type1_001.mp4#t=1354.xml,dayride_type1_001.mp4,1354,AI/PlateDetector/datasets/raw/romanian_lp/dataset/train/images/dayride_type1_001.mp4#t=1354.jpg,AI/PlateDetector/datasets/raw/romanian_lp/dataset/train/annots/dayride_type1_001.mp4#t=1354.xml,3e40eae80980952c0eb17d13dcb14bed254d64c547056466d5f4988551ad18bb,5fb4122ca4e8362528b3aa072a4951f50af3ce4d6935de5cd234bbec9f06ff6e,1280,720,1280,720,True,1,license-plate,0,REAL,False,license_plate,AI/PlateDetector/datasets/raw/romanian_lp/LICENSE,AI/PlateDetector/datasets/raw/romanian_lp/README.md
romanian_public_lp,train,dayride_type1_001.mp4#t=1356.jpg,dayride_type1_001.mp4#t=1356.xml,dayride_type1_001.mp4,1356,AI/PlateDetector/datasets/raw/romanian_lp/dataset/train/images/dayride_type1_001.mp4#t=1356.jpg,AI/PlateDetector/datasets/raw/romanian_lp/dataset/train/annots/dayride_type1_001.mp4#t=1356.xml,64ce3b21d353660b34963b1c2bf298af37ae3213feca6cb0b918932cd01e624b,43549753b274c8941667aea7af89b5fb6e1dac40aa49c4a4793f1266758e9695,1280,720,1280,720,True,1,license-plate,0,REAL,False,license_plate,AI/PlateDetector/datasets/raw/romanian_lp/LICENSE,AI/PlateDetector/datasets/raw/romanian_lp/README.md
romanian_public_lp,train,dayride_type1_001.mp4#t=1357.jpg,dayride_type1_001.mp4#t=1357.xml,dayride_type1_001.mp4,1357,AI/PlateDetector/datasets/raw/romanian_lp/dataset/train/images/dayride_type1_001.mp4#t=1357.jpg,AI/PlateDetector/datasets/raw/romanian_lp/dataset/train/annots/dayride_type1_001.mp4#t=1357.xml,10a1346d3df8a12254d080c2adb6312006ff0e1e73944da35f87969e01d67bcc,cbc0837e7358e329ebdde32f9572d93b9f713c00ec5bdf50ddc4e174a890e664,1280,720,1280,720,True,1,license-plate,0,REAL,False,license_plate,AI/PlateDetector/datasets/raw/romanian_lp/LICENSE,AI/PlateDetector/datasets/raw/romanian_lp/README.md
romanian_public_lp,train,dayride_type1_001.mp4#t=1371.jpg,dayride_type1_001.mp4#t=1371.xml,dayride_type1_001.mp4,1371,AI/PlateDetector/datasets/raw/romanian_lp/dataset/train/images/dayride_type1_001.mp4#t=1371.jpg,AI/PlateDetector/datasets/raw/romanian_lp/dataset/train/annots/dayride_type1_001.mp4#t=1371.xml,1d0a25532149487fe3eedd300d7121c64e0c9ea31fc8d5649f03baed932894a4,65ab2184a77facba0c81d993d2394b815842abb7fbd985175d056f8f3cb5e3fc,1280,720,1280,720,True,1,license-plate,0,REAL,False,license_plate,AI/PlateDetector/datasets/raw/romanian_lp/LICENSE,AI/PlateDetector/datasets/raw/romanian_lp/README.md
romanian_public_lp,train,dayride_type1_001.mp4#t=1372.jpg,dayride_type1_001.mp4#t=1372.xml,dayride_type1_001.mp4,1372,AI/PlateDetector/datasets/raw/romanian_lp/dataset/train/images/dayride_type1_001.mp4#t=1372.jpg,AI/PlateDetector/datasets/raw/romanian_lp/dataset/train/annots/dayride_type1_001.mp4#t=1372.xml,a93df87eae6bde8fbe0c5cf9305071d1e63ca89482424bafe2bc3227c03c0631,cf0d254f1b2815ddf5ecf5997cac4247cc809aa03cf92955291afdf16ed97c29,1280,720,1280,720,True,1,license-plate,0,REAL,False,license_plate,AI/PlateDetector/datasets/raw/romanian_lp/LICENSE,AI/PlateDetector/datasets/raw/romanian_lp/README.md
romanian_public_lp,train,dayride_type1_001.mp4#t=1390.jpg,dayride_type1_001.mp4#t=1390.xml,dayride_type1_001.mp4,1390,AI/PlateDetector/datasets/raw/romanian_lp/dataset/train/images/dayride_type1_001.mp4#t=1390.jpg,AI/PlateDetector/datasets/raw/romanian_lp/dataset/train/annots/dayride_type1_001.mp4#t=1390.xml,73f963b78e0d694a57b4092f3ea718905e19143ce1ccb4059f9b308fcac854f8,8127b50c392150dfc01e9e275187dbe3a194c12dae904754e31bbddbbc491853,1280,720,1280,720,True,1,license-plate,0,REAL,False,license_plate,AI/PlateDetector/datasets/raw/romanian_lp/LICENSE,AI/PlateDetector/datasets/raw/romanian_lp/README.md
romanian_public_lp,train,dayride_type1_001.mp4#t=1391.jpg,dayride_type1_001.mp4#t=1391.xml,dayride_type1_001.mp4,1391,AI/PlateDetector/datasets/raw/romanian_lp/dataset/train/images/dayride_type1_001.mp4#t=1391.jpg,AI/PlateDetector/datasets/raw/romanian_lp/dataset/train/annots/dayride_type1_001.mp4#t=1391.xml,45b6472609425bd24dbcd1e4881774ef50675270b51c3c6f71157768dce7930f,c5e88b0fb6e8583d4f0b56c576146adb7c8a25ecd423d388e282731f75b4f536,1280,720,1280,720,True,1,license-plate,0,REAL,False,license_plate,AI/PlateDetector/datasets/raw/romanian_lp/LICENSE,AI/PlateDetector/datasets/raw/romanian_lp/README.md
romanian_public_lp,valid,dayride_type1_001.mp4#t=1392.jpg,dayride_type1_001.mp4#t=1392.xml,dayride_type1_001.mp4,1392,AI/PlateDetector/datasets/raw/romanian_lp/dataset/valid/images/dayride_type1_001.mp4#t=1392.jpg,AI/PlateDetector/datasets/raw/romanian_lp/dataset/valid/annots/dayride_type1_001.mp4#t=1392.xml,e4856bbf60744855042dd3e7b0bb2f06ac01361f7ddb213dbaca73809cf1e304,b0a068dd662a93bddc592f33661806117e3bede46d5aa030e5a22db8146dc261,1280,720,1280,720,True,1,license-plate,0,REAL,False,license_plate,AI/PlateDetector/datasets/raw/romanian_lp/LICENSE,AI/PlateDetector/datasets/raw/romanian_lp/README.md
romanian_public_lp,train,dayride_type1_001.mp4#t=1393.jpg,dayride_type1_001.mp4#t=1393.xml,dayride_type1_001.mp4,1393,AI/PlateDetector/datasets/raw/romanian_lp/dataset/train/images/dayride_type1_001.mp4#t=1393.jpg,AI/PlateDetector/datasets/raw/romanian_lp/dataset/train/annots/dayride_type1_001.mp4#t=1393.xml,ebdbd4c144eb6911f40159322cc72ab8ce5900a4ec2d9528eeb9bfccdf9d9a2e,01748a75d3e1099449a1cc0ec15ed2b96e767006c98587c45b813dba2b1dcdbb,1280,720,1280,720,True,1,license-plate,0,REAL,False,license_plate,AI/PlateDetector/datasets/raw/romanian_lp/LICENSE,AI/PlateDetector/datasets/raw/romanian_lp/README.md
romanian_public_lp,train,dayride_type1_001.mp4#t=1394.jpg,dayride_type1_001.mp4#t=1394.xml,dayride_type1_001.mp4,1394,AI/PlateDetector/datasets/raw/romanian_lp/dataset/train/images/dayride_type1_001.mp4#t=1394.jpg,AI/PlateDetector/datasets/raw/romanian_lp/dataset/train/annots/dayride_type1_001.mp4#t=1394.xml,49252e57d2f9ce407e4e63e64857ae39735bccabb867f5dd3cb0c3b34ce30825,08e87998adb3c367d9cb85c9d5fa4d9a3050b3aa0a7116d45933dffd6adb9450,1280,720,1280,720,True,1,license-plate,0,REAL,False,license_plate,AI/PlateDetector/datasets/raw/romanian_lp/LICENSE,AI/PlateDetector/datasets/raw/romanian_lp/README.md
romanian_public_lp,train,dayride_type1_001.mp4#t=1395.jpg,dayride_type1_001.mp4#t=1395.xml,dayride_type1_001.mp4,1395,AI/PlateDetector/datasets/raw/romanian_lp/dataset/train/images/dayride_type1_001.mp4#t=1395.jpg,AI/PlateDetector/datasets/raw/romanian_lp/dataset/train/annots/dayride_type1_001.mp4#t=1395.xml,231f8539b0acf28d772a447df74f1214fb8a74bbb32700fe04920a9e145e5c77,33ec1a69dd760b657636039b8061104a41f7caf03d2c0bdaf624995f30b1908a,1280,720,1280,720,True,1,license-plate,0,REAL,False,license_plate,AI/PlateDetector/datasets/raw/romanian_lp/LICENSE,AI/PlateDetector/datasets/raw/romanian_lp/README.md
romanian_public_lp,valid,dayride_type1_001.mp4#t=1396.jpg,dayride_type1_001.mp4#t=1396.xml,dayride_type1_001.mp4,1396,AI/PlateDetector/datasets/raw/romanian_lp/dataset/valid/images/dayride_type1_001.mp4#t=1396.jpg,AI/PlateDetector/datasets/raw/romanian_lp/dataset/valid/annots/dayride_type1_001.mp4#t=1396.xml,aab45ec5a037e8eb31f6f4fdf51cec8385bf1fc439c83bc4a53fc0de8b41071a,35357e549be8c1e18d8c1a23b863f797c637b30f1e0d28a6c02610519bc3c835,1280,720,1280,720,True,1,license-plate,0,REAL,False,license_plate,AI/PlateDetector/datasets/raw/romanian_lp/LICENSE,AI/PlateDetector/datasets/raw/romanian_lp/README.md
romanian_public_lp,train,dayride_type1_001.mp4#t=1397.jpg,dayride_type1_001.mp4#t=1397.xml,dayride_type1_001.mp4,1397,AI/PlateDetector/datasets/raw/romanian_lp/dataset/train/images/dayride_type1_001.mp4#t=1397.jpg,AI/PlateDetector/datasets/raw/romanian_lp/dataset/train/annots/dayride_type1_001.mp4#t=1397.xml,a45c83a09e643952300cb92f3b22a77bc568dee917a6cedbce876f237144c621,8b211daa203c09c5b6978c8db2225c423f339368c2bf2af696eabfa606ed2aa4,1280,720,1280,720,True,1,license-plate,0,REAL,False,license_plate,AI/PlateDetector/datasets/raw/romanian_lp/LICENSE,AI/PlateDetector/datasets/raw/romanian_lp/README.md
romanian_public_lp,train,dayride_type1_001.mp4#t=1398.jpg,dayride_type1_001.mp4#t=1398.xml,dayride_type1_001.mp4,1398,AI/PlateDetector/datasets/raw/romanian_lp/dataset/train/images/dayride_type1_001.mp4#t=1398.jpg,AI/PlateDetector/datasets/raw/romanian_lp/dataset/train/annots/dayride_type1_001.mp4#t=1398.xml,2e7b3fa6312525cb5d8a5a72e92937f9cafca363355d9edfa2612b23f132f56f,e56a30397a50bd4fb9f7055ae5ea350a8deb8f448d9aef6c81dadc1b38a22301,1280,720,1280,720,True,1,license-plate,0,REAL,False,license_plate,AI/PlateDetector/datasets/raw/romanian_lp/LICENSE,AI/PlateDetector/datasets/raw/romanian_lp/README.md
romanian_public_lp,train,dayride_type1_001.mp4#t=1399.jpg,dayride_type1_001.mp4#t=1399.xml,dayride_type1_001.mp4,1399,AI/PlateDetector/datasets/raw/romanian_lp/dataset/train/images/dayride_type1_001.mp4#t=1399.jpg,AI/PlateDetector/datasets/raw/romanian_lp/dataset/train/annots/dayride_type1_001.mp4#t=1399.xml,1f4a5af8e9ad362c4daae483da6b2e84a9ea70f56efab369e009c37370626a20,2cb5647a804600d7ef3123e636a7bc763fb3cec20a17513b8cfc50abe7bc7615,1280,720,1280,720,True,1,license-plate,0,REAL,False,license_plate,AI/PlateDetector/datasets/raw/romanian_lp/LICENSE,AI/PlateDetector/datasets/raw/romanian_lp/README.md
romanian_public_lp,train,dayride_type1_001.mp4#t=1400.jpg,dayride_type1_001.mp4#t=1400.xml,dayride_type1_001.mp4,1400,AI/PlateDetector/datasets/raw/romanian_lp/dataset/train/images/dayride_type1_001.mp4#t=1400.jpg,AI/PlateDetector/datasets/raw/romanian_lp/dataset/train/annots/dayride_type1_001.mp4#t=1400.xml,611dd1b331a18c5b62c7115a5da16d7574e7147171fe27023f2eeb6b8386387f,d4d73400f84c7b7366c79c02c811c21d2bb0f563e655df9b037fbef0a1bfd426,1280,720,1280,720,True,1,license-plate,0,REAL,False,license_plate,AI/PlateDetector/datasets/raw/romanian_lp/LICENSE,AI/PlateDetector/datasets/raw/romanian_lp/README.md
romanian_public_lp,valid,dayride_type1_001.mp4#t=1412.jpg,dayride_type1_001.mp4#t=1412.xml,dayride_type1_001.mp4,1412,AI/PlateDetector/datasets/raw/romanian_lp/dataset/valid/images/dayride_type1_001.mp4#t=1412.jpg,AI/PlateDetector/datasets/raw/romanian_lp/dataset/valid/annots/dayride_type1_001.mp4#t=1412.xml,6d233964cdd3fda6dff494fce996b20004c335deaf1d92cffd3cc0274ea3c306,c3890fe7bb8c9aed702b52665fcf3c3cbc8dfedf7be84b57ce00fff8f1f96813,1280,720,1280,720,True,1,license-plate,0,REAL,False,license_plate,AI/PlateDetector/datasets/raw/romanian_lp/LICENSE,AI/PlateDetector/datasets/raw/romanian_lp/README.md
romanian_public_lp,train,dayride_type1_001.mp4#t=1413.jpg,dayride_type1_001.mp4#t=1413.xml,dayride_type1_001.mp4,1413,AI/PlateDetector/datasets/raw/romanian_lp/dataset/train/images/dayride_type1_001.mp4#t=1413.jpg,AI/PlateDetector/datasets/raw/romanian_lp/dataset/train/annots/dayride_type1_001.mp4#t=1413.xml,074d55668273695cfb431414576f9d6f9fc60874f37a64636341dd66e6790e33,aba8d40fe02fc5ba28e0ba71d05a1f6a878f462ae6478350bdad2a8a52c9ee1e,1280,720,1280,720,True,1,license-plate,0,REAL,False,license_plate,AI/PlateDetector/datasets/raw/romanian_lp/LICENSE,AI/PlateDetector/datasets/raw/romanian_lp/README.md
romanian_public_lp,train,dayride_type1_001.mp4#t=1414.jpg,dayride_type1_001.mp4#t=1414.xml,dayride_type1_001.mp4,1414,AI/PlateDetector/datasets/raw/romanian_lp/dataset/train/images/dayride_type1_001.mp4#t=1414.jpg,AI/PlateDetector/datasets/raw/romanian_lp/dataset/train/annots/dayride_type1_001.mp4#t=1414.xml,6a74899c5de74a603e465c15d973d92100e8d82d8218320ea206075858e98f31,944e0ed7d673e1b03de7f9e90ded60cbe646d43a235d14279bfb66fba41884ed,1280,720,1280,720,True,2,license-plate,0,REAL,False,license_plate,AI/PlateDetector/datasets/raw/romanian_lp/LICENSE,AI/PlateDetector/datasets/raw/romanian_lp/README.md
romanian_public_lp,train,dayride_type1_001.mp4#t=1449.jpg,dayride_type1_001.mp4#t=1449.xml,dayride_type1_001.mp4,1449,AI/PlateDetector/datasets/raw/romanian_lp/dataset/train/images/dayride_type1_001.mp4#t=1449.jpg,AI/PlateDetector/datasets/raw/romanian_lp/dataset/train/annots/dayride_type1_001.mp4#t=1449.xml,3ee4a3ea13c3a775df9a06fdd3d9d963f23ee0a210b7be38fab8cdd45a5a43c3,2cce04399827339a045447036f23168a232ac00629e52920b487d8d0b7f5823a,1280,720,1280,720,True,1,license-plate,0,REAL,False,license_plate,AI/PlateDetector/datasets/raw/romanian_lp/LICENSE,AI/PlateDetector/datasets/raw/romanian_lp/README.md
romanian_public_lp,valid,dayride_type1_001.mp4#t=1456.jpg,dayride_type1_001.mp4#t=1456.xml,dayride_type1_001.mp4,1456,AI/PlateDetector/datasets/raw/romanian_lp/dataset/valid/images/dayride_type1_001.mp4#t=1456.jpg,AI/PlateDetector/datasets/raw/romanian_lp/dataset/valid/annots/dayride_type1_001.mp4#t=1456.xml,fa90e9158de24b00f2d76574c8c32e66c3973541ae87c29785b2fdabb77051ac,d4febeba8b06aa4b9763458dfeecebf5ab5670c7cd0890f929188a2e67f55e54,1280,720,1280,720,True,1,license-plate,0,REAL,False,license_plate,AI/PlateDetector/datasets/raw/romanian_lp/LICENSE,AI/PlateDetector/datasets/raw/romanian_lp/README.md
romanian_public_lp,valid,dayride_type1_001.mp4#t=1458.jpg,dayride_type1_001.mp4#t=1458.xml,dayride_type1_001.mp4,1458,AI/PlateDetector/datasets/raw/romanian_lp/dataset/valid/images/dayride_type1_001.mp4#t=1458.jpg,AI/PlateDetector/datasets/raw/romanian_lp/dataset/valid/annots/dayride_type1_001.mp4#t=1458.xml,66062e688f74938a24a0d899387d70869ef712bb42feaa9c6978001840be1a3b,2173d789f00c7d2259fb3aa23c01933166bd4da777e2bbd530f5df630d91e9a9,1280,720,1280,720,True,1,license-plate,0,REAL,False,license_plate,AI/PlateDetector/datasets/raw/romanian_lp/LICENSE,AI/PlateDetector/datasets/raw/romanian_lp/README.md
romanian_public_lp,train,dayride_type1_001.mp4#t=1462.jpg,dayride_type1_001.mp4#t=1462.xml,dayride_type1_001.mp4,1462,AI/PlateDetector/datasets/raw/romanian_lp/dataset/train/images/dayride_type1_001.mp4#t=1462.jpg,AI/PlateDetector/datasets/raw/romanian_lp/dataset/train/annots/dayride_type1_001.mp4#t=1462.xml,0ca5aecf0e99db35dbfff4873d113fc076abe39cba013ac88ec64029fe615a84,57b26e1318086c7195416bc678ce25312c90e756adfc7d86035154ed3ea871ea,1280,720,1280,720,True,1,license-plate,0,REAL,False,license_plate,AI/PlateDetector/datasets/raw/romanian_lp/LICENSE,AI/PlateDetector/datasets/raw/romanian_lp/README.md
romanian_public_lp,train,dayride_type1_001.mp4#t=1463.jpg,dayride_type1_001.mp4#t=1463.xml,dayride_type1_001.mp4,1463,AI/PlateDetector/datasets/raw/romanian_lp/dataset/train/images/dayride_type1_001.mp4#t=1463.jpg,AI/PlateDetector/datasets/raw/romanian_lp/dataset/train/annots/dayride_type1_001.mp4#t=1463.xml,d032626bacc3aececeab99bc4e3a40897840d7517433c2eccf092aab26fb70c0,974cc0b840d488485d44051eaec872d6eda522de5dd4bad9dde2ecd3dfa4bf8e,1280,720,1280,720,True,1,license-plate,0,REAL,False,license_plate,AI/PlateDetector/datasets/raw/romanian_lp/LICENSE,AI/PlateDetector/datasets/raw/romanian_lp/README.md
romanian_public_lp,train,dayride_type1_001.mp4#t=1464.jpg,dayride_type1_001.mp4#t=1464.xml,dayride_type1_001.mp4,1464,AI/PlateDetector/datasets/raw/romanian_lp/dataset/train/images/dayride_type1_001.mp4#t=1464.jpg,AI/PlateDetector/datasets/raw/romanian_lp/dataset/train/annots/dayride_type1_001.mp4#t=1464.xml,de9bb8330ce00dcd9a312cfee628ea8e0419245c3e107aedeb98ccf0439e06a0,cffd5f7e492159c124507cec8bc1d1d3f7e6c1039604ff6cbd2660eee09b8273,1280,720,1280,720,True,1,license-plate,0,REAL,False,license_plate,AI/PlateDetector/datasets/raw/romanian_lp/LICENSE,AI/PlateDetector/datasets/raw/romanian_lp/README.md
romanian_public_lp,train,dayride_type1_001.mp4#t=1465.jpg,dayride_type1_001.mp4#t=1465.xml,dayride_type1_001.mp4,1465,AI/PlateDetector/datasets/raw/romanian_lp/dataset/train/images/dayride_type1_001.mp4#t=1465.jpg,AI/PlateDetector/datasets/raw/romanian_lp/dataset/train/annots/dayride_type1_001.mp4#t=1465.xml,0cf47da9b82ae0d0c7a82a29d40942ef600b69cb2c80867c9dad49f7c5431ef2,d71f222610c930340fe455298151d669840e41a3b9d8c73471a7a7bb5c9d91fa,1280,720,1280,720,True,1,license-plate,0,REAL,False,license_plate,AI/PlateDetector/datasets/raw/romanian_lp/LICENSE,AI/PlateDetector/datasets/raw/romanian_lp/README.md
romanian_public_lp,train,dayride_type1_001.mp4#t=1466.jpg,dayride_type1_001.mp4#t=1466.xml,dayride_type1_001.mp4,1466,AI/PlateDetector/datasets/raw/romanian_lp/dataset/train/images/dayride_type1_001.mp4#t=1466.jpg,AI/PlateDetector/datasets/raw/romanian_lp/dataset/train/annots/dayride_type1_001.mp4#t=1466.xml,c0d0d9e38f60e15a08e6e2074a70fb3706b26319b2085c23e84306cf19adcb65,30ba2c0f4bbc683afd96e18045e51579fa792b518f475a608dbc393126cc6bf2,1280,720,1280,720,True,1,license-plate,0,REAL,False,license_plate,AI/PlateDetector/datasets/raw/romanian_lp/LICENSE,AI/PlateDetector/datasets/raw/romanian_lp/README.md
romanian_public_lp,train,dayride_type1_001.mp4#t=1468.jpg,dayride_type1_001.mp4#t=1468.xml,dayride_type1_001.mp4,1468,AI/PlateDetector/datasets/raw/romanian_lp/dataset/train/images/dayride_type1_001.mp4#t=1468.jpg,AI/PlateDetector/datasets/raw/romanian_lp/dataset/train/annots/dayride_type1_001.mp4#t=1468.xml,a566cf9ca6270110fc28b918ebe89a3d70ad747138221b2f944340d488d31300,02e299ef5976cd5f549900a543ee63d6ec2ef55286f889cd61f9682ed47752d9,1280,720,1280,720,True,1,license-plate,0,REAL,False,license_plate,AI/PlateDetector/datasets/raw/romanian_lp/LICENSE,AI/PlateDetector/datasets/raw/romanian_lp/README.md
romanian_public_lp,train,dayride_type1_001.mp4#t=1469.jpg,dayride_type1_001.mp4#t=1469.xml,dayride_type1_001.mp4,1469,AI/PlateDetector/datasets/raw/romanian_lp/dataset/train/images/dayride_type1_001.mp4#t=1469.jpg,AI/PlateDetector/datasets/raw/romanian_lp/dataset/train/annots/dayride_type1_001.mp4#t=1469.xml,6d20333d2b72c36e5afbc89a0f12779e23d17da6e570e7377cf08534ec482ce8,af4f813f650f0053dcccb6ec47c3f1737cd0cec7e765a8c3b82569d610798627,1280,720,1280,720,True,2,license-plate,0,REAL,False,license_plate,AI/PlateDetector/datasets/raw/romanian_lp/LICENSE,AI/PlateDetector/datasets/raw/romanian_lp/README.md
romanian_public_lp,train,dayride_type1_001.mp4#t=1470.jpg,dayride_type1_001.mp4#t=1470.xml,dayride_type1_001.mp4,1470,AI/PlateDetector/datasets/raw/romanian_lp/dataset/train/images/dayride_type1_001.mp4#t=1470.jpg,AI/PlateDetector/datasets/raw/romanian_lp/dataset/train/annots/dayride_type1_001.mp4#t=1470.xml,2ab371656927a97cb49de54e4d78023a277cf318441c7daa75049c6eae388058,0fa5d35c6845c0d38e57d855e18ac441ab0316aeb3852d9017ec4a435bb72f41,1280,720,1280,720,True,2,license-plate,0,REAL,False,license_plate,AI/PlateDetector/datasets/raw/romanian_lp/LICENSE,AI/PlateDetector/datasets/raw/romanian_lp/README.md
romanian_public_lp,train,dayride_type1_001.mp4#t=1471.jpg,dayride_type1_001.mp4#t=1471.xml,dayride_type1_001.mp4,1471,AI/PlateDetector/datasets/raw/romanian_lp/dataset/train/images/dayride_type1_001.mp4#t=1471.jpg,AI/PlateDetector/datasets/raw/romanian_lp/dataset/train/annots/dayride_type1_001.mp4#t=1471.xml,d7527eb260c2ed3cde6bac72fa75a0143283b2c1f59719462b408ac6b82bd28e,d461036ae6f218d144e72bf70365911ebc0808fbf55259ec817427c3e2f508d0,1280,720,1280,720,True,1,license-plate,0,REAL,False,license_plate,AI/PlateDetector/datasets/raw/romanian_lp/LICENSE,AI/PlateDetector/datasets/raw/romanian_lp/README.md
romanian_public_lp,train,dayride_type1_001.mp4#t=1472.jpg,dayride_type1_001.mp4#t=1472.xml,dayride_type1_001.mp4,1472,AI/PlateDetector/datasets/raw/romanian_lp/dataset/train/images/dayride_type1_001.mp4#t=1472.jpg,AI/PlateDetector/datasets/raw/romanian_lp/dataset/train/annots/dayride_type1_001.mp4#t=1472.xml,7059e788e1117df6177ecc4e5bcbf5fc9a56acfc867036cc1443b0ba74ee78ab,366ea329c9788aac90769934bb017dbc8c9a1276d3036421d6a287508ed61a42,1280,720,1280,720,True,1,license-plate,0,REAL,False,license_plate,AI/PlateDetector/datasets/raw/romanian_lp/LICENSE,AI/PlateDetector/datasets/raw/romanian_lp/README.md
romanian_public_lp,train,dayride_type1_001.mp4#t=1509.jpg,dayride_type1_001.mp4#t=1509.xml,dayride_type1_001.mp4,1509,AI/PlateDetector/datasets/raw/romanian_lp/dataset/train/images/dayride_type1_001.mp4#t=1509.jpg,AI/PlateDetector/datasets/raw/romanian_lp/dataset/train/annots/dayride_type1_001.mp4#t=1509.xml,3a78c6c8caa8fbc4c8d721500d3f26e38ea03c36161c22de067d9c69a6c55726,1646a422e485adbbaaeef90f4c1cfadd67aeaa885ccdefd3e8ad7b44e5076363,1280,720,1280,720,True,1,license-plate,0,REAL,False,license_plate,AI/PlateDetector/datasets/raw/romanian_lp/LICENSE,AI/PlateDetector/datasets/raw/romanian_lp/README.md
romanian_public_lp,train,dayride_type1_001.mp4#t=1510.jpg,dayride_type1_001.mp4#t=1510.xml,dayride_type1_001.mp4,1510,AI/PlateDetector/datasets/raw/romanian_lp/dataset/train/images/dayride_type1_001.mp4#t=1510.jpg,AI/PlateDetector/datasets/raw/romanian_lp/dataset/train/annots/dayride_type1_001.mp4#t=1510.xml,c0c1efd590a6367c152a474a5177fd948c3cfcb611d6bc160d3ed385f0992f43,8c875d35d547048efa4ab1213d3bdf30bba92aabf770c1303f208f11cb5da28a,1280,720,1280,720,True,1,license-plate,0,REAL,False,license_plate,AI/PlateDetector/datasets/raw/romanian_lp/LICENSE,AI/PlateDetector/datasets/raw/romanian_lp/README.md
romanian_public_lp,train,dayride_type1_001.mp4#t=1511.jpg,dayride_type1_001.mp4#t=1511.xml,dayride_type1_001.mp4,1511,AI/PlateDetector/datasets/raw/romanian_lp/dataset/train/images/dayride_type1_001.mp4#t=1511.jpg,AI/PlateDetector/datasets/raw/romanian_lp/dataset/train/annots/dayride_type1_001.mp4#t=1511.xml,2e92e91953c761aa5b9c00cec3e45106b082b8bdb3bdb37e9f719c68f35fa3f7,c2a0e48f5711abcd512e17160a751757918eff2b286e376981a6b31d79861289,1280,720,1280,720,True,1,license-plate,0,REAL,False,license_plate,AI/PlateDetector/datasets/raw/romanian_lp/LICENSE,AI/PlateDetector/datasets/raw/romanian_lp/README.md
romanian_public_lp,valid,dayride_type1_001.mp4#t=1549.jpg,dayride_type1_001.mp4#t=1549.xml,dayride_type1_001.mp4,1549,AI/PlateDetector/datasets/raw/romanian_lp/dataset/valid/images/dayride_type1_001.mp4#t=1549.jpg,AI/PlateDetector/datasets/raw/romanian_lp/dataset/valid/annots/dayride_type1_001.mp4#t=1549.xml,f760c2f1ce7db7dc9677feca2b40230c8aab9956a56a420bf22aca4875a475d3,d786ba3146cad79bc32738b4ef26c6066732b27cf2aae8c1cd1075856b98018b,1280,720,1280,720,True,1,license-plate,0,REAL,False,license_plate,AI/PlateDetector/datasets/raw/romanian_lp/LICENSE,AI/PlateDetector/datasets/raw/romanian_lp/README.md
romanian_public_lp,train,dayride_type1_001.mp4#t=1550.jpg,dayride_type1_001.mp4#t=1550.xml,dayride_type1_001.mp4,1550,AI/PlateDetector/datasets/raw/romanian_lp/dataset/train/images/dayride_type1_001.mp4#t=1550.jpg,AI/PlateDetector/datasets/raw/romanian_lp/dataset/train/annots/dayride_type1_001.mp4#t=1550.xml,fd17c123b1b54e216d7922231f94dc0bcc2e6583b3988e5a94cb2c437c98afd0,f5f65e4fc998d09292c458732f786def224dfdd84725e3a3bd8d155cb561dbc0,1280,720,1280,720,True,1,license-plate,0,REAL,False,license_plate,AI/PlateDetector/datasets/raw/romanian_lp/LICENSE,AI/PlateDetector/datasets/raw/romanian_lp/README.md
romanian_public_lp,train,dayride_type1_001.mp4#t=1551.jpg,dayride_type1_001.mp4#t=1551.xml,dayride_type1_001.mp4,1551,AI/PlateDetector/datasets/raw/romanian_lp/dataset/train/images/dayride_type1_001.mp4#t=1551.jpg,AI/PlateDetector/datasets/raw/romanian_lp/dataset/train/annots/dayride_type1_001.mp4#t=1551.xml,c6745725ff7c91088644119594ce7cde025626cd36bad3b43b21b2eaa8259a39,61acba98e11806d576601b259b7a9f13a13da124298988b43f54efb6618c8efd,1280,720,1280,720,True,1,license-plate,0,REAL,False,license_plate,AI/PlateDetector/datasets/raw/romanian_lp/LICENSE,AI/PlateDetector/datasets/raw/romanian_lp/README.md
romanian_public_lp,train,dayride_type1_001.mp4#t=1552.jpg,dayride_type1_001.mp4#t=1552.xml,dayride_type1_001.mp4,1552,AI/PlateDetector/datasets/raw/romanian_lp/dataset/train/images/dayride_type1_001.mp4#t=1552.jpg,AI/PlateDetector/datasets/raw/romanian_lp/dataset/train/annots/dayride_type1_001.mp4#t=1552.xml,c5dcf86d8434d83ea062faa21f22726e47c1d79960e90aa55fa6ccf9260f4d67,0984b81345ecfdd7a7b7abf13996f585aeea0f29d5253733bacd3ca53cae00a2,1280,720,1280,720,True,1,license-plate,0,REAL,False,license_plate,AI/PlateDetector/datasets/raw/romanian_lp/LICENSE,AI/PlateDetector/datasets/raw/romanian_lp/README.md
romanian_public_lp,train,dayride_type1_001.mp4#t=1553.jpg,dayride_type1_001.mp4#t=1553.xml,dayride_type1_001.mp4,1553,AI/PlateDetector/datasets/raw/romanian_lp/dataset/train/images/dayride_type1_001.mp4#t=1553.jpg,AI/PlateDetector/datasets/raw/romanian_lp/dataset/train/annots/dayride_type1_001.mp4#t=1553.xml,737958213d5f66b5e5e1b9dec028a8ca68d960faa7ddef483599972933863c02,ce77cb325e44d521f3ff1a320e1b6da0d3751b464c7db4a923a10999e5004d5a,1280,720,1280,720,True,1,license-plate,0,REAL,False,license_plate,AI/PlateDetector/datasets/raw/romanian_lp/LICENSE,AI/PlateDetector/datasets/raw/romanian_lp/README.md
romanian_public_lp,train,dayride_type1_001.mp4#t=1554.jpg,dayride_type1_001.mp4#t=1554.xml,dayride_type1_001.mp4,1554,AI/PlateDetector/datasets/raw/romanian_lp/dataset/train/images/dayride_type1_001.mp4#t=1554.jpg,AI/PlateDetector/datasets/raw/romanian_lp/dataset/train/annots/dayride_type1_001.mp4#t=1554.xml,f954dbd2ae95a223395173c23f5e72f1ce131f76a552a787263a827df7897d1b,ba739b8bf558ea95bfe26414f19f8b7a723dc20f4ed80b225c188df973041b69,1280,720,1280,720,True,1,license-plate,0,REAL,False,license_plate,AI/PlateDetector/datasets/raw/romanian_lp/LICENSE,AI/PlateDetector/datasets/raw/romanian_lp/README.md
romanian_public_lp,train,dayride_type1_001.mp4#t=1596.jpg,dayride_type1_001.mp4#t=1596.xml,dayride_type1_001.mp4,1596,AI/PlateDetector/datasets/raw/romanian_lp/dataset/train/images/dayride_type1_001.mp4#t=1596.jpg,AI/PlateDetector/datasets/raw/romanian_lp/dataset/train/annots/dayride_type1_001.mp4#t=1596.xml,16e0e9478cb2d7b5a5a5a8a99bed3dd7dc01271341c9484244920a8f57d40200,92b634f91047137ff8750ab29769e5fde64b55a4b7af2bc11c9109bbd89384f2,1280,720,1280,720,True,1,license-plate,0,REAL,False,license_plate,AI/PlateDetector/datasets/raw/romanian_lp/LICENSE,AI/PlateDetector/datasets/raw/romanian_lp/README.md
romanian_public_lp,train,dayride_type1_001.mp4#t=1605.jpg,dayride_type1_001.mp4#t=1605.xml,dayride_type1_001.mp4,1605,AI/PlateDetector/datasets/raw/romanian_lp/dataset/train/images/dayride_type1_001.mp4#t=1605.jpg,AI/PlateDetector/datasets/raw/romanian_lp/dataset/train/annots/dayride_type1_001.mp4#t=1605.xml,b1570ec27dfd4390a896948ca3cba8efb41d6e56b3ec37aeedddb804589e3945,0198a0079bf9cd214d06f5b17e3ea084c010be30837307bdcbae5eb8ad5f29ee,1280,720,1280,720,True,1,license-plate,0,REAL,False,license_plate,AI/PlateDetector/datasets/raw/romanian_lp/LICENSE,AI/PlateDetector/datasets/raw/romanian_lp/README.md
romanian_public_lp,train,dayride_type1_001.mp4#t=1613.jpg,dayride_type1_001.mp4#t=1613.xml,dayride_type1_001.mp4,1613,AI/PlateDetector/datasets/raw/romanian_lp/dataset/train/images/dayride_type1_001.mp4#t=1613.jpg,AI/PlateDetector/datasets/raw/romanian_lp/dataset/train/annots/dayride_type1_001.mp4#t=1613.xml,8195829b318690f785833dd618403c9ada52ee1e5132985e86e7a98a1a0ffada,0d83f3050878c9d75ca94c4302d6ffde0488335e9702c4070a39119e255f55ee,1280,720,1280,720,True,1,license-plate,0,REAL,False,license_plate,AI/PlateDetector/datasets/raw/romanian_lp/LICENSE,AI/PlateDetector/datasets/raw/romanian_lp/README.md
romanian_public_lp,train,dayride_type1_002.mp4#t=6.jpg,dayride_type1_002.mp4#t=6.xml,dayride_type1_002.mp4,6,AI/PlateDetector/datasets/raw/romanian_lp/dataset/train/images/dayride_type1_002.mp4#t=6.jpg,AI/PlateDetector/datasets/raw/romanian_lp/dataset/train/annots/dayride_type1_002.mp4#t=6.xml,5f1ddaf903a5a75e6aa60c26dd641fe3ad9234d772460641791a47efe1427727,d0b36ab4de74fb7d87d8c2ed5179083e5dff156a38b5f6c2aa2e1957d1112d21,1280,720,1280,720,True,1,license-plate,0,REAL,False,license_plate,AI/PlateDetector/datasets/raw/romanian_lp/LICENSE,AI/PlateDetector/datasets/raw/romanian_lp/README.md
romanian_public_lp,train,dayride_type1_002.mp4#t=61.jpg,dayride_type1_002.mp4#t=61.xml,dayride_type1_002.mp4,61,AI/PlateDetector/datasets/raw/romanian_lp/dataset/train/images/dayride_type1_002.mp4#t=61.jpg,AI/PlateDetector/datasets/raw/romanian_lp/dataset/train/annots/dayride_type1_002.mp4#t=61.xml,ddf77c013a48d47b4c1b59c5f879c35ae0a363081e78b42e4b16a3c31b550aef,60f1b32cfa17197347bee58f6a1e70cc8f51b5828beeecee5fb5096b94a1875c,1280,720,1280,720,True,2,license-plate,0,REAL,False,license_plate,AI/PlateDetector/datasets/raw/romanian_lp/LICENSE,AI/PlateDetector/datasets/raw/romanian_lp/README.md
romanian_public_lp,train,dayride_type1_002.mp4#t=69.jpg,dayride_type1_002.mp4#t=69.xml,dayride_type1_002.mp4,69,AI/PlateDetector/datasets/raw/romanian_lp/dataset/train/images/dayride_type1_002.mp4#t=69.jpg,AI/PlateDetector/datasets/raw/romanian_lp/dataset/train/annots/dayride_type1_002.mp4#t=69.xml,d3c8a4efd347b7e0e7793600488ce58b6b7ee757bb1c8ec371115f73a1ffbf2d,57e9d80287a28469ada5f36dd671240f81c3bf7b54ec006495e0a387f6d8a701,1280,720,1280,720,True,1,license-plate,0,REAL,False,license_plate,AI/PlateDetector/datasets/raw/romanian_lp/LICENSE,AI/PlateDetector/datasets/raw/romanian_lp/README.md
romanian_public_lp,train,dayride_type1_002.mp4#t=71.jpg,dayride_type1_002.mp4#t=71.xml,dayride_type1_002.mp4,71,AI/PlateDetector/datasets/raw/romanian_lp/dataset/train/images/dayride_type1_002.mp4#t=71.jpg,AI/PlateDetector/datasets/raw/romanian_lp/dataset/train/annots/dayride_type1_002.mp4#t=71.xml,85677856a24723a78603d0e6e367e424ba148299a7042cbe20341b370ba39d51,fa6a568190c2f87ee8ad6836b2a22715b4386f66fa1bceb636e99964cbe5dc4e,1280,720,1280,720,True,1,license-plate,0,REAL,False,license_plate,AI/PlateDetector/datasets/raw/romanian_lp/LICENSE,AI/PlateDetector/datasets/raw/romanian_lp/README.md
romanian_public_lp,train,dayride_type1_002.mp4#t=72.jpg,dayride_type1_002.mp4#t=72.xml,dayride_type1_002.mp4,72,AI/PlateDetector/datasets/raw/romanian_lp/dataset/train/images/dayride_type1_002.mp4#t=72.jpg,AI/PlateDetector/datasets/raw/romanian_lp/dataset/train/annots/dayride_type1_002.mp4#t=72.xml,132b80a9e232ae4ef5a9200599ad98184dbb5d7f59fc20ecde8bfd825bc78a94,44e9b230422251a0aaf296b48d43671061480a2e5b751a5ae5cc27483093fadf,1280,720,1280,720,True,1,license-plate,0,REAL,False,license_plate,AI/PlateDetector/datasets/raw/romanian_lp/LICENSE,AI/PlateDetector/datasets/raw/romanian_lp/README.md
romanian_public_lp,valid,dayride_type1_002.mp4#t=75.jpg,dayride_type1_002.mp4#t=75.xml,dayride_type1_002.mp4,75,AI/PlateDetector/datasets/raw/romanian_lp/dataset/valid/images/dayride_type1_002.mp4#t=75.jpg,AI/PlateDetector/datasets/raw/romanian_lp/dataset/valid/annots/dayride_type1_002.mp4#t=75.xml,efb8e435ddb3ba52a2f17593d1deae2ed30f765457c6b9a8e2f98080c433c000,99237f6fefc906755d975b3d223eb9343acd41cc25a71dedc7150d023d53e505,1280,720,1280,720,True,1,license-plate,0,REAL,False,license_plate,AI/PlateDetector/datasets/raw/romanian_lp/LICENSE,AI/PlateDetector/datasets/raw/romanian_lp/README.md
romanian_public_lp,train,dayride_type1_002.mp4#t=225.jpg,dayride_type1_002.mp4#t=225.xml,dayride_type1_002.mp4,225,AI/PlateDetector/datasets/raw/romanian_lp/dataset/train/images/dayride_type1_002.mp4#t=225.jpg,AI/PlateDetector/datasets/raw/romanian_lp/dataset/train/annots/dayride_type1_002.mp4#t=225.xml,f8f55ffa33a2782355baa6eaf71de16cd72248e5928db9366bcbfda0ba6f69a8,0d058066661b0a3bdb72ea9d672e481c4be7dea7b421d65bd71de7b5399564e0,1280,720,1280,720,True,1,license-plate,0,REAL,False,license_plate,AI/PlateDetector/datasets/raw/romanian_lp/LICENSE,AI/PlateDetector/datasets/raw/romanian_lp/README.md
romanian_public_lp,train,dayride_type1_002.mp4#t=226.jpg,dayride_type1_002.mp4#t=226.xml,dayride_type1_002.mp4,226,AI/PlateDetector/datasets/raw/romanian_lp/dataset/train/images/dayride_type1_002.mp4#t=226.jpg,AI/PlateDetector/datasets/raw/romanian_lp/dataset/train/annots/dayride_type1_002.mp4#t=226.xml,e2f243bb0fdc716e613dedda9afa3c9c724e1771820d73878bd6215f366adc17,14e9f1b16e8773117d1deea1190585172f4f8c9ea919352fc6f64dec768bb8fb,1280,720,1280,720,True,1,license-plate,0,REAL,False,license_plate,AI/PlateDetector/datasets/raw/romanian_lp/LICENSE,AI/PlateDetector/datasets/raw/romanian_lp/README.md
romanian_public_lp,valid,dayride_type1_002.mp4#t=235.jpg,dayride_type1_002.mp4#t=235.xml,dayride_type1_002.mp4,235,AI/PlateDetector/datasets/raw/romanian_lp/dataset/valid/images/dayride_type1_002.mp4#t=235.jpg,AI/PlateDetector/datasets/raw/romanian_lp/dataset/valid/annots/dayride_type1_002.mp4#t=235.xml,e81537437375cbbadaa2a4da2d072dc0c7b5e865aa278b8167f991beb7aa5747,b007f9c75e4e98a982ef2c03c79d15a1f5d5e1d0fc761090313b4ef3e54fa850,1280,720,1280,720,True,1,license-plate,0,REAL,False,license_plate,AI/PlateDetector/datasets/raw/romanian_lp/LICENSE,AI/PlateDetector/datasets/raw/romanian_lp/README.md
romanian_public_lp,valid,dayride_type1_002.mp4#t=244.jpg,dayride_type1_002.mp4#t=244.xml,dayride_type1_002.mp4,244,AI/PlateDetector/datasets/raw/romanian_lp/dataset/valid/images/dayride_type1_002.mp4#t=244.jpg,AI/PlateDetector/datasets/raw/romanian_lp/dataset/valid/annots/dayride_type1_002.mp4#t=244.xml,d6b63f6659b49ba0492ed1206ede23cae6348a193b100397b67109cf655aef92,862b3dd1ddc26e4ba1b08d44cc92f862a43dc9c16626af6ae06d479268fdf8f4,1280,720,1280,720,True,1,license-plate,0,REAL,False,license_plate,AI/PlateDetector/datasets/raw/romanian_lp/LICENSE,AI/PlateDetector/datasets/raw/romanian_lp/README.md
romanian_public_lp,train,dayride_type1_002.mp4#t=282.jpg,dayride_type1_002.mp4#t=282.xml,dayride_type1_002.mp4,282,AI/PlateDetector/datasets/raw/romanian_lp/dataset/train/images/dayride_type1_002.mp4#t=282.jpg,AI/PlateDetector/datasets/raw/romanian_lp/dataset/train/annots/dayride_type1_002.mp4#t=282.xml,10afae7ed399d6bcc3cbd9094b7c29873da5c0ee5aafe6d4c123b77fc6b83ea1,f2179f3710252877c8a6949db6c9983401e48efa67580cdb27e82a79ece20247,1280,720,1280,720,True,1,license-plate,0,REAL,False,license_plate,AI/PlateDetector/datasets/raw/romanian_lp/LICENSE,AI/PlateDetector/datasets/raw/romanian_lp/README.md
romanian_public_lp,valid,dayride_type1_002.mp4#t=323.jpg,dayride_type1_002.mp4#t=323.xml,dayride_type1_002.mp4,323,AI/PlateDetector/datasets/raw/romanian_lp/dataset/valid/images/dayride_type1_002.mp4#t=323.jpg,AI/PlateDetector/datasets/raw/romanian_lp/dataset/valid/annots/dayride_type1_002.mp4#t=323.xml,50c1b73435b55b2f227a3407e66c23bd582d6c3e6d515dd71774a1785cdd38ee,83b9fc5216a564e9926cc8dc48e0a6cb10cef9bdce4ecead8c21d433f12cb55d,1280,720,1280,720,True,1,license-plate,0,REAL,False,license_plate,AI/PlateDetector/datasets/raw/romanian_lp/LICENSE,AI/PlateDetector/datasets/raw/romanian_lp/README.md
romanian_public_lp,valid,dayride_type1_002.mp4#t=324.jpg,dayride_type1_002.mp4#t=324.xml,dayride_type1_002.mp4,324,AI/PlateDetector/datasets/raw/romanian_lp/dataset/valid/images/dayride_type1_002.mp4#t=324.jpg,AI/PlateDetector/datasets/raw/romanian_lp/dataset/valid/annots/dayride_type1_002.mp4#t=324.xml,d0ef2ad3d76ea8d0f59e2e5ba9117693e20a282c20a88d8f17a2f9d77092c91b,ebd32c5e9d98ac8668cd880a077b8798d745b3db13bc507322305027433d7c42,1280,720,1280,720,True,1,license-plate,0,REAL,False,license_plate,AI/PlateDetector/datasets/raw/romanian_lp/LICENSE,AI/PlateDetector/datasets/raw/romanian_lp/README.md
romanian_public_lp,train,dayride_type1_002.mp4#t=325.jpg,dayride_type1_002.mp4#t=325.xml,dayride_type1_002.mp4,325,AI/PlateDetector/datasets/raw/romanian_lp/dataset/train/images/dayride_type1_002.mp4#t=325.jpg,AI/PlateDetector/datasets/raw/romanian_lp/dataset/train/annots/dayride_type1_002.mp4#t=325.xml,ee26c48a1e2625961c3fc37409de85c0244e3595300fd1cd66a2d74cfb499997,5e8ff0c418af82bde84f686be19044ed4342ef253e29c52cfa60dd9b470d442f,1280,720,1280,720,True,1,license-plate,0,REAL,False,license_plate,AI/PlateDetector/datasets/raw/romanian_lp/LICENSE,AI/PlateDetector/datasets/raw/romanian_lp/README.md
romanian_public_lp,train,dayride_type1_002.mp4#t=328.jpg,dayride_type1_002.mp4#t=328.xml,dayride_type1_002.mp4,328,AI/PlateDetector/datasets/raw/romanian_lp/dataset/train/images/dayride_type1_002.mp4#t=328.jpg,AI/PlateDetector/datasets/raw/romanian_lp/dataset/train/annots/dayride_type1_002.mp4#t=328.xml,aade28c4528f8ad6792254f19d0346de3cd73b9a5730e27bd673c14800ea4d4d,f45981fe3f15320c4090fa7fed5989b8d48a86c56f959eedc89fb3b461d4497e,1280,720,1280,720,True,1,license-plate,0,REAL,False,license_plate,AI/PlateDetector/datasets/raw/romanian_lp/LICENSE,AI/PlateDetector/datasets/raw/romanian_lp/README.md
romanian_public_lp,train,dayride_type1_002.mp4#t=334.jpg,dayride_type1_002.mp4#t=334.xml,dayride_type1_002.mp4,334,AI/PlateDetector/datasets/raw/romanian_lp/dataset/train/images/dayride_type1_002.mp4#t=334.jpg,AI/PlateDetector/datasets/raw/romanian_lp/dataset/train/annots/dayride_type1_002.mp4#t=334.xml,39e9d8ebb8300925f6a301a4361a699772969c041176ccfa2b0fcc1126b0fac3,6963e50f2661834c0e1461e87b083027503209672726760a24c225111cbbbe6f,1280,720,1280,720,True,1,license-plate,0,REAL,False,license_plate,AI/PlateDetector/datasets/raw/romanian_lp/LICENSE,AI/PlateDetector/datasets/raw/romanian_lp/README.md
romanian_public_lp,valid,dayride_type1_002.mp4#t=352.jpg,dayride_type1_002.mp4#t=352.xml,dayride_type1_002.mp4,352,AI/PlateDetector/datasets/raw/romanian_lp/dataset/valid/images/dayride_type1_002.mp4#t=352.jpg,AI/PlateDetector/datasets/raw/romanian_lp/dataset/valid/annots/dayride_type1_002.mp4#t=352.xml,1f89220542ecaeb2296e08a603f70236fc10832bcb30bad071a9901680c4bf0c,6d574ad9a3b38a086a01f317418561d0293f28d971d8c9b0deea3bcde20497f3,1280,720,1280,720,True,2,license-plate,0,REAL,False,license_plate,AI/PlateDetector/datasets/raw/romanian_lp/LICENSE,AI/PlateDetector/datasets/raw/romanian_lp/README.md
romanian_public_lp,train,dayride_type1_002.mp4#t=389.jpg,dayride_type1_002.mp4#t=389.xml,dayride_type1_002.mp4,389,AI/PlateDetector/datasets/raw/romanian_lp/dataset/train/images/dayride_type1_002.mp4#t=389.jpg,AI/PlateDetector/datasets/raw/romanian_lp/dataset/train/annots/dayride_type1_002.mp4#t=389.xml,056753fe83fc198134dec62d3259acebe1bc759c4b06ca91467fca13f512a39b,6d3530931d52bf3de996ed5d7318b81ee01a81c98c093e853cb51ba0ebb006bb,1280,720,1280,720,True,2,license-plate,0,REAL,False,license_plate,AI/PlateDetector/datasets/raw/romanian_lp/LICENSE,AI/PlateDetector/datasets/raw/romanian_lp/README.md
romanian_public_lp,train,dayride_type1_002.mp4#t=392.jpg,dayride_type1_002.mp4#t=392.xml,dayride_type1_002.mp4,392,AI/PlateDetector/datasets/raw/romanian_lp/dataset/train/images/dayride_type1_002.mp4#t=392.jpg,AI/PlateDetector/datasets/raw/romanian_lp/dataset/train/annots/dayride_type1_002.mp4#t=392.xml,98c753b57845b6de48753a84607ff04e19660739730995e3b8daf58d2f02e4ee,855c6b285918a85de5ddb6a891bb6b746cffd13c99028e9ed123b2f67149086d,1280,720,1280,720,True,2,license-plate,0,REAL,False,license_plate,AI/PlateDetector/datasets/raw/romanian_lp/LICENSE,AI/PlateDetector/datasets/raw/romanian_lp/README.md
romanian_public_lp,train,dayride_type1_002.mp4#t=405.jpg,dayride_type1_002.mp4#t=405.xml,dayride_type1_002.mp4,405,AI/PlateDetector/datasets/raw/romanian_lp/dataset/train/images/dayride_type1_002.mp4#t=405.jpg,AI/PlateDetector/datasets/raw/romanian_lp/dataset/train/annots/dayride_type1_002.mp4#t=405.xml,28986e11bf8e7206b55c782e010f1339359a95b37a133c0ebb9db6814a139a57,b426088561cb055996182d12ca0a2e005126edc602e7002ee928af8bddea8714,1280,720,1280,720,True,1,license-plate,0,REAL,False,license_plate,AI/PlateDetector/datasets/raw/romanian_lp/LICENSE,AI/PlateDetector/datasets/raw/romanian_lp/README.md
romanian_public_lp,valid,dayride_type1_002.mp4#t=528.jpg,dayride_type1_002.mp4#t=528.xml,dayride_type1_002.mp4,528,AI/PlateDetector/datasets/raw/romanian_lp/dataset/valid/images/dayride_type1_002.mp4#t=528.jpg,AI/PlateDetector/datasets/raw/romanian_lp/dataset/valid/annots/dayride_type1_002.mp4#t=528.xml,4be8e25c436531c9d0983d0a86826df1a6354e276a5355985baa7e0b8c81460b,e958587f49c7d816dbae5d810d1ccf115f0f5c3d8ff2340f8055b2077769de53,1280,720,1280,720,True,2,license-plate,0,REAL,False,license_plate,AI/PlateDetector/datasets/raw/romanian_lp/LICENSE,AI/PlateDetector/datasets/raw/romanian_lp/README.md
romanian_public_lp,train,dayride_type1_002.mp4#t=531.jpg,dayride_type1_002.mp4#t=531.xml,dayride_type1_002.mp4,531,AI/PlateDetector/datasets/raw/romanian_lp/dataset/train/images/dayride_type1_002.mp4#t=531.jpg,AI/PlateDetector/datasets/raw/romanian_lp/dataset/train/annots/dayride_type1_002.mp4#t=531.xml,a6e594007d4b7d97e25d90ccc9c556cd53bb251bc2bde8f92ba41435efa85dd2,cd1e11567c9dfa4a0ab366d96e53a18f74256538c34993a395113d4bf6a0efc8,1280,720,1280,720,True,2,license-plate,0,REAL,False,license_plate,AI/PlateDetector/datasets/raw/romanian_lp/LICENSE,AI/PlateDetector/datasets/raw/romanian_lp/README.md
romanian_public_lp,train,dayride_type1_002.mp4#t=537.jpg,dayride_type1_002.mp4#t=537.xml,dayride_type1_002.mp4,537,AI/PlateDetector/datasets/raw/romanian_lp/dataset/train/images/dayride_type1_002.mp4#t=537.jpg,AI/PlateDetector/datasets/raw/romanian_lp/dataset/train/annots/dayride_type1_002.mp4#t=537.xml,07bfa1fb7549999ae0b853b3e629b8ba6e1e2cf383d6022f0b1374ebb1664372,c57ac6af01c62fbe6a63871b83c44451e34aef30a2707fdb7ee384d3483c94cf,1280,720,1280,720,True,1,license-plate,0,REAL,False,license_plate,AI/PlateDetector/datasets/raw/romanian_lp/LICENSE,AI/PlateDetector/datasets/raw/romanian_lp/README.md
romanian_public_lp,train,dayride_type1_002.mp4#t=642.jpg,dayride_type1_002.mp4#t=642.xml,dayride_type1_002.mp4,642,AI/PlateDetector/datasets/raw/romanian_lp/dataset/train/images/dayride_type1_002.mp4#t=642.jpg,AI/PlateDetector/datasets/raw/romanian_lp/dataset/train/annots/dayride_type1_002.mp4#t=642.xml,0efad6ad9647c08d278c8d7b829f6f0f17ee02f16b57de38567c3d99632e9409,462bc6f50deda1a57c5b2bd61929827e2c4afb22766e2a6b34cbe21576674541,1280,720,1280,720,True,1,license-plate,0,REAL,False,license_plate,AI/PlateDetector/datasets/raw/romanian_lp/LICENSE,AI/PlateDetector/datasets/raw/romanian_lp/README.md
romanian_public_lp,valid,dayride_type1_002.mp4#t=643.jpg,dayride_type1_002.mp4#t=643.xml,dayride_type1_002.mp4,643,AI/PlateDetector/datasets/raw/romanian_lp/dataset/valid/images/dayride_type1_002.mp4#t=643.jpg,AI/PlateDetector/datasets/raw/romanian_lp/dataset/valid/annots/dayride_type1_002.mp4#t=643.xml,6a5e734acebd1986a856d7dd09d481c84a033c375ce42990df9ec79b354a6ccf,62bb944872324244ebbca0f5f32869baaeaf4a6f47e2708b830db876b5d7c6ba,1280,720,1280,720,True,1,license-plate,0,REAL,False,license_plate,AI/PlateDetector/datasets/raw/romanian_lp/LICENSE,AI/PlateDetector/datasets/raw/romanian_lp/README.md
romanian_public_lp,train,dayride_type1_002.mp4#t=644.jpg,dayride_type1_002.mp4#t=644.xml,dayride_type1_002.mp4,644,AI/PlateDetector/datasets/raw/romanian_lp/dataset/train/images/dayride_type1_002.mp4#t=644.jpg,AI/PlateDetector/datasets/raw/romanian_lp/dataset/train/annots/dayride_type1_002.mp4#t=644.xml,fe68bd117aefe027eba9efe50c21ab60b32d54f8758d52ea68ed8be0b46dcc11,a299860ea0c780e63cc5ca31f8ec252f505ee328b0ef13b556592704fbfbea90,1280,720,1280,720,True,1,license-plate,0,REAL,False,license_plate,AI/PlateDetector/datasets/raw/romanian_lp/LICENSE,AI/PlateDetector/datasets/raw/romanian_lp/README.md
romanian_public_lp,train,dayride_type1_002.mp4#t=647.jpg,dayride_type1_002.mp4#t=647.xml,dayride_type1_002.mp4,647,AI/PlateDetector/datasets/raw/romanian_lp/dataset/train/images/dayride_type1_002.mp4#t=647.jpg,AI/PlateDetector/datasets/raw/romanian_lp/dataset/train/annots/dayride_type1_002.mp4#t=647.xml,3d8aa62c1bde1063d3eb23bb11336b9b931759f0e0d60742600211acd7c42599,8fceaa6451a98de2ef0dbc241fe2cc60fc81870257454d3ed63645072ac7603c,1280,720,1280,720,True,1,license-plate,0,REAL,False,license_plate,AI/PlateDetector/datasets/raw/romanian_lp/LICENSE,AI/PlateDetector/datasets/raw/romanian_lp/README.md
romanian_public_lp,train,dayride_type1_002.mp4#t=650.jpg,dayride_type1_002.mp4#t=650.xml,dayride_type1_002.mp4,650,AI/PlateDetector/datasets/raw/romanian_lp/dataset/train/images/dayride_type1_002.mp4#t=650.jpg,AI/PlateDetector/datasets/raw/romanian_lp/dataset/train/annots/dayride_type1_002.mp4#t=650.xml,3dc8ed7d3143a59bf9d013a49af4a268a62c3c408a16f9b01978ee5c1ee09bd9,76422fb9a754418ca883fd320f83f7be17014e2fa6c0566039d772b29408fa94,1280,720,1280,720,True,1,license-plate,0,REAL,False,license_plate,AI/PlateDetector/datasets/raw/romanian_lp/LICENSE,AI/PlateDetector/datasets/raw/romanian_lp/README.md
romanian_public_lp,train,dayride_type1_002.mp4#t=654.jpg,dayride_type1_002.mp4#t=654.xml,dayride_type1_002.mp4,654,AI/PlateDetector/datasets/raw/romanian_lp/dataset/train/images/dayride_type1_002.mp4#t=654.jpg,AI/PlateDetector/datasets/raw/romanian_lp/dataset/train/annots/dayride_type1_002.mp4#t=654.xml,88688709142c0972dbc42997cc07f59c8f50865fe6a2ea1d5409ad864fd60488,e24d56c4072e56252e4db75950be4a9043cafe8df242da539dde38e8cedc2568,1280,720,1280,720,True,2,license-plate,0,REAL,False,license_plate,AI/PlateDetector/datasets/raw/romanian_lp/LICENSE,AI/PlateDetector/datasets/raw/romanian_lp/README.md
romanian_public_lp,valid,dayride_type1_002.mp4#t=657.jpg,dayride_type1_002.mp4#t=657.xml,dayride_type1_002.mp4,657,AI/PlateDetector/datasets/raw/romanian_lp/dataset/valid/images/dayride_type1_002.mp4#t=657.jpg,AI/PlateDetector/datasets/raw/romanian_lp/dataset/valid/annots/dayride_type1_002.mp4#t=657.xml,ebfb68ef4a66c1a2a89569468c7e149bc7fdd8a8921591fae8b4f10968828910,cad684177abf0dabffd21fc27cd3bb1751737b1b2d7effaed1ddbec1a5b9a2a4,1280,720,1280,720,True,1,license-plate,0,REAL,False,license_plate,AI/PlateDetector/datasets/raw/romanian_lp/LICENSE,AI/PlateDetector/datasets/raw/romanian_lp/README.md
romanian_public_lp,train,dayride_type1_002.mp4#t=658.jpg,dayride_type1_002.mp4#t=658.xml,dayride_type1_002.mp4,658,AI/PlateDetector/datasets/raw/romanian_lp/dataset/train/images/dayride_type1_002.mp4#t=658.jpg,AI/PlateDetector/datasets/raw/romanian_lp/dataset/train/annots/dayride_type1_002.mp4#t=658.xml,61d4506a09c58d91ff3ad9d2969805ecd2691510e92aa132691d7993df4d35d1,88eaaf2fa606e411d981715f0b7d117714ec6423c40f030b86f90c1f04a87964,1280,720,1280,720,True,1,license-plate,0,REAL,False,license_plate,AI/PlateDetector/datasets/raw/romanian_lp/LICENSE,AI/PlateDetector/datasets/raw/romanian_lp/README.md
romanian_public_lp,valid,dayride_type1_002.mp4#t=792.jpg,dayride_type1_002.mp4#t=792.xml,dayride_type1_002.mp4,792,AI/PlateDetector/datasets/raw/romanian_lp/dataset/valid/images/dayride_type1_002.mp4#t=792.jpg,AI/PlateDetector/datasets/raw/romanian_lp/dataset/valid/annots/dayride_type1_002.mp4#t=792.xml,baa8a20fefd09e4438e6b7d7642111045beac145937642d0d6f969ffedab52b8,781736dba2e0c3a30b873186b0b4ae4341265adc4c479d2c3e80b0a7a8df32bb,1280,720,1280,720,True,1,license-plate,0,REAL,False,license_plate,AI/PlateDetector/datasets/raw/romanian_lp/LICENSE,AI/PlateDetector/datasets/raw/romanian_lp/README.md
romanian_public_lp,train,dayride_type1_002.mp4#t=793.jpg,dayride_type1_002.mp4#t=793.xml,dayride_type1_002.mp4,793,AI/PlateDetector/datasets/raw/romanian_lp/dataset/train/images/dayride_type1_002.mp4#t=793.jpg,AI/PlateDetector/datasets/raw/romanian_lp/dataset/train/annots/dayride_type1_002.mp4#t=793.xml,b2aa22531d686f42abe423a2268646031a7335d3e0b16bbab8b0091c1edb879a,5164f24cb55fbffb9472b554423499f987fa019d8291a6838fe6a5055530a01f,1280,720,1280,720,True,1,license-plate,0,REAL,False,license_plate,AI/PlateDetector/datasets/raw/romanian_lp/LICENSE,AI/PlateDetector/datasets/raw/romanian_lp/README.md
romanian_public_lp,train,dayride_type1_002.mp4#t=816.jpg,dayride_type1_002.mp4#t=816.xml,dayride_type1_002.mp4,816,AI/PlateDetector/datasets/raw/romanian_lp/dataset/train/images/dayride_type1_002.mp4#t=816.jpg,AI/PlateDetector/datasets/raw/romanian_lp/dataset/train/annots/dayride_type1_002.mp4#t=816.xml,4564bef9d21c8cb0bca622185404cbe8f14c24607466ff7747aca2c5f0803020,dc084aae5411de1c36988b4fe4f01b4f8dbdbfedcb19cd74515dffe6032f378e,1280,720,1280,720,True,1,license-plate,0,REAL,False,license_plate,AI/PlateDetector/datasets/raw/romanian_lp/LICENSE,AI/PlateDetector/datasets/raw/romanian_lp/README.md
romanian_public_lp,valid,dayride_type1_002.mp4#t=817.jpg,dayride_type1_002.mp4#t=817.xml,dayride_type1_002.mp4,817,AI/PlateDetector/datasets/raw/romanian_lp/dataset/valid/images/dayride_type1_002.mp4#t=817.jpg,AI/PlateDetector/datasets/raw/romanian_lp/dataset/valid/annots/dayride_type1_002.mp4#t=817.xml,5751cf63bcc46e1312992cc2791c355d7076ac0710a16b248ad181b4e3c83e2e,f4ef1a8fac605d39b4a33eea5273a7416c4dd2da1706e9532450ff964f288f69,1280,720,1280,720,True,1,license-plate,0,REAL,False,license_plate,AI/PlateDetector/datasets/raw/romanian_lp/LICENSE,AI/PlateDetector/datasets/raw/romanian_lp/README.md
romanian_public_lp,train,dayride_type1_002.mp4#t=822.jpg,dayride_type1_002.mp4#t=822.xml,dayride_type1_002.mp4,822,AI/PlateDetector/datasets/raw/romanian_lp/dataset/train/images/dayride_type1_002.mp4#t=822.jpg,AI/PlateDetector/datasets/raw/romanian_lp/dataset/train/annots/dayride_type1_002.mp4#t=822.xml,a96d4b3c781be761e140f14d74a37b810438ce262479c84750a766608df493bf,6651012e9993e47ff8bc0dd5fc609bc5f21fcb551a4119d871659bab21cb47da,1280,720,1280,720,True,1,license-plate,0,REAL,False,license_plate,AI/PlateDetector/datasets/raw/romanian_lp/LICENSE,AI/PlateDetector/datasets/raw/romanian_lp/README.md
romanian_public_lp,train,dayride_type1_002.mp4#t=827.jpg,dayride_type1_002.mp4#t=827.xml,dayride_type1_002.mp4,827,AI/PlateDetector/datasets/raw/romanian_lp/dataset/train/images/dayride_type1_002.mp4#t=827.jpg,AI/PlateDetector/datasets/raw/romanian_lp/dataset/train/annots/dayride_type1_002.mp4#t=827.xml,bb7ed7b74dbbfdd97e77d028f4932e6f91544e377f2d481a888f2c12ea5e23aa,399bc839451eba27fe236db3008aade323e24754444426f729504947074bdd97,1280,720,1280,720,True,1,license-plate,0,REAL,False,license_plate,AI/PlateDetector/datasets/raw/romanian_lp/LICENSE,AI/PlateDetector/datasets/raw/romanian_lp/README.md
romanian_public_lp,train,dayride_type1_002.mp4#t=830.jpg,dayride_type1_002.mp4#t=830.xml,dayride_type1_002.mp4,830,AI/PlateDetector/datasets/raw/romanian_lp/dataset/train/images/dayride_type1_002.mp4#t=830.jpg,AI/PlateDetector/datasets/raw/romanian_lp/dataset/train/annots/dayride_type1_002.mp4#t=830.xml,7a584854c18b32891e64614a907e8b12a25ca51d82ff464ff46fb6ab67019c23,8507a6f6a450b5d608fdc86d2a3cf2deb42c88c8423f9a14d5be0d3ad237fc6c,1280,720,1280,720,True,1,license-plate,0,REAL,False,license_plate,AI/PlateDetector/datasets/raw/romanian_lp/LICENSE,AI/PlateDetector/datasets/raw/romanian_lp/README.md
romanian_public_lp,valid,dayride_type1_003.mp4#t=33.jpg,dayride_type1_003.mp4#t=33.xml,dayride_type1_003.mp4,33,AI/PlateDetector/datasets/raw/romanian_lp/dataset/valid/images/dayride_type1_003.mp4#t=33.jpg,AI/PlateDetector/datasets/raw/romanian_lp/dataset/valid/annots/dayride_type1_003.mp4#t=33.xml,a523d1dade03cd34ca1748fdcf01f3af819ace61564f9a0f05fcef347fc08974,9ec927b196897296f12aaba0cfad61e66caa362d68f28c0d9268e215aadcfe19,1280,720,1280,720,True,1,license-plate,0,REAL,False,license_plate,AI/PlateDetector/datasets/raw/romanian_lp/LICENSE,AI/PlateDetector/datasets/raw/romanian_lp/README.md
romanian_public_lp,train,dayride_type1_003.mp4#t=42.jpg,dayride_type1_003.mp4#t=42.xml,dayride_type1_003.mp4,42,AI/PlateDetector/datasets/raw/romanian_lp/dataset/train/images/dayride_type1_003.mp4#t=42.jpg,AI/PlateDetector/datasets/raw/romanian_lp/dataset/train/annots/dayride_type1_003.mp4#t=42.xml,dc4f2aa72996925292a37aeb6cf4c941d9914d2e9e4a333413d9d844867b5f76,d15ef9a075d6b5752c8a98b422c1d40b17f3aa16ae7a4c264a8466b0b73c17b4,1280,720,1280,720,True,1,license-plate,0,REAL,False,license_plate,AI/PlateDetector/datasets/raw/romanian_lp/LICENSE,AI/PlateDetector/datasets/raw/romanian_lp/README.md
romanian_public_lp,valid,dayride_type1_003.mp4#t=44.jpg,dayride_type1_003.mp4#t=44.xml,dayride_type1_003.mp4,44,AI/PlateDetector/datasets/raw/romanian_lp/dataset/valid/images/dayride_type1_003.mp4#t=44.jpg,AI/PlateDetector/datasets/raw/romanian_lp/dataset/valid/annots/dayride_type1_003.mp4#t=44.xml,83bb8b7c9e54422dcd1459f290407def5039667cfd8f522223530db2b2a26260,846058177dab7c4d4da70be2482f5c3ee4fcdab48687a17c960e4388c6623a2b,1280,720,1280,720,True,1,license-plate,0,REAL,False,license_plate,AI/PlateDetector/datasets/raw/romanian_lp/LICENSE,AI/PlateDetector/datasets/raw/romanian_lp/README.md
romanian_public_lp,train,dayride_type1_003.mp4#t=45.jpg,dayride_type1_003.mp4#t=45.xml,dayride_type1_003.mp4,45,AI/PlateDetector/datasets/raw/romanian_lp/dataset/train/images/dayride_type1_003.mp4#t=45.jpg,AI/PlateDetector/datasets/raw/romanian_lp/dataset/train/annots/dayride_type1_003.mp4#t=45.xml,5cc7c5d2cc9b645af3e19827d2fcf60448375fe7ab7374d515e2faaf061dc9c2,86ccc769ad1074fe15594343e5725ed7a8ae217f079e9d20b0224aa52fe3bdc8,1280,720,1280,720,True,3,license-plate,0,REAL,False,license_plate,AI/PlateDetector/datasets/raw/romanian_lp/LICENSE,AI/PlateDetector/datasets/raw/romanian_lp/README.md
romanian_public_lp,valid,dayride_type1_003.mp4#t=46.jpg,dayride_type1_003.mp4#t=46.xml,dayride_type1_003.mp4,46,AI/PlateDetector/datasets/raw/romanian_lp/dataset/valid/images/dayride_type1_003.mp4#t=46.jpg,AI/PlateDetector/datasets/raw/romanian_lp/dataset/valid/annots/dayride_type1_003.mp4#t=46.xml,3a08232e8a79d0651e53dc5c4d3cb79ae4ec83d3ac6f29ac650e379b133afbe4,6ee0c5492100c424a39b878c8d4d276e587d6868c2c99780924300718af0e678,1280,720,1280,720,True,2,license-plate,0,REAL,False,license_plate,AI/PlateDetector/datasets/raw/romanian_lp/LICENSE,AI/PlateDetector/datasets/raw/romanian_lp/README.md
romanian_public_lp,train,dayride_type1_003.mp4#t=50.jpg,dayride_type1_003.mp4#t=50.xml,dayride_type1_003.mp4,50,AI/PlateDetector/datasets/raw/romanian_lp/dataset/train/images/dayride_type1_003.mp4#t=50.jpg,AI/PlateDetector/datasets/raw/romanian_lp/dataset/train/annots/dayride_type1_003.mp4#t=50.xml,a048757937cab49fb4b41a4794cc313c7497b0ac5589819b0b285d09c499846d,7273993c19b6b40c131c6379593ba90c1db17242240d61799c21f455db0546d7,1280,720,1280,720,True,2,license-plate,0,REAL,False,license_plate,AI/PlateDetector/datasets/raw/romanian_lp/LICENSE,AI/PlateDetector/datasets/raw/romanian_lp/README.md
romanian_public_lp,train,dayride_type1_003.mp4#t=52.jpg,dayride_type1_003.mp4#t=52.xml,dayride_type1_003.mp4,52,AI/PlateDetector/datasets/raw/romanian_lp/dataset/train/images/dayride_type1_003.mp4#t=52.jpg,AI/PlateDetector/datasets/raw/romanian_lp/dataset/train/annots/dayride_type1_003.mp4#t=52.xml,eb162e2994109bfd173a0664e92e28d411081e72f4993ac091b3a834d1aaf905,2ab01f3064232fe206df4771c54692fdf31280d2326a8fe8d4a1d2e323bdbd8e,1280,720,1280,720,True,2,license-plate,0,REAL,False,license_plate,AI/PlateDetector/datasets/raw/romanian_lp/LICENSE,AI/PlateDetector/datasets/raw/romanian_lp/README.md
romanian_public_lp,train,dayride_type1_003.mp4#t=80.jpg,dayride_type1_003.mp4#t=80.xml,dayride_type1_003.mp4,80,AI/PlateDetector/datasets/raw/romanian_lp/dataset/train/images/dayride_type1_003.mp4#t=80.jpg,AI/PlateDetector/datasets/raw/romanian_lp/dataset/train/annots/dayride_type1_003.mp4#t=80.xml,6508ba497b24026b818a9263b5f0912a9e9b6e3b6c7e78a8b35a0a6ba42d8e31,28f2e3260b369b3e00d90c62722f6932a55d4ddb348c9b4d521fa4ba8edf0de6,1280,720,1280,720,True,1,license-plate,0,REAL,False,license_plate,AI/PlateDetector/datasets/raw/romanian_lp/LICENSE,AI/PlateDetector/datasets/raw/romanian_lp/README.md
romanian_public_lp,train,dayride_type1_003.mp4#t=82.jpg,dayride_type1_003.mp4#t=82.xml,dayride_type1_003.mp4,82,AI/PlateDetector/datasets/raw/romanian_lp/dataset/train/images/dayride_type1_003.mp4#t=82.jpg,AI/PlateDetector/datasets/raw/romanian_lp/dataset/train/annots/dayride_type1_003.mp4#t=82.xml,e0c6900fa2f48f6930383782ab2343201abb363a9ecd0968e3bab0ee27692a81,d5701979760583c48f18f3a00c4f46f8ee53633fa7db2738badde81d407c8c79,1280,720,1280,720,True,1,license-plate,0,REAL,False,license_plate,AI/PlateDetector/datasets/raw/romanian_lp/LICENSE,AI/PlateDetector/datasets/raw/romanian_lp/README.md
romanian_public_lp,valid,dayride_type1_003.mp4#t=89.jpg,dayride_type1_003.mp4#t=89.xml,dayride_type1_003.mp4,89,AI/PlateDetector/datasets/raw/romanian_lp/dataset/valid/images/dayride_type1_003.mp4#t=89.jpg,AI/PlateDetector/datasets/raw/romanian_lp/dataset/valid/annots/dayride_type1_003.mp4#t=89.xml,25a0b0f9ea4e442796a43255b653ccb5997141c78af3f11161ee40c112294f60,50c2b285b0089cd598738e597e2d9d04800c0724f54cd9f4142b9ab87c3a45a6,1280,720,1280,720,True,1,license-plate,0,REAL,False,license_plate,AI/PlateDetector/datasets/raw/romanian_lp/LICENSE,AI/PlateDetector/datasets/raw/romanian_lp/README.md
romanian_public_lp,train,dayride_type1_003.mp4#t=92.jpg,dayride_type1_003.mp4#t=92.xml,dayride_type1_003.mp4,92,AI/PlateDetector/datasets/raw/romanian_lp/dataset/train/images/dayride_type1_003.mp4#t=92.jpg,AI/PlateDetector/datasets/raw/romanian_lp/dataset/train/annots/dayride_type1_003.mp4#t=92.xml,68f5f2b3651346cc3e64c18c06d584a9b7160920e9584e71bc78cf8288aadf10,4b317c96d91858222c0575db0e527575fb435495ecc4e948d848a38a8b058d35,1280,720,1280,720,True,1,license-plate,0,REAL,False,license_plate,AI/PlateDetector/datasets/raw/romanian_lp/LICENSE,AI/PlateDetector/datasets/raw/romanian_lp/README.md
romanian_public_lp,valid,dayride_type1_003.mp4#t=95.jpg,dayride_type1_003.mp4#t=95.xml,dayride_type1_003.mp4,95,AI/PlateDetector/datasets/raw/romanian_lp/dataset/valid/images/dayride_type1_003.mp4#t=95.jpg,AI/PlateDetector/datasets/raw/romanian_lp/dataset/valid/annots/dayride_type1_003.mp4#t=95.xml,7793bda261708b48de6aaf631d1482a6268194b6c327ecf27ecd3560c8f04f23,8fb7ce49999d5e7ab8ae8c8db560452727f3387baa7e3895d72585e902c9b4a7,1280,720,1280,720,True,1,license-plate,0,REAL,False,license_plate,AI/PlateDetector/datasets/raw/romanian_lp/LICENSE,AI/PlateDetector/datasets/raw/romanian_lp/README.md
romanian_public_lp,valid,dayride_type1_003.mp4#t=97.jpg,dayride_type1_003.mp4#t=97.xml,dayride_type1_003.mp4,97,AI/PlateDetector/datasets/raw/romanian_lp/dataset/valid/images/dayride_type1_003.mp4#t=97.jpg,AI/PlateDetector/datasets/raw/romanian_lp/dataset/valid/annots/dayride_type1_003.mp4#t=97.xml,f7e2cc9bf07f8c68cab8fa43a7760c6976c8ec7cbf2e5386c22f602abba295e0,74f5125599be22f14b372cf40af92d5dbc120decaa42c7b3e197b375bbb8acce,1280,720,1280,720,True,1,license-plate,0,REAL,False,license_plate,AI/PlateDetector/datasets/raw/romanian_lp/LICENSE,AI/PlateDetector/datasets/raw/romanian_lp/README.md
romanian_public_lp,train,dayride_type1_003.mp4#t=98.jpg,dayride_type1_003.mp4#t=98.xml,dayride_type1_003.mp4,98,AI/PlateDetector/datasets/raw/romanian_lp/dataset/train/images/dayride_type1_003.mp4#t=98.jpg,AI/PlateDetector/datasets/raw/romanian_lp/dataset/train/annots/dayride_type1_003.mp4#t=98.xml,1f1e76a3b8e9f0137ec296cb971cd87053777c7561e4fa38ee10d1c29a2b62df,79c9c745ed9bb16cad9724497364d2e1ddd90af1dd52ded9177584e90ad89091,1280,720,1280,720,True,2,license-plate,0,REAL,False,license_plate,AI/PlateDetector/datasets/raw/romanian_lp/LICENSE,AI/PlateDetector/datasets/raw/romanian_lp/README.md
romanian_public_lp,train,dayride_type1_003.mp4#t=99.jpg,dayride_type1_003.mp4#t=99.xml,dayride_type1_003.mp4,99,AI/PlateDetector/datasets/raw/romanian_lp/dataset/train/images/dayride_type1_003.mp4#t=99.jpg,AI/PlateDetector/datasets/raw/romanian_lp/dataset/train/annots/dayride_type1_003.mp4#t=99.xml,e29f8dc2d05eebc8311ab29af1a307752caaea67ea32dfbe08e259260ddbe37d,7fc0050a857b8baf77ddc3ff5740e1d4fd2282b5df7bfbc3a5add470d1205f91,1280,720,1280,720,True,1,license-plate,0,REAL,False,license_plate,AI/PlateDetector/datasets/raw/romanian_lp/LICENSE,AI/PlateDetector/datasets/raw/romanian_lp/README.md
romanian_public_lp,valid,dayride_type1_003.mp4#t=100.jpg,dayride_type1_003.mp4#t=100.xml,dayride_type1_003.mp4,100,AI/PlateDetector/datasets/raw/romanian_lp/dataset/valid/images/dayride_type1_003.mp4#t=100.jpg,AI/PlateDetector/datasets/raw/romanian_lp/dataset/valid/annots/dayride_type1_003.mp4#t=100.xml,3b75a57b607320cdab3943f1f4461be5e07e33c79c0925669f04123fb09ab63e,399fdeb268591712b69558ce0fd367a4f572cb310f9c3cd384e76d4aeba991ce,1280,720,1280,720,True,1,license-plate,0,REAL,False,license_plate,AI/PlateDetector/datasets/raw/romanian_lp/LICENSE,AI/PlateDetector/datasets/raw/romanian_lp/README.md
romanian_public_lp,train,dayride_type1_003.mp4#t=121.jpg,dayride_type1_003.mp4#t=121.xml,dayride_type1_003.mp4,121,AI/PlateDetector/datasets/raw/romanian_lp/dataset/train/images/dayride_type1_003.mp4#t=121.jpg,AI/PlateDetector/datasets/raw/romanian_lp/dataset/train/annots/dayride_type1_003.mp4#t=121.xml,e4b9e57611c5be42b0252f9a438ed7e5a839238570c7ec77ee592b876e7a6ac3,80767d3c2ae4cacea7075e5ed9f050985580b4f3aeb63f36bedf1a52a59187dd,1280,720,1280,720,True,1,license-plate,0,REAL,False,license_plate,AI/PlateDetector/datasets/raw/romanian_lp/LICENSE,AI/PlateDetector/datasets/raw/romanian_lp/README.md
romanian_public_lp,train,dayride_type1_003.mp4#t=125.jpg,dayride_type1_003.mp4#t=125.xml,dayride_type1_003.mp4,125,AI/PlateDetector/datasets/raw/romanian_lp/dataset/train/images/dayride_type1_003.mp4#t=125.jpg,AI/PlateDetector/datasets/raw/romanian_lp/dataset/train/annots/dayride_type1_003.mp4#t=125.xml,52465be20799e08afec1aa6faa15eca700b49c32139bf1eee12a85f6e6d38694,981def8344248da7047459e728bcc22045bbf10a35235a23f7a8fb00215db66b,1280,720,1280,720,True,1,license-plate,0,REAL,False,license_plate,AI/PlateDetector/datasets/raw/romanian_lp/LICENSE,AI/PlateDetector/datasets/raw/romanian_lp/README.md
romanian_public_lp,train,dayride_type1_003.mp4#t=140.jpg,dayride_type1_003.mp4#t=140.xml,dayride_type1_003.mp4,140,AI/PlateDetector/datasets/raw/romanian_lp/dataset/train/images/dayride_type1_003.mp4#t=140.jpg,AI/PlateDetector/datasets/raw/romanian_lp/dataset/train/annots/dayride_type1_003.mp4#t=140.xml,540a742fcbc2851d2dbe7a12880bf5ba6d78e2e3a90da9a9981513f5aa51c260,8136b7d17771616fc6b18d172a3ca36ec3b10a955c6ae73bfbbc0362ac13bff8,1280,720,1280,720,True,1,license-plate,0,REAL,False,license_plate,AI/PlateDetector/datasets/raw/romanian_lp/LICENSE,AI/PlateDetector/datasets/raw/romanian_lp/README.md
romanian_public_lp,train,dayride_type1_003.mp4#t=184.jpg,dayride_type1_003.mp4#t=184.xml,dayride_type1_003.mp4,184,AI/PlateDetector/datasets/raw/romanian_lp/dataset/train/images/dayride_type1_003.mp4#t=184.jpg,AI/PlateDetector/datasets/raw/romanian_lp/dataset/train/annots/dayride_type1_003.mp4#t=184.xml,a8687bc4c7275b4c6523b2f00b180c7772ff63c0263e0d0a02db16e42ef4c552,df4bd799f8e0906503682eb1ade6839511406e46b61dbce68524437e044e0354,1280,720,1280,720,True,1,license-plate,0,REAL,False,license_plate,AI/PlateDetector/datasets/raw/romanian_lp/LICENSE,AI/PlateDetector/datasets/raw/romanian_lp/README.md
romanian_public_lp,valid,dayride_type1_003.mp4#t=296.jpg,dayride_type1_003.mp4#t=296.xml,dayride_type1_003.mp4,296,AI/PlateDetector/datasets/raw/romanian_lp/dataset/valid/images/dayride_type1_003.mp4#t=296.jpg,AI/PlateDetector/datasets/raw/romanian_lp/dataset/valid/annots/dayride_type1_003.mp4#t=296.xml,8ebcd8bb36a886eb08fc8cfc38fd55541da683fb18b191372e733047e198527f,3484a12b23fd33cc2a8c58eb9d1e4339af51c181dcbf9797bced86a01617d2d9,1280,720,1280,720,True,1,license-plate,0,REAL,False,license_plate,AI/PlateDetector/datasets/raw/romanian_lp/LICENSE,AI/PlateDetector/datasets/raw/romanian_lp/README.md
romanian_public_lp,train,dayride_type1_003.mp4#t=312.jpg,dayride_type1_003.mp4#t=312.xml,dayride_type1_003.mp4,312,AI/PlateDetector/datasets/raw/romanian_lp/dataset/train/images/dayride_type1_003.mp4#t=312.jpg,AI/PlateDetector/datasets/raw/romanian_lp/dataset/train/annots/dayride_type1_003.mp4#t=312.xml,52e999f0ffcc07737b6a6b826ef7d5105f28e7141fce2d644459d477f6d0d0af,dcd9a7ae5397285cc9c99f302ced40530b4c810a5a826a8d5d5825a6e7b33e9a,1280,720,1280,720,True,2,license-plate,0,REAL,False,license_plate,AI/PlateDetector/datasets/raw/romanian_lp/LICENSE,AI/PlateDetector/datasets/raw/romanian_lp/README.md
romanian_public_lp,train,dayride_type1_003.mp4#t=314.jpg,dayride_type1_003.mp4#t=314.xml,dayride_type1_003.mp4,314,AI/PlateDetector/datasets/raw/romanian_lp/dataset/train/images/dayride_type1_003.mp4#t=314.jpg,AI/PlateDetector/datasets/raw/romanian_lp/dataset/train/annots/dayride_type1_003.mp4#t=314.xml,0627f20c12fc29d19c5e3f13c68778aff94790bbd1ee0b80da364fbdf4bafdc4,052ee96afcd491c8e0db2796d00374014da0813343b6337e8bea88eb9b9dd081,1280,720,1280,720,True,1,license-plate,0,REAL,False,license_plate,AI/PlateDetector/datasets/raw/romanian_lp/LICENSE,AI/PlateDetector/datasets/raw/romanian_lp/README.md
romanian_public_lp,train,dayride_type1_003.mp4#t=315.jpg,dayride_type1_003.mp4#t=315.xml,dayride_type1_003.mp4,315,AI/PlateDetector/datasets/raw/romanian_lp/dataset/train/images/dayride_type1_003.mp4#t=315.jpg,AI/PlateDetector/datasets/raw/romanian_lp/dataset/train/annots/dayride_type1_003.mp4#t=315.xml,0efd788d6f2101fcebf8103dc6f385230fc0645c423d4fdd063648497f212d73,b201c70a48e6c9a0ef16ba6691ff5da6fce0424e9d6a3de2525b5a9a812e4ce8,1280,720,1280,720,True,1,license-plate,0,REAL,False,license_plate,AI/PlateDetector/datasets/raw/romanian_lp/LICENSE,AI/PlateDetector/datasets/raw/romanian_lp/README.md
romanian_public_lp,train,dayride_type1_003.mp4#t=316.jpg,dayride_type1_003.mp4#t=316.xml,dayride_type1_003.mp4,316,AI/PlateDetector/datasets/raw/romanian_lp/dataset/train/images/dayride_type1_003.mp4#t=316.jpg,AI/PlateDetector/datasets/raw/romanian_lp/dataset/train/annots/dayride_type1_003.mp4#t=316.xml,bd4b6813e40e3588e299c85e6aadf56b35311c7d0964e872d8b639f53a554d52,af09f36ce093bb4df8ad6f552b74e261b1725165eaa8b6dae49ffe4af67e0bdd,1280,720,1280,720,True,2,license-plate,0,REAL,False,license_plate,AI/PlateDetector/datasets/raw/romanian_lp/LICENSE,AI/PlateDetector/datasets/raw/romanian_lp/README.md
romanian_public_lp,valid,dayride_type1_003.mp4#t=320.jpg,dayride_type1_003.mp4#t=320.xml,dayride_type1_003.mp4,320,AI/PlateDetector/datasets/raw/romanian_lp/dataset/valid/images/dayride_type1_003.mp4#t=320.jpg,AI/PlateDetector/datasets/raw/romanian_lp/dataset/valid/annots/dayride_type1_003.mp4#t=320.xml,9a9ebfcc90203958257311a669c37879fb4cfe1b8ada0512265a8c2b549572ef,6de91db79614697f442d570698dc04dea949c60e2c2ac4baff19d67fcd84bc85,1280,720,1280,720,True,1,license-plate,0,REAL,False,license_plate,AI/PlateDetector/datasets/raw/romanian_lp/LICENSE,AI/PlateDetector/datasets/raw/romanian_lp/README.md
romanian_public_lp,train,dayride_type1_003.mp4#t=324.jpg,dayride_type1_003.mp4#t=324.xml,dayride_type1_003.mp4,324,AI/PlateDetector/datasets/raw/romanian_lp/dataset/train/images/dayride_type1_003.mp4#t=324.jpg,AI/PlateDetector/datasets/raw/romanian_lp/dataset/train/annots/dayride_type1_003.mp4#t=324.xml,1de59c90bae189a9fb0031a825e19459b094e103a3c2c3315c1aa0cbf9f650fa,5c5c5ac68331e09537e98c8954d940692e1d007fee44517c7b50736100231c01,1280,720,1280,720,True,2,license-plate,0,REAL,False,license_plate,AI/PlateDetector/datasets/raw/romanian_lp/LICENSE,AI/PlateDetector/datasets/raw/romanian_lp/README.md
romanian_public_lp,train,dayride_type1_003.mp4#t=326.jpg,dayride_type1_003.mp4#t=326.xml,dayride_type1_003.mp4,326,AI/PlateDetector/datasets/raw/romanian_lp/dataset/train/images/dayride_type1_003.mp4#t=326.jpg,AI/PlateDetector/datasets/raw/romanian_lp/dataset/train/annots/dayride_type1_003.mp4#t=326.xml,4916f25fdd65c00e0774403ccf2862597f2b8f4d6e629e2adbdfd500a469ebe8,e85ec2251303c3ad7104cc0ef1045ab8fc076f39a97b2c9e602f68c0fe5b5195,1280,720,1280,720,True,2,license-plate,0,REAL,False,license_plate,AI/PlateDetector/datasets/raw/romanian_lp/LICENSE,AI/PlateDetector/datasets/raw/romanian_lp/README.md
romanian_public_lp,train,nightride_type3_001.mp4#t=1.jpg,nightride_type3_001.mp4#t=1.xml,nightride_type3_001.mp4,1,AI/PlateDetector/datasets/raw/romanian_lp/dataset/train/images/nightride_type3_001.mp4#t=1.jpg,AI/PlateDetector/datasets/raw/romanian_lp/dataset/train/annots/nightride_type3_001.mp4#t=1.xml,5f757484bd1013b505cd29ad4bcd7c24694db4b2753000b2f820e39d7eefa4c1,03e6c79c7872970fb8ddb195956972faf00f668f58e47854545c3a25cf8c9756,1280,720,1280,720,True,1,license-plate,0,REAL,False,license_plate,AI/PlateDetector/datasets/raw/romanian_lp/LICENSE,AI/PlateDetector/datasets/raw/romanian_lp/README.md
romanian_public_lp,valid,nightride_type3_001.mp4#t=2.jpg,nightride_type3_001.mp4#t=2.xml,nightride_type3_001.mp4,2,AI/PlateDetector/datasets/raw/romanian_lp/dataset/valid/images/nightride_type3_001.mp4#t=2.jpg,AI/PlateDetector/datasets/raw/romanian_lp/dataset/valid/annots/nightride_type3_001.mp4#t=2.xml,74d1dab1e55cfd5173af776aa662cc6bd2a6a266bee0f0d83e9c71cf7fc67a9e,a5b5a67e52193cfe7f8ed31f1ebfc83ac7dcbf74b9e04275979d964ac9f9f6ee,1280,720,1280,720,True,1,license-plate,0,REAL,False,license_plate,AI/PlateDetector/datasets/raw/romanian_lp/LICENSE,AI/PlateDetector/datasets/raw/romanian_lp/README.md
romanian_public_lp,train,nightride_type3_001.mp4#t=5.jpg,nightride_type3_001.mp4#t=5.xml,nightride_type3_001.mp4,5,AI/PlateDetector/datasets/raw/romanian_lp/dataset/train/images/nightride_type3_001.mp4#t=5.jpg,AI/PlateDetector/datasets/raw/romanian_lp/dataset/train/annots/nightride_type3_001.mp4#t=5.xml,a20775996f1c988cdb176543317268af4bdf44f47a5a3ced80c10006e2a71e0c,f2d3e4eba5caabdb2a2c2a417aa1651b5df696d265e37f709edb75706f00e853,1280,720,1280,720,True,2,license-plate,0,REAL,False,license_plate,AI/PlateDetector/datasets/raw/romanian_lp/LICENSE,AI/PlateDetector/datasets/raw/romanian_lp/README.md
romanian_public_lp,train,nightride_type3_001.mp4#t=6.jpg,nightride_type3_001.mp4#t=6.xml,nightride_type3_001.mp4,6,AI/PlateDetector/datasets/raw/romanian_lp/dataset/train/images/nightride_type3_001.mp4#t=6.jpg,AI/PlateDetector/datasets/raw/romanian_lp/dataset/train/annots/nightride_type3_001.mp4#t=6.xml,83065e458797780a9aece8bd280856e6723fdda8ea42fea71368da76e6b51803,e8ac5d43b7f7c907bece800cd4aa58cae3d7c53407b9e486f41440043b703cd5,1280,720,1280,720,True,2,license-plate,0,REAL,False,license_plate,AI/PlateDetector/datasets/raw/romanian_lp/LICENSE,AI/PlateDetector/datasets/raw/romanian_lp/README.md
romanian_public_lp,train,nightride_type3_001.mp4#t=7.jpg,nightride_type3_001.mp4#t=7.xml,nightride_type3_001.mp4,7,AI/PlateDetector/datasets/raw/romanian_lp/dataset/train/images/nightride_type3_001.mp4#t=7.jpg,AI/PlateDetector/datasets/raw/romanian_lp/dataset/train/annots/nightride_type3_001.mp4#t=7.xml,232a2959501c9ec223a29223b27405eaa343246c1453cb7cab098c8a997f864b,49862ec305fde5a82056c9bdc2a79e587938181ff8a5e91686f4d830d8fba7d7,1280,720,1280,720,True,2,license-plate,0,REAL,False,license_plate,AI/PlateDetector/datasets/raw/romanian_lp/LICENSE,AI/PlateDetector/datasets/raw/romanian_lp/README.md
romanian_public_lp,train,nightride_type3_001.mp4#t=10.jpg,nightride_type3_001.mp4#t=10.xml,nightride_type3_001.mp4,10,AI/PlateDetector/datasets/raw/romanian_lp/dataset/train/images/nightride_type3_001.mp4#t=10.jpg,AI/PlateDetector/datasets/raw/romanian_lp/dataset/train/annots/nightride_type3_001.mp4#t=10.xml,b207351f6929866b7fb8a321c987370b76e828225688df461e9f87ed6caa0fe3,c69f2d722bf13343c6dce8f0d550e03cc7a5b7c04921904e69e949ac08a8f723,1280,720,1280,720,True,1,license-plate,0,REAL,False,license_plate,AI/PlateDetector/datasets/raw/romanian_lp/LICENSE,AI/PlateDetector/datasets/raw/romanian_lp/README.md
romanian_public_lp,train,nightride_type3_001.mp4#t=11.jpg,nightride_type3_001.mp4#t=11.xml,nightride_type3_001.mp4,11,AI/PlateDetector/datasets/raw/romanian_lp/dataset/train/images/nightride_type3_001.mp4#t=11.jpg,AI/PlateDetector/datasets/raw/romanian_lp/dataset/train/annots/nightride_type3_001.mp4#t=11.xml,7a122cbf3b7a566c0f05b26034cbe279c5959b4bed0d7984a69662474b06cca1,187709224204d169ce7a63e1e52ec95d14bee73ccb90844d864c2d707fa81441,1280,720,1280,720,True,1,license-plate,0,REAL,False,license_plate,AI/PlateDetector/datasets/raw/romanian_lp/LICENSE,AI/PlateDetector/datasets/raw/romanian_lp/README.md
romanian_public_lp,train,nightride_type3_001.mp4#t=13.jpg,nightride_type3_001.mp4#t=13.xml,nightride_type3_001.mp4,13,AI/PlateDetector/datasets/raw/romanian_lp/dataset/train/images/nightride_type3_001.mp4#t=13.jpg,AI/PlateDetector/datasets/raw/romanian_lp/dataset/train/annots/nightride_type3_001.mp4#t=13.xml,45c9974cecb171cd30fb3be4368b98c5c89f0dd2026c383a06745db2399ea92f,420c1692703576266a34cc70348c5d97cd494d0cb147d3c9e749b5aca0a9bf10,1280,720,1280,720,True,1,license-plate,0,REAL,False,license_plate,AI/PlateDetector/datasets/raw/romanian_lp/LICENSE,AI/PlateDetector/datasets/raw/romanian_lp/README.md
romanian_public_lp,train,nightride_type3_001.mp4#t=16.jpg,nightride_type3_001.mp4#t=16.xml,nightride_type3_001.mp4,16,AI/PlateDetector/datasets/raw/romanian_lp/dataset/train/images/nightride_type3_001.mp4#t=16.jpg,AI/PlateDetector/datasets/raw/romanian_lp/dataset/train/annots/nightride_type3_001.mp4#t=16.xml,a332bdaf01e821bda0dcfc6dcbe3a41ffd91ffaab025870691869b5494493784,6b41e664c1c4c3c7c8cf193b8b7b86f1593707433683ce6aef7eb90bb1aac4b6,1280,720,1280,720,True,1,license-plate,0,REAL,False,license_plate,AI/PlateDetector/datasets/raw/romanian_lp/LICENSE,AI/PlateDetector/datasets/raw/romanian_lp/README.md
romanian_public_lp,train,nightride_type3_001.mp4#t=17.jpg,nightride_type3_001.mp4#t=17.xml,nightride_type3_001.mp4,17,AI/PlateDetector/datasets/raw/romanian_lp/dataset/train/images/nightride_type3_001.mp4#t=17.jpg,AI/PlateDetector/datasets/raw/romanian_lp/dataset/train/annots/nightride_type3_001.mp4#t=17.xml,67bedc346b768a1802be722a874faefe6d69465230595a835511eb6375473cfb,255918459129e95ff7888aa93fd385c4d01d7247802a445bb8f618226a360da1,1280,720,1280,720,True,1,license-plate,0,REAL,False,license_plate,AI/PlateDetector/datasets/raw/romanian_lp/LICENSE,AI/PlateDetector/datasets/raw/romanian_lp/README.md
romanian_public_lp,train,nightride_type3_001.mp4#t=18.jpg,nightride_type3_001.mp4#t=18.xml,nightride_type3_001.mp4,18,AI/PlateDetector/datasets/raw/romanian_lp/dataset/train/images/nightride_type3_001.mp4#t=18.jpg,AI/PlateDetector/datasets/raw/romanian_lp/dataset/train/annots/nightride_type3_001.mp4#t=18.xml,4669a394265e0f0e9e2f8203c8ca3e9d68556fc9ad6f40e89fd604a93713495e,52456351fbd64e914df1869cb0c9b0389b25a2354848b556dd61e856683b56fb,1280,720,1280,720,True,1,license-plate,0,REAL,False,license_plate,AI/PlateDetector/datasets/raw/romanian_lp/LICENSE,AI/PlateDetector/datasets/raw/romanian_lp/README.md
romanian_public_lp,train,nightride_type3_001.mp4#t=21.jpg,nightride_type3_001.mp4#t=21.xml,nightride_type3_001.mp4,21,AI/PlateDetector/datasets/raw/romanian_lp/dataset/train/images/nightride_type3_001.mp4#t=21.jpg,AI/PlateDetector/datasets/raw/romanian_lp/dataset/train/annots/nightride_type3_001.mp4#t=21.xml,ddc6873ce31c637f131cf7538797144e2df9e30f23bff889ff0e642d19df6298,c39b70c6acc0c5fc7408ff7e35f8a82aee2d61257b5c310a71feb560317b870a,1280,720,1280,720,True,1,license-plate,0,REAL,False,license_plate,AI/PlateDetector/datasets/raw/romanian_lp/LICENSE,AI/PlateDetector/datasets/raw/romanian_lp/README.md
romanian_public_lp,train,nightride_type3_001.mp4#t=23.jpg,nightride_type3_001.mp4#t=23.xml,nightride_type3_001.mp4,23,AI/PlateDetector/datasets/raw/romanian_lp/dataset/train/images/nightride_type3_001.mp4#t=23.jpg,AI/PlateDetector/datasets/raw/romanian_lp/dataset/train/annots/nightride_type3_001.mp4#t=23.xml,2fa1ec7fdf480cb64d31d03d17a8f8eb938f8361f848ee052ec1ebae4bd00a16,5df6d0952b7d68a7e6bd71765a4bab444e5c60d9ae629b9c64b53abfb5be1527,1280,720,1280,720,True,1,license-plate,0,REAL,False,license_plate,AI/PlateDetector/datasets/raw/romanian_lp/LICENSE,AI/PlateDetector/datasets/raw/romanian_lp/README.md
romanian_public_lp,train,nightride_type3_001.mp4#t=36.jpg,nightride_type3_001.mp4#t=36.xml,nightride_type3_001.mp4,36,AI/PlateDetector/datasets/raw/romanian_lp/dataset/train/images/nightride_type3_001.mp4#t=36.jpg,AI/PlateDetector/datasets/raw/romanian_lp/dataset/train/annots/nightride_type3_001.mp4#t=36.xml,5de034dadff33fa5e2f279e6e7a7cbbb923dc567c312d1d280e94e2fee5ef421,5c8bf4557b2a342be4097cd8eb536d64d6bf20a5450f042937830848bf077bd2,1280,720,1280,720,True,1,license-plate,0,REAL,False,license_plate,AI/PlateDetector/datasets/raw/romanian_lp/LICENSE,AI/PlateDetector/datasets/raw/romanian_lp/README.md
romanian_public_lp,train,nightride_type3_001.mp4#t=37.jpg,nightride_type3_001.mp4#t=37.xml,nightride_type3_001.mp4,37,AI/PlateDetector/datasets/raw/romanian_lp/dataset/train/images/nightride_type3_001.mp4#t=37.jpg,AI/PlateDetector/datasets/raw/romanian_lp/dataset/train/annots/nightride_type3_001.mp4#t=37.xml,bbc6fe9c3e0f875457b4c07a085e1c4df9e0ba4cd37d3285c2bbfb2e5c0c7b02,c586956801c1e304911be71e4d171c52af9d8dfe947c46ba564cd84f078aa852,1280,720,1280,720,True,1,license-plate,0,REAL,False,license_plate,AI/PlateDetector/datasets/raw/romanian_lp/LICENSE,AI/PlateDetector/datasets/raw/romanian_lp/README.md
romanian_public_lp,train,nightride_type3_001.mp4#t=38.jpg,nightride_type3_001.mp4#t=38.xml,nightride_type3_001.mp4,38,AI/PlateDetector/datasets/raw/romanian_lp/dataset/train/images/nightride_type3_001.mp4#t=38.jpg,AI/PlateDetector/datasets/raw/romanian_lp/dataset/train/annots/nightride_type3_001.mp4#t=38.xml,c6219996e265d3a5dcebb03c74488c974c98820957e5ecaa7cb7d122d8c35c6c,6e31b2cc5e4396b8a036a2db08655c07fd71fa0e7d21fbec050d1cc524ddde6b,1280,720,1280,720,True,1,license-plate,0,REAL,False,license_plate,AI/PlateDetector/datasets/raw/romanian_lp/LICENSE,AI/PlateDetector/datasets/raw/romanian_lp/README.md
romanian_public_lp,valid,nightride_type3_001.mp4#t=45.jpg,nightride_type3_001.mp4#t=45.xml,nightride_type3_001.mp4,45,AI/PlateDetector/datasets/raw/romanian_lp/dataset/valid/images/nightride_type3_001.mp4#t=45.jpg,AI/PlateDetector/datasets/raw/romanian_lp/dataset/valid/annots/nightride_type3_001.mp4#t=45.xml,8be78520b30c741d804011f61c5d7309ce30806d6850018a8b9cc555b742c115,b3441b946099ceb51d2558322c28857269b48995eab3b0c7e87050a3a47aff7b,1280,720,1280,720,True,1,license-plate,0,REAL,False,license_plate,AI/PlateDetector/datasets/raw/romanian_lp/LICENSE,AI/PlateDetector/datasets/raw/romanian_lp/README.md
romanian_public_lp,train,nightride_type3_001.mp4#t=51.jpg,nightride_type3_001.mp4#t=51.xml,nightride_type3_001.mp4,51,AI/PlateDetector/datasets/raw/romanian_lp/dataset/train/images/nightride_type3_001.mp4#t=51.jpg,AI/PlateDetector/datasets/raw/romanian_lp/dataset/train/annots/nightride_type3_001.mp4#t=51.xml,dfc7d042986ee381b8073a04c1c6c5b9aac44217120c39aedf97ef0160288e4a,a2e8ef06f396c209a600c3846dedb96deb89f54aec26e3ce548e5b30acc5e07e,1280,720,1280,720,True,1,license-plate,0,REAL,False,license_plate,AI/PlateDetector/datasets/raw/romanian_lp/LICENSE,AI/PlateDetector/datasets/raw/romanian_lp/README.md
romanian_public_lp,valid,nightride_type3_001.mp4#t=52.jpg,nightride_type3_001.mp4#t=52.xml,nightride_type3_001.mp4,52,AI/PlateDetector/datasets/raw/romanian_lp/dataset/valid/images/nightride_type3_001.mp4#t=52.jpg,AI/PlateDetector/datasets/raw/romanian_lp/dataset/valid/annots/nightride_type3_001.mp4#t=52.xml,bd3b70265fc0b7c97d2b6a39bcb80bde4e6f64562c9785d88a9e519ba314915d,e6e1821d35f73b05aeea55e468b6f49705a60caaa8061236544fe24485949805,1280,720,1280,720,True,1,license-plate,0,REAL,False,license_plate,AI/PlateDetector/datasets/raw/romanian_lp/LICENSE,AI/PlateDetector/datasets/raw/romanian_lp/README.md
romanian_public_lp,train,nightride_type3_001.mp4#t=53.jpg,nightride_type3_001.mp4#t=53.xml,nightride_type3_001.mp4,53,AI/PlateDetector/datasets/raw/romanian_lp/dataset/train/images/nightride_type3_001.mp4#t=53.jpg,AI/PlateDetector/datasets/raw/romanian_lp/dataset/train/annots/nightride_type3_001.mp4#t=53.xml,5063a5a86feefc1aeac90011441fb488edeb8c55f1a247268e5d93403fe6dc4d,b2ccc5e51ecbb50bbbae0cf35df5ea1d3800700b80d5e2a9cbd3921cce819831,1280,720,1280,720,True,1,license-plate,0,REAL,False,license_plate,AI/PlateDetector/datasets/raw/romanian_lp/LICENSE,AI/PlateDetector/datasets/raw/romanian_lp/README.md
romanian_public_lp,train,nightride_type3_001.mp4#t=54.jpg,nightride_type3_001.mp4#t=54.xml,nightride_type3_001.mp4,54,AI/PlateDetector/datasets/raw/romanian_lp/dataset/train/images/nightride_type3_001.mp4#t=54.jpg,AI/PlateDetector/datasets/raw/romanian_lp/dataset/train/annots/nightride_type3_001.mp4#t=54.xml,1e4be80b510f04cbe10873985a426aefa19d8ca3d960abf38bb1d696b1e05ec4,1d15d2c3658eab24eb5b700d99a86e7d4af384b5aa25ad9c72952176da287b78,1280,720,1280,720,True,1,license-plate,0,REAL,False,license_plate,AI/PlateDetector/datasets/raw/romanian_lp/LICENSE,AI/PlateDetector/datasets/raw/romanian_lp/README.md
romanian_public_lp,valid,nightride_type3_001.mp4#t=55.jpg,nightride_type3_001.mp4#t=55.xml,nightride_type3_001.mp4,55,AI/PlateDetector/datasets/raw/romanian_lp/dataset/valid/images/nightride_type3_001.mp4#t=55.jpg,AI/PlateDetector/datasets/raw/romanian_lp/dataset/valid/annots/nightride_type3_001.mp4#t=55.xml,24cca32b55c5b27d27c2aebe82429d703602fc55bda972ae1c82388ae9602723,f3bbf1b52a14ae21e1b3e314deb3e587771d53e30c348f9d49816af950d9b750,1280,720,1280,720,True,1,license-plate,0,REAL,False,license_plate,AI/PlateDetector/datasets/raw/romanian_lp/LICENSE,AI/PlateDetector/datasets/raw/romanian_lp/README.md
romanian_public_lp,train,nightride_type3_001.mp4#t=56.jpg,nightride_type3_001.mp4#t=56.xml,nightride_type3_001.mp4,56,AI/PlateDetector/datasets/raw/romanian_lp/dataset/train/images/nightride_type3_001.mp4#t=56.jpg,AI/PlateDetector/datasets/raw/romanian_lp/dataset/train/annots/nightride_type3_001.mp4#t=56.xml,e65da6e6d2f0de37977527c9f0fa2a1975942ab08e6f7295dcbce8715d5bfb28,c109a3b31bb19704c81c14f06e1a457df93c6fe5479c4620dc08be9dcc8a6478,1280,720,1280,720,True,1,license-plate,0,REAL,False,license_plate,AI/PlateDetector/datasets/raw/romanian_lp/LICENSE,AI/PlateDetector/datasets/raw/romanian_lp/README.md
romanian_public_lp,train,nightride_type3_001.mp4#t=57.jpg,nightride_type3_001.mp4#t=57.xml,nightride_type3_001.mp4,57,AI/PlateDetector/datasets/raw/romanian_lp/dataset/train/images/nightride_type3_001.mp4#t=57.jpg,AI/PlateDetector/datasets/raw/romanian_lp/dataset/train/annots/nightride_type3_001.mp4#t=57.xml,b0778ae32eb407c45c7a8deaf68450530883bc6c7b6c3f22080b7fab9c546943,89090f4efe5a45f3d5fc3793a9c5fa0a63d0d7b044ad2724caf4bf9185d4dce7,1280,720,1280,720,True,1,license-plate,0,REAL,False,license_plate,AI/PlateDetector/datasets/raw/romanian_lp/LICENSE,AI/PlateDetector/datasets/raw/romanian_lp/README.md
romanian_public_lp,train,nightride_type3_001.mp4#t=59.jpg,nightride_type3_001.mp4#t=59.xml,nightride_type3_001.mp4,59,AI/PlateDetector/datasets/raw/romanian_lp/dataset/train/images/nightride_type3_001.mp4#t=59.jpg,AI/PlateDetector/datasets/raw/romanian_lp/dataset/train/annots/nightride_type3_001.mp4#t=59.xml,b98a9b6591c5eb8b5f7a21bdafb786d6e4b3727e9991abe772d3aaa7aa50e7e1,924026b7977c90a6c936ed6c60c8288fd6b5625339cf4ecd436b13391af70054,1280,720,1280,720,True,1,license-plate,0,REAL,False,license_plate,AI/PlateDetector/datasets/raw/romanian_lp/LICENSE,AI/PlateDetector/datasets/raw/romanian_lp/README.md
romanian_public_lp,valid,nightride_type3_001.mp4#t=64.jpg,nightride_type3_001.mp4#t=64.xml,nightride_type3_001.mp4,64,AI/PlateDetector/datasets/raw/romanian_lp/dataset/valid/images/nightride_type3_001.mp4#t=64.jpg,AI/PlateDetector/datasets/raw/romanian_lp/dataset/valid/annots/nightride_type3_001.mp4#t=64.xml,2d8a004cc03cc9955529125236ddf91ca81b69b83dea398deefe7692b9b9f6ed,2d3841ae2c4054d2ac97fcf9f76b22a1cfaaafa72302cd986053219f4e8ab32a,1280,720,1280,720,True,1,license-plate,0,REAL,False,license_plate,AI/PlateDetector/datasets/raw/romanian_lp/LICENSE,AI/PlateDetector/datasets/raw/romanian_lp/README.md
romanian_public_lp,train,nightride_type3_001.mp4#t=71.jpg,nightride_type3_001.mp4#t=71.xml,nightride_type3_001.mp4,71,AI/PlateDetector/datasets/raw/romanian_lp/dataset/train/images/nightride_type3_001.mp4#t=71.jpg,AI/PlateDetector/datasets/raw/romanian_lp/dataset/train/annots/nightride_type3_001.mp4#t=71.xml,4ffc8b875c835d1929ea085a5823e867f0f4206c01acc5512f4e4c224c1d8bf6,ada2393ee177f71d21876004dff2ecc2fd37b4e1bd40c8d2b943a5011aa8b5c6,1280,720,1280,720,True,2,license-plate,0,REAL,False,license_plate,AI/PlateDetector/datasets/raw/romanian_lp/LICENSE,AI/PlateDetector/datasets/raw/romanian_lp/README.md
romanian_public_lp,train,nightride_type3_001.mp4#t=72.jpg,nightride_type3_001.mp4#t=72.xml,nightride_type3_001.mp4,72,AI/PlateDetector/datasets/raw/romanian_lp/dataset/train/images/nightride_type3_001.mp4#t=72.jpg,AI/PlateDetector/datasets/raw/romanian_lp/dataset/train/annots/nightride_type3_001.mp4#t=72.xml,a87586228b759abdd4165ff89f885b8c99e18cfa2235e5a4c6e2296c90ec0a5f,6482cd891f6ac6109b0a668f55cab9d45733405e4ac35bcbd4bc48620e474978,1280,720,1280,720,True,1,license-plate,0,REAL,False,license_plate,AI/PlateDetector/datasets/raw/romanian_lp/LICENSE,AI/PlateDetector/datasets/raw/romanian_lp/README.md
romanian_public_lp,train,nightride_type3_001.mp4#t=74.jpg,nightride_type3_001.mp4#t=74.xml,nightride_type3_001.mp4,74,AI/PlateDetector/datasets/raw/romanian_lp/dataset/train/images/nightride_type3_001.mp4#t=74.jpg,AI/PlateDetector/datasets/raw/romanian_lp/dataset/train/annots/nightride_type3_001.mp4#t=74.xml,c1438991717b01c57dbf0e42b58763b8a6ed61e4216f8df036388f7227e2da16,2300d698945865a1454807fb94a903a26149737a04257e7014cb8f8660ed8f0b,1280,720,1280,720,True,1,license-plate,0,REAL,False,license_plate,AI/PlateDetector/datasets/raw/romanian_lp/LICENSE,AI/PlateDetector/datasets/raw/romanian_lp/README.md
romanian_public_lp,train,nightride_type3_001.mp4#t=108.jpg,nightride_type3_001.mp4#t=108.xml,nightride_type3_001.mp4,108,AI/PlateDetector/datasets/raw/romanian_lp/dataset/train/images/nightride_type3_001.mp4#t=108.jpg,AI/PlateDetector/datasets/raw/romanian_lp/dataset/train/annots/nightride_type3_001.mp4#t=108.xml,acc46e7bd7983139a54fcbf937c4f1e6f3581dfd936bfe6e2110c72f24ae868f,4d5aa7a2f0a45f2b153f60bd21e4640ae49c328386cc700dd7b426556bd804fd,1280,720,1280,720,True,1,license-plate,0,REAL,False,license_plate,AI/PlateDetector/datasets/raw/romanian_lp/LICENSE,AI/PlateDetector/datasets/raw/romanian_lp/README.md
romanian_public_lp,train,nightride_type3_001.mp4#t=109.jpg,nightride_type3_001.mp4#t=109.xml,nightride_type3_001.mp4,109,AI/PlateDetector/datasets/raw/romanian_lp/dataset/train/images/nightride_type3_001.mp4#t=109.jpg,AI/PlateDetector/datasets/raw/romanian_lp/dataset/train/annots/nightride_type3_001.mp4#t=109.xml,86d8a3b60e5afffdeac1b62f0d4b654430adf91d83119b6e07b7cd3a591c598d,e905529df765c1093a7ff9ca4c1bbc98177b9ea7036bfbdfe72522f55a7db0a4,1280,720,1280,720,True,1,license-plate,0,REAL,False,license_plate,AI/PlateDetector/datasets/raw/romanian_lp/LICENSE,AI/PlateDetector/datasets/raw/romanian_lp/README.md
romanian_public_lp,train,nightride_type3_001.mp4#t=110.jpg,nightride_type3_001.mp4#t=110.xml,nightride_type3_001.mp4,110,AI/PlateDetector/datasets/raw/romanian_lp/dataset/train/images/nightride_type3_001.mp4#t=110.jpg,AI/PlateDetector/datasets/raw/romanian_lp/dataset/train/annots/nightride_type3_001.mp4#t=110.xml,dbe6efe237b6129b1e2ecd394f7c470b2f88b19f2729179788e9c15096402594,45c0aa36530b37644f2531dd867159f5ab75e18d3d47fe48c0ed54cc7d5d6e70,1280,720,1280,720,True,2,license-plate,0,REAL,False,license_plate,AI/PlateDetector/datasets/raw/romanian_lp/LICENSE,AI/PlateDetector/datasets/raw/romanian_lp/README.md
romanian_public_lp,train,nightride_type3_001.mp4#t=112.jpg,nightride_type3_001.mp4#t=112.xml,nightride_type3_001.mp4,112,AI/PlateDetector/datasets/raw/romanian_lp/dataset/train/images/nightride_type3_001.mp4#t=112.jpg,AI/PlateDetector/datasets/raw/romanian_lp/dataset/train/annots/nightride_type3_001.mp4#t=112.xml,38e946d68f7dbb732154b270bf32523e174abe28e920d90996f34490b79e6721,d5fee78ca439a50b570e4362c1e17b30f0754dae63639b1927c6d3defd5c74c3,1280,720,1280,720,True,2,license-plate,0,REAL,False,license_plate,AI/PlateDetector/datasets/raw/romanian_lp/LICENSE,AI/PlateDetector/datasets/raw/romanian_lp/README.md
romanian_public_lp,train,nightride_type3_001.mp4#t=113.jpg,nightride_type3_001.mp4#t=113.xml,nightride_type3_001.mp4,113,AI/PlateDetector/datasets/raw/romanian_lp/dataset/train/images/nightride_type3_001.mp4#t=113.jpg,AI/PlateDetector/datasets/raw/romanian_lp/dataset/train/annots/nightride_type3_001.mp4#t=113.xml,2537e634823c18a104274badf6172745732edb506728af5e6d1cc9c4147ff0df,4731a2307a323d43f91cb841aec2a0fe5da4f4ca99af5573bb129dc58c22607d,1280,720,1280,720,True,1,license-plate,0,REAL,False,license_plate,AI/PlateDetector/datasets/raw/romanian_lp/LICENSE,AI/PlateDetector/datasets/raw/romanian_lp/README.md
romanian_public_lp,valid,nightride_type3_001.mp4#t=116.jpg,nightride_type3_001.mp4#t=116.xml,nightride_type3_001.mp4,116,AI/PlateDetector/datasets/raw/romanian_lp/dataset/valid/images/nightride_type3_001.mp4#t=116.jpg,AI/PlateDetector/datasets/raw/romanian_lp/dataset/valid/annots/nightride_type3_001.mp4#t=116.xml,be53d072c8fabe3d5f3308fb84a482ff2f3ef764ebae04e6ef11f3cb5717079b,7f7d3a099bfb945bba03d1fe35bb86b18d9a5d9c8f61a9659d83ff7cadb3735b,1280,720,1280,720,True,1,license-plate,0,REAL,False,license_plate,AI/PlateDetector/datasets/raw/romanian_lp/LICENSE,AI/PlateDetector/datasets/raw/romanian_lp/README.md
romanian_public_lp,train,nightride_type3_001.mp4#t=117.jpg,nightride_type3_001.mp4#t=117.xml,nightride_type3_001.mp4,117,AI/PlateDetector/datasets/raw/romanian_lp/dataset/train/images/nightride_type3_001.mp4#t=117.jpg,AI/PlateDetector/datasets/raw/romanian_lp/dataset/train/annots/nightride_type3_001.mp4#t=117.xml,bda4be3f0cb6000eee8367c4ff7e98dd8f522bd2bb52f631aa13c29f8736fb21,e5d070435054b969c638b4a61a00fb47f524010c6affb73159f2a83a2e1015c2,1280,720,1280,720,True,1,license-plate,0,REAL,False,license_plate,AI/PlateDetector/datasets/raw/romanian_lp/LICENSE,AI/PlateDetector/datasets/raw/romanian_lp/README.md
romanian_public_lp,valid,nightride_type3_001.mp4#t=154.jpg,nightride_type3_001.mp4#t=154.xml,nightride_type3_001.mp4,154,AI/PlateDetector/datasets/raw/romanian_lp/dataset/valid/images/nightride_type3_001.mp4#t=154.jpg,AI/PlateDetector/datasets/raw/romanian_lp/dataset/valid/annots/nightride_type3_001.mp4#t=154.xml,1081eef6e15d326e25928f671243c6d1531317433139e6b78bd90f9614fb5b4d,1705f8fddd0d421cb27bd8d7b3c524b4213082d14ad056e991770589bb0ee649,1280,720,1280,720,True,1,license-plate,0,REAL,False,license_plate,AI/PlateDetector/datasets/raw/romanian_lp/LICENSE,AI/PlateDetector/datasets/raw/romanian_lp/README.md
romanian_public_lp,valid,nightride_type3_001.mp4#t=155.jpg,nightride_type3_001.mp4#t=155.xml,nightride_type3_001.mp4,155,AI/PlateDetector/datasets/raw/romanian_lp/dataset/valid/images/nightride_type3_001.mp4#t=155.jpg,AI/PlateDetector/datasets/raw/romanian_lp/dataset/valid/annots/nightride_type3_001.mp4#t=155.xml,dce5b7fce907bf3d3851125765fec903b1e903abd1a663a335c08b9a4eb3599d,416edbbe0b75604c941afe54cccc98be171043f451da78728a6752455cb1111a,1280,720,1280,720,True,1,license-plate,0,REAL,False,license_plate,AI/PlateDetector/datasets/raw/romanian_lp/LICENSE,AI/PlateDetector/datasets/raw/romanian_lp/README.md
romanian_public_lp,train,nightride_type3_001.mp4#t=156.jpg,nightride_type3_001.mp4#t=156.xml,nightride_type3_001.mp4,156,AI/PlateDetector/datasets/raw/romanian_lp/dataset/train/images/nightride_type3_001.mp4#t=156.jpg,AI/PlateDetector/datasets/raw/romanian_lp/dataset/train/annots/nightride_type3_001.mp4#t=156.xml,bf74b426870d2c705d10a296512998900b30eed6033772db7e86864b0165ade6,737ad9e8e35730d92ad10ce2cc6a9634d54816eefccb0f8d1ededc275b8b1d61,1280,720,1280,720,True,1,license-plate,0,REAL,False,license_plate,AI/PlateDetector/datasets/raw/romanian_lp/LICENSE,AI/PlateDetector/datasets/raw/romanian_lp/README.md
romanian_public_lp,train,nightride_type3_001.mp4#t=161.jpg,nightride_type3_001.mp4#t=161.xml,nightride_type3_001.mp4,161,AI/PlateDetector/datasets/raw/romanian_lp/dataset/train/images/nightride_type3_001.mp4#t=161.jpg,AI/PlateDetector/datasets/raw/romanian_lp/dataset/train/annots/nightride_type3_001.mp4#t=161.xml,5de3961e5e2c3b0717a6c3fd4a46ccf61c9a0b77d884c2da4cedfdb6b9d6eaf3,68a7380c3d473da28f7714a8ae2f80146b09d981ff6455401dd798ffeeada65d,1280,720,1280,720,True,2,license-plate,0,REAL,False,license_plate,AI/PlateDetector/datasets/raw/romanian_lp/LICENSE,AI/PlateDetector/datasets/raw/romanian_lp/README.md
romanian_public_lp,train,nightride_type3_001.mp4#t=162.jpg,nightride_type3_001.mp4#t=162.xml,nightride_type3_001.mp4,162,AI/PlateDetector/datasets/raw/romanian_lp/dataset/train/images/nightride_type3_001.mp4#t=162.jpg,AI/PlateDetector/datasets/raw/romanian_lp/dataset/train/annots/nightride_type3_001.mp4#t=162.xml,e45b2b3027fa6958196a1c87445e0f31e8d9c7dda1189d722392269db8827301,139cfcfa1d2028d38475804a160afeb1586e09f891ef47fd2df1c5f2795a48cb,1280,720,1280,720,True,2,license-plate,0,REAL,False,license_plate,AI/PlateDetector/datasets/raw/romanian_lp/LICENSE,AI/PlateDetector/datasets/raw/romanian_lp/README.md
romanian_public_lp,valid,nightride_type3_001.mp4#t=163.jpg,nightride_type3_001.mp4#t=163.xml,nightride_type3_001.mp4,163,AI/PlateDetector/datasets/raw/romanian_lp/dataset/valid/images/nightride_type3_001.mp4#t=163.jpg,AI/PlateDetector/datasets/raw/romanian_lp/dataset/valid/annots/nightride_type3_001.mp4#t=163.xml,cd092306420f90c59f0cc5caf1840d2f940e3b97549e06a254a853c2e58dccc9,c0c902c00d03b3a2dab1648e993db969e568cbc4e6ed239845262b89d8025f81,1280,720,1280,720,True,1,license-plate,0,REAL,False,license_plate,AI/PlateDetector/datasets/raw/romanian_lp/LICENSE,AI/PlateDetector/datasets/raw/romanian_lp/README.md
romanian_public_lp,train,nightride_type3_001.mp4#t=256.jpg,nightride_type3_001.mp4#t=256.xml,nightride_type3_001.mp4,256,AI/PlateDetector/datasets/raw/romanian_lp/dataset/train/images/nightride_type3_001.mp4#t=256.jpg,AI/PlateDetector/datasets/raw/romanian_lp/dataset/train/annots/nightride_type3_001.mp4#t=256.xml,60909819af18f04ca8520c49b421f8cce63f778991018c29083696d422cb5b84,40514bafa14f2722ae2b450e76aef075499fb5a1e754af5f617a2f63cf04a545,1280,720,1280,720,True,1,license-plate,0,REAL,False,license_plate,AI/PlateDetector/datasets/raw/romanian_lp/LICENSE,AI/PlateDetector/datasets/raw/romanian_lp/README.md
romanian_public_lp,train,nightride_type3_001.mp4#t=257.jpg,nightride_type3_001.mp4#t=257.xml,nightride_type3_001.mp4,257,AI/PlateDetector/datasets/raw/romanian_lp/dataset/train/images/nightride_type3_001.mp4#t=257.jpg,AI/PlateDetector/datasets/raw/romanian_lp/dataset/train/annots/nightride_type3_001.mp4#t=257.xml,0bbd1d6ea6948f9da7e34592e3182cf6c25124d562a5957e92dc9ae5121d1488,b52f8b5ed13f786b70680842f6f19d5897ab7d3b8d27444aecb9f364dfabb26c,1280,720,1280,720,True,1,license-plate,0,REAL,False,license_plate,AI/PlateDetector/datasets/raw/romanian_lp/LICENSE,AI/PlateDetector/datasets/raw/romanian_lp/README.md
romanian_public_lp,train,nightride_type3_001.mp4#t=258.jpg,nightride_type3_001.mp4#t=258.xml,nightride_type3_001.mp4,258,AI/PlateDetector/datasets/raw/romanian_lp/dataset/train/images/nightride_type3_001.mp4#t=258.jpg,AI/PlateDetector/datasets/raw/romanian_lp/dataset/train/annots/nightride_type3_001.mp4#t=258.xml,e98e408a55d0009d46d7c460d3a320dcd279621078e9f27227c6656042e01e1a,f3fa94215c4bd9bdedf25b2539ca2ad65ba6b2c1d32a346864decb3bb75fcecb,1280,720,1280,720,True,1,license-plate,0,REAL,False,license_plate,AI/PlateDetector/datasets/raw/romanian_lp/LICENSE,AI/PlateDetector/datasets/raw/romanian_lp/README.md
romanian_public_lp,train,nightride_type3_001.mp4#t=259.jpg,nightride_type3_001.mp4#t=259.xml,nightride_type3_001.mp4,259,AI/PlateDetector/datasets/raw/romanian_lp/dataset/train/images/nightride_type3_001.mp4#t=259.jpg,AI/PlateDetector/datasets/raw/romanian_lp/dataset/train/annots/nightride_type3_001.mp4#t=259.xml,fdd2effb3447015f3e7744e1a740f588974c2da934974e7ef8f9043ad58aa4c1,d212880d583c113cb545a492877ad86943878cbc65584a1f0be8643d1fd73ac0,1280,720,1280,720,True,1,license-plate,0,REAL,False,license_plate,AI/PlateDetector/datasets/raw/romanian_lp/LICENSE,AI/PlateDetector/datasets/raw/romanian_lp/README.md
romanian_public_lp,train,nightride_type3_001.mp4#t=263.jpg,nightride_type3_001.mp4#t=263.xml,nightride_type3_001.mp4,263,AI/PlateDetector/datasets/raw/romanian_lp/dataset/train/images/nightride_type3_001.mp4#t=263.jpg,AI/PlateDetector/datasets/raw/romanian_lp/dataset/train/annots/nightride_type3_001.mp4#t=263.xml,9e9cea29b5422636e386e2926760ca192eba142fd2550303b4d0dac03faa2c3a,eaa66e2564f9e2464acd400216e3244894b16db4a9dc0f2a95e5a77ec7031470,1280,720,1280,720,True,1,license-plate,0,REAL,False,license_plate,AI/PlateDetector/datasets/raw/romanian_lp/LICENSE,AI/PlateDetector/datasets/raw/romanian_lp/README.md
romanian_public_lp,train,nightride_type3_001.mp4#t=311.jpg,nightride_type3_001.mp4#t=311.xml,nightride_type3_001.mp4,311,AI/PlateDetector/datasets/raw/romanian_lp/dataset/train/images/nightride_type3_001.mp4#t=311.jpg,AI/PlateDetector/datasets/raw/romanian_lp/dataset/train/annots/nightride_type3_001.mp4#t=311.xml,a0683a98b5dc07ae252ea3aa34d677efb51a50a5288d4f831ae650d230471181,6949a13d9ee2bda4c86b876acc6349faaf1caa39dc1e9ae3790536133486f468,1280,720,1280,720,True,1,license-plate,0,REAL,False,license_plate,AI/PlateDetector/datasets/raw/romanian_lp/LICENSE,AI/PlateDetector/datasets/raw/romanian_lp/README.md
romanian_public_lp,train,nightride_type3_001.mp4#t=312.jpg,nightride_type3_001.mp4#t=312.xml,nightride_type3_001.mp4,312,AI/PlateDetector/datasets/raw/romanian_lp/dataset/train/images/nightride_type3_001.mp4#t=312.jpg,AI/PlateDetector/datasets/raw/romanian_lp/dataset/train/annots/nightride_type3_001.mp4#t=312.xml,ff8e73356e2cde8066f50b5592899d74129a8ac6fa935753dd069f336592c1b7,78903db36ee14ebbf2e6282cfbfbe62f73b7f5872056c533efea8ea77e894183,1280,720,1280,720,True,1,license-plate,0,REAL,False,license_plate,AI/PlateDetector/datasets/raw/romanian_lp/LICENSE,AI/PlateDetector/datasets/raw/romanian_lp/README.md
romanian_public_lp,train,nightride_type3_001.mp4#t=347.jpg,nightride_type3_001.mp4#t=347.xml,nightride_type3_001.mp4,347,AI/PlateDetector/datasets/raw/romanian_lp/dataset/train/images/nightride_type3_001.mp4#t=347.jpg,AI/PlateDetector/datasets/raw/romanian_lp/dataset/train/annots/nightride_type3_001.mp4#t=347.xml,ec56ae639c61fa7e12d02355c8bd018153200e2935693d2dd727cfde89fd79e8,e84197f661dc517987307e79fabcf9f67e657abfef81ce8690928e832d4bb870,1280,720,1280,720,True,2,license-plate,0,REAL,False,license_plate,AI/PlateDetector/datasets/raw/romanian_lp/LICENSE,AI/PlateDetector/datasets/raw/romanian_lp/README.md
romanian_public_lp,train,nightride_type3_001.mp4#t=349.jpg,nightride_type3_001.mp4#t=349.xml,nightride_type3_001.mp4,349,AI/PlateDetector/datasets/raw/romanian_lp/dataset/train/images/nightride_type3_001.mp4#t=349.jpg,AI/PlateDetector/datasets/raw/romanian_lp/dataset/train/annots/nightride_type3_001.mp4#t=349.xml,b69461ef27ddde1872b0e65a58b92437e87c0f2b2e76e5802057feed459f390f,6416270f76245c36a4616a654eabf950ea30066040856b01d885f5f3a577c386,1280,720,1280,720,True,2,license-plate,0,REAL,False,license_plate,AI/PlateDetector/datasets/raw/romanian_lp/LICENSE,AI/PlateDetector/datasets/raw/romanian_lp/README.md
romanian_public_lp,train,nightride_type3_001.mp4#t=350.jpg,nightride_type3_001.mp4#t=350.xml,nightride_type3_001.mp4,350,AI/PlateDetector/datasets/raw/romanian_lp/dataset/train/images/nightride_type3_001.mp4#t=350.jpg,AI/PlateDetector/datasets/raw/romanian_lp/dataset/train/annots/nightride_type3_001.mp4#t=350.xml,b4c55a7f8933427ec4ade0023f0b04b45a7ae4309a56258b15b26a2f1ba472a4,cb058b73c52a0b1b340275a978bb80820ed6ab4894af35f10d8a7f56ca3aced5,1280,720,1280,720,True,2,license-plate,0,REAL,False,license_plate,AI/PlateDetector/datasets/raw/romanian_lp/LICENSE,AI/PlateDetector/datasets/raw/romanian_lp/README.md
romanian_public_lp,valid,nightride_type3_001.mp4#t=352.jpg,nightride_type3_001.mp4#t=352.xml,nightride_type3_001.mp4,352,AI/PlateDetector/datasets/raw/romanian_lp/dataset/valid/images/nightride_type3_001.mp4#t=352.jpg,AI/PlateDetector/datasets/raw/romanian_lp/dataset/valid/annots/nightride_type3_001.mp4#t=352.xml,ea958707342805bb252131a6ecccd7a1519fd71fe77892d77d6a6b1e89b466b5,03ba745d74922a3d5d6db51cdbdd5f97d42eff559970c5b5d4a22ca033fa9991,1280,720,1280,720,True,2,license-plate,0,REAL,False,license_plate,AI/PlateDetector/datasets/raw/romanian_lp/LICENSE,AI/PlateDetector/datasets/raw/romanian_lp/README.md
romanian_public_lp,train,nightride_type3_001.mp4#t=353.jpg,nightride_type3_001.mp4#t=353.xml,nightride_type3_001.mp4,353,AI/PlateDetector/datasets/raw/romanian_lp/dataset/train/images/nightride_type3_001.mp4#t=353.jpg,AI/PlateDetector/datasets/raw/romanian_lp/dataset/train/annots/nightride_type3_001.mp4#t=353.xml,5be0aacb04cc7a1ab91a0eb64456b0b720f0800025633e26b04a7864f204b39e,4525141c0b706ca9aaa3247aef643d696c6897d32d7b8935f5485ccc55144f10,1280,720,1280,720,True,1,license-plate,0,REAL,False,license_plate,AI/PlateDetector/datasets/raw/romanian_lp/LICENSE,AI/PlateDetector/datasets/raw/romanian_lp/README.md
romanian_public_lp,valid,nightride_type3_001.mp4#t=358.jpg,nightride_type3_001.mp4#t=358.xml,nightride_type3_001.mp4,358,AI/PlateDetector/datasets/raw/romanian_lp/dataset/valid/images/nightride_type3_001.mp4#t=358.jpg,AI/PlateDetector/datasets/raw/romanian_lp/dataset/valid/annots/nightride_type3_001.mp4#t=358.xml,9bcf7e96356f00b5eeefa062cf0b412b9252feed2ef88068f245fde53b39c929,dd1ed84e0e449c9af770c65b52a34a20238d80fbb469030764c399e11694b35a,1280,720,1280,720,True,1,license-plate,0,REAL,False,license_plate,AI/PlateDetector/datasets/raw/romanian_lp/LICENSE,AI/PlateDetector/datasets/raw/romanian_lp/README.md
romanian_public_lp,valid,nightride_type3_001.mp4#t=386.jpg,nightride_type3_001.mp4#t=386.xml,nightride_type3_001.mp4,386,AI/PlateDetector/datasets/raw/romanian_lp/dataset/valid/images/nightride_type3_001.mp4#t=386.jpg,AI/PlateDetector/datasets/raw/romanian_lp/dataset/valid/annots/nightride_type3_001.mp4#t=386.xml,8c5bb930b70f30fabad1c1cf4b5fc0957e85f1ed1e95447059d101ea16c93095,c0ba6cbb18d504a5701a38d84e84efc7d9f56201e6d7f392a6eaa45b1304ee30,1280,720,1280,720,True,1,license-plate,0,REAL,False,license_plate,AI/PlateDetector/datasets/raw/romanian_lp/LICENSE,AI/PlateDetector/datasets/raw/romanian_lp/README.md
romanian_public_lp,train,nightride_type3_001.mp4#t=403.jpg,nightride_type3_001.mp4#t=403.xml,nightride_type3_001.mp4,403,AI/PlateDetector/datasets/raw/romanian_lp/dataset/train/images/nightride_type3_001.mp4#t=403.jpg,AI/PlateDetector/datasets/raw/romanian_lp/dataset/train/annots/nightride_type3_001.mp4#t=403.xml,ffbb2487e53d864dfc2376e168a6f0c25905b7676514e404f09ce910b74ad8bd,707676decacc00a70122bbc7417d212093a7ef5b43ffebfc7e690e2bbd7dd7ac,1280,720,1280,720,True,1,license-plate,0,REAL,False,license_plate,AI/PlateDetector/datasets/raw/romanian_lp/LICENSE,AI/PlateDetector/datasets/raw/romanian_lp/README.md
romanian_public_lp,valid,nightride_type3_001.mp4#t=404.jpg,nightride_type3_001.mp4#t=404.xml,nightride_type3_001.mp4,404,AI/PlateDetector/datasets/raw/romanian_lp/dataset/valid/images/nightride_type3_001.mp4#t=404.jpg,AI/PlateDetector/datasets/raw/romanian_lp/dataset/valid/annots/nightride_type3_001.mp4#t=404.xml,3b3921fe50824f586b069a12737e86199903238cff4bee5e1c1917e02334596e,e48cfba96ff2a2992f60ad92bd94f9b487e378878c3ae398436d040e386ee924,1280,720,1280,720,True,1,license-plate,0,REAL,False,license_plate,AI/PlateDetector/datasets/raw/romanian_lp/LICENSE,AI/PlateDetector/datasets/raw/romanian_lp/README.md
romanian_public_lp,train,nightride_type3_001.mp4#t=408.jpg,nightride_type3_001.mp4#t=408.xml,nightride_type3_001.mp4,408,AI/PlateDetector/datasets/raw/romanian_lp/dataset/train/images/nightride_type3_001.mp4#t=408.jpg,AI/PlateDetector/datasets/raw/romanian_lp/dataset/train/annots/nightride_type3_001.mp4#t=408.xml,48783ed6fa770655eedef1abda89427271b17065021cc8cc2f515092d03493b8,aa8d1f0709e17af5946140c086f50b19b1d1c8f1053f2960402befa6c2318b8b,1280,720,1280,720,True,1,license-plate,0,REAL,False,license_plate,AI/PlateDetector/datasets/raw/romanian_lp/LICENSE,AI/PlateDetector/datasets/raw/romanian_lp/README.md
romanian_public_lp,train,nightride_type3_001.mp4#t=410.jpg,nightride_type3_001.mp4#t=410.xml,nightride_type3_001.mp4,410,AI/PlateDetector/datasets/raw/romanian_lp/dataset/train/images/nightride_type3_001.mp4#t=410.jpg,AI/PlateDetector/datasets/raw/romanian_lp/dataset/train/annots/nightride_type3_001.mp4#t=410.xml,b5687d21319005e33411bb55d6ce6be4f11e9816daefae50d3ee0f92a37eb898,81f559c8f2b6ffc328bc3da4e92ad96758dfa3212104cdce44038f619670780c,1280,720,1280,720,True,1,license-plate,0,REAL,False,license_plate,AI/PlateDetector/datasets/raw/romanian_lp/LICENSE,AI/PlateDetector/datasets/raw/romanian_lp/README.md
romanian_public_lp,train,nightride_type3_001.mp4#t=411.jpg,nightride_type3_001.mp4#t=411.xml,nightride_type3_001.mp4,411,AI/PlateDetector/datasets/raw/romanian_lp/dataset/train/images/nightride_type3_001.mp4#t=411.jpg,AI/PlateDetector/datasets/raw/romanian_lp/dataset/train/annots/nightride_type3_001.mp4#t=411.xml,1419ae83466e6cc6046e3bde8e1fce4efa9113f27f381506a3be8a5133fdff8b,407c5bcbfbaedb016bc34ecb7ebd95ec4c9aece3ea2e7591c914afb26bdb42a3,1280,720,1280,720,True,1,license-plate,0,REAL,False,license_plate,AI/PlateDetector/datasets/raw/romanian_lp/LICENSE,AI/PlateDetector/datasets/raw/romanian_lp/README.md
romanian_public_lp,train,nightride_type3_001.mp4#t=412.jpg,nightride_type3_001.mp4#t=412.xml,nightride_type3_001.mp4,412,AI/PlateDetector/datasets/raw/romanian_lp/dataset/train/images/nightride_type3_001.mp4#t=412.jpg,AI/PlateDetector/datasets/raw/romanian_lp/dataset/train/annots/nightride_type3_001.mp4#t=412.xml,af46229f57b48d5b9e5e5428657816739055f9823fdfe1945638175a907835d4,fb27a046c9c484d346b51b975e4b9d142c261399a745b8e6008a76e3097f479f,1280,720,1280,720,True,1,license-plate,0,REAL,False,license_plate,AI/PlateDetector/datasets/raw/romanian_lp/LICENSE,AI/PlateDetector/datasets/raw/romanian_lp/README.md
romanian_public_lp,train,nightride_type3_001.mp4#t=462.jpg,nightride_type3_001.mp4#t=462.xml,nightride_type3_001.mp4,462,AI/PlateDetector/datasets/raw/romanian_lp/dataset/train/images/nightride_type3_001.mp4#t=462.jpg,AI/PlateDetector/datasets/raw/romanian_lp/dataset/train/annots/nightride_type3_001.mp4#t=462.xml,ec41d7b2d9aa31955b6a9046cffbe7579fac035bfdbaeaba0d86f365e14270d8,02aa083db8fa89cd8b0c51b81bc5067b5be480358b0694f3bdffd9ba8beba5ad,1280,720,1280,720,True,1,license-plate,0,REAL,False,license_plate,AI/PlateDetector/datasets/raw/romanian_lp/LICENSE,AI/PlateDetector/datasets/raw/romanian_lp/README.md
romanian_public_lp,valid,nightride_type3_001.mp4#t=472.jpg,nightride_type3_001.mp4#t=472.xml,nightride_type3_001.mp4,472,AI/PlateDetector/datasets/raw/romanian_lp/dataset/valid/images/nightride_type3_001.mp4#t=472.jpg,AI/PlateDetector/datasets/raw/romanian_lp/dataset/valid/annots/nightride_type3_001.mp4#t=472.xml,d8c83b0009f575d380319de2f634e14a56fea37090affcaf4a36a0b57eada255,97dd5cb8ef6509712db016828108159f541f1770915f243c4f6a99c7b77b950e,1280,720,1280,720,True,2,license-plate,0,REAL,False,license_plate,AI/PlateDetector/datasets/raw/romanian_lp/LICENSE,AI/PlateDetector/datasets/raw/romanian_lp/README.md
romanian_public_lp,valid,nightride_type3_001.mp4#t=475.jpg,nightride_type3_001.mp4#t=475.xml,nightride_type3_001.mp4,475,AI/PlateDetector/datasets/raw/romanian_lp/dataset/valid/images/nightride_type3_001.mp4#t=475.jpg,AI/PlateDetector/datasets/raw/romanian_lp/dataset/valid/annots/nightride_type3_001.mp4#t=475.xml,5a242616bef56308cb8ed1ebbbb6dbbfc1a70dc9a17820d85402d641b27f75e9,bfc95c6e55253d9652b92f37ed7ee817fbf3d463ebdb301134d58b31561a05ec,1280,720,1280,720,True,2,license-plate,0,REAL,False,license_plate,AI/PlateDetector/datasets/raw/romanian_lp/LICENSE,AI/PlateDetector/datasets/raw/romanian_lp/README.md
romanian_public_lp,train,nightride_type3_001.mp4#t=486.jpg,nightride_type3_001.mp4#t=486.xml,nightride_type3_001.mp4,486,AI/PlateDetector/datasets/raw/romanian_lp/dataset/train/images/nightride_type3_001.mp4#t=486.jpg,AI/PlateDetector/datasets/raw/romanian_lp/dataset/train/annots/nightride_type3_001.mp4#t=486.xml,39a7e33d703f0df05a79170ab30f42c1c0ce6bd23ca5594326d0884ec9f8e9cf,f72b973e987b3b22ee2fbfe853561ea8ff55dd59395ac2cc2dbffdb97b86955e,1280,720,1280,720,True,1,license-plate,0,REAL,False,license_plate,AI/PlateDetector/datasets/raw/romanian_lp/LICENSE,AI/PlateDetector/datasets/raw/romanian_lp/README.md
romanian_public_lp,train,nightride_type3_001.mp4#t=487.jpg,nightride_type3_001.mp4#t=487.xml,nightride_type3_001.mp4,487,AI/PlateDetector/datasets/raw/romanian_lp/dataset/train/images/nightride_type3_001.mp4#t=487.jpg,AI/PlateDetector/datasets/raw/romanian_lp/dataset/train/annots/nightride_type3_001.mp4#t=487.xml,e78ba9e1425cda7c9a7d68b5662978ada1fd39eb5e028c8923fe3646de747cfa,08cb691c7e3adee652e4ad9423ad34f4ad5bf623ade14c5ad55a467531063b8e,1280,720,1280,720,True,1,license-plate,0,REAL,False,license_plate,AI/PlateDetector/datasets/raw/romanian_lp/LICENSE,AI/PlateDetector/datasets/raw/romanian_lp/README.md
romanian_public_lp,train,nightride_type3_001.mp4#t=540.jpg,nightride_type3_001.mp4#t=540.xml,nightride_type3_001.mp4,540,AI/PlateDetector/datasets/raw/romanian_lp/dataset/train/images/nightride_type3_001.mp4#t=540.jpg,AI/PlateDetector/datasets/raw/romanian_lp/dataset/train/annots/nightride_type3_001.mp4#t=540.xml,8cc4e3e83087a41aadb5a92ba451e8ca81db6f87276f638a173098bca1154d20,9b95c13d4aed8f6b35fbc299fec18b039e7c41be2b931d96e135b25bbe52ea3e,1280,720,1280,720,True,1,license-plate,0,REAL,False,license_plate,AI/PlateDetector/datasets/raw/romanian_lp/LICENSE,AI/PlateDetector/datasets/raw/romanian_lp/README.md
romanian_public_lp,train,nightride_type3_001.mp4#t=541.jpg,nightride_type3_001.mp4#t=541.xml,nightride_type3_001.mp4,541,AI/PlateDetector/datasets/raw/romanian_lp/dataset/train/images/nightride_type3_001.mp4#t=541.jpg,AI/PlateDetector/datasets/raw/romanian_lp/dataset/train/annots/nightride_type3_001.mp4#t=541.xml,d83d695eb286237cea52f25ba038a1138ea0b79b28714ae6df72fab6f1ac74e1,0f8f57743cecce1be0d7f59b64f99f98642606f2b83d89bac9d7a4f487d833a1,1280,720,1280,720,True,1,license-plate,0,REAL,False,license_plate,AI/PlateDetector/datasets/raw/romanian_lp/LICENSE,AI/PlateDetector/datasets/raw/romanian_lp/README.md
romanian_public_lp,train,nightride_type3_001.mp4#t=542.jpg,nightride_type3_001.mp4#t=542.xml,nightride_type3_001.mp4,542,AI/PlateDetector/datasets/raw/romanian_lp/dataset/train/images/nightride_type3_001.mp4#t=542.jpg,AI/PlateDetector/datasets/raw/romanian_lp/dataset/train/annots/nightride_type3_001.mp4#t=542.xml,3c96b40995161694ec14173e2918e4a41a4b0096977d21085d4fa427d29e9d22,b6c13dfc29b316e9a71c902fad3afa8b862fa46a39716a4a8e4dcad5425a3e77,1280,720,1280,720,True,1,license-plate,0,REAL,False,license_plate,AI/PlateDetector/datasets/raw/romanian_lp/LICENSE,AI/PlateDetector/datasets/raw/romanian_lp/README.md
romanian_public_lp,valid,nightride_type3_001.mp4#t=543.jpg,nightride_type3_001.mp4#t=543.xml,nightride_type3_001.mp4,543,AI/PlateDetector/datasets/raw/romanian_lp/dataset/valid/images/nightride_type3_001.mp4#t=543.jpg,AI/PlateDetector/datasets/raw/romanian_lp/dataset/valid/annots/nightride_type3_001.mp4#t=543.xml,531200d3c117f11aa66b98c572775289307f4afda534a93ff11616b913a66b38,73a45464bbe5df0c21c6bde65033340d0f22b66dc13e8c1c57bf46102c76da3a,1280,720,1280,720,True,1,license-plate,0,REAL,False,license_plate,AI/PlateDetector/datasets/raw/romanian_lp/LICENSE,AI/PlateDetector/datasets/raw/romanian_lp/README.md
romanian_public_lp,train,nightride_type3_001.mp4#t=557.jpg,nightride_type3_001.mp4#t=557.xml,nightride_type3_001.mp4,557,AI/PlateDetector/datasets/raw/romanian_lp/dataset/train/images/nightride_type3_001.mp4#t=557.jpg,AI/PlateDetector/datasets/raw/romanian_lp/dataset/train/annots/nightride_type3_001.mp4#t=557.xml,c4c5002b3d7cab64aec771df8affd85ab630599c0b5d9f726ca87270a5ac190e,06eb3a8cc072059710e41dfb07f70adac251f9f30452cc6b10125009a489afd7,1280,720,1280,720,True,1,license-plate,0,REAL,False,license_plate,AI/PlateDetector/datasets/raw/romanian_lp/LICENSE,AI/PlateDetector/datasets/raw/romanian_lp/README.md
romanian_public_lp,train,nightride_type3_001.mp4#t=558.jpg,nightride_type3_001.mp4#t=558.xml,nightride_type3_001.mp4,558,AI/PlateDetector/datasets/raw/romanian_lp/dataset/train/images/nightride_type3_001.mp4#t=558.jpg,AI/PlateDetector/datasets/raw/romanian_lp/dataset/train/annots/nightride_type3_001.mp4#t=558.xml,af598e8512c35e51176cf1fbcc8ea600c9f81d995bd9225481d296cf706f8119,a4c150044da988a419f7b8de847d1309181f0b8fbfd2b302fdb3af76b0f13240,1280,720,1280,720,True,2,license-plate,0,REAL,False,license_plate,AI/PlateDetector/datasets/raw/romanian_lp/LICENSE,AI/PlateDetector/datasets/raw/romanian_lp/README.md
romanian_public_lp,valid,nightride_type3_001.mp4#t=582.jpg,nightride_type3_001.mp4#t=582.xml,nightride_type3_001.mp4,582,AI/PlateDetector/datasets/raw/romanian_lp/dataset/valid/images/nightride_type3_001.mp4#t=582.jpg,AI/PlateDetector/datasets/raw/romanian_lp/dataset/valid/annots/nightride_type3_001.mp4#t=582.xml,1baa9c44ee13825f10f3edef8c9ffda684889a53d4d6a6b1ddaa0eafba9e4a77,795cf4baec8d04ae8e6aee30e6ca063aa1c941776adefbb4248d367afdf84ed2,1280,720,1280,720,True,1,license-plate,0,REAL,False,license_plate,AI/PlateDetector/datasets/raw/romanian_lp/LICENSE,AI/PlateDetector/datasets/raw/romanian_lp/README.md
romanian_public_lp,train,nightride_type3_001.mp4#t=585.jpg,nightride_type3_001.mp4#t=585.xml,nightride_type3_001.mp4,585,AI/PlateDetector/datasets/raw/romanian_lp/dataset/train/images/nightride_type3_001.mp4#t=585.jpg,AI/PlateDetector/datasets/raw/romanian_lp/dataset/train/annots/nightride_type3_001.mp4#t=585.xml,15e4c00b5136933c656d428ee1c5c303059e92b3a0fae7a882068443b7c97272,33eeefce3d86be1f9b725747b8dd226d1ababa4660f66bd92061c2cea8246bac,1280,720,1280,720,True,1,license-plate,0,REAL,False,license_plate,AI/PlateDetector/datasets/raw/romanian_lp/LICENSE,AI/PlateDetector/datasets/raw/romanian_lp/README.md
romanian_public_lp,valid,nightride_type3_001.mp4#t=586.jpg,nightride_type3_001.mp4#t=586.xml,nightride_type3_001.mp4,586,AI/PlateDetector/datasets/raw/romanian_lp/dataset/valid/images/nightride_type3_001.mp4#t=586.jpg,AI/PlateDetector/datasets/raw/romanian_lp/dataset/valid/annots/nightride_type3_001.mp4#t=586.xml,9fdc2d4908ab16d6035fd42d1a606bdf1cd2d788e4f108a441f1d7c1a7e12599,12beeb9c012fec5250c28a623d27882eff07f96d0c3a30ea164f29921a81c6cc,1280,720,1280,720,True,1,license-plate,0,REAL,False,license_plate,AI/PlateDetector/datasets/raw/romanian_lp/LICENSE,AI/PlateDetector/datasets/raw/romanian_lp/README.md
romanian_public_lp,train,nightride_type3_001.mp4#t=588.jpg,nightride_type3_001.mp4#t=588.xml,nightride_type3_001.mp4,588,AI/PlateDetector/datasets/raw/romanian_lp/dataset/train/images/nightride_type3_001.mp4#t=588.jpg,AI/PlateDetector/datasets/raw/romanian_lp/dataset/train/annots/nightride_type3_001.mp4#t=588.xml,a1ebe8ae4d80f6b19c558d2d5ddf8bc14dc9aca9cbb77e3b5b187236b913ad90,702cd69954514cda98e02ae68fee7ceb08f025b3ceb5061091a1b9524acd7b4c,1280,720,1280,720,True,1,license-plate,0,REAL,False,license_plate,AI/PlateDetector/datasets/raw/romanian_lp/LICENSE,AI/PlateDetector/datasets/raw/romanian_lp/README.md
romanian_public_lp,valid,nightride_type3_001.mp4#t=715.jpg,nightride_type3_001.mp4#t=715.xml,nightride_type3_001.mp4,715,AI/PlateDetector/datasets/raw/romanian_lp/dataset/valid/images/nightride_type3_001.mp4#t=715.jpg,AI/PlateDetector/datasets/raw/romanian_lp/dataset/valid/annots/nightride_type3_001.mp4#t=715.xml,d24b836bca5a4d17ecd60439821bc38220b0a08a9fc336d2ebb92bfb3d22a43b,c932610bc50ebf9319d3bcb067465d1636ac47be30989ad91b8c10cb66eea246,1280,720,1280,720,True,2,license-plate,0,REAL,False,license_plate,AI/PlateDetector/datasets/raw/romanian_lp/LICENSE,AI/PlateDetector/datasets/raw/romanian_lp/README.md
romanian_public_lp,train,nightride_type3_001.mp4#t=716.jpg,nightride_type3_001.mp4#t=716.xml,nightride_type3_001.mp4,716,AI/PlateDetector/datasets/raw/romanian_lp/dataset/train/images/nightride_type3_001.mp4#t=716.jpg,AI/PlateDetector/datasets/raw/romanian_lp/dataset/train/annots/nightride_type3_001.mp4#t=716.xml,59f2e879670039eeddbe8c3120bd0b3873c387132f2f3560dc3eb8b1756eab0c,6a22c068fd3c9b8a69d3dda1e01da4b17ec0ee94bcbbc2520ea9bb2ba831b98b,1280,720,1280,720,True,1,license-plate,0,REAL,False,license_plate,AI/PlateDetector/datasets/raw/romanian_lp/LICENSE,AI/PlateDetector/datasets/raw/romanian_lp/README.md
romanian_public_lp,train,nightride_type3_001.mp4#t=723.jpg,nightride_type3_001.mp4#t=723.xml,nightride_type3_001.mp4,723,AI/PlateDetector/datasets/raw/romanian_lp/dataset/train/images/nightride_type3_001.mp4#t=723.jpg,AI/PlateDetector/datasets/raw/romanian_lp/dataset/train/annots/nightride_type3_001.mp4#t=723.xml,214cb5e5a9ad89ae587b902dd126d99b4e708116d0aa5972e1e763a819e0539e,331a69cf2a5137e2ceef1fc7a00d0ad099fc4648488a522471049f8dae9edbd4,1280,720,1280,720,True,1,license-plate,0,REAL,False,license_plate,AI/PlateDetector/datasets/raw/romanian_lp/LICENSE,AI/PlateDetector/datasets/raw/romanian_lp/README.md
romanian_public_lp,train,nightride_type3_001.mp4#t=724.jpg,nightride_type3_001.mp4#t=724.xml,nightride_type3_001.mp4,724,AI/PlateDetector/datasets/raw/romanian_lp/dataset/train/images/nightride_type3_001.mp4#t=724.jpg,AI/PlateDetector/datasets/raw/romanian_lp/dataset/train/annots/nightride_type3_001.mp4#t=724.xml,77bb8c98f0d0d07e833ef9c2830e2db35ae5ed9ea521c4666215c53f16e3446b,56f8fcb816dcfd32ea7ed65fae6a9906857fe8fb3cc7ff42dc832064a2bc4513,1280,720,1280,720,True,1,license-plate,0,REAL,False,license_plate,AI/PlateDetector/datasets/raw/romanian_lp/LICENSE,AI/PlateDetector/datasets/raw/romanian_lp/README.md
romanian_public_lp,train,nightride_type3_001.mp4#t=728.jpg,nightride_type3_001.mp4#t=728.xml,nightride_type3_001.mp4,728,AI/PlateDetector/datasets/raw/romanian_lp/dataset/train/images/nightride_type3_001.mp4#t=728.jpg,AI/PlateDetector/datasets/raw/romanian_lp/dataset/train/annots/nightride_type3_001.mp4#t=728.xml,aeaace287eaa26e28a7cf5028472228da8d690060edde7ba39f7d00f2fefed5a,6a44664f1ccebb7e4b59b93f898bd97fb73cf1f63353488ffa17b98cf8f33ab0,1280,720,1280,720,True,1,license-plate,0,REAL,False,license_plate,AI/PlateDetector/datasets/raw/romanian_lp/LICENSE,AI/PlateDetector/datasets/raw/romanian_lp/README.md
