ImageID,SourceSplit,CandidateCategory,MatchedClasses,Subset,OriginalURL,OriginalLandingURL,License,AuthorProfileURL,Author,Title,OriginalSize,OriginalMD5,Thumbnail300KURL,Rotation,SourceDataset,RealSynthetic,IsNegativeCandidate,ReviewStatus,NegativeBatch,IsNegative,CanonicalClass,CanonicalPlateInstanceCount
000b14e4ee4a2b2b,test,heavy_equipment_candidate,Truck,test,https://c4.staticflickr.com/9/8076/8425490694_a222c17be5_o.jpg,https://www.flickr.com/photos/76969036@N02/8425490694,https://creativecommons.org/licenses/by/2.0/,https://www.flickr.com/people/76969036@N02/,David Guo,gmc_08sierra2500crewcab_angularfront_Large,44061,owo6r94uqqiLrDNDLsR8BA==,,,open_images_v7,REAL,True,accepted_negative,1,True,license_plate,0
00a9f1817594f581,test,vehicle_no_visible_plate_candidate,Car,test,https://farm2.staticflickr.com/3227/3141821008_4ae1b1fff1_o.jpg,https://www.flickr.com/photos/infrogmation/3141821008,https://creativecommons.org/licenses/by/2.0/,https://www.flickr.com/people/infrogmation/,Infrogmation of New Orleans,The Curious Cars of Benjamin Button: 1932 Packard,2775115,YlAi70pnSfwVGR/irZ5s7Q==,https://c1.staticflickr.com/4/3227/3141821008_3743fb8be5_z.jpg,0.0,open_images_v7,REAL,True,accepted_negative,1,True,license_plate,0
0135b7a0b1010c08,test,road_gate_scene,Traffic light;Traffic sign,test,https://c1.staticflickr.com/2/1151/3172402038_8e7a50e088_o.jpg,https://www.flickr.com/photos/sarahvain/3172402038,https://creativecommons.org/licenses/by/2.0/,https://www.flickr.com/people/sarahvain/,Sarah Stierch,Biggest road sign ever,175022,R3LTiKCw20/eIG/w9oSk2w==,https://c5.staticflickr.com/2/1151/3172402038_961a5f1a05_z.jpg?zz=1,0.0,open_images_v7,REAL,True,accepted_negative,1,True,license_plate,0
01d3fdb0f6383edb,validation,road_gate_scene,Traffic sign,validation,https://c4.staticflickr.com/1/335/19312058842_6fe292fb82_o.jpg,https://www.flickr.com/photos/94444025@N07/19312058842,https://creativecommons.org/licenses/by/2.0/,https://www.flickr.com/people/94444025@N07/,SKR_RGR,Fuego,4694133,clWQV0Zl+bzLBP3BwrdKSA==,https://c4.staticflickr.com/1/335/19312058842_feb751de12_z.jpg,0.0,open_images_v7,REAL,True,accepted_negative,1,True,license_plate,0
01e835e68b6af93d,test,road_gate_scene,Traffic sign,test,https://c6.staticflickr.com/4/3377/3274992844_8ecf2b9f04_o.jpg,https://www.flickr.com/photos/haggismac/3274992844,https://creativecommons.org/licenses/by/2.0/,https://www.flickr.com/people/haggismac/,Sean Loyless,No Outlet,1403427,O3JwRq5SrJTL1GGappyzlA==,https://c7.staticflickr.com/4/3377/3274992844_2f157cefdd_z.jpg,0.0,open_images_v7,REAL,True,accepted_negative,1,True,license_plate,0
02a874da512add8d,test,vehicle_no_visible_plate_candidate,Car,test,https://c6.staticflickr.com/8/7480/15762538938_47be1508c6_o.jpg,https://www.flickr.com/photos/62459458@N08/15762538938,https://creativecommons.org/licenses/by/2.0/,https://www.flickr.com/people/62459458@N08/,Jeremy Buckingham,Jeremy Buckingham and Tesla Model S,6420507,XXzxcNJuY0lCT2NsbBj5Yg==,https://c1.staticflickr.com/8/7480/15762538938_0f067fcc3c_z.jpg,0.0,open_images_v7,REAL,True,accepted_negative,1,True,license_plate,0
02dd78f664219bde,test,road_gate_scene,Traffic light,test,https://c7.staticflickr.com/3/2574/3986418765_ec6da99631_o.jpg,https://www.flickr.com/photos/zieak/3986418765,https://creativecommons.org/licenses/by/2.0/,https://www.flickr.com/people/zieak/,Ryan McFarland,China - bike traffic signals,333721,XfCC5IgxkbTP6CCO4horUg==,https://c5.staticflickr.com/3/2574/3986418765_25dce74675_z.jpg,0.0,open_images_v7,REAL,True,accepted_negative,1,True,license_plate,0
03390446d74c6576,test,road_gate_scene,Traffic sign,test,https://farm7.staticflickr.com/5282/5272313176_7fb310f6eb_o.jpg,https://www.flickr.com/photos/polarity/5272313176,https://creativecommons.org/licenses/by/2.0/,https://www.flickr.com/people/polarity/,Robert Agthe,Tram Büschingstraße,2361814,9KH9+RPLpXn0jm8Tw0xSxA==,https://c6.staticflickr.com/6/5282/5272313176_51c98bf261_z.jpg,0.0,open_images_v7,REAL,True,accepted_negative,1,True,license_plate,0
03d45f0207d68aa2,test,road_gate_scene,Traffic light;Traffic sign,test,https://farm3.staticflickr.com/3640/3576366805_eea15333d5_o.jpg,https://www.flickr.com/photos/istanbul_photos/3576366805,https://creativecommons.org/licenses/by/2.0/,https://www.flickr.com/people/istanbul_photos/,Istanbul Photo Guide,U  turn to Tophane,164100,g4MKVkMcvwrX9urQARBR4Q==,https://c1.staticflickr.com/4/3640/3576366805_58c7b58b30_z.jpg?zz=1,0.0,open_images_v7,REAL,True,accepted_negative,1,True,license_plate,0
043e49649e58ac7f,test,vehicle_no_visible_plate_candidate,Car,test,https://c8.staticflickr.com/1/372/19637827900_bdb5599708_o.jpg,https://www.flickr.com/photos/111145833@N05/19637827900,https://creativecommons.org/licenses/by/2.0/,https://www.flickr.com/people/111145833@N05/,Emergency Vehicles,Toronto Police Suburban,1239326,Z04BOGzvg7OXdpUftpPQmA==,https://c1.staticflickr.com/1/372/19637827900_0a0d53b3bf_z.jpg,0.0,open_images_v7,REAL,True,accepted_negative,1,True,license_plate,0
04e2cd7a942d424c,test,road_gate_scene,Stop sign,test,https://c5.staticflickr.com/9/8382/8560913618_0ef27af623_o.jpg,https://www.flickr.com/photos/67238971@N04/8560913618,https://creativecommons.org/licenses/by/2.0/,https://www.flickr.com/people/67238971@N04/,Gloria Cabada-Leman,Stop sign outside Bozeman MT,1980309,ueQ2Xczwg6ve8B9/y0lCvA==,https://c7.staticflickr.com/9/8382/8560913618_01d706312f_z.jpg,0.0,open_images_v7,REAL,True,accepted_negative,1,True,license_plate,0
05d4a1a8d2d10d3d,validation,road_gate_scene,Stop sign,validation,https://c6.staticflickr.com/4/3058/2587509063_7f2742c43b_o.jpg,https://www.flickr.com/photos/17258892@N05/2587509063,https://creativecommons.org/licenses/by/2.0/,https://www.flickr.com/people/17258892@N05/,ralphbijker,stock11,2768537,dbuy+SQdPb5ooyhJ1OH9eg==,https://c5.staticflickr.com/4/3058/2587509063_6b7a4b0c0d_z.jpg,0.0,open_images_v7,REAL,True,accepted_negative,1,True,license_plate,0
05f71f870920c816,test,road_gate_scene,Stop sign,test,https://farm7.staticflickr.com/5307/5572288509_1d7faf5247_o.jpg,https://www.flickr.com/photos/notthe1s/5572288509,https://creativecommons.org/licenses/by/2.0/,https://www.flickr.com/people/notthe1s/,Eric Steuer,Stop - Hammertime.,59966,9JvyfqdAStf4yFI8QDUjHw==,https://c5.staticflickr.com/6/5307/5572288509_ee60426fde_z.jpg,0.0,open_images_v7,REAL,True,accepted_negative,2,True,license_plate,0
060549b24a2a7b8a,validation,heavy_equipment_candidate,Truck,validation,https://c3.staticflickr.com/8/7182/6936766929_fb8bba83d0_o.jpg,https://www.flickr.com/photos/fanofretail/6936766929,https://creativecommons.org/licenses/by/2.0/,https://www.flickr.com/people/fanofretail/,Nicholas Eckhart,"Medina, Ohio Kmart closing (former Super Kmart)",227319,poktsy8M2Hfn/4M6f0Jakg==,https://c3.staticflickr.com/8/7182/6936766929_69ac2ea70f_z.jpg,,open_images_v7,REAL,True,accepted_negative,1,True,license_plate,0
0660c06266751279,validation,road_gate_scene,Traffic light,validation,https://c2.staticflickr.com/4/3259/2636098407_99e83ca1c9_o.jpg,https://www.flickr.com/photos/bexross/2636098407,https://creativecommons.org/licenses/by/2.0/,https://www.flickr.com/people/bexross/,Bex Ross,Traffic Tree,2559377,xw5b4QHx3MfxNMQ655kkUg==,https://c5.staticflickr.com/4/3259/2636098407_1263145b45_z.jpg,0.0,open_images_v7,REAL,True,accepted_negative,1,True,license_plate,0
06c31185481982c0,test,barrier_background,Window,test,https://farm1.staticflickr.com/8455/8058155132_2d8df55658_o.jpg,https://www.flickr.com/photos/davidnezell/8058155132,https://creativecommons.org/licenses/by/2.0/,https://www.flickr.com/people/davidnezell/,David Ezell,"Greenville, MO (W) Truck",1618838,e6IHYcisZSN4lMIllTNN5g==,https://c1.staticflickr.com/9/8455/8058155132_fa29ab120b_z.jpg,,open_images_v7,REAL,True,accepted_negative,1,True,license_plate,0
06c3a4d6d83885cc,test,vehicle_no_visible_plate_candidate,Car,test,https://c5.staticflickr.com/5/4106/5002281959_6ac276ae9f_o.jpg,https://www.flickr.com/photos/seat850/5002281959,https://creativecommons.org/licenses/by/2.0/,https://www.flickr.com/people/seat850/,Craig Howell,2010_0619Bild0029,2538223,yphIZBYLfBk3Ygw4+ZdzyA==,https://c4.staticflickr.com/5/4106/5002281959_0191b87466_z.jpg,0.0,open_images_v7,REAL,True,accepted_negative,1,True,license_plate,0
06cad6838bb43a0c,test,road_gate_scene,Stop sign,test,https://c5.staticflickr.com/7/6226/6264442425_c1b8061c87_o.jpg,https://www.flickr.com/photos/andresmusta/6264442425,https://creativecommons.org/licenses/by/2.0/,https://www.flickr.com/people/andresmusta/,andres musta,rural life,269608,JsckrdUrcEuY52jNx+pwqQ==,https://c8.staticflickr.com/7/6226/6264442425_56fc10a285_z.jpg,0.0,open_images_v7,REAL,True,accepted_negative,1,True,license_plate,0
07937fe4aeb1a4e4,test,road_gate_scene,Traffic sign,test,https://farm5.staticflickr.com/2427/3609708661_76c46ccbaa_o.jpg,https://www.flickr.com/photos/shimelle/3609708661,https://creativecommons.org/licenses/by/2.0/,https://www.flickr.com/people/shimelle/,Shimelle Laine,a day for red,36886,o1yff+BC5+jDVwEsRBQ7mg==,https://c5.staticflickr.com/3/2427/3609708661_6e02bfc23a_z.jpg?zz=1,0.0,open_images_v7,REAL,True,accepted_negative,1,True,license_plate,0
0886a4ed78b45997,test,road_gate_scene,Traffic sign,test,https://farm8.staticflickr.com/1425/906092208_6b1d0424dd_o.jpg,https://www.flickr.com/photos/peterito/906092208,https://creativecommons.org/licenses/by/2.0/,https://www.flickr.com/people/peterito/,Peter Miller,"A strange, but possibly effective way to give cyclists priority",228613,3ynpr4N6Cho9vmWuwuxzxA==,https://c3.staticflickr.com/2/1425/906092208_5e711b474a_z.jpg?zz=1,,open_images_v7,REAL,True,accepted_negative,1,True,license_plate,0
08a3f4151684cb4e,test,heavy_equipment_candidate,Truck,test,https://c7.staticflickr.com/9/8192/8429749857_dc0ed8a75c_o.jpg,https://www.flickr.com/photos/76969036@N02/8429749857,https://creativecommons.org/licenses/by/2.0/,https://www.flickr.com/people/76969036@N02/,David Guo,image.gen,11331,i7zeBkmp7JVkQtDocY2kyg==,,,open_images_v7,REAL,True,accepted_negative,2,True,license_plate,0
08bf84bb9662086d,test,road_gate_scene,Traffic sign,test,https://c6.staticflickr.com/3/2246/1581464496_bfe7daf608_o.jpg,https://www.flickr.com/photos/boboroshi/1581464496,https://creativecommons.org/licenses/by/2.0/,https://www.flickr.com/people/boboroshi/,John Athayde,Really? how far does a humped pelican hump?,829592,+3qLYaUZj9OonE89IwQ46g==,https://c6.staticflickr.com/3/2246/1581464496_4e6e75f7ec_z.jpg,0.0,open_images_v7,REAL,True,accepted_negative,1,True,license_plate,0
08ec3db34110d2f0,validation,vehicle_no_visible_plate_candidate,Car,validation,https://farm1.staticflickr.com/7430/16573984076_20ab7f4f6b_o.jpg,https://www.flickr.com/photos/projectedimages/16573984076,https://creativecommons.org/licenses/by/2.0/,https://www.flickr.com/people/projectedimages/,Ian Weddell,"Similar lines, subtly different",1798246,wpVBWYJyaYPFenJGmopkaQ==,https://c1.staticflickr.com/8/7430/16573984076_d6795240cd_z.jpg,,open_images_v7,REAL,True,accepted_negative,1,True,license_plate,0
0957f5ff3cb3a2bb,validation,road_gate_scene,Stop sign,validation,https://c4.staticflickr.com/2/1337/865250685_7e6b63ff8e_o.jpg,https://www.flickr.com/photos/benjosephs/865250685,https://creativecommons.org/licenses/by/2.0/,https://www.flickr.com/people/benjosephs/,Benjamin Pecka,Stop Bush,1797567,Hv779PQDjsESwlRmCzkQ4Q==,https://c4.staticflickr.com/2/1337/865250685_fe826ee3f8_z.jpg,0.0,open_images_v7,REAL,True,accepted_negative,1,True,license_plate,0
09a2b6b7a21899b1,validation,heavy_equipment_candidate,Truck,validation,https://farm2.staticflickr.com/3362/3206910370_aea6456fd8_o.jpg,https://www.flickr.com/photos/whita/3206910370/,https://creativecommons.org/licenses/by/2.0/,https://www.flickr.com/people/whita/,Whit Andrews,Plows on a Sunday Morning,3254920,Iq4PoQsWd6fwV/mHaBW8qg==,https://c5.staticflickr.com/4/3362/3206910370_75af746d68_z.jpg,0.0,open_images_v7,REAL,True,accepted_negative,1,True,license_plate,0
0b4854f95ff858c7,test,vehicle_no_visible_plate_candidate,Motorcycle,test,https://farm8.staticflickr.com/225/523706069_19b2993a17_o.jpg,https://www.flickr.com/photos/mikeshelby/523706069,https://creativecommons.org/licenses/by/2.0/,https://www.flickr.com/people/mikeshelby/,Mike Shelby,Steve Lamson,2850428,h5LrlNab80plAy3csGB8Yw==,https://c2.staticflickr.com/1/225/523706069_8e5efbb699_z.jpg,0.0,open_images_v7,REAL,True,accepted_negative,1,True,license_plate,0
0b67618ee472538f,test,road_gate_scene,Traffic light,test,https://c8.staticflickr.com/3/2876/9539412995_84536face5_o.jpg,https://www.flickr.com/photos/98552965@N05/9539412995,https://creativecommons.org/licenses/by/2.0/,https://www.flickr.com/people/98552965@N05/,Josbert Lonnee,LED sein,505224,O0I0ZbkBoq3LJLnc5ntpEw==,https://c2.staticflickr.com/3/2876/9539412995_3d0e049997_z.jpg,0.0,open_images_v7,REAL,True,accepted_negative,1,True,license_plate,0
0b7703708dce49d3,test,vehicle_no_visible_plate_candidate,Car,test,https://farm4.staticflickr.com/7513/15576569098_4904786461_o.jpg,https://www.flickr.com/photos/spoolsociety/15576569098/,https://creativecommons.org/licenses/by/2.0/,https://www.flickr.com/people/spoolsociety/,Yomar Lopez,Marina Nautica con Josh y Nathan,11345797,svZx8sZBouulHwt5+gBl5g==,https://c4.staticflickr.com/8/7513/15576569098_6991cd4e97_z.jpg,0.0,open_images_v7,REAL,True,accepted_negative,1,True,license_plate,0
0be2d33cb3284846,test,vehicle_no_visible_plate_candidate,Car,test,https://farm7.staticflickr.com/5144/5601849762_47be29995c_o.jpg,https://www.flickr.com/photos/ferrarimanf355/5601849762,https://creativecommons.org/licenses/by/2.0/,https://www.flickr.com/people/ferrarimanf355/,Alex Nigro,DSC00278,5718792,rTeEQALoO1GUMb4gDr8BPA==,https://c3.staticflickr.com/6/5144/5601849762_41b020f71d_z.jpg,0.0,open_images_v7,REAL,True,accepted_negative,1,True,license_plate,0
0bf08316ef70dfc5,test,heavy_equipment_candidate,Truck,test,https://farm6.staticflickr.com/726/21228562228_34094156bd_o.jpg,https://www.flickr.com/photos/truckhardware/21228562228,https://creativecommons.org/licenses/by/2.0/,https://www.flickr.com/people/truckhardware/,Truck Hardware,Gatorback 14&quot; Offset FX4,162861,oI5Q1XC2jYF8mSDyzK+1Ig==,https://c8.staticflickr.com/1/726/21228562228_05c37ce5bf_z.jpg,0.0,open_images_v7,REAL,True,accepted_negative,2,True,license_plate,0
0c127cd585c05f7e,test,road_gate_scene,Traffic sign,test,https://c7.staticflickr.com/1/17/98488805_d99faed9dd_o.jpg,https://www.flickr.com/photos/tyger_lyllie/98488805,https://creativecommons.org/licenses/by/2.0/,https://www.flickr.com/people/tyger_lyllie/,Kat,watch out for children on see-saws,44489,ENSGIYEPfIEF6Rydpq3/cQ==,https://c5.staticflickr.com/1/17/98488805_d99faed9dd_z.jpg?zz=1,0.0,open_images_v7,REAL,True,accepted_negative,2,True,license_plate,0
0cd3f9eba856a179,validation,heavy_equipment_candidate,Truck,validation,https://c2.staticflickr.com/4/3850/14896645338_dd000543cd_o.jpg,https://www.flickr.com/photos/mujitra/14896645338,https://creativecommons.org/licenses/by/2.0/,https://www.flickr.com/people/mujitra/,MIKI Yoshihito,Chevrolet Silverado.,1994784,dI7fIgiNXwOjRxUBYVgRkg==,https://c2.staticflickr.com/4/3850/14896645338_18da946cc7_z.jpg,0.0,open_images_v7,REAL,True,accepted_negative,1,True,license_plate,0
0cdcbed35382917a,test,vehicle_no_visible_plate_candidate,Car,test,https://c3.staticflickr.com/2/1104/4602206031_1323bcb99f_o.jpg,https://www.flickr.com/photos/josiahmackenzie/4602206031,https://creativecommons.org/licenses/by/2.0/,https://www.flickr.com/people/josiahmackenzie/,Josiah Mackenzie,Dubai,2875339,Ov/IgY++nFdR3QrsrtNytw==,https://c8.staticflickr.com/2/1104/4602206031_19e3e9f327_z.jpg,0.0,open_images_v7,REAL,True,accepted_negative,1,True,license_plate,0
0e45c6e68cfc3980,test,heavy_equipment_candidate,Truck,test,https://farm1.staticflickr.com/8545/8603563744_cb70fb5c68_o.jpg,https://www.flickr.com/photos/iluvcocacola/8603563744,https://creativecommons.org/licenses/by/2.0/,https://www.flickr.com/people/iluvcocacola/,Bill &amp; Vicki T,Rick's Restoration - Ford Truck,5178224,jGIOx/zvNRuNUlyJYqfmdQ==,https://c3.staticflickr.com/9/8545/8603563744_4ba6ed18b9_z.jpg,,open_images_v7,REAL,True,accepted_negative,1,True,license_plate,0
0e88c20dd40e6b87,test,road_gate_scene,Traffic light,test,https://farm8.staticflickr.com/8642/16363820491_2f9317da9f_o.jpg,https://www.flickr.com/photos/87079797@N02/16363820491,https://creativecommons.org/licenses/by/2.0/,https://www.flickr.com/people/87079797@N02/,hakzelf,TRAKISZKI,1476915,YZh/ye+7PrlBPI0q1YgQyA==,https://c7.staticflickr.com/9/8642/16363820491_3cab37210e_z.jpg,0.0,open_images_v7,REAL,True,accepted_negative,1,True,license_plate,0
0ec0403ce2dee348,validation,heavy_equipment_candidate,Truck,validation,https://c1.staticflickr.com/5/4139/4857637735_3b85b25705_o.jpg,https://www.flickr.com/photos/locosteve/4857637735,https://creativecommons.org/licenses/by/2.0/,https://www.flickr.com/people/locosteve/,Loco Steve,Tax Dollar assignment,886807,DM3k8dLcGff/cb5KMF/i5A==,https://c6.staticflickr.com/5/4139/4857637735_c679bbec21_z.jpg,0.0,open_images_v7,REAL,True,accepted_negative,2,True,license_plate,0
0f739ac580276e5f,test,road_gate_scene,Stop sign,test,https://c8.staticflickr.com/3/2594/4007166515_fd679f1360_o.jpg,https://www.flickr.com/photos/mwhyte/4007166515,https://creativecommons.org/licenses/by/2.0/,https://www.flickr.com/people/mwhyte/,Michael Whyte,Stop Please!,3568640,Gwn2h9dvKBWxtPVpBEQ9Dw==,https://c4.staticflickr.com/3/2594/4007166515_9ab302be89_z.jpg,0.0,open_images_v7,REAL,True,accepted_negative,1,True,license_plate,0
0f8f5bc9b71be618,test,road_gate_scene,Traffic light,test,https://c1.staticflickr.com/6/5571/14699039780_af221e6158_o.jpg,https://www.flickr.com/photos/paintballphotos/14699039780,https://creativecommons.org/licenses/by/2.0/,https://www.flickr.com/people/paintballphotos/,Carter Brown,Paris and Spain 2014,2032035,fvYjZdz/u2T59OOjHuRLCw==,https://c3.staticflickr.com/6/5571/14699039780_49071bc614_z.jpg,0.0,open_images_v7,REAL,True,accepted_negative,1,True,license_plate,0
0fb7f1a6866f3e83,validation,vehicle_no_visible_plate_candidate,Car,validation,https://farm4.staticflickr.com/7267/6955070648_2ff635d4c1_o.jpg,https://www.flickr.com/photos/rocketboom/6955070648,https://creativecommons.org/licenses/by/2.0/,https://www.flickr.com/people/rocketboom/,Parker Knight,"PSU Fri March 23, 2012 96",3533321,mox3DmB0jWiKLQeFYdBizQ==,https://c3.staticflickr.com/8/7267/6955070648_06932e0868_z.jpg,,open_images_v7,REAL,True,accepted_negative,1,True,license_plate,0
11774b26be2ea95e,test,heavy_equipment_candidate,Truck,test,https://c7.staticflickr.com/1/160/348493967_9c3ec1eab8_o.jpg,https://www.flickr.com/photos/chrisandbabs/348493967,https://creativecommons.org/licenses/by/2.0/,https://www.flickr.com/people/chrisandbabs/,Chris Baranski,Sarah_2007-01-06 2-01-25 PM_0006,97608,//AupV5+U3SaJE8vtgjlsw==,https://c1.staticflickr.com/1/160/348493967_9c3ec1eab8_z.jpg?zz=1,0.0,open_images_v7,REAL,True,accepted_negative,1,True,license_plate,0
11f73ded58b9fb69,test,heavy_equipment_candidate,Truck,test,https://c2.staticflickr.com/9/8064/8228141146_58b66ba850_o.jpg,https://www.flickr.com/photos/animal_il/8228141146,https://creativecommons.org/licenses/by/2.0/,https://www.flickr.com/people/animal_il/,אנונימוס לזכויות בעלי-חיים,עופות גוססים על משאית חונה,118166,nZgw+ARyEyYuQXfkhlu9Tg==,https://c1.staticflickr.com/9/8064/8228141146_40d9664d4c_z.jpg,0.0,open_images_v7,REAL,True,accepted_negative,1,True,license_plate,0
128d2a21f6107e4f,test,heavy_equipment_candidate,Truck,test,https://c8.staticflickr.com/4/3749/12191533013_9a87a5fde8_o.jpg,https://www.flickr.com/photos/ncdot/12191533013,https://creativecommons.org/licenses/by/2.0/,https://www.flickr.com/people/ncdot/,NCDOTcommunications,NCDOT Plow at Work,1904640,4KEUoQtJVl7uEDoE14l+zw==,https://c3.staticflickr.com/4/3749/12191533013_771ffa0d8c_z.jpg,0.0,open_images_v7,REAL,True,accepted_negative,1,True,license_plate,0
133484dd5ad21615,test,vehicle_no_visible_plate_candidate,Car;Truck;Van,test,https://farm6.staticflickr.com/3632/3487510005_f5b6a35803_o.jpg,https://www.flickr.com/photos/seat850/3487510005,https://creativecommons.org/licenses/by/2.0/,https://www.flickr.com/people/seat850/,Craig Howell,Studebaker light truck,5011184,8PC92XJVQFtRj57BBR+hiw==,https://c8.staticflickr.com/4/3632/3487510005_e38eeaa712_z.jpg,0.0,open_images_v7,REAL,True,accepted_negative,1,True,license_plate,0
13c7d83654e4f3d4,test,vehicle_no_visible_plate_candidate,Car,test,https://farm5.staticflickr.com/2894/12092498754_3726f0c5b6_o.jpg,https://www.flickr.com/photos/24292386@N08/12092498754,https://creativecommons.org/licenses/by/2.0/,https://www.flickr.com/people/24292386@N08/,El Garro,#posMeDuermo #enLaCaja,186628,TVFhuChQihuOPQ1wDwtC5Q==,https://c6.staticflickr.com/3/2894/12092498754_2684fdd573_z.jpg,0.0,open_images_v7,REAL,True,accepted_negative,1,True,license_plate,0
15826e408ef990a4,test,road_gate_scene,Traffic light;Traffic sign,test,https://farm5.staticflickr.com/7478/15499046069_0e2937ed4b_o.jpg,https://www.flickr.com/photos/richmenga/15499046069,https://creativecommons.org/licenses/by/2.0/,https://www.flickr.com/people/richmenga/,Rich Menga,Traffic Light Lean,4454228,AP9bU5abs4Q8oOBXreJRuA==,https://c4.staticflickr.com/8/7478/15499046069_e1161374be_z.jpg,0.0,open_images_v7,REAL,True,accepted_negative,1,True,license_plate,0
1583b3e785efabea,test,vehicle_no_visible_plate_candidate,Car,test,https://c3.staticflickr.com/8/7320/16476008536_5eaafcfc5f_o.jpg,https://www.flickr.com/photos/128326674@N06/16476008536,https://creativecommons.org/licenses/by/2.0/,https://www.flickr.com/people/128326674@N06/,Yahya S.,Porsche Macan Turbo,4694765,VgoEQM5YrkP0Fp9mIhczlQ==,https://c6.staticflickr.com/8/7320/16476008536_d1e14527a7_z.jpg,0.0,open_images_v7,REAL,True,accepted_negative,1,True,license_plate,0
164a8e45bc699350,test,heavy_equipment_candidate,Truck,test,https://farm1.staticflickr.com/8026/7251256350_3551da12c1_o.jpg,https://www.flickr.com/photos/skullycollins/7251256350,https://creativecommons.org/licenses/by/2.0/,https://www.flickr.com/people/skullycollins/,Phillip Roberts,Staffordshire Fire and Rescue Driver Training Vehicle,1374571,BVQoHrkZvBMNzNJs+mQneg==,https://c5.staticflickr.com/9/8026/7251256350_aed199fa22_z.jpg,0.0,open_images_v7,REAL,True,accepted_negative,1,True,license_plate,0
166c696dc8512207,test,vehicle_no_visible_plate_candidate,Car,test,https://farm8.staticflickr.com/4117/4879393993_b6061fd29d_o.jpg,https://www.flickr.com/photos/trixer/4879393993,https://creativecommons.org/licenses/by/2.0/,https://www.flickr.com/people/trixer/,Thomas Ricker,"Go Sebastiaan, go",2751122,0TIwGjxgJfbLabNZiGlcZQ==,https://c3.staticflickr.com/5/4117/4879393993_e5210d203a_z.jpg,,open_images_v7,REAL,True,accepted_negative,1,True,license_plate,0
17204d61674438dc,test,text_like_object,Traffic sign,test,https://c5.staticflickr.com/5/4083/4834881247_7479d7ece2_o.jpg,https://www.flickr.com/photos/avijeet/4834881247,https://creativecommons.org/licenses/by/2.0/,https://www.flickr.com/people/avijeet/,Avijeet Sachdev,Newark Airport.,3916687,/H2Z/BHddf7uiT9LrG778Q==,https://c8.staticflickr.com/5/4083/4834881247_5b4d2bda65_z.jpg,0.0,open_images_v7,REAL,True,accepted_negative,1,True,license_plate,0
182f8c415e97b719,test,heavy_equipment_candidate,Truck,test,https://c2.staticflickr.com/7/6076/6114026076_444618c31d_o.jpg,https://www.flickr.com/photos/popculturegeek/6114026076,https://creativecommons.org/licenses/by/2.0/,https://www.flickr.com/people/popculturegeek/,The Conmunity -  Pop Culture Geek,Call of Duty XP 2011 - military vehicles,321359,seITeeZPBHJfKYTueGAqSw==,https://c5.staticflickr.com/7/6076/6114026076_67e0756b4e_z.jpg,0.0,open_images_v7,REAL,True,accepted_negative,1,True,license_plate,0
1858c0edbff1ae49,validation,road_gate_scene,Traffic light,validation,https://c2.staticflickr.com/3/2579/5768622718_948ab37610_o.jpg,https://www.flickr.com/photos/markfickett/5768622718,https://creativecommons.org/licenses/by/2.0/,https://www.flickr.com/people/markfickett/,Mark Fickett,Untitled,655099,e21F2QbdAzvnamD6NkNacA==,https://c2.staticflickr.com/3/2579/5768622718_c81b56c2be_z.jpg,0.0,open_images_v7,REAL,True,accepted_negative,1,True,license_plate,0
18e19684837166f2,test,road_gate_scene,Stop sign,test,https://farm3.staticflickr.com/3267/3171412938_ae832be5d2_o.jpg,https://www.flickr.com/photos/84299143@N00/3171412938,https://creativecommons.org/licenses/by/2.0/,https://www.flickr.com/people/84299143@N00/,Charles Stanford,Stop-Hammertime,2275684,Kq+KiyDYRptj86XTE146ng==,https://c3.staticflickr.com/4/3267/3171412938_91333b30ac_z.jpg,0.0,open_images_v7,REAL,True,accepted_negative,1,True,license_plate,0
1920bcb71692fd81,validation,text_like_object,Poster,validation,https://farm2.staticflickr.com/5140/5510269305_d4c67b9a86_o.jpg,https://www.flickr.com/photos/brqnetwork/5510269305,https://creativecommons.org/licenses/by/2.0/,https://www.flickr.com/people/brqnetwork/,BRQ Network,Libya,56567,dD2xblWT0l0h9pSvlWc6rA==,https://c2.staticflickr.com/6/5140/5510269305_a1a42d33bf_z.jpg,0.0,open_images_v7,REAL,True,accepted_negative,1,True,license_plate,0
19236c7246a7c659,test,heavy_equipment_candidate,Truck,test,https://c2.staticflickr.com/3/2938/14487534153_b69f84c6d8_o.jpg,https://www.flickr.com/photos/carlwwycoff/14487534153,https://creativecommons.org/licenses/by/2.0/,https://www.flickr.com/people/carlwwycoff/,Carl Wycoff,DMPD Metro Star,4420384,vnvtyV/XHGHQRFeeerPTPA==,https://c5.staticflickr.com/3/2938/14487534153_01ed313f32_z.jpg,0.0,open_images_v7,REAL,True,accepted_negative,1,True,license_plate,0
19ee8c6f968c79a4,test,vehicle_no_visible_plate_candidate,Van,test,https://farm5.staticflickr.com/3041/13038751965_849de3eabd_o.jpg,https://www.flickr.com/photos/drainrat/13038751965,https://creativecommons.org/licenses/by/2.0/,https://www.flickr.com/people/drainrat/,darkday,Abandoned Clown Caravan Park?,5388838,YdCFvK7u1Lkmrg0fWa/RsA==,https://c4.staticflickr.com/4/3041/13038751965_5a1e8f3506_z.jpg,0.0,open_images_v7,REAL,True,accepted_negative,1,True,license_plate,0
1ac105617905db2e,validation,heavy_equipment_candidate,Truck,validation,https://c7.staticflickr.com/8/7449/8721606097_bb8c13a52c_o.jpg,https://www.flickr.com/photos/punktoad/8721606097,https://creativecommons.org/licenses/by/2.0/,https://www.flickr.com/people/punktoad/,PunkToad,DIY Camper,1282210,OWNYElOqUXGKPLsDnFy2RA==,https://c7.staticflickr.com/8/7449/8721606097_e5db1c0106_z.jpg,0.0,open_images_v7,REAL,True,accepted_negative,1,True,license_plate,0
1af769a9e200a9e3,test,road_gate_scene,Traffic sign,test,https://farm4.staticflickr.com/7606/16861109168_708e36eeae_o.jpg,https://www.flickr.com/photos/tracyhunter/16861109168,https://creativecommons.org/licenses/by/2.0/,https://www.flickr.com/people/tracyhunter/,Tracy Hunter,Morocco Stop Sign,1953369,TJcT6gWmRXRum8KNqofdTw==,https://c3.staticflickr.com/8/7606/16861109168_78683c248c_z.jpg,0.0,open_images_v7,REAL,True,accepted_negative,1,True,license_plate,0
1b8eba711f3aed2d,test,heavy_equipment_candidate,Truck,test,https://c6.staticflickr.com/4/3157/5802071853_76bca6bf22_o.jpg,https://www.flickr.com/photos/popculturegeek/5802071853,https://creativecommons.org/licenses/by/2.0/,https://www.flickr.com/people/popculturegeek/,The Conmunity -  Pop Culture Geek,BotCon 2011 - Ironhide GMC Topkick,311515,jEkTnE3Zswqz9CfdZMGq6w==,https://c6.staticflickr.com/4/3157/5802071853_6bbc47f77e_z.jpg,0.0,open_images_v7,REAL,True,accepted_negative,1,True,license_plate,0
1c768a3e60a54b40,test,vehicle_no_visible_plate_candidate,Car,test,https://farm1.staticflickr.com/3234/3286124666_dcc44a206c_o.jpg,https://www.flickr.com/photos/apexonephoto/3286124666,https://creativecommons.org/licenses/by/2.0/,https://www.flickr.com/people/apexonephoto/,James,#26 JEFF BLOOM AND #24 JASON BLONDE,592636,fvHLy5nQKY9o25ENTDwM0w==,https://c4.staticflickr.com/4/3234/3286124666_43ecf183e6_z.jpg?zz=1,0.0,open_images_v7,REAL,True,accepted_negative,1,True,license_plate,0
1c98c3430fcb248f,validation,vehicle_no_visible_plate_candidate,Car,validation,https://c8.staticflickr.com/3/2417/2138978592_521bf17c87_o.jpg,https://www.flickr.com/photos/kdeslandes/2138978592,https://creativecommons.org/licenses/by/2.0/,https://www.flickr.com/people/kdeslandes/,Kim.Deslandes,Christmas,1771781,ZgBP/r/b2n2d+hemHFUZiA==,https://c4.staticflickr.com/3/2417/2138978592_4ae2a08698_z.jpg,0.0,open_images_v7,REAL,True,accepted_negative,1,True,license_plate,0
1ca215c164af921d,test,heavy_equipment_candidate,Truck,test,https://c6.staticflickr.com/6/5056/5455848443_24c8b1f05d_o.jpg,https://www.flickr.com/photos/32020964@N08/5455848443,https://creativecommons.org/licenses/by/2.0/,https://www.flickr.com/people/32020964@N08/,Ms. Phoenix,Low-Lows Say No-No,4195063,PV+5GEAKTj1wSSa2X8ybog==,https://c5.staticflickr.com/6/5056/5455848443_5b745d83d9_z.jpg,0.0,open_images_v7,REAL,True,accepted_negative,1,True,license_plate,0
1cd04797f44a04a1,validation,road_gate_scene,Traffic light,validation,https://farm2.staticflickr.com/8146/7373812522_c6d901277e_o.jpg,https://www.flickr.com/photos/candy-s/7373812522,https://creativecommons.org/licenses/by/2.0/,https://www.flickr.com/people/candy-s/,candyschwartz,60 seconds!,486706,e2Xxrfb+rM/rQ79lELNpJA==,https://c5.staticflickr.com/9/8146/7373812522_c03e9dfd50_z.jpg,,open_images_v7,REAL,True,accepted_negative,1,True,license_plate,0
1d01568a9f8b528f,test,road_gate_scene,Stop sign,test,https://c8.staticflickr.com/2/1219/1286719264_6f4588bf54_o.jpg,https://www.flickr.com/photos/leighty/1286719264,https://creativecommons.org/licenses/by/2.0/,https://www.flickr.com/people/leighty/,Ryan,The Dark Lord Drives Scripps Ranch,927156,NntyxFvTbPuE6Op0JPMvjQ==,https://c8.staticflickr.com/2/1219/1286719264_871f5d853d_z.jpg,0.0,open_images_v7,REAL,True,accepted_negative,1,True,license_plate,0
1dc9ead0945515c7,test,vehicle_no_visible_plate_candidate,Car,test,https://farm8.staticflickr.com/4099/4774004983_8863a8c1fd_o.jpg,https://www.flickr.com/photos/exfordy/4774004983,https://creativecommons.org/licenses/by/2.0/,https://www.flickr.com/people/exfordy/,Brian Snelson,Range Rover prototype,1396432,xQF9hjENURn4EVuMC336rw==,https://c6.staticflickr.com/5/4099/4774004983_95e9ae1270_z.jpg,0.0,open_images_v7,REAL,True,accepted_negative,1,True,license_plate,0
1dd640c244772274,test,heavy_equipment_candidate,Truck,test,https://farm5.staticflickr.com/4072/4302110119_268fc86e4f_o.jpg,https://www.flickr.com/photos/nhoulihan/4302110119,https://creativecommons.org/licenses/by/2.0/,https://www.flickr.com/people/nhoulihan/,InAweofGod&#x27;sCreation,38. Lunch Stop,3402910,qY5NXP9kqW//mxFRhh5gsQ==,https://c8.staticflickr.com/5/4072/4302110119_74c33d8aa0_z.jpg,0.0,open_images_v7,REAL,True,accepted_negative,1,True,license_plate,0
1f2c589e49a3bcd0,test,road_gate_scene,Stop sign;Traffic sign,test,https://farm1.staticflickr.com/2833/9165086447_60468a989f_o.jpg,https://www.flickr.com/photos/gandalfcunningham/9165086447,https://creativecommons.org/licenses/by/2.0/,https://www.flickr.com/people/gandalfcunningham/,Commodore Gandalf Cunningham,Stop Driving,4926218,P6YxgPnb3wyDYwrM67udUw==,https://c6.staticflickr.com/3/2833/9165086447_9e66b3350f_z.jpg,0.0,open_images_v7,REAL,True,accepted_negative,1,True,license_plate,0
1f87a69e15d6c53e,test,vehicle_no_visible_plate_candidate,Car,test,https://c7.staticflickr.com/3/2927/14326619480_0312b516bf_o.jpg,https://www.flickr.com/photos/michelinuk/14326619480,https://creativecommons.org/licenses/by/2.0/,https://www.flickr.com/people/michelinuk/,Michelin LIVE UK,Koenigsegg One:1 at 2014 Goodwood Festival of Speed,8921379,lBvULZZilC45WPVB3rdQKA==,https://c8.staticflickr.com/3/2927/14326619480_3e508b752c_z.jpg,0.0,open_images_v7,REAL,True,accepted_negative,1,True,license_plate,0
1facf3b79b412cf8,test,road_gate_scene,Traffic light;Traffic sign,test,https://c1.staticflickr.com/3/2659/3838679592_eab821a9fd_o.jpg,https://www.flickr.com/photos/10677920@N05/3838679592,https://creativecommons.org/licenses/by/2.0/,https://www.flickr.com/people/10677920@N05/,Paul Kimo McGregor,Carrell St. Vancouver BC,1475967,sT1qHnsQcrI/Dz+NmrWspg==,https://c4.staticflickr.com/3/2659/3838679592_9649970e99_z.jpg,0.0,open_images_v7,REAL,True,accepted_negative,1,True,license_plate,0
20dca9baee45bf08,test,road_gate_scene,Traffic sign,test,https://c1.staticflickr.com/6/5029/5832010335_f217ddd618_o.jpg,https://www.flickr.com/photos/h-lame/5832010335,https://creativecommons.org/licenses/by/2.0/,https://www.flickr.com/people/h-lame/,Murray Steele,Lovely bit of street furniture re-use,92574,zf13JTZdT+e2iageZoz6PQ==,https://c5.staticflickr.com/6/5029/5832010335_bb933a3a02_z.jpg,0.0,open_images_v7,REAL,True,accepted_negative,1,True,license_plate,0
224b3ee5ac6b9eef,test,road_gate_scene,Traffic sign,test,https://c8.staticflickr.com/1/24/46022068_5ed8d31b76_o.jpg,https://www.flickr.com/photos/photowu/46022068,https://creativecommons.org/licenses/by/2.0/,https://www.flickr.com/people/photowu/,The Wu&#x27;s Photo Land,"no shirt, no shoes...",32572,mTMVVou/NqR6dV9L7C7JBA==,,,open_images_v7,REAL,True,accepted_negative,1,True,license_plate,0
22ca797f1ca23150,test,barrier_background,Window,test,https://farm1.staticflickr.com/7007/6520596843_3051f00bc8_o.jpg,https://www.flickr.com/photos/zepfanman/6520596843/,https://creativecommons.org/licenses/by/2.0/,https://www.flickr.com/people/zepfanman/,Zepfanman.com,What's the story behind this '70s Rolls-Royce Silver Shadow?,162912,lbxK2/2PnfQJs8lLN1N9HQ==,https://c4.staticflickr.com/8/7007/6520596843_54232a2c1f_z.jpg,0.0,open_images_v7,REAL,True,accepted_negative,1,True,license_plate,0
2322f164cbebec9e,test,vehicle_no_visible_plate_candidate,Car,test,https://c7.staticflickr.com/7/6044/6265024710_db5f768cb2_o.jpg,https://www.flickr.com/photos/opt1mus76/6265024710,https://creativecommons.org/licenses/by/2.0/,https://www.flickr.com/people/opt1mus76/,Ricky Wright,Radical Race Car,3268034,/qj/5vYMpmQaP7R1Eg5owA==,https://c2.staticflickr.com/7/6044/6265024710_71ab6d2bef_z.jpg,0.0,open_images_v7,REAL,True,accepted_negative,1,True,license_plate,0
2476bfd11397eaef,test,road_gate_scene,Stop sign,test,https://c8.staticflickr.com/9/8731/16927025475_8a5bea2b13_o.jpg,https://www.flickr.com/photos/rxnncrpz/16927025475,https://creativecommons.org/licenses/by/2.0/,https://www.flickr.com/people/rxnncrpz/,Corpuzzle,But don't Stop,1491254,DqLz5xURwzIQEkie0fPMIg==,https://c2.staticflickr.com/9/8731/16927025475_b6661a8562_z.jpg,0.0,open_images_v7,REAL,True,accepted_negative,1,True,license_plate,0
248dd18862415f4f,test,people,Person,test,https://c8.staticflickr.com/4/3257/2631410303_9c851101f0_o.jpg,https://www.flickr.com/photos/minkymonkeymoo/2631410303,https://creativecommons.org/licenses/by/2.0/,https://www.flickr.com/people/minkymonkeymoo/,Tim Herrick,learning spaces 041,136717,iE2JrFAxyRkC3dhjUv+YeA==,https://c2.staticflickr.com/4/3257/2631410303_2bd748d97d_z.jpg?zz=1,0.0,open_images_v7,REAL,True,accepted_negative,1,True,license_plate,0
24efc7715654fb0c,test,barrier_background,Window,test,https://c5.staticflickr.com/3/2428/3938801092_43a5ef33fb_o.jpg,https://www.flickr.com/photos/digitizedchaos/3938801092,https://creativecommons.org/licenses/by/2.0/,https://www.flickr.com/people/digitizedchaos/,Rian Castillo,Chrysler 300C Hollywood,491628,l8sZ+hBG+SAllc+O1RwbMw==,https://c7.staticflickr.com/3/2428/3938801092_40566b2a5c_z.jpg?zz=1,0.0,open_images_v7,REAL,True,accepted_negative,1,True,license_plate,0
2520b85a3da7ecb2,test,vehicle_no_visible_plate_candidate,Car,test,https://farm3.staticflickr.com/3407/3437622248_2e423f0c55_o.jpg,https://www.flickr.com/photos/nexeus_fatale/3437622248,https://creativecommons.org/licenses/by/2.0/,https://www.flickr.com/people/nexeus_fatale/,"Leo Newball, Jr.",Nissan @ NY International Auto Show,1628824,MUcptZ4IPAWOdWrZv6mqew==,https://c5.staticflickr.com/4/3407/3437622248_65f015f465_z.jpg,,open_images_v7,REAL,True,accepted_negative,1,True,license_plate,0
25301a30e7c9b7d8,test,road_gate_scene,Traffic sign,test,https://c1.staticflickr.com/1/82/229858394_e2ce43140b_o.jpg,https://www.flickr.com/photos/jaycross/229858394,https://creativecommons.org/licenses/by/2.0/,https://www.flickr.com/people/jaycross/,Jay Cross,Yield,118920,l3QeRkM4mdN66BNDEUPs4g==,https://c3.staticflickr.com/1/82/229858394_e2ce43140b_z.jpg?zz=1,0.0,open_images_v7,REAL,True,accepted_negative,1,True,license_plate,0
257d9a91fefd665a,test,road_gate_scene,Traffic sign,test,https://c3.staticflickr.com/1/4/7368793_8635c4267e_o.jpg,https://www.flickr.com/photos/tasitch/7368793,https://creativecommons.org/licenses/by/2.0/,https://www.flickr.com/people/tasitch/,Steve Drolet,No Headless,801622,te2DlTMjt0Dz4MOxJga0FQ==,https://c8.staticflickr.com/1/4/7368793_8635c4267e_z.jpg,0.0,open_images_v7,REAL,True,accepted_negative,1,True,license_plate,0
25f6c6dcf46bcb29,validation,heavy_equipment_candidate,Truck,validation,https://c2.staticflickr.com/9/8613/16151319355_d5c4c7f5ab_o.jpg,https://www.flickr.com/photos/ian-arlett/16151319355,https://creativecommons.org/licenses/by/2.0/,https://www.flickr.com/people/ian-arlett/,Ian D. Keating,Family shot in full gear in front of the fire engine.,2715006,Y36b+Nc4JBLgOFjls8zmPQ==,https://c8.staticflickr.com/9/8613/16151319355_c45f7d7067_z.jpg,0.0,open_images_v7,REAL,True,accepted_negative,1,True,license_plate,0
260f0d4f701f6ae6,test,vehicle_no_visible_plate_candidate,Car,test,https://farm7.staticflickr.com/3951/15515953057_a1c31c7de5_o.jpg,https://www.flickr.com/photos/postmemes/15515953057,https://creativecommons.org/licenses/by/2.0/,https://www.flickr.com/people/postmemes/,Post Memes,Black Chrome Tron Lamborghini Aventador,172679,Cody/J3gnK6NICePiIT9Kw==,https://c8.staticflickr.com/4/3951/15515953057_82edc21276_z.jpg,,open_images_v7,REAL,True,accepted_negative,1,True,license_plate,0
2635e0de3b0f5c0c,test,vehicle_no_visible_plate_candidate,Car,test,https://c5.staticflickr.com/6/5306/5850493826_b17624306c_o.jpg,https://www.flickr.com/photos/foshie/5850493826,https://creativecommons.org/licenses/by/2.0/,https://www.flickr.com/people/foshie/,foshie,Ford Capri,2052720,PEXfWjRvjPJ4HfUiVy2Qgg==,https://c6.staticflickr.com/6/5306/5850493826_47e42c453a_z.jpg,0.0,open_images_v7,REAL,True,accepted_negative,1,True,license_plate,0
2706d483dade2f7d,test,heavy_equipment_candidate,Truck,test,https://c6.staticflickr.com/4/3187/2609840075_2095c828d2_o.jpg,https://www.flickr.com/photos/mulad/2609840075,https://creativecommons.org/licenses/by/2.0/,https://www.flickr.com/people/mulad/,Michael Hicks,dsc00188,1470378,9/MokXIjfG10jpFCAaT6HQ==,https://c6.staticflickr.com/4/3187/2609840075_6cbfd3aedc_z.jpg,0.0,open_images_v7,REAL,True,accepted_negative,1,True,license_plate,0
27f40ebf9ec0528e,validation,people,Man,validation,https://c7.staticflickr.com/8/7294/8942188131_6afb796402_o.jpg,https://www.flickr.com/photos/fortwainwright/8942188131,https://creativecommons.org/licenses/by/2.0/,https://www.flickr.com/people/fortwainwright/,Public Affairs Office Fort Wainwright,130531-A-XA877-041,5852326,RSmMDraLKVsUnNGX1OwnEw==,https://c6.staticflickr.com/8/7294/8942188131_008e68463f_z.jpg,0.0,open_images_v7,REAL,True,accepted_negative,1,True,license_plate,0
29b8db86342da63e,test,vehicle_no_visible_plate_candidate,Car,test,https://c7.staticflickr.com/4/3446/3179532148_703c0d335c_o.jpg,https://www.flickr.com/photos/chevroletcruze/3179532148,https://creativecommons.org/licenses/by/2.0/,https://www.flickr.com/people/chevroletcruze/,ChevroletCruze,Chevrolet Cruze Concepting,1031140,HSNad7xRgovmYthWx1m4oQ==,https://c2.staticflickr.com/4/3446/3179532148_2c613bf6ca_z.jpg,0.0,open_images_v7,REAL,True,accepted_negative,1,True,license_plate,0
29d5a4cc9410e2ab,test,vehicle_no_visible_plate_candidate,Car,test,https://c4.staticflickr.com/9/8376/8409622734_a7d7571637_o.jpg,https://www.flickr.com/photos/nigel_brown/8409622734,https://creativecommons.org/licenses/by/2.0/,https://www.flickr.com/people/nigel_brown/,Nigel Brown,Glasair Super IIS RG - G-KRES,4945327,S6zqMHIpUVR1gPaPN8sUkg==,https://c8.staticflickr.com/9/8376/8409622734_95d55a00a6_z.jpg,0.0,open_images_v7,REAL,True,accepted_negative,1,True,license_plate,0
29f35564c9109ac9,test,heavy_equipment_candidate,Truck,test,https://c2.staticflickr.com/1/82/258065405_a0270112cd_o.jpg,https://www.flickr.com/photos/pinkmoose/258065405,https://creativecommons.org/licenses/by/2.0/,https://www.flickr.com/people/pinkmoose/,Anthony Easton,100_4928.JPG,120004,VEsGD4AAxeLCMS9iad+3Pg==,https://c7.staticflickr.com/1/82/258065405_a0270112cd_z.jpg?zz=1,0.0,open_images_v7,REAL,True,accepted_negative,1,True,license_plate,0
2b16c6a8271545da,test,vehicle_no_visible_plate_candidate,Car,test,https://c3.staticflickr.com/8/7272/7127939115_f96cd3aa36_o.jpg,https://www.flickr.com/photos/rapidtravelchai/7127939115,https://creativecommons.org/licenses/by/2.0/,https://www.flickr.com/people/rapidtravelchai/,Stefan Krasowski,Million Mile Secrets NY 6,1294467,MYzNI9g+0ab/m43VvE5n/Q==,https://c8.staticflickr.com/8/7272/7127939115_a0863e8e54_z.jpg,0.0,open_images_v7,REAL,True,accepted_negative,1,True,license_plate,0
2b3e4a4919cd47b4,test,road_gate_scene,Traffic sign,test,https://farm5.staticflickr.com/5068/5623721480_74109492bd_o.jpg,https://www.flickr.com/photos/ememmiranda/5623721480,https://creativecommons.org/licenses/by/2.0/,https://www.flickr.com/people/ememmiranda/,Mickey Miranda | Photography,left,10897497,fvDlddOFjLMWQPcbJBQkHQ==,https://c2.staticflickr.com/6/5068/5623721480_6f14753da8_z.jpg,0.0,open_images_v7,REAL,True,accepted_negative,1,True,license_plate,0
2b6443f89c0eae1d,validation,vehicle_no_visible_plate_candidate,Car,validation,https://c6.staticflickr.com/8/7577/15619748979_b514be0241_o.jpg,https://www.flickr.com/photos/andreboeni/15619748979,https://creativecommons.org/licenses/by/2.0/,https://www.flickr.com/people/andreboeni/,Andrew Bone,Ferrari 275GTB 1964-68,3339443,8U57PRIphFEaokFdCUDHpg==,https://c2.staticflickr.com/8/7577/15619748979_8e882b398f_z.jpg,0.0,open_images_v7,REAL,True,accepted_negative,1,True,license_plate,0
2b77cdf255ebf537,test,vehicle_no_visible_plate_candidate,Car,test,https://farm8.staticflickr.com/2886/11372470725_45ae735d1d_o.jpg,https://www.flickr.com/photos/emilyelliott/11372470725,https://creativecommons.org/licenses/by/2.0/,https://www.flickr.com/people/emilyelliott/,Emily D Elliott,Mazda 3 Window Tinted,146405,UtJfMyqVhacSCwW5s0oO3A==,https://c2.staticflickr.com/3/2886/11372470725_bbcac8ec92_z.jpg,0.0,open_images_v7,REAL,True,accepted_negative,2,True,license_plate,0
2b94572faf1687f4,test,heavy_equipment_candidate,Truck,test,https://farm5.staticflickr.com/162/361815035_7d7a1f35eb_o.jpg,https://www.flickr.com/photos/acolla/361815035,https://creativecommons.org/licenses/by/2.0/,https://www.flickr.com/people/acolla/,Anderson Colla,Hilux,77803,ScYz2gcVeQcxzTS8C15tJA==,https://c1.staticflickr.com/1/162/361815035_7d7a1f35eb_z.jpg?zz=1,,open_images_v7,REAL,True,accepted_negative,1,True,license_plate,0
2c0e54cb2dcad01d,validation,road_gate_scene,Traffic light,validation,https://c6.staticflickr.com/8/7618/16875241476_3b79e5d79b_o.jpg,https://www.flickr.com/photos/65439930@N00/16875241476,https://creativecommons.org/licenses/by/2.0/,https://www.flickr.com/people/65439930@N00/,George Campbell,2013-04-14 14-14-06 IMG_1889,3594922,Ro4KB2qLoYo3/gdSqoTBbA==,https://c7.staticflickr.com/8/7618/16875241476_07deb28fec_z.jpg,0.0,open_images_v7,REAL,True,accepted_negative,1,True,license_plate,0
2c97907927f9c9ff,test,heavy_equipment_candidate,Truck,test,https://c8.staticflickr.com/4/3913/14831067915_e1c71a7c4a_o.jpg,https://www.flickr.com/photos/shreveportbossier/14831067915,https://creativecommons.org/licenses/by/2.0/,https://www.flickr.com/people/shreveportbossier/,Shreveport-Bossier Convention and Tourist Bureau,"The Missing Link, a food truck in Shreveport, Louisiana",7224443,ecRu2qpaIfcc+2S0AzGZLA==,https://c6.staticflickr.com/4/3913/14831067915_70da6d5956_z.jpg,,open_images_v7,REAL,True,accepted_negative,2,True,license_plate,0
2cb9ea657bfa2a48,test,road_gate_scene,Traffic sign,test,https://c1.staticflickr.com/1/86/246281618_1b0c3cf471_o.jpg,https://www.flickr.com/photos/anniemole/246281618,https://creativecommons.org/licenses/by/2.0/,https://www.flickr.com/people/anniemole/,Annie Mole,Poirot screengrab - The Case of the Missing Will,37571,WG+Dpu0a8ItEOn6Wcshs/w==,https://c5.staticflickr.com/1/86/246281618_1b0c3cf471_z.jpg?zz=1,0.0,open_images_v7,REAL,True,accepted_negative,1,True,license_plate,0
2cef16702ed65436,test,vehicle_no_visible_plate_candidate,Car,test,https://farm7.staticflickr.com/8018/7547119864_d8e510b572_o.jpg,https://www.flickr.com/photos/scubabrett22/7547119864,https://creativecommons.org/licenses/by/2.0/,https://www.flickr.com/people/scubabrett22/,Brett Levin,2012 BMW 328i,5488631,z4ZOIunaHflCrU9elfbygQ==,https://c4.staticflickr.com/9/8018/7547119864_a429bc9bdf_z.jpg,0.0,open_images_v7,REAL,True,accepted_negative,1,True,license_plate,0
2d1c892833f8fd51,test,road_gate_scene,Stop sign,test,https://farm2.staticflickr.com/28/103829610_6171e6394a_o.jpg,https://www.flickr.com/photos/copa41/103829610,https://creativecommons.org/licenses/by/2.0/,https://www.flickr.com/people/copa41/,Melissa,Bright!,465186,q9HyGEApqir3qej65w0cJg==,https://c8.staticflickr.com/1/28/103829610_6171e6394a_z.jpg,0.0,open_images_v7,REAL,True,accepted_negative,1,True,license_plate,0
2d507caf3f119de6,validation,heavy_equipment_candidate,Truck,validation,https://farm7.staticflickr.com/4126/5198855503_e9c9a68e29_o.jpg,https://www.flickr.com/photos/mcrecycles/5198855503,https://creativecommons.org/licenses/by/2.0/,https://www.flickr.com/people/mcrecycles/,Montgomery Cty Division of Solid Waste Services,Ready to Roll!,545051,GVHo8aRMaO3FS742jpQOcQ==,https://c3.staticflickr.com/5/4126/5198855503_e7ddd93634_z.jpg,0.0,open_images_v7,REAL,True,accepted_negative,2,True,license_plate,0
2d58462098b0f3de,test,heavy_equipment_candidate,Truck,test,https://c7.staticflickr.com/5/4088/5223563773_dc9b436274_o.jpg,https://www.flickr.com/photos/katescars/5223563773,https://creativecommons.org/licenses/by/2.0/,https://www.flickr.com/people/katescars/,Katherine Tompkins,1940 Plymouth PT 105 side,1319242,Cvk3eCl5IA/e/YDdQ/ZfMA==,https://c1.staticflickr.com/5/4088/5223563773_e7afb05e38_z.jpg,,open_images_v7,REAL,True,accepted_negative,1,True,license_plate,0
2d8c7bb8263c19a7,validation,vehicle_no_visible_plate_candidate,Car,validation,https://farm8.staticflickr.com/4107/5057670589_8b80f4cfe9_o.jpg,https://www.flickr.com/photos/micsworld/5057670589/,https://creativecommons.org/licenses/by/2.0/,https://www.flickr.com/people/micsworld/,Mic,"Mondial de l'Automobile 2010, Paris - France",523400,Oa3sihZ/Q41bUZqezovYuA==,https://c4.staticflickr.com/5/4107/5057670589_72f31303a0_z.jpg,,open_images_v7,REAL,True,accepted_negative,1,True,license_plate,0
2e591d91901ca753,test,vehicle_no_visible_plate_candidate,Car,test,https://farm4.staticflickr.com/6007/5969143588_3360f4a050_o.jpg,https://www.flickr.com/photos/daveseven/5969143588,https://creativecommons.org/licenses/by/2.0/,https://www.flickr.com/people/daveseven/,dave_7,1981BMW M 535i,2522871,cfBLHVVs/qSBseh8zxvZog==,https://c7.staticflickr.com/7/6007/5969143588_5c4ffff2a4_z.jpg,0.0,open_images_v7,REAL,True,accepted_negative,1,True,license_plate,0
2e969144f13eb1dc,validation,road_gate_scene,Traffic light;Traffic sign,validation,https://c5.staticflickr.com/6/5147/5608333084_76ce8481d0_o.jpg,https://www.flickr.com/photos/tye554/5608333084,https://creativecommons.org/licenses/by/2.0/,https://www.flickr.com/people/tye554/,Tyler-Adams,Laguna,27755,JvxzD3pu1v19YDmO0sH1VQ==,,,open_images_v7,REAL,True,accepted_negative,1,True,license_plate,0
2f1a4aafc16f23d3,validation,vehicle_no_visible_plate_candidate,Car;Motorcycle,validation,https://farm4.staticflickr.com/7168/6419945931_6d4d776990_o.jpg,https://www.flickr.com/photos/adryjm/6419945931,https://creativecommons.org/licenses/by/2.0/,https://www.flickr.com/people/adryjm/,adri_j,dragbike.jpg.w560h420,62920,e5swLFseAJXrcpTRj9sIiQ==,https://c2.staticflickr.com/8/7168/6419945931_5347ec8830_z.jpg,0.0,open_images_v7,REAL,True,accepted_negative,1,True,license_plate,0
2fbe14d7e980e019,validation,road_gate_scene,Traffic sign,validation,https://c2.staticflickr.com/1/708/21668959751_a6e2cca623_o.jpg,https://www.flickr.com/photos/134465805@N06/21668959751,https://creativecommons.org/licenses/by/2.0/,https://www.flickr.com/people/134465805@N06/,Anka Albrecht,Verkehrsschild / road sign,464248,L7c1cftdeNttIDfOnXtTCw==,https://c6.staticflickr.com/1/708/21668959751_46b1c44111_z.jpg,0.0,open_images_v7,REAL,True,accepted_negative,1,True,license_plate,0
3058959a8b43c5cf,test,vehicle_no_visible_plate_candidate,Car,test,https://c8.staticflickr.com/8/7288/8737578115_fa9e0f38f4_o.jpg,https://www.flickr.com/photos/70871108@N04/8737578115,https://creativecommons.org/licenses/by/2.0/,https://www.flickr.com/people/70871108@N04/,SkodaPortal,Touchdown in Siegen: Octavia Combi III :),98486,8FTYTq3h+X9Xwx2JKOzP1Q==,https://c3.staticflickr.com/8/7288/8737578115_50d29d948f_z.jpg,0.0,open_images_v7,REAL,True,accepted_negative,1,True,license_plate,0
307ef895dfd65e07,test,vehicle_no_visible_plate_candidate,Car,test,https://farm8.staticflickr.com/3844/14438121364_e13204d022_o.jpg,https://www.flickr.com/photos/sahennessey/14438121364,https://creativecommons.org/licenses/by/2.0/,https://www.flickr.com/people/sahennessey/,Stephen Hennessey,Heavy Eyelids,13897896,cGg9Us3PWrkPaxvN3hIX9w==,https://c7.staticflickr.com/4/3844/14438121364_16213f77c0_z.jpg,0.0,open_images_v7,REAL,True,accepted_negative,1,True,license_plate,0
308467964f386972,test,road_gate_scene,Traffic light,test,https://farm3.staticflickr.com/8181/8062121905_41156e9d28_o.jpg,https://www.flickr.com/photos/remedy451/8062121905,https://creativecommons.org/licenses/by/2.0/,https://www.flickr.com/people/remedy451/,Peter Broster,Dunstan School House,359255,fE6HLWN6pYzdLBwzniSAqA==,https://c4.staticflickr.com/9/8181/8062121905_84948f50ea_z.jpg,0.0,open_images_v7,REAL,True,accepted_negative,1,True,license_plate,0
30b54b940617059f,test,vehicle_no_visible_plate_candidate,Car,test,https://c8.staticflickr.com/4/3063/2831522976_51bccae7bd_o.jpg,https://www.flickr.com/photos/colinbrown/2831522976,https://creativecommons.org/licenses/by/2.0/,https://www.flickr.com/people/colinbrown/,Colin Brown,IMG_7927.jpg,2627837,7JlI9neaNKOclLPXZNn5WQ==,https://c2.staticflickr.com/4/3063/2831522976_b2a0d54d09_z.jpg,0.0,open_images_v7,REAL,True,accepted_negative,1,True,license_plate,0
3116dd988b5679db,test,vehicle_no_visible_plate_candidate,Car,test,https://c4.staticflickr.com/8/7374/8963489658_934b1c54a3_o.jpg,https://www.flickr.com/photos/hepleriffic/8963489658,https://creativecommons.org/licenses/by/2.0/,https://www.flickr.com/people/hepleriffic/,James Hepler,Jerry2,2835096,dEd9FQjQA/VaemQ7ymSoxA==,https://c7.staticflickr.com/8/7374/8963489658_c5539f550c_z.jpg,0.0,open_images_v7,REAL,True,accepted_negative,1,True,license_plate,0
31e8ac4f2958c1c9,test,heavy_equipment_candidate,Truck,test,https://c2.staticflickr.com/4/3081/2554499786_60b6ca5f05_o.jpg,https://www.flickr.com/photos/35188692@N00/2554499786,https://creativecommons.org/licenses/by/2.0/,https://www.flickr.com/people/35188692@N00/,Alan L,on a lark,2588185,XQkhxzYWb9XsXdqUwezJUg==,https://c2.staticflickr.com/4/3081/2554499786_e1f4e8f6d6_z.jpg,0.0,open_images_v7,REAL,True,accepted_negative,1,True,license_plate,0
3221e96aa6ff166a,test,vehicle_no_visible_plate_candidate,Car,test,https://c3.staticflickr.com/9/8157/7298546586_3141bd1e00_o.jpg,https://www.flickr.com/photos/techcrunch/7298546586,https://creativecommons.org/licenses/by/2.0/,https://www.flickr.com/people/techcrunch/,TechCrunch,IMG_9878,1284702,pKIzliOcO/tQ3QHWVYNcJw==,https://c8.staticflickr.com/9/8157/7298546586_ed1e2bb66c_z.jpg,0.0,open_images_v7,REAL,True,accepted_negative,1,True,license_plate,0
33086f5c68b4f263,test,barrier_background,Window,test,https://farm4.staticflickr.com/1437/1366590064_0467529abd_o.jpg,https://www.flickr.com/photos/whiskeytango/1366590064,https://creativecommons.org/licenses/by/2.0/,https://www.flickr.com/people/whiskeytango/,Bruce Turner,pinzgauer - swiss army truck,2003918,IqNoDwsrLNGp3gl2ngFctA==,https://c7.staticflickr.com/2/1437/1366590064_5c5ebf0cc6_z.jpg,0.0,open_images_v7,REAL,True,accepted_negative,1,True,license_plate,0
3385ecc4e3aa69de,test,heavy_equipment_candidate,Truck,test,https://c7.staticflickr.com/7/6208/6113426825_328176106e_o.jpg,https://www.flickr.com/photos/rusty_clark/6113426825,https://creativecommons.org/licenses/by/2.0/,https://www.flickr.com/people/rusty_clark/,Rusty Clark - On the Air M-F 8am-noon,Hampton Ponds - Westfield MA,493266,UaiTid4ren0AkUASrYTpQw==,https://c8.staticflickr.com/7/6208/6113426825_6c62f33112_z.jpg,0.0,open_images_v7,REAL,True,accepted_negative,1,True,license_plate,0
34af2d63ec69261a,validation,heavy_equipment_candidate,Truck,validation,https://c3.staticflickr.com/1/31/61344324_dfd9152791_o.jpg,https://www.flickr.com/photos/dalasie/61344324,https://creativecommons.org/licenses/by/2.0/,https://www.flickr.com/people/dalasie/,dalasie,invisible firefighter gets naked in public,287725,GJo0jd/eEe1ic3Cn6yQNGw==,https://c7.staticflickr.com/1/31/61344324_dfd9152791_z.jpg?zz=1,0.0,open_images_v7,REAL,True,accepted_negative,1,True,license_plate,0
35878fcc102a1475,test,vehicle_no_visible_plate_candidate,Car,test,https://farm6.staticflickr.com/8008/7356305082_737a599350_o.jpg,https://www.flickr.com/photos/85638163@N00/7356305082,https://creativecommons.org/licenses/by/2.0/,https://www.flickr.com/people/85638163@N00/,Sh4rp_i,Ac Cobra Interior,954757,FhH0qvaAC+CUYnzxaqgjTA==,https://c4.staticflickr.com/9/8008/7356305082_0d118c6158_z.jpg,0.0,open_images_v7,REAL,True,accepted_negative,1,True,license_plate,0
359cf178d5d71e1e,validation,road_gate_scene,Stop sign,validation,https://c7.staticflickr.com/3/2689/4150399932_0de95113b2_o.jpg,https://www.flickr.com/photos/waferboard/4150399932,https://creativecommons.org/licenses/by/2.0/,https://www.flickr.com/people/waferboard/,waferboard,top o' the world!,77224,JM/o7Jkcx/izf12T0dqfag==,https://c2.staticflickr.com/3/2689/4150399932_55aa8341d2_z.jpg?zz=1,0.0,open_images_v7,REAL,True,accepted_negative,1,True,license_plate,0
35c68448eac11a1c,test,heavy_equipment_candidate,Truck,test,https://c5.staticflickr.com/1/99/264427320_717da80f9b_o.jpg,https://www.flickr.com/photos/planephotoman/264427320,https://creativecommons.org/licenses/by/2.0/,https://www.flickr.com/people/planephotoman/,planephotoman,Lancair/Columbia 400,813289,XiAeAYahr96/DHAFSJViZw==,https://c4.staticflickr.com/1/99/264427320_717da80f9b_z.jpg,0.0,open_images_v7,REAL,True,accepted_negative,1,True,license_plate,0
35edb10155ba1b02,validation,vehicle_no_visible_plate_candidate,Car,validation,https://farm3.staticflickr.com/7010/6853791837_1dea42b1a5_o.jpg,https://www.flickr.com/photos/8058098@N07/6853791837,https://creativecommons.org/licenses/by/2.0/,https://www.flickr.com/people/8058098@N07/,nakhon100,Austro-Daimler ADR6 Limousine 1931,830331,ThZWJzlJYEFpPXgPS3fsAA==,https://c8.staticflickr.com/8/7010/6853791837_74261ae2c4_z.jpg,0.0,open_images_v7,REAL,True,accepted_negative,1,True,license_plate,0
3679a749e1179f8b,test,vehicle_no_visible_plate_candidate,Car,test,https://c4.staticflickr.com/1/32/60449492_98a4ec113b_o.jpg,https://www.flickr.com/photos/nantaskart/60449492,https://creativecommons.org/licenses/by/2.0/,https://www.flickr.com/people/nantaskart/,Nantaskart!,2004_1031_160548AA,497100,mbkR4BZjcIhuYJeg3arqyQ==,https://c7.staticflickr.com/1/32/60449492_98a4ec113b_z.jpg?zz=1,0.0,open_images_v7,REAL,True,accepted_negative,1,True,license_plate,0
375df782b7e7ad1b,test,vehicle_no_visible_plate_candidate,Car,test,https://c4.staticflickr.com/5/4018/4326520003_8af79f0096_o.jpg,https://www.flickr.com/photos/theghostofgraingertown/4326520003,https://creativecommons.org/licenses/by/2.0/,https://www.flickr.com/people/theghostofgraingertown/,William Mewes,Halton Regional Police,1942323,/f8+r9xDuacPwNE8hWudKA==,https://c7.staticflickr.com/5/4018/4326520003_ea04b9d77e_z.jpg,,open_images_v7,REAL,True,accepted_negative,1,True,license_plate,0
378bc8c151613c47,test,heavy_equipment_candidate,Truck,test,https://farm8.staticflickr.com/5318/5901683929_3cc9375d0e_o.jpg,https://www.flickr.com/photos/yotut/5901683929,https://creativecommons.org/licenses/by/2.0/,https://www.flickr.com/people/yotut/,YoTuT,Egypt Air,3462625,a8HA9bRca7xajZCvn6lnmw==,https://c4.staticflickr.com/6/5318/5901683929_62641d054d_z.jpg,0.0,open_images_v7,REAL,True,accepted_negative,1,True,license_plate,0
37be73f83c029f49,validation,road_gate_scene,Traffic light,validation,https://c2.staticflickr.com/8/7122/7508445968_5a9a34a6d1_o.jpg,https://www.flickr.com/photos/florisje/7508445968/,https://creativecommons.org/licenses/by/2.0/,https://www.flickr.com/people/florisje/,Floris Looijesteijn,Amsterdam stickers,6356992,IWYai87Upj5BwOZLKNQHUg==,https://c4.staticflickr.com/8/7122/7508445968_b35f311819_z.jpg,,open_images_v7,REAL,True,accepted_negative,1,True,license_plate,0
38f6f8f03b093511,validation,vehicle_no_visible_plate_candidate,Car,validation,https://farm2.staticflickr.com/2202/2214055148_46cd6360f5_o.jpg,https://www.flickr.com/photos/22114117@N04/2214055148,https://creativecommons.org/licenses/by/2.0/,https://www.flickr.com/people/22114117@N04/,tmarcjones,_HOP4730,4508850,0hrt5bsQkPSRn7U/MRSJsg==,https://c4.staticflickr.com/3/2202/2214055148_432258084d_z.jpg,0.0,open_images_v7,REAL,True,accepted_negative,1,True,license_plate,0
3915a12316f48cf7,test,heavy_equipment_candidate,Truck,test,https://farm8.staticflickr.com/5593/14363711087_bbb4476649_o.jpg,https://www.flickr.com/photos/lwpkommunikacio/14363711087,https://creativecommons.org/licenses/by/2.0/,https://www.flickr.com/people/lwpkommunikacio/,Lwp Kommunikáció,Dallasi autónepperek,8571649,41l3pqiUAQXgGSIN7urpdg==,https://c6.staticflickr.com/6/5593/14363711087_f8fbe0c492_z.jpg,0.0,open_images_v7,REAL,True,accepted_negative,1,True,license_plate,0
392e48ac0f3b9e5e,test,vehicle_no_visible_plate_candidate,Car,test,https://c7.staticflickr.com/3/2760/5857061000_4b02256ef0_o.jpg,https://www.flickr.com/photos/ncdot/5857061000,https://creativecommons.org/licenses/by/2.0/,https://www.flickr.com/people/ncdot/,NCDOTcommunications,IMAP Pauses near the &quot;Miracle on the Hudson&quot; Plane,369506,2AbzTw9TNuP7FUGrWtyjtw==,https://c6.staticflickr.com/3/2760/5857061000_e10c338179_z.jpg,0.0,open_images_v7,REAL,True,accepted_negative,1,True,license_plate,0
39aa876c04a3d4bc,test,road_gate_scene,Traffic sign,test,https://c5.staticflickr.com/4/3426/3292783660_7dfc25f0f2_o.jpg,https://www.flickr.com/photos/martin_thomas/3292783660,https://creativecommons.org/licenses/by/2.0/,https://www.flickr.com/people/martin_thomas/,Martin Thomas,dusky give way sign,161793,FkIrb+4Vt+ZyGrrqu5k+MA==,https://c5.staticflickr.com/4/3426/3292783660_0d2c61d973_z.jpg?zz=1,0.0,open_images_v7,REAL,True,accepted_negative,1,True,license_plate,0
39cdfaa7fb57e49a,test,vehicle_no_visible_plate_candidate,Car,test,https://c3.staticflickr.com/4/3143/2916964192_02939c4933_o.jpg,https://www.flickr.com/photos/fleur-design/2916964192,https://creativecommons.org/licenses/by/2.0/,https://www.flickr.com/people/fleur-design/,The Pug Father,Mercedes 300SL,368072,lXB9GNGD9L68iZePOVN1Nw==,https://c2.staticflickr.com/4/3143/2916964192_9512a210ac_z.jpg?zz=1,0.0,open_images_v7,REAL,True,accepted_negative,2,True,license_plate,0
3a25f2b1e9bcfc8d,test,road_gate_scene,Traffic sign,test,https://c6.staticflickr.com/8/7159/6824936455_40dd10ba3c_o.jpg,https://www.flickr.com/photos/prasad-om/6824936455,https://creativecommons.org/licenses/by/2.0/,https://www.flickr.com/people/prasad-om/,Prasad Pillai,Bodimettu Border,455269,+QY5PR6WHHUG/ms1jBkNWw==,https://c4.staticflickr.com/8/7159/6824936455_00e9e37008_z.jpg,0.0,open_images_v7,REAL,True,accepted_negative,1,True,license_plate,0
3a5da5cdcab04eed,test,barrier_background,Window,test,https://c6.staticflickr.com/3/2860/11389025744_a79819df5b_o.jpg,https://www.flickr.com/photos/davidcjones/11389025744,https://creativecommons.org/licenses/by/2.0/,https://www.flickr.com/people/davidcjones/,David Jones,Ferry moored at Bandar Bentan Telani Ferry Terminal,1384294,Kg66NEWgnhIl5WDo+0NR1w==,https://c5.staticflickr.com/3/2860/11389025744_03564bc7d6_z.jpg,0.0,open_images_v7,REAL,True,accepted_negative,1,True,license_plate,0
3aacc9df5fe80ec4,validation,vehicle_no_visible_plate_candidate,Car;Truck,validation,https://farm5.staticflickr.com/8159/7614461630_0fd58e4a44_o.jpg,https://www.flickr.com/photos/evoflash/7614461630,https://creativecommons.org/licenses/by/2.0/,https://www.flickr.com/people/evoflash/,Evo Flash,Drivers Parade,13431866,i8dQglcn/V+o/Bj4PDp43Q==,https://c2.staticflickr.com/9/8159/7614461630_21d596395c_z.jpg,0.0,open_images_v7,REAL,True,accepted_negative,1,True,license_plate,0
3b17ab5107bef9bb,test,road_gate_scene,Traffic light,test,https://c4.staticflickr.com/4/3737/11849374876_2ca092ccdb_o.jpg,https://www.flickr.com/photos/oldrebel/11849374876,https://creativecommons.org/licenses/by/2.0/,https://www.flickr.com/people/oldrebel/,Donald Lee Pardue,High Tension,1771152,ig8ofvPXl5fnCfDcWy1stA==,https://c2.staticflickr.com/4/3737/11849374876_aea7c53a7a_z.jpg,0.0,open_images_v7,REAL,True,accepted_negative,1,True,license_plate,0
3b190b894e593fae,test,vehicle_no_visible_plate_candidate,Car,test,https://c7.staticflickr.com/4/3601/3428361875_d42f2b76e5_o.jpg,https://www.flickr.com/photos/jaeger-meister/3428361875,https://creativecommons.org/licenses/by/2.0/,https://www.flickr.com/people/jaeger-meister/,Jaeger-Meister,Porsche 904 Kamera 134,117044,TVDWOxJOuRrUC9BN3YpdKQ==,https://c6.staticflickr.com/4/3601/3428361875_1ff8c83c36_z.jpg?zz=1,0.0,open_images_v7,REAL,True,accepted_negative,1,True,license_plate,0
3ca305f0d6d5fabe,validation,heavy_equipment_candidate,Truck,validation,https://c7.staticflickr.com/4/3594/3373479728_e29b9e1515_o.jpg,https://www.flickr.com/photos/bonnieann/3373479728,https://creativecommons.org/licenses/by/2.0/,https://www.flickr.com/people/bonnieann/,Bonnie Ann Cain-Wood,Guthrie Fire Truck,769350,Qd1/3qjh0stwYNAxLaQIcg==,https://c4.staticflickr.com/4/3594/3373479728_1f88ee59ec_z.jpg,0.0,open_images_v7,REAL,True,accepted_negative,1,True,license_plate,0
3cce08ded1041d00,test,heavy_equipment_candidate,Truck,test,https://farm1.staticflickr.com/4005/4616777771_578678dec2_o.jpg,https://www.flickr.com/photos/ivanwalsh/4616777771/,https://creativecommons.org/licenses/by/2.0/,https://www.flickr.com/people/ivanwalsh/,IvanWalsh.com,Osaka Airport Japan,335382,gLM2EHUcl4K8bxB6IopBTA==,https://c2.staticflickr.com/5/4005/4616777771_fbfc0fa644_z.jpg,0.0,open_images_v7,REAL,True,accepted_negative,1,True,license_plate,0
3cd25879bc147f65,test,vehicle_no_visible_plate_candidate,Car,test,https://farm6.staticflickr.com/3880/14586775420_2548c5d8a1_o.jpg,https://www.flickr.com/photos/29233640@N07/14586775420,https://creativecommons.org/licenses/by/2.0/,https://www.flickr.com/people/29233640@N07/,Robert Couse-Baker,CRX,3014384,f1fdUfh12YfJtM0nmH3u7A==,https://c7.staticflickr.com/4/3880/14586775420_1d708f3f6d_z.jpg,0.0,open_images_v7,REAL,True,accepted_negative,1,True,license_plate,0
3cf98ac0a6f4ebbe,validation,heavy_equipment_candidate,Truck,validation,https://c7.staticflickr.com/6/5120/5901850391_e58953a1ea_o.jpg,https://www.flickr.com/photos/runneralan/5901850391,https://creativecommons.org/licenses/by/2.0/,https://www.flickr.com/people/runneralan/,Alan Kotok,Power company truck,1009883,Oe0SVfaP2WQw5F7+1S/jkg==,https://c6.staticflickr.com/6/5120/5901850391_d361a82eae_z.jpg,0.0,open_images_v7,REAL,True,accepted_negative,1,True,license_plate,0
3d7691020986595a,test,vehicle_no_visible_plate_candidate,Car,test,https://c3.staticflickr.com/4/3518/3834956859_d4944982b1_o.jpg,https://www.flickr.com/photos/fleur-design/3834956859,https://creativecommons.org/licenses/by/2.0/,https://www.flickr.com/people/fleur-design/,The Pug Father,IMG_2117,1522710,mvfEMnFpbH7ELq6J1byJ6w==,https://c2.staticflickr.com/4/3518/3834956859_1dea091e3e_z.jpg,0.0,open_images_v7,REAL,True,accepted_negative,1,True,license_plate,0
3dd5a8cf53be1ac3,test,heavy_equipment_candidate,Truck,test,https://farm4.staticflickr.com/8342/8238891132_cc87dd79e1_o.jpg,https://www.flickr.com/photos/channone/8238891132,https://creativecommons.org/licenses/by/2.0/,https://www.flickr.com/people/channone/,Channone Arif,2012 Los Angeles Autoshow,2770545,uUk609aXfNU/0+z2TRA40A==,https://c1.staticflickr.com/9/8342/8238891132_abac74d49e_z.jpg,0.0,open_images_v7,REAL,True,accepted_negative,1,True,license_plate,0
4125df3dbe46a6af,validation,vehicle_no_visible_plate_candidate,Motorcycle,validation,https://c8.staticflickr.com/8/7476/15665360577_7bce63c8a5_o.jpg,https://www.flickr.com/photos/waynebmc/15665360577/,https://creativecommons.org/licenses/by/2.0/,https://www.flickr.com/people/waynebmc/,K.J Chang,DSC_0181,5406108,HHgniP+kbMTL5TfuDrbg6Q==,https://c8.staticflickr.com/8/7476/15665360577_c6a50e4e81_z.jpg,0.0,open_images_v7,REAL,True,accepted_negative,1,True,license_plate,0
4156ff808a7f3bc0,test,road_gate_scene,Traffic sign,test,https://farm1.staticflickr.com/7477/16235088576_fdb33431c1_o.jpg,https://www.flickr.com/photos/ubrayj02/16235088576,https://creativecommons.org/licenses/by/2.0/,https://www.flickr.com/people/ubrayj02/,Umberto Brayj,A broken bicycle highlights the dysfunctional streets around Lincoln Park,1310261,uZyL5mz9w2BD4fi+3F0j0g==,https://c4.staticflickr.com/8/7477/16235088576_a8cb7d3aa7_z.jpg,0.0,open_images_v7,REAL,True,accepted_negative,1,True,license_plate,0
425c0d346e99377d,test,heavy_equipment_candidate,Truck,test,https://c6.staticflickr.com/3/2802/4098800302_b508b12ebe_o.jpg,https://www.flickr.com/photos/hugo90/4098800302,https://creativecommons.org/licenses/by/2.0/,https://www.flickr.com/people/hugo90/,JOHN LLOYD,Terradyne 2000,2904203,dcY7jUk35zuRyd2uoT95MQ==,https://c1.staticflickr.com/3/2802/4098800302_d3e4d4fcbc_z.jpg,0.0,open_images_v7,REAL,True,accepted_negative,1,True,license_plate,0
439f0eb2ecbbda68,test,text_like_object,Poster,test,https://c1.staticflickr.com/7/6112/6307589030_3f71ca1a4d_o.jpg,https://www.flickr.com/photos/bradfordcoy/6307589030,https://creativecommons.org/licenses/by/2.0/,https://www.flickr.com/people/bradfordcoy/,Brad Coy,#15,182738,UIA1418rzDpk/JAjgWULhw==,https://c6.staticflickr.com/7/6112/6307589030_9b0fc2eee3_z.jpg,0.0,open_images_v7,REAL,True,accepted_negative,1,True,license_plate,0
447a4308e611129c,test,vehicle_no_visible_plate_candidate,Car,test,https://c5.staticflickr.com/6/5269/5632927301_227b10cde1_o.jpg,https://www.flickr.com/photos/jmh-pics/5632927301,https://creativecommons.org/licenses/by/2.0/,https://www.flickr.com/people/jmh-pics/,Jan Mark Holzer,DSC02971,1990028,hN+6p/aI840016atgZojnA==,https://c6.staticflickr.com/6/5269/5632927301_ebf169de28_z.jpg,0.0,open_images_v7,REAL,True,accepted_negative,1,True,license_plate,0
44aa11da733dd16e,test,road_gate_scene,Stop sign,test,https://c7.staticflickr.com/2/1247/1196819338_d77c8619d5_o.jpg,https://www.flickr.com/photos/metal4rock/1196819338,https://creativecommons.org/licenses/by/2.0/,https://www.flickr.com/people/metal4rock/,Diehl,Stop Sign,65402,3vx5wWRuUW4kHs+FXoBHOg==,https://c4.staticflickr.com/2/1247/1196819338_e7854bd7bc_z.jpg?zz=1,0.0,open_images_v7,REAL,True,accepted_negative,2,True,license_plate,0
44cee71a77765756,validation,vehicle_no_visible_plate_candidate,Car;Truck,validation,https://farm7.staticflickr.com/5526/13501744595_75e294713a_o.jpg,https://www.flickr.com/photos/360glitch/13501744595,https://creativecommons.org/licenses/by/2.0/,https://www.flickr.com/people/360glitch/,Corey Poole,2014 DSARC Rally (9 of 13),2940569,sGunlVkHl2Jr4mV2F4Wieg==,https://c2.staticflickr.com/6/5526/13501744595_958d24fb83_z.jpg,0.0,open_images_v7,REAL,True,accepted_negative,1,True,license_plate,0
45f84921bc87c89e,test,vehicle_no_visible_plate_candidate,Car,test,https://c7.staticflickr.com/1/26/36643138_0f9ea0b16f_o.jpg,https://www.flickr.com/photos/mulsanne/36643138,https://creativecommons.org/licenses/by/2.0/,https://www.flickr.com/people/mulsanne/,Jeffrey Keeton,Maserati MC12,1123665,U7yqcXWV6dj319u/JAfl5g==,https://c5.staticflickr.com/1/26/36643138_0f9ea0b16f_z.jpg,0.0,open_images_v7,REAL,True,accepted_negative,1,True,license_plate,0
4688e6220a92562a,validation,road_gate_scene,Traffic light,validation,https://c3.staticflickr.com/4/3439/3981744078_ac79ef9b77_o.jpg,https://www.flickr.com/photos/mucio/3981744078,https://creativecommons.org/licenses/by/2.0/,https://www.flickr.com/people/mucio/,francescomucio,Altra cartolina,696450,z5n3YPDZAdmpXXNVMVxakw==,https://c2.staticflickr.com/4/3439/3981744078_5483053184_z.jpg,0.0,open_images_v7,REAL,True,accepted_negative,1,True,license_plate,0
469a260d52786ae7,test,people,Man,test,https://farm8.staticflickr.com/721/20425785290_71725f1155_o.jpg,https://www.flickr.com/photos/jaycross/20425785290,https://creativecommons.org/licenses/by/2.0/,https://www.flickr.com/people/jaycross/,Jay Cross,RetroAuto,438271,DfYb0Y72oNbgJ1xn8dwQTg==,https://c2.staticflickr.com/1/721/20425785290_2dab5ed2a3_z.jpg,0.0,open_images_v7,REAL,True,accepted_negative,1,True,license_plate,0
47a0ccf41b7023e2,test,road_gate_scene,Stop sign,test,https://farm3.staticflickr.com/3379/4615684957_0f91070e22_o.jpg,https://www.flickr.com/photos/artbystevejohnson/4615684957,https://creativecommons.org/licenses/by/2.0/,https://www.flickr.com/people/artbystevejohnson/,Steve Johnson,stop sign,118135,VSxAo22erWlzFdIGV4SG5A==,https://c4.staticflickr.com/4/3379/4615684957_bed50343b1_z.jpg,0.0,open_images_v7,REAL,True,accepted_negative,1,True,license_plate,0
47a256c18ae5102d,test,vehicle_no_visible_plate_candidate,Motorcycle,test,https://c6.staticflickr.com/5/4086/4831468871_6010ca6574_o.jpg,https://www.flickr.com/photos/grahammitchellphotography/4831468871,https://creativecommons.org/licenses/by/2.0/,https://www.flickr.com/people/grahammitchellphotography/,Graham  Mitchell,IMG_4286,4464298,VnUldL9l8RFBxFoq710qwg==,https://c5.staticflickr.com/5/4086/4831468871_b8dee9f168_z.jpg,0.0,open_images_v7,REAL,True,accepted_negative,1,True,license_plate,0
47ddfaeb3743d50f,test,vehicle_no_visible_plate_candidate,Car,test,https://c8.staticflickr.com/6/5305/5765411964_9b9cc52c66_o.jpg,https://www.flickr.com/photos/dberry/5765411964,https://creativecommons.org/licenses/by/2.0/,https://www.flickr.com/people/dberry/,David Berry,1939 American Bantam,2340104,KcBO3GjcUtFfU18f3gJI4w==,https://c6.staticflickr.com/6/5305/5765411964_feb122b055_z.jpg,0.0,open_images_v7,REAL,True,accepted_negative,1,True,license_plate,0
483f23ab11ae24d6,test,vehicle_no_visible_plate_candidate,Car,test,https://farm7.staticflickr.com/3506/3812646562_c06f31278a_o.jpg,https://www.flickr.com/photos/alexcjones/3812646562,https://creativecommons.org/licenses/by/2.0/,https://www.flickr.com/people/alexcjones/,MeistrJam,McLaren-Mercedes SLR,2291696,z3079VHdbIBDse4dSlUfzA==,https://c8.staticflickr.com/4/3506/3812646562_5ff14df640_z.jpg,0.0,open_images_v7,REAL,True,accepted_negative,1,True,license_plate,0
4869620129420c76,validation,vehicle_no_visible_plate_candidate,Car,validation,https://farm7.staticflickr.com/3099/2540072177_edf92b8f7c_o.jpg,https://www.flickr.com/photos/dubswede/2540072177,https://creativecommons.org/licenses/by/2.0/,https://www.flickr.com/people/dubswede/,Peter Anderson,golf,333781,gxqzrk0cPgmI3t2oTA9R6w==,https://c6.staticflickr.com/4/3099/2540072177_3b2f211efe_z.jpg?zz=1,0.0,open_images_v7,REAL,True,accepted_negative,1,True,license_plate,0
4b1055f6b90cecd6,test,heavy_equipment_candidate,Truck,test,https://farm7.staticflickr.com/3682/12346848555_f5f14d024c_o.jpg,https://www.flickr.com/photos/motorblog/12346848555,https://creativecommons.org/licenses/by/2.0/,https://www.flickr.com/people/motorblog/,MotorBlog,#Nissan Frontier Diesel Runner powered by #Cummins - project truck based on Frontier Desert ... @Nissan #trucks,85341,JHOFkCeCgQLHVN9ZtluFdQ==,https://c7.staticflickr.com/4/3682/12346848555_ac78d97d5f_z.jpg,0.0,open_images_v7,REAL,True,accepted_negative,1,True,license_plate,0
4c1dd11e3e057428,test,vehicle_no_visible_plate_candidate,Bus,test,https://c1.staticflickr.com/1/1/626088_23e5cc60d5_o.jpg,https://www.flickr.com/photos/jurvetson/626088,https://creativecommons.org/licenses/by/2.0/,https://www.flickr.com/people/jurvetson/,Steve Jurvetson,Big Wheels,1104000,QApvb1N+zRCJ/PmtG+Qnlw==,https://c3.staticflickr.com/1/1/626088_23e5cc60d5_z.jpg,0.0,open_images_v7,REAL,True,accepted_negative,1,True,license_plate,0
4e0f5b3d34c641ec,test,heavy_equipment_candidate,Truck,test,https://c5.staticflickr.com/8/7276/7475124006_beaba0ee86_o.jpg,https://www.flickr.com/photos/r3chn3r/7475124006,https://creativecommons.org/licenses/by/2.0/,https://www.flickr.com/people/r3chn3r/,kewlnlaidbackcat,IMG_2271,817857,c9tiMW+SFXuZnFWiFtEr/g==,https://c1.staticflickr.com/8/7276/7475124006_29e867ec03_z.jpg,0.0,open_images_v7,REAL,True,accepted_negative,2,True,license_plate,0
4f45af2129579818,validation,road_gate_scene,Stop sign,validation,https://c1.staticflickr.com/4/3178/3054077849_032d936ea3_o.jpg,https://www.flickr.com/photos/sylvar/3054077849,https://creativecommons.org/licenses/by/2.0/,https://www.flickr.com/people/sylvar/,sylvar,Stop hating (all way),586704,hkBjzxwuKa9xUxu3SZdAMg==,https://c1.staticflickr.com/4/3178/3054077849_457b332440_z.jpg,0.0,open_images_v7,REAL,True,accepted_negative,1,True,license_plate,0
4f733c0b8006c6cc,validation,vehicle_no_visible_plate_candidate,Car,validation,https://c5.staticflickr.com/6/5503/11667238774_a6b7ee0c63_o.jpg,https://www.flickr.com/photos/23024164@N06/11667238774,https://creativecommons.org/licenses/by/2.0/,https://www.flickr.com/people/23024164@N06/,Damian Gadal,One Fine Ford,10238990,YmFnyyyv4sL7hq8xGB/HKA==,https://c2.staticflickr.com/6/5503/11667238774_507609a5e6_z.jpg,0.0,open_images_v7,REAL,True,accepted_negative,1,True,license_plate,0
4fc8246e1ffddf77,validation,vehicle_no_visible_plate_candidate,Car,validation,https://farm8.staticflickr.com/4007/4626788297_2be9dfb948_o.jpg,https://www.flickr.com/photos/joeydong/4626788297,https://creativecommons.org/licenses/by/2.0/,https://www.flickr.com/people/joeydong/,Joey Dong,SLS GT,5682735,38/Ztcp2+86anLhNjr0Dow==,https://c6.staticflickr.com/5/4007/4626788297_3bd33fa493_z.jpg,0.0,open_images_v7,REAL,True,accepted_negative,1,True,license_plate,0
4fe6a07b42b1bd54,test,vehicle_no_visible_plate_candidate,Car,test,https://farm5.staticflickr.com/2849/11064172545_e8c9d32772_o.jpg,https://www.flickr.com/photos/janitors/11064172545,https://creativecommons.org/licenses/by/2.0/,https://www.flickr.com/people/janitors/,Kārlis Dambrāns,Audi A3 Limousine,3390851,cudt0LsIknUSccX364Sa/w==,https://c3.staticflickr.com/3/2849/11064172545_99d7f47206_z.jpg,0.0,open_images_v7,REAL,True,accepted_negative,1,True,license_plate,0
508f014e0f11cb8c,validation,road_gate_scene,Parking meter,validation,https://c5.staticflickr.com/3/2482/4056523501_e0e7418d1e_o.jpg,https://www.flickr.com/photos/virtualsugar/4056523501,https://creativecommons.org/licenses/by/2.0/,https://www.flickr.com/people/virtualsugar/,John Martinez Pavliga,IMG_5452,1291616,rGA9WRQ8znbxiqiSHJ7JGA==,https://c7.staticflickr.com/3/2482/4056523501_12f5a247bd_z.jpg,0.0,open_images_v7,REAL,True,accepted_negative,2,True,license_plate,0
511cf87eaafffa24,test,vehicle_no_visible_plate_candidate,Car;Truck,test,https://farm5.staticflickr.com/3430/3733164601_848ed6fa30_o.jpg,https://www.flickr.com/photos/fun_flying/3733164601,https://creativecommons.org/licenses/by/2.0/,https://www.flickr.com/people/fun_flying/,D. Miller,DPP_0126,1668753,73iGE5eqRkXxyt2gf9yNPg==,https://c3.staticflickr.com/4/3430/3733164601_9353e9a8d8_z.jpg,0.0,open_images_v7,REAL,True,accepted_negative,2,True,license_plate,0
5206ff75a1e480b0,validation,vehicle_no_visible_plate_candidate,Car,validation,https://farm1.staticflickr.com/3556/3495175027_4f2dfe4d2c_o.jpg,https://www.flickr.com/photos/92238457@N00/3495175027/,https://creativecommons.org/licenses/by/2.0/,https://www.flickr.com/people/92238457@N00/,macfusion,bugatti4,427090,C5Q72m44Ifk2gs4vSLeJHA==,https://c7.staticflickr.com/4/3556/3495175027_f2a65eb1c8_z.jpg?zz=1,,open_images_v7,REAL,True,accepted_negative,1,True,license_plate,0
52459c8e4e4d7aad,validation,heavy_equipment_candidate,Truck,validation,https://c6.staticflickr.com/3/2928/14234636159_b9beef75e0_o.jpg,https://www.flickr.com/photos/chicagofd1996/14234636159,https://creativecommons.org/licenses/by/2.0/,https://www.flickr.com/people/chicagofd1996/,Arvell Dorsey Jr.,CFD OEMC Utility Gator,848968,LGoh2KQ+8wDgU5pKgfY8Kw==,https://c1.staticflickr.com/3/2928/14234636159_fdffff08cd_z.jpg,0.0,open_images_v7,REAL,True,accepted_negative,1,True,license_plate,0
52915181ee2b25de,test,heavy_equipment_candidate,Truck,test,https://c7.staticflickr.com/4/3839/15096381001_ff7d32b8c0_o.jpg,https://www.flickr.com/photos/walterpro/15096381001,https://creativecommons.org/licenses/by/2.0/,https://www.flickr.com/people/walterpro/,Walter,DSC_0224_pp,1159151,qBqcXGygft+xTYnGcC7R7A==,https://c3.staticflickr.com/4/3839/15096381001_cd9b9ffb14_z.jpg,0.0,open_images_v7,REAL,True,accepted_negative,1,True,license_plate,0
548c1805b8e211bd,test,road_gate_scene,Traffic light,test,https://c6.staticflickr.com/1/407/19132418623_758dc107e0_o.jpg,https://www.flickr.com/photos/134317410@N02/19132418623,https://creativecommons.org/licenses/by/2.0/,https://www.flickr.com/people/134317410@N02/,Toumi Fethi,DSCF2502,963114,+4b3HkVkdmUi9VK+Rf1UWQ==,https://c6.staticflickr.com/1/407/19132418623_5b9ff62114_z.jpg,0.0,open_images_v7,REAL,True,accepted_negative,1,True,license_plate,0
5572f67e8b749698,test,road_gate_scene,Traffic light,test,https://c1.staticflickr.com/6/5603/15473091302_4a2308a8e0_o.jpg,https://www.flickr.com/photos/janahmontana/15473091302,https://creativecommons.org/licenses/by/2.0/,https://www.flickr.com/people/janahmontana/,Jana-Sophie Lauer,New sun,343776,cSdD8aFJ0fkTora7NmUMRA==,https://c5.staticflickr.com/6/5603/15473091302_022130bafd_z.jpg,0.0,open_images_v7,REAL,True,accepted_negative,1,True,license_plate,0
557d65bdfcc13c1d,test,heavy_equipment_candidate,Truck,test,https://c6.staticflickr.com/3/2316/1543332225_e84ffcde73_o.jpg,https://www.flickr.com/photos/exfordy/1543332225,https://creativecommons.org/licenses/by/2.0/,https://www.flickr.com/people/exfordy/,Brian Snelson,Goodwood Breakfast Club - Dodge Ram SRT-10,3431376,TdzHpqtgpkwy+g0ATXOfDw==,https://c7.staticflickr.com/3/2316/1543332225_b5991e4bce_z.jpg,0.0,open_images_v7,REAL,True,accepted_negative,1,True,license_plate,0
55b7a4a581331b4b,validation,road_gate_scene,Traffic sign,validation,https://c4.staticflickr.com/8/7114/7654748238_88517c91e1_o.jpg,https://www.flickr.com/photos/kristinnador/7654748238,https://creativecommons.org/licenses/by/2.0/,https://www.flickr.com/people/kristinnador/,Kristin Nador,Yield Sign,323700,eA9KR8+NtwtL6shn+uLLww==,https://c8.staticflickr.com/8/7114/7654748238_80d422f018_z.jpg,0.0,open_images_v7,REAL,True,accepted_negative,1,True,license_plate,0
572c64e038f7c864,test,barrier_background,Window,test,https://farm5.staticflickr.com/8631/16051996502_629cd83485_o.jpg,https://www.flickr.com/photos/larryontheprairie/16051996502,https://creativecommons.org/licenses/by/2.0/,https://www.flickr.com/people/larryontheprairie/,larryontheprairie,Scariest place in Moose Jaw,628063,7nTkE+jcCx5gfETB6gYQ1A==,https://c4.staticflickr.com/9/8631/16051996502_b0955929a6_z.jpg,,open_images_v7,REAL,True,accepted_negative,1,True,license_plate,0
576528aa7793cc35,test,barrier_background,Window,test,https://farm6.staticflickr.com/3276/2877651039_9198d80d36_o.jpg,https://www.flickr.com/photos/armandodollia/2877651039/,https://creativecommons.org/licenses/by/2.0/,https://www.flickr.com/people/armandodollia/,Armando Dollia,Car 3,5182458,oaY8V2aP0nCNBR2rXI1ENA==,https://c1.staticflickr.com/4/3276/2877651039_fe9808e22b_z.jpg,0.0,open_images_v7,REAL,True,accepted_negative,1,True,license_plate,0
57e7d4963ec5c3c1,validation,barrier_background,Window,validation,https://farm2.staticflickr.com/5096/5543838353_51915bbfc2_o.jpg,https://www.flickr.com/photos/z0/5543838353/,https://creativecommons.org/licenses/by/2.0/,https://www.flickr.com/people/z0/,Aranami,Oshkosh Tactical Vehicle,3571712,soKuqj6d82sfrOjPPICp2g==,https://c5.staticflickr.com/6/5096/5543838353_3a6fe6c790_z.jpg,0.0,open_images_v7,REAL,True,accepted_negative,1,True,license_plate,0
57ea92b50b73dc3c,validation,heavy_equipment_candidate,Truck,validation,https://c5.staticflickr.com/6/5146/5555974395_1df655585c_o.jpg,https://www.flickr.com/photos/cyroasilva/5555974395,https://creativecommons.org/licenses/by/2.0/,https://www.flickr.com/people/cyroasilva/,Cyro A. Silva,Viatura policial da CORE - 2011,545690,Vda59k5/Be6Xp2cfNYyfhw==,https://c4.staticflickr.com/6/5146/5555974395_620566eb68_z.jpg,0.0,open_images_v7,REAL,True,accepted_negative,1,True,license_plate,0
5817a42fe06e674d,test,vehicle_no_visible_plate_candidate,Car,test,https://c6.staticflickr.com/4/3125/3200593848_2dabcc173d_o.jpg,https://www.flickr.com/photos/infrogmation/3200593848,https://creativecommons.org/licenses/by/2.0/,https://www.flickr.com/people/infrogmation/,Infrogmation of New Orleans,Bushmobile on the Bayou,1600821,8Uqo+b1pKvxGSrg1VrH05g==,https://c7.staticflickr.com/4/3125/3200593848_77159cf931_z.jpg,0.0,open_images_v7,REAL,True,accepted_negative,1,True,license_plate,0
5875bb24076e0403,test,road_gate_scene,Traffic light;Traffic sign,test,https://farm4.staticflickr.com/5553/14818418478_a08804a731_o.jpg,https://www.flickr.com/photos/anja_redenbaugh/14818418478,https://creativecommons.org/licenses/by/2.0/,https://www.flickr.com/people/anja_redenbaugh/,Anja Redenbaugh,IMG_20140705_123203,386991,nH7p/KUzVCiHEyQmGq278A==,https://c6.staticflickr.com/6/5553/14818418478_c6f4a4ff53_z.jpg,0.0,open_images_v7,REAL,True,accepted_negative,1,True,license_plate,0
58bdebef50f61def,test,vehicle_no_visible_plate_candidate,Car,test,https://c8.staticflickr.com/3/2367/1894854021_512dfcf391_o.jpg,https://www.flickr.com/photos/ryc-behindthelens/1894854021,https://creativecommons.org/licenses/by/2.0/,https://www.flickr.com/people/ryc-behindthelens/,RyC - Behind The Lens,VEGAS_002,156650,UOQV4L44oKAiDnApi1p0Qw==,https://c2.staticflickr.com/3/2367/1894854021_eb48660413_z.jpg?zz=1,0.0,open_images_v7,REAL,True,accepted_negative,1,True,license_plate,0
597989455edf71ce,validation,heavy_equipment_candidate,Truck,validation,https://c7.staticflickr.com/2/1231/1033677685_6836d0b111_o.jpg,https://www.flickr.com/photos/daquellamanera/1033677685,https://creativecommons.org/licenses/by/2.0/,https://www.flickr.com/people/daquellamanera/,Daniel Lobo,Hormigonera,3714710,6x3i5Nr3/LuH2HQrXdfNUw==,https://c5.staticflickr.com/2/1231/1033677685_90c360ac2a_z.jpg,0.0,open_images_v7,REAL,True,accepted_negative,1,True,license_plate,0
59cb4c85a8a11dde,test,vehicle_no_visible_plate_candidate,Car,test,https://c7.staticflickr.com/8/7007/6731979219_e772560ac8_o.jpg,https://www.flickr.com/photos/pandemia/6731979219,https://creativecommons.org/licenses/by/2.0/,https://www.flickr.com/people/pandemia/,Luca Conti,Altre /6,1505609,9Oqx1QqSIISQtuSzPM4M0Q==,https://c3.staticflickr.com/8/7007/6731979219_c8c8ffe5c8_z.jpg,0.0,open_images_v7,REAL,True,accepted_negative,1,True,license_plate,0
59faebe4d233d369,test,vehicle_no_visible_plate_candidate,Car,test,https://c2.staticflickr.com/4/3706/13153507564_9f0fe4b3d8_o.jpg,https://www.flickr.com/photos/bedworth/13153507564,https://creativecommons.org/licenses/by/2.0/,https://www.flickr.com/people/bedworth/,Mathew Bedworth,Utlimate dubs '14,9491207,xX/kKGbKZqnRbBjnpyL5AA==,https://c3.staticflickr.com/4/3706/13153507564_8e4c4ea21c_z.jpg,0.0,open_images_v7,REAL,True,accepted_negative,1,True,license_plate,0
5a0c010d27b88ced,test,heavy_equipment_candidate,Truck,test,https://c6.staticflickr.com/4/3088/2925284650_eb9e5bb17d_o.jpg,https://www.flickr.com/photos/23024164@N06/2925284650,https://creativecommons.org/licenses/by/2.0/,https://www.flickr.com/people/23024164@N06/,Damian Gadal,Harbor Patrol,614987,y2I0vdu1ghsS+2iBsKFx4A==,https://c2.staticflickr.com/4/3088/2925284650_6bbf3f387a_z.jpg?zz=1,0.0,open_images_v7,REAL,True,accepted_negative,1,True,license_plate,0
5b54678ebd8b8af3,validation,road_gate_scene,Traffic light,validation,https://farm4.staticflickr.com/3235/2736033682_12388d04c8_o.jpg,https://www.flickr.com/photos/walkn/2736033682,https://creativecommons.org/licenses/by/2.0/,https://www.flickr.com/people/walkn/,walknboston,Stop,4767350,OvOyi4GqWtyMrKs9vS2Oxw==,https://c6.staticflickr.com/4/3235/2736033682_ea7f97d547_z.jpg,0.0,open_images_v7,REAL,True,accepted_negative,1,True,license_plate,0
5b7dd4a2f5cf061b,validation,text_like_object,Poster,validation,https://c4.staticflickr.com/6/5546/11918671183_461b398f87_o.jpg,https://www.flickr.com/photos/skellysf/11918671183,https://creativecommons.org/licenses/by/2.0/,https://www.flickr.com/people/skellysf/,Stephen Kelly,Pachinko! Shibuya,3925650,nCImL047W7GihX3U76zFJA==,https://c6.staticflickr.com/6/5546/11918671183_a39f09221e_z.jpg,0.0,open_images_v7,REAL,True,accepted_negative,1,True,license_plate,0
5b8cabe92a2b398a,test,vehicle_no_visible_plate_candidate,Car,test,https://c3.staticflickr.com/4/3516/3700405895_d7a7f5c033_o.jpg,https://www.flickr.com/photos/www_ukberri_net/3700405895,https://creativecommons.org/licenses/by/2.0/,https://www.flickr.com/people/www_ukberri_net/,UKBERRI.NET Uribe Kosta eta Erandioko agerkari digitala,img_0219.jpg,3652057,Lurkq3MEnH2mROCJIMlB/A==,https://c4.staticflickr.com/4/3516/3700405895_eaa0a2a51b_z.jpg,0.0,open_images_v7,REAL,True,accepted_negative,1,True,license_plate,0
5b9d87b7ad275b90,test,heavy_equipment_candidate,Truck,test,https://farm1.staticflickr.com/5263/5607579403_1e1074ec05_o.jpg,https://www.flickr.com/photos/rutkowskic/5607579403,https://creativecommons.org/licenses/by/2.0/,https://www.flickr.com/people/rutkowskic/,Rutkowski Photography,Back In My Day...,1190295,qmzDOALR+nr9QB1++isaaw==,https://c5.staticflickr.com/6/5263/5607579403_fed3244e25_z.jpg,0.0,open_images_v7,REAL,True,accepted_negative,2,True,license_plate,0
5c70a4df9b10d0d0,test,heavy_equipment_candidate,Truck,test,https://farm1.staticflickr.com/734/20692268501_eaafd19e2c_o.jpg,https://www.flickr.com/photos/hhclassicparts/20692268501,https://creativecommons.org/licenses/by/2.0/,https://www.flickr.com/people/hhclassicparts/,HH Nida,Does your truck have stock or aftermarket wheels?,90261,QAdU/XJAMEN9YRgJCz0vJg==,https://c7.staticflickr.com/1/734/20692268501_e1f78b287f_z.jpg,0.0,open_images_v7,REAL,True,accepted_negative,1,True,license_plate,0
5c843a1746c3b1e8,test,vehicle_no_visible_plate_candidate,Car,test,https://c1.staticflickr.com/4/3773/13524633363_a647de4151_o.jpg,https://www.flickr.com/photos/gotovan/13524633363,https://creativecommons.org/licenses/by/2.0/,https://www.flickr.com/people/gotovan/,GoToVan,Vancouver International Auto Show 2014,6555548,rNCX5bHKi0IRwykMWg3Lwg==,https://c6.staticflickr.com/4/3773/13524633363_831d1054d7_z.jpg,0.0,open_images_v7,REAL,True,accepted_negative,1,True,license_plate,0
5ceb46bd2be911c3,validation,heavy_equipment_candidate,Truck,validation,https://farm4.staticflickr.com/7393/9707098564_2bb578cacc_o.jpg,https://www.flickr.com/photos/walterpro/9707098564,https://creativecommons.org/licenses/by/2.0/,https://www.flickr.com/people/walterpro/,Walter,DSC_5021_pp,2175440,B974OK8iLoQwcvK8KyP//w==,https://c2.staticflickr.com/8/7393/9707098564_475a7607a4_z.jpg,0.0,open_images_v7,REAL,True,accepted_negative,1,True,license_plate,0
5cfde728dddb883d,test,heavy_equipment_candidate,Truck,test,https://c6.staticflickr.com/3/2092/2439048703_0c2f6bccc6_o.jpg,https://www.flickr.com/photos/johnas/2439048703,https://creativecommons.org/licenses/by/2.0/,https://www.flickr.com/people/johnas/,jo.sau,Bangkok Hilux,104992,/XTiOgzXJj+lPpM0QX62XA==,https://c1.staticflickr.com/3/2092/2439048703_247d492df6_z.jpg?zz=1,0.0,open_images_v7,REAL,True,accepted_negative,1,True,license_plate,0
5db6b6f8808f2ff8,test,vehicle_no_visible_plate_candidate,Car,test,https://c1.staticflickr.com/6/5551/15067719190_9f272842ca_o.jpg,https://www.flickr.com/photos/superhaga/15067719190,https://creativecommons.org/licenses/by/2.0/,https://www.flickr.com/people/superhaga/,志峯 顏,IMG_0917,5244149,1oIyWDgQ+Cnsy0ias6BI0A==,https://c6.staticflickr.com/6/5551/15067719190_8f098f6a19_z.jpg,0.0,open_images_v7,REAL,True,accepted_negative,1,True,license_plate,0
5dc9465b0bad69fc,test,road_gate_scene,Traffic light,test,https://c5.staticflickr.com/2/1405/1374910338_720c5f4094_o.jpg,https://www.flickr.com/photos/charliedave/1374910338,https://creativecommons.org/licenses/by/2.0/,https://www.flickr.com/people/charliedave/,Charlie Dave,Berlin August 2007,263898,a1nBbL98aEQeoAHIMxiuww==,https://c7.staticflickr.com/2/1405/1374910338_af6e4d95b1_z.jpg,0.0,open_images_v7,REAL,True,accepted_negative,1,True,license_plate,0
5ea8e87188c789c9,validation,heavy_equipment_candidate,Truck,validation,https://c2.staticflickr.com/3/2552/3812608952_d88a80ca50_o.jpg,https://www.flickr.com/photos/atelier_flir/3812608952,https://creativecommons.org/licenses/by/2.0/,https://www.flickr.com/people/atelier_flir/,Timothy Brown,"St Helena Island, SC",858110,/sxpjgndwXLZsNd+y2pTUw==,https://c3.staticflickr.com/3/2552/3812608952_a7425deb2c_z.jpg,,open_images_v7,REAL,True,accepted_negative,1,True,license_plate,0
5f840f3aee6844be,test,heavy_equipment_candidate,Truck,test,https://c7.staticflickr.com/1/92/237975072_86a28da66d_o.jpg,https://www.flickr.com/photos/smoo/237975072,https://creativecommons.org/licenses/by/2.0/,https://www.flickr.com/people/smoo/,Smoobs,Hippy Crack :o),188528,zyRch88udrCfLoZEanX2gg==,https://c5.staticflickr.com/1/92/237975072_86a28da66d_z.jpg?zz=1,0.0,open_images_v7,REAL,True,accepted_negative,1,True,license_plate,0
5fc1b05213e13e19,validation,road_gate_scene,Stop sign,validation,https://c2.staticflickr.com/9/8737/16861858899_85f62c052e_o.jpg,https://www.flickr.com/photos/notionscapital/16861858899,https://creativecommons.org/licenses/by/2.0/,https://www.flickr.com/people/notionscapital/,Mike Licht,Flat-Out Stop,5918208,eEHJ8GW9N5DSQHCfAs/xmg==,https://c5.staticflickr.com/9/8737/16861858899_91a1d25feb_z.jpg,0.0,open_images_v7,REAL,True,accepted_negative,1,True,license_plate,0
60a9d1a9e1013b1f,test,vehicle_no_visible_plate_candidate,Car,test,https://c8.staticflickr.com/5/4010/4587007008_7340a16c34_o.jpg,https://www.flickr.com/photos/48718277@N06/4587007008,https://creativecommons.org/licenses/by/2.0/,https://www.flickr.com/people/48718277@N06/,Collector Car Ads,1969 Lincoln Continental Mark III,16231,+p1tOUKuTvRTRZAEjgysRw==,,,open_images_v7,REAL,True,accepted_negative,1,True,license_plate,0
60ff2c943623994e,test,road_gate_scene,Stop sign;Traffic sign,test,https://c7.staticflickr.com/4/3813/12053041793_deee0c1421_o.jpg,https://www.flickr.com/photos/glenmazza/12053041793,https://creativecommons.org/licenses/by/2.0/,https://www.flickr.com/people/glenmazza/,Glen Mazza,Stop Sign (4-way),3431197,KTi2IPIuv3RFKXBwNMnwAA==,https://c5.staticflickr.com/4/3813/12053041793_773d8e91c1_z.jpg,0.0,open_images_v7,REAL,True,accepted_negative,1,True,license_plate,0
6100121f7039342a,test,road_gate_scene,Traffic light;Traffic sign,test,https://c3.staticflickr.com/4/3368/3521965484_2255389d24_o.jpg,https://www.flickr.com/photos/smoorenburg/3521965484,https://creativecommons.org/licenses/by/2.0/,https://www.flickr.com/people/smoorenburg/,Angie Garrett,It's Coming,2994487,+FyVlnoOyeboS5WeyH68gg==,https://c7.staticflickr.com/4/3368/3521965484_20d15df2ae_z.jpg,0.0,open_images_v7,REAL,True,accepted_negative,1,True,license_plate,0
6253532be47c296f,test,vehicle_no_visible_plate_candidate,Car,test,https://c8.staticflickr.com/1/49/183758771_6baa444fa4_o.jpg,https://www.flickr.com/photos/terwilliger911/183758771,https://creativecommons.org/licenses/by/2.0/,https://www.flickr.com/people/terwilliger911/,Jessie Pearl,Tigger,63745,sN2gAK2aEq2hIAw7UafgGA==,,,open_images_v7,REAL,True,accepted_negative,1,True,license_plate,0
626752afa781e8f7,test,people,Person,test,https://farm8.staticflickr.com/3167/2986318637_838bdd4c65_o.jpg,https://www.flickr.com/photos/28096801@N05/2986318637,https://creativecommons.org/licenses/by/2.0/,https://www.flickr.com/people/28096801@N05/,DieselDemon,Jet Blue,1924707,tqxFdDb+XdHO1tus6jijyA==,https://c6.staticflickr.com/4/3167/2986318637_2528b253d0_z.jpg,0.0,open_images_v7,REAL,True,accepted_negative,1,True,license_plate,0
626d5c61f5747a04,test,road_gate_scene,Stop sign,test,https://farm5.staticflickr.com/4129/5008207514_677dd67117_o.jpg,https://www.flickr.com/photos/54179960@N08/5008207514,https://creativecommons.org/licenses/by/2.0/,https://www.flickr.com/people/54179960@N08/,TimmyHamster,Stop,3647886,OQj5sLlmUoNo2CZNBkV8Zg==,https://c5.staticflickr.com/5/4129/5008207514_0d773d48ec_z.jpg,0.0,open_images_v7,REAL,True,accepted_negative,1,True,license_plate,0
627ae5929f890dd9,validation,heavy_equipment_candidate,Truck,validation,https://c2.staticflickr.com/6/5572/14358782558_e33509220b_o.jpg,https://www.flickr.com/photos/jimmy_macdonald/14358782558,https://creativecommons.org/licenses/by/2.0/,https://www.flickr.com/people/jimmy_macdonald/,James MacDonald,DSCF7004,2002855,lTPJlCC/ffNIK4RRwVLsag==,https://c6.staticflickr.com/6/5572/14358782558_4cddce0bff_z.jpg,0.0,open_images_v7,REAL,True,accepted_negative,1,True,license_plate,0
63c9711b469c9900,test,vehicle_no_visible_plate_candidate,Car,test,https://farm1.staticflickr.com/7022/6731950601_0b06b54528_o.jpg,https://www.flickr.com/photos/pandemia/6731950601,https://creativecommons.org/licenses/by/2.0/,https://www.flickr.com/people/pandemia/,Luca Conti,Hot weels,1832839,XKQ1j2IQKJ85E8lVTY82hA==,https://c7.staticflickr.com/8/7022/6731950601_ceb2d11059_z.jpg,0.0,open_images_v7,REAL,True,accepted_negative,1,True,license_plate,0
63cbeba5233632ad,test,road_gate_scene,Traffic light,test,https://c6.staticflickr.com/8/7047/6920334283_f5cbbfd485_o.jpg,https://www.flickr.com/photos/tigergirl/6920334283,https://creativecommons.org/licenses/by/2.0/,https://www.flickr.com/people/tigergirl/,Laura,NYC,115658,fvmnxUqAtOJ4Ocflnmd32g==,https://c4.staticflickr.com/8/7047/6920334283_b7f1c710b1_z.jpg,0.0,open_images_v7,REAL,True,accepted_negative,1,True,license_plate,0
64285e96f2931de6,test,vehicle_no_visible_plate_candidate,Car,test,https://farm7.staticflickr.com/6013/5989867152_a424f73a06_o.jpg,https://www.flickr.com/photos/calgaryreviews/5989867152,https://creativecommons.org/licenses/by/2.0/,https://www.flickr.com/people/calgaryreviews/,Calgary Reviews,Silver Grey Nissan GTR R35 on Drag Strip,1460467,FuSv+T0TCWsxCp1Wk+Rk3A==,https://c7.staticflickr.com/7/6013/5989867152_9ab9a78c05_z.jpg,0.0,open_images_v7,REAL,True,accepted_negative,2,True,license_plate,0
643996d130d3f85a,validation,heavy_equipment_candidate,Truck,validation,https://c3.staticflickr.com/9/8598/16414012241_4d536d033f_o.jpg,https://www.flickr.com/photos/fernando680411/16414012241,https://creativecommons.org/licenses/by/2.0/,https://www.flickr.com/people/fernando680411/,@ferchos04 II,Vehículo Táctico militar  Abir M-462 de la caballeria del Ejercito de Colombia,3831191,zCXUunJh9zbm/M3SMiafKA==,https://c7.staticflickr.com/9/8598/16414012241_540dabfb13_z.jpg,0.0,open_images_v7,REAL,True,accepted_negative,1,True,license_plate,0
644395d01b541528,validation,road_gate_scene,Traffic light;Traffic sign,validation,https://c1.staticflickr.com/5/4125/5026521433_84b3cb1f41_o.jpg,https://www.flickr.com/photos/pravin8/5026521433,https://creativecommons.org/licenses/by/2.0/,https://www.flickr.com/people/pravin8/,pravin.premkumar,IMG_3301,2509551,nXS0pRKl0nsToBeh9E4dIQ==,https://c8.staticflickr.com/5/4125/5026521433_6bcd404cb0_z.jpg,0.0,open_images_v7,REAL,True,accepted_negative,2,True,license_plate,0
64dba7d9f0012b6e,test,heavy_equipment_candidate,Truck,test,https://c7.staticflickr.com/5/4001/4530158438_05b1f3b412_o.jpg,https://www.flickr.com/photos/hugo90/4530158438,https://creativecommons.org/licenses/by/2.0/,https://www.flickr.com/people/hugo90/,JOHN LLOYD,Hoquiam City Hall,144725,Fupl6wapSTtZDRgJ0vtWGQ==,https://c8.staticflickr.com/5/4001/4530158438_6aa2b145f1_z.jpg?zz=1,0.0,open_images_v7,REAL,True,accepted_negative,1,True,license_plate,0
66ba2d21e81adf20,test,people,Girl;Person,test,https://farm1.staticflickr.com/2844/8993460828_4cef9b48cf_o.jpg,https://www.flickr.com/photos/husseinabdallah/8993460828,https://creativecommons.org/licenses/by/2.0/,https://www.flickr.com/people/husseinabdallah/,abdallahh,Festival du Grand Prix sur Crescent,3113165,dcXaLuzbOtLux9HEPbxKnw==,https://c8.staticflickr.com/3/2844/8993460828_2acecac3c6_z.jpg,0.0,open_images_v7,REAL,True,accepted_negative,1,True,license_plate,0
66ceee0747aff0d7,test,heavy_equipment_candidate,Truck,test,https://farm8.staticflickr.com/2331/2457354169_69c2efa1be_o.jpg,https://www.flickr.com/photos/racinginstructor/2457354169,https://creativecommons.org/licenses/by/2.0/,https://www.flickr.com/people/racinginstructor/,racinginstructor,Lamborghini Gallardo Superleggera,936480,XMrv+IKhqn8qa05D5AbM/A==,https://c1.staticflickr.com/3/2331/2457354169_8a8df066cf_z.jpg,0.0,open_images_v7,REAL,True,accepted_negative,1,True,license_plate,0
679c30c5dee188a3,validation,vehicle_no_visible_plate_candidate,Car,validation,https://farm4.staticflickr.com/1249/1050982544_18fa6eae08_o.jpg,https://www.flickr.com/photos/mikecogh/1050982544,https://creativecommons.org/licenses/by/2.0/,https://www.flickr.com/people/mikecogh/,Michael Coghlan,Old Morris,109630,SYjr69qNFHu3i11St/zIiQ==,https://c5.staticflickr.com/2/1249/1050982544_d09c51e3cb_z.jpg?zz=1,0.0,open_images_v7,REAL,True,accepted_negative,1,True,license_plate,0
6811f8285b18bc64,test,road_gate_scene,Traffic light,test,https://farm5.staticflickr.com/7497/16311147631_358178f65c_o.jpg,https://www.flickr.com/photos/am_8/16311147631,https://creativecommons.org/licenses/by/2.0/,https://www.flickr.com/people/am_8/,Andrew Melnychuk,IMG_0093,2794532,Ms8kPN7YBKSR+XyLxfx0Lg==,https://c2.staticflickr.com/8/7497/16311147631_6e79c33a90_z.jpg,,open_images_v7,REAL,True,accepted_negative,1,True,license_plate,0
6878ee39b36f966b,test,people,Man,test,https://c4.staticflickr.com/9/8695/17337837522_8308ff59fa_o.jpg,https://www.flickr.com/photos/babytoboomer/17337837522,https://creativecommons.org/licenses/by/2.0/,https://www.flickr.com/people/babytoboomer/,Connie Ott,Classy Chassis Parade and Show 2015 - 109,252688,RNbYT2dwTT9FKrTTIoyW5g==,https://c4.staticflickr.com/9/8695/17337837522_4931196fa1_z.jpg,0.0,open_images_v7,REAL,True,accepted_negative,1,True,license_plate,0
69353fa7657ff1e6,test,road_gate_scene,Traffic sign,test,https://farm7.staticflickr.com/5254/5459187361_1cf8951cbe_o.jpg,https://www.flickr.com/photos/cold_iron/5459187361,https://creativecommons.org/licenses/by/2.0/,https://www.flickr.com/people/cold_iron/,David Coldiron,COLD IRON Orange Diamond,52002,cct+zm1Sz+j+pe/8rVhLcg==,,,open_images_v7,REAL,True,accepted_negative,1,True,license_plate,0
6a0ddf0032b0add5,validation,vehicle_no_visible_plate_candidate,Car,validation,https://farm6.staticflickr.com/5469/17217376531_1a56e628c0_o.jpg,https://www.flickr.com/photos/papa-leguas/17217376531,https://creativecommons.org/licenses/by/2.0/,https://www.flickr.com/people/papa-leguas/,RSdBarros,Gallardo SE,2047958,ChfTqHrnpr/8u78OmV8+nw==,https://c4.staticflickr.com/6/5469/17217376531_6045ebe23b_z.jpg,0.0,open_images_v7,REAL,True,accepted_negative,1,True,license_plate,0
6a45a745afb68f73,test,road_gate_scene,Traffic sign,test,https://farm4.staticflickr.com/7447/10275092676_7dfb5592ed_o.jpg,https://www.flickr.com/photos/smartsignbrooklyn/10275092676,https://creativecommons.org/licenses/by/2.0/,https://www.flickr.com/people/smartsignbrooklyn/,SmartSign,Traffic signs,413324,8vPonlz9R8RblTXEgzSg4g==,https://c7.staticflickr.com/8/7447/10275092676_43fa340126_z.jpg,0.0,open_images_v7,REAL,True,accepted_negative,1,True,license_plate,0
6b1863bfc699f208,test,people,Person,test,https://c1.staticflickr.com/1/145/383292342_05c2c8ed99_o.jpg,https://www.flickr.com/photos/adamj4282/383292342,https://creativecommons.org/licenses/by/2.0/,https://www.flickr.com/people/adamj4282/,Adam Jakubiak,Untitled,168135,DpX1C/Wrm51as7SS4z0mlw==,https://c2.staticflickr.com/1/145/383292342_05c2c8ed99_z.jpg?zz=1,0.0,open_images_v7,REAL,True,accepted_negative,1,True,license_plate,0
6d06263c728e39ef,test,vehicle_no_visible_plate_candidate,Car,test,https://c8.staticflickr.com/6/5454/9006061939_a725d79eb7_o.jpg,https://www.flickr.com/photos/senad-63/9006061939,https://creativecommons.org/licenses/by/2.0/,https://www.flickr.com/people/senad-63/,Senad_D,P1020679,1115773,fxBTN/GLPh5Ui85hbzigDQ==,https://c6.staticflickr.com/6/5454/9006061939_0a9e41db91_z.jpg,0.0,open_images_v7,REAL,True,accepted_negative,1,True,license_plate,0
6d5fde451e137282,test,heavy_equipment_candidate,Truck,test,https://farm3.staticflickr.com/2841/9838231743_251d615801_o.jpg,https://www.flickr.com/photos/39090590@N02/9838231743,https://creativecommons.org/licenses/by/2.0/,https://www.flickr.com/people/39090590@N02/,Cyril Fluck,Snowball Express,211418,y5nFSSOLGSPuHISDBgpTXQ==,https://c7.staticflickr.com/3/2841/9838231743_7e2cf0ddc0_z.jpg,0.0,open_images_v7,REAL,True,accepted_negative,1,True,license_plate,0
6e92f404fbc31d24,test,barrier_background,Window,test,https://farm5.staticflickr.com/1010/4551960096_d31c2dfce4_o.jpg,https://www.flickr.com/photos/davidlocke/4551960096,https://creativecommons.org/licenses/by/2.0/,https://www.flickr.com/people/davidlocke/,David Locke,elsecar 2010 058,1991836,Xpu4QybJzzHSSKN+9GEqJg==,https://c4.staticflickr.com/2/1010/4551960096_baabecd72f_z.jpg,0.0,open_images_v7,REAL,True,accepted_negative,1,True,license_plate,0
6e979625b4a31dfe,test,heavy_equipment_candidate,Truck,test,https://c7.staticflickr.com/1/122/258054176_d6b480ac3d_o.jpg,https://www.flickr.com/photos/pinkmoose/258054176,https://creativecommons.org/licenses/by/2.0/,https://www.flickr.com/people/pinkmoose/,Anthony Easton,101_0518.JPG,57493,ew+rpD0PlQO274ghb81P4Q==,https://c4.staticflickr.com/1/122/258054176_d6b480ac3d_z.jpg?zz=1,0.0,open_images_v7,REAL,True,accepted_negative,1,True,license_plate,0
6ed94f5eca66a629,test,vehicle_no_visible_plate_candidate,Car,test,https://c2.staticflickr.com/9/8237/8501148016_e8f41436a5_o.jpg,https://www.flickr.com/photos/special-fx/8501148016,https://creativecommons.org/licenses/by/2.0/,https://www.flickr.com/people/special-fx/,Highway Patrol Images,Macquarie Fields 208 Falcon XR6Turbo,1893107,4RXZ2pidmVS7+CwJzn04KQ==,https://c5.staticflickr.com/9/8237/8501148016_23f3ca21ac_z.jpg,0.0,open_images_v7,REAL,True,accepted_negative,1,True,license_plate,0
6f199438a49f90eb,test,vehicle_no_visible_plate_candidate,Motorcycle,test,https://c4.staticflickr.com/6/5578/14244919293_eeeb7b797b_o.jpg,https://www.flickr.com/photos/bogen/14244919293/,https://creativecommons.org/licenses/by/2.0/,https://www.flickr.com/people/bogen/,bogenschlag,DSCF0354,3665684,VrYkwEXBSSvPCLqOSHINLQ==,https://c3.staticflickr.com/6/5578/14244919293_17edd168b2_z.jpg,0.0,open_images_v7,REAL,True,accepted_negative,2,True,license_plate,0
6f3e3b25d9b345c3,test,road_gate_scene,Traffic sign,test,https://farm4.staticflickr.com/6210/6145735937_08de433f5c_o.jpg,https://www.flickr.com/photos/wfryer/6145735937,https://creativecommons.org/licenses/by/2.0/,https://www.flickr.com/people/wfryer/,Wesley Fryer,IMG_7437,196991,SeedOvXA8IZpsV98O+Kcxg==,https://c5.staticflickr.com/7/6210/6145735937_11bc33e27f_z.jpg,0.0,open_images_v7,REAL,True,accepted_negative,1,True,license_plate,0
6ff662157e65a83f,test,heavy_equipment_candidate,Truck,test,https://c8.staticflickr.com/4/3122/2700158344_8281b7e0e6_o.jpg,https://www.flickr.com/photos/unbridledtransportation/2700158344,https://creativecommons.org/licenses/by/2.0/,https://www.flickr.com/people/unbridledtransportation/,Unbridled Transportation,Trailer,313925,tkYDzgK1lQdFNmbdVKjRHQ==,https://c7.staticflickr.com/4/3122/2700158344_83b50287d5_z.jpg?zz=1,0.0,open_images_v7,REAL,True,accepted_negative,1,True,license_plate,0
70414ba0fbd34cdc,test,heavy_equipment_candidate,Truck,test,https://c5.staticflickr.com/7/6147/6021548271_567d8ccf14_o.jpg,https://www.flickr.com/photos/401stafsb/6021548271,https://creativecommons.org/licenses/by/2.0/,https://www.flickr.com/people/401stafsb/,401st_AFSB,4-401st Soldiers remove broken down vehicles,3176542,NVg0Ku5qRBZRh3fHGbm4lw==,https://c2.staticflickr.com/7/6147/6021548271_6636cb0509_z.jpg,0.0,open_images_v7,REAL,True,accepted_negative,2,True,license_plate,0
71c3eb3687efa946,validation,road_gate_scene,Traffic light;Traffic sign,validation,https://farm7.staticflickr.com/4010/4341215320_ebeb8052eb_o.jpg,https://www.flickr.com/photos/jamesz_flickr/4341215320,https://creativecommons.org/licenses/by/2.0/,https://www.flickr.com/people/jamesz_flickr/,JamesZ_Flickr,IMG_0548,7483667,mB8gLUWVkCszw97J0OLt7w==,https://c8.staticflickr.com/5/4010/4341215320_10314a5133_z.jpg,0.0,open_images_v7,REAL,True,accepted_negative,1,True,license_plate,0
72ab355a890823b1,test,heavy_equipment_candidate,Truck,test,https://farm2.staticflickr.com/8726/16971220396_e446482fac_o.jpg,https://www.flickr.com/photos/brostad/16971220396,https://creativecommons.org/licenses/by/2.0/,https://www.flickr.com/people/brostad/,Bernt Rostad,Store Norske smoking bus,4375807,twWZivmguVtQvItMA+ETqQ==,https://c6.staticflickr.com/9/8726/16971220396_ffee55c463_z.jpg,0.0,open_images_v7,REAL,True,accepted_negative,1,True,license_plate,0
7324ebe4a27bd568,test,heavy_equipment_candidate,Truck,test,https://c1.staticflickr.com/4/3671/9024728235_6cb587a977_o.jpg,https://www.flickr.com/photos/76969036@N02/9024728235,https://creativecommons.org/licenses/by/2.0/,https://www.flickr.com/people/76969036@N02/,David Guo,Nissan_Titan_King_Cab_002,417524,cA0J/jNHBFzKcW0Zf5aU3w==,https://c6.staticflickr.com/4/3671/9024728235_5261a34692_z.jpg,0.0,open_images_v7,REAL,True,accepted_negative,2,True,license_plate,0
736697b6d0b9c7ff,test,vehicle_no_visible_plate_candidate,Car,test,https://c8.staticflickr.com/3/2939/13894784648_88b07c0fec_o.jpg,https://www.flickr.com/photos/paytonc/13894784648,https://creativecommons.org/licenses/by/2.0/,https://www.flickr.com/people/paytonc/,Payton Chung,tiny cement mixer,631025,kxa0AtM4ilQSDu5rnk6ULw==,https://c2.staticflickr.com/3/2939/13894784648_62266aeab9_z.jpg,0.0,open_images_v7,REAL,True,accepted_negative,1,True,license_plate,0
756500fe239f62af,test,heavy_equipment_candidate,Truck,test,https://c8.staticflickr.com/6/5566/14858754924_69ac3e306d_o.jpg,https://www.flickr.com/photos/hoggystyle/14858754924,https://creativecommons.org/licenses/by/2.0/,https://www.flickr.com/people/hoggystyle/,Bar-B-Cruise.com,NSRA Springfield 14 (209),200167,fB5aC64HEYnTURUMBaGzqg==,https://c6.staticflickr.com/6/5566/14858754924_9950945df6_z.jpg,0.0,open_images_v7,REAL,True,accepted_negative,1,True,license_plate,0
75bb48b37326f260,validation,people,Girl;Man;Person,validation,https://farm1.staticflickr.com/2619/3960752421_cf7ece2549_o.jpg,https://www.flickr.com/photos/snaks/3960752421,https://creativecommons.org/licenses/by/2.0/,https://www.flickr.com/people/snaks/,k.steudel,Elite Women,2948115,rlgfNdZySwHpsyKraHDsjw==,https://c3.staticflickr.com/3/2619/3960752421_4665f7a036_z.jpg,270.0,open_images_v7,REAL,True,accepted_negative,1,True,license_plate,0
75c1ad678e1348de,test,heavy_equipment_candidate,Truck,test,https://c7.staticflickr.com/8/7493/16088028417_a8a3782d93_o.jpg,https://www.flickr.com/photos/22738816@N07/16088028417,https://creativecommons.org/licenses/by/2.0/,https://www.flickr.com/people/22738816@N07/,Doug Coldwell,Pentwater 2004 October Fest 023,888803,DWp8YvZlNoJ/A+eRAdC7sQ==,https://c5.staticflickr.com/8/7493/16088028417_98ed02dd8e_z.jpg,0.0,open_images_v7,REAL,True,accepted_negative,1,True,license_plate,0
7607c938b6d5f873,validation,road_gate_scene,Stop sign,validation,https://farm4.staticflickr.com/3576/3338181218_bbb5500536_o.jpg,https://www.flickr.com/photos/nickhubbard/3338181218,https://creativecommons.org/licenses/by/2.0/,https://www.flickr.com/people/nickhubbard/,Nick Hubbard,Laos - ຢຸດ,7409734,7EdfKLMYXmVe3DKdWWMdQw==,https://c8.staticflickr.com/4/3576/3338181218_8c90e2c28f_z.jpg,0.0,open_images_v7,REAL,True,accepted_negative,1,True,license_plate,0
766731305d81c3a0,test,heavy_equipment_candidate,Truck,test,https://farm1.staticflickr.com/7437/9205400469_42cc0a3eea_o.jpg,https://www.flickr.com/photos/egevad/9205400469,https://creativecommons.org/licenses/by/2.0/,https://www.flickr.com/people/egevad/,per egevad,Ärtskördare,999015,q1Xse58cuCzBaQOa8ErRwQ==,https://c5.staticflickr.com/8/7437/9205400469_6efed3e6ae_z.jpg,0.0,open_images_v7,REAL,True,accepted_negative,1,True,license_plate,0
76d7d9a132c3c1d6,test,road_gate_scene,Stop sign;Traffic sign,test,https://farm7.staticflickr.com/8169/7953354962_861050781c_o.jpg,https://www.flickr.com/photos/kkendall/7953354962,https://creativecommons.org/licenses/by/2.0/,https://www.flickr.com/people/kkendall/,K. Kendall,Chicken fighting is culture?,124479,5AnjE+XRanhoaY7c2YHN4Q==,https://c6.staticflickr.com/9/8169/7953354962_05a97e96b9_z.jpg,0.0,open_images_v7,REAL,True,accepted_negative,1,True,license_plate,0
77868697d138c1af,validation,vehicle_no_visible_plate_candidate,Car,validation,https://c8.staticflickr.com/4/3358/3254063021_c3593eeec1_o.jpg,https://www.flickr.com/photos/35042283@N07/3254063021,https://creativecommons.org/licenses/by/2.0/,https://www.flickr.com/people/35042283@N07/,H G. Doles,"ATOP carrer aircraft, at hanger in Mojave CA. 1985",310537,zbCvWHqDt3AI6OtVz6oVnQ==,https://c7.staticflickr.com/4/3358/3254063021_5d29e16ab2_z.jpg,,open_images_v7,REAL,True,accepted_negative,1,True,license_plate,0
77bbdd2308cb2cad,test,road_gate_scene,Traffic sign,test,https://c6.staticflickr.com/8/7361/8719935808_dae9d39f4f_o.jpg,https://www.flickr.com/photos/urbanists/8719935808,https://creativecommons.org/licenses/by/2.0/,https://www.flickr.com/people/urbanists/,SPUR,1600 Market Street,10477362,onAj8trNMt8oC9UXJNRIcA==,https://c3.staticflickr.com/8/7361/8719935808_f600b4a805_z.jpg,0.0,open_images_v7,REAL,True,accepted_negative,2,True,license_plate,0
78066a4752bc11fe,test,road_gate_scene,Traffic light,test,https://c7.staticflickr.com/7/6002/5946821809_5f55548a96_o.jpg,https://www.flickr.com/photos/nubobo/5946821809,https://creativecommons.org/licenses/by/2.0/,https://www.flickr.com/people/nubobo/,nubobo,踏切,9277168,sy+sXhSY19OWAKrvBfnsmw==,https://c5.staticflickr.com/7/6002/5946821809_b5d088a2ac_z.jpg,0.0,open_images_v7,REAL,True,accepted_negative,1,True,license_plate,0
788841be9ea0933b,validation,vehicle_no_visible_plate_candidate,Car,validation,https://c4.staticflickr.com/4/3580/3397029774_db6c77bb2c_o.jpg,https://www.flickr.com/photos/nanpalmero/3397029774/,https://creativecommons.org/licenses/by/2.0/,https://www.flickr.com/people/nanpalmero/,Nan Palmero,Texas Mile Weekend,2260710,T8zpoWn0ya09grhjBGrdOA==,https://c3.staticflickr.com/4/3580/3397029774_a1cfa72320_z.jpg,0.0,open_images_v7,REAL,True,accepted_negative,1,True,license_plate,0
7888e4b9082b596b,validation,heavy_equipment_candidate,Truck,validation,https://c4.staticflickr.com/7/6178/6179764487_99744d58cd_o.jpg,https://www.flickr.com/photos/daveparker/6179764487,https://creativecommons.org/licenses/by/2.0/,https://www.flickr.com/people/daveparker/,Dave Parker,Johnny's Diner Car Show,777552,ytqv2smaYOFL2peB0qy+wQ==,https://c8.staticflickr.com/7/6178/6179764487_0e0b64be41_z.jpg,0.0,open_images_v7,REAL,True,accepted_negative,1,True,license_plate,0
79847a2870686886,test,road_gate_scene,Stop sign,test,https://farm7.staticflickr.com/7434/14141172791_bfaf37bec4_o.jpg,https://www.flickr.com/photos/11204000@N00/14141172791,https://creativecommons.org/licenses/by/2.0/,https://www.flickr.com/people/11204000@N00/,_The Real McCoy,DSC_3881,872775,/vBJLFnwepn+CzJpTbBsGg==,https://c8.staticflickr.com/8/7434/14141172791_90bd852eee_z.jpg,0.0,open_images_v7,REAL,True,accepted_negative,1,True,license_plate,0
798fad65adfa31e2,test,vehicle_no_visible_plate_candidate,Car,test,https://farm3.staticflickr.com/8383/8583924884_24373b63e0_o.jpg,https://www.flickr.com/photos/arrighi/8583924884,https://creativecommons.org/licenses/by/2.0/,https://www.flickr.com/people/arrighi/,Michael Arrighi,Carroll Shelby AC Cobra-(20121014-7809AdobeRGB).jpg,1003630,YJil4fEnYpL0g6TXbOwiDw==,https://c1.staticflickr.com/9/8383/8583924884_c8cdc77e0a_z.jpg,0.0,open_images_v7,REAL,True,accepted_negative,1,True,license_plate,0
7a70cee165246048,test,road_gate_scene,Traffic sign,test,https://c1.staticflickr.com/1/648/20875409138_03e9260793_o.jpg,https://www.flickr.com/photos/135892579@N02/20875409138,https://creativecommons.org/licenses/by/2.0/,https://www.flickr.com/people/135892579@N02/,ITRE Bicycle and Pedestrian Program,Bicycle Traffic Control Device for Shared Use Path Connection - Median Island,558478,gT/czBwgjZqGQFOX1vMDrQ==,https://c6.staticflickr.com/1/648/20875409138_eaa6a93db9_z.jpg,0.0,open_images_v7,REAL,True,accepted_negative,1,True,license_plate,0
7abc74b108634fef,test,vehicle_no_visible_plate_candidate,Car,test,https://c8.staticflickr.com/7/6008/6017337262_0548e8788e_o.jpg,https://www.flickr.com/photos/moto_club4ag/6017337262,https://creativecommons.org/licenses/by/2.0/,https://www.flickr.com/people/moto_club4ag/,Moto &quot;Club4AG&quot; Miwa,AE86NIGHTS-8-6-2011--35,1891077,xczY/418My3xwEiDjvKQVw==,https://c8.staticflickr.com/7/6008/6017337262_97544c6885_z.jpg,0.0,open_images_v7,REAL,True,accepted_negative,1,True,license_plate,0
7b010d3df34d9dc6,validation,barrier_background,Window,validation,https://farm7.staticflickr.com/2411/2539324110_57ff0442ff_o.jpg,https://www.flickr.com/photos/zerojay/2539324110,https://creativecommons.org/licenses/by/2.0/,https://www.flickr.com/people/zerojay/,Jason Carter,Doctor Douchebag,1466984,RZv3JZueib2xvfXYpgwLIA==,https://c5.staticflickr.com/3/2411/2539324110_f92888cbe0_z.jpg,0.0,open_images_v7,REAL,True,accepted_negative,1,True,license_plate,0
7be1413e39c5f7b6,test,heavy_equipment_candidate,Truck,test,https://farm7.staticflickr.com/2849/11962658884_b2c61d6c31_o.jpg,https://www.flickr.com/photos/114264438@N03/11962658884,https://creativecommons.org/licenses/by/2.0/,https://www.flickr.com/people/114264438@N03/,Chris F,2003 Toyota Tacoma Xtracab PreRunner V6 Supercharged,46820,2jdRGGt/IlIx88qofA1ESQ==,https://c3.staticflickr.com/3/2849/11962658884_e421fa010a_z.jpg,0.0,open_images_v7,REAL,True,accepted_negative,1,True,license_plate,0
7c70ba2c846cde71,test,heavy_equipment_candidate,Truck,test,https://farm2.staticflickr.com/5001/5296322265_2326685595_o.jpg,https://www.flickr.com/photos/jasonkelm/5296322265/,https://creativecommons.org/licenses/by/2.0/,https://www.flickr.com/people/jasonkelm/,Jasonk.,Untitled,3314887,cLsc4k13d89ylQZIieshyw==,https://c4.staticflickr.com/6/5001/5296322265_fa7e39438b_z.jpg,0.0,open_images_v7,REAL,True,accepted_negative,1,True,license_plate,0
7cf289913bae7ea0,validation,vehicle_no_visible_plate_candidate,Car,validation,https://farm1.staticflickr.com/42/86749422_d1ccd82734_o.jpg,https://www.flickr.com/photos/lmlienau/86749422,https://creativecommons.org/licenses/by/2.0/,https://www.flickr.com/people/lmlienau/,Global Reactions,Lamborghini,1622747,uVDDH2m85sn91h9aH9ozrg==,https://c3.staticflickr.com/1/42/86749422_d1ccd82734_z.jpg,0.0,open_images_v7,REAL,True,accepted_negative,1,True,license_plate,0
7de4d90206cb3554,test,road_gate_scene,Traffic light,test,https://farm5.staticflickr.com/3684/9379650499_f60c65496f_o.jpg,https://www.flickr.com/photos/benoit59/9379650499,https://creativecommons.org/licenses/by/2.0/,https://www.flickr.com/people/benoit59/,Benoit Brouillette,"boulevard Dorchester est,(boul René Levesque) 1966 Montréal.",249050,ToxqlWYfNujdx94KepVNSQ==,https://c5.staticflickr.com/4/3684/9379650499_b07172b7e3_z.jpg,,open_images_v7,REAL,True,accepted_negative,1,True,license_plate,0
7dfb655c98dbabb8,validation,heavy_equipment_candidate,Truck,validation,https://c1.staticflickr.com/4/3507/3456237757_c2b4405011_o.jpg,https://www.flickr.com/photos/clender/3456237757,https://creativecommons.org/licenses/by/2.0/,https://www.flickr.com/people/clender/,Carl Lender,Hard Rock Car Show,2899317,tGFAH/yzRSc/NJ/ufU8tPw==,https://c3.staticflickr.com/4/3507/3456237757_ed3570eb06_z.jpg,0.0,open_images_v7,REAL,True,accepted_negative,1,True,license_plate,0
7e053c66ad3bd97f,validation,vehicle_no_visible_plate_candidate,Car,validation,https://c8.staticflickr.com/8/7318/16332420797_6c02b2dc63_o.jpg,https://www.flickr.com/photos/stradablog/16332420797,https://creativecommons.org/licenses/by/2.0/,https://www.flickr.com/people/stradablog/,Tino Rossini,SAM_1582,248323,L+vo4kMvXWJnVOcPRtDCfA==,https://c1.staticflickr.com/8/7318/16332420797_02bf81c163_z.jpg,0.0,open_images_v7,REAL,True,accepted_negative,2,True,license_plate,0
7ebeee3412864b41,test,road_gate_scene,Traffic light;Traffic sign,test,https://farm2.staticflickr.com/224/444043260_72370b182d_o.jpg,https://www.flickr.com/photos/terwilliger911/444043260,https://creativecommons.org/licenses/by/2.0/,https://www.flickr.com/people/terwilliger911/,Jessie Pearl,3 tracks,27540,BGa5QzdQgrfD1V1cV8O6lQ==,,,open_images_v7,REAL,True,accepted_negative,1,True,license_plate,0
7f27492e450462f2,validation,road_gate_scene,Stop sign,validation,https://farm3.staticflickr.com/3174/2565301497_291df7aa0f_o.jpg,https://www.flickr.com/photos/dullhunk/2565301497,https://creativecommons.org/licenses/by/2.0/,https://www.flickr.com/people/dullhunk/,Duncan Hull,Stop Right Now...,628725,c4Uve0dl0nWf3pmtqeAXwg==,https://c5.staticflickr.com/4/3174/2565301497_282045884c_z.jpg,0.0,open_images_v7,REAL,True,accepted_negative,1,True,license_plate,0
7f6b58e38b918c75,test,vehicle_no_visible_plate_candidate,Car,test,https://farm6.staticflickr.com/5469/7402445964_14764db05c_o.jpg,https://www.flickr.com/photos/skipbarberracingschool/7402445964,https://creativecommons.org/licenses/by/2.0/,https://www.flickr.com/people/skipbarberracingschool/,Skip  Barber,Auto Trader (268),294169,s9HKOQ0IZpQTIRVwlRbZBA==,https://c4.staticflickr.com/6/5469/7402445964_fa0f25272d_z.jpg,0.0,open_images_v7,REAL,True,accepted_negative,1,True,license_plate,0
7fbd1ba4178cda7a,test,vehicle_no_visible_plate_candidate,Car,test,https://c3.staticflickr.com/5/4140/4883463410_c9a45dfdd5_o.jpg,https://www.flickr.com/photos/jojakeman/4883463410,https://creativecommons.org/licenses/by/2.0/,https://www.flickr.com/people/jojakeman/,Jo Jakeman,Delorean,5947448,rqtBFfYXa2QvxXlR7y5Z7A==,https://c3.staticflickr.com/5/4140/4883463410_404127af88_z.jpg,0.0,open_images_v7,REAL,True,accepted_negative,1,True,license_plate,0
7fe73ef2a66692b9,test,heavy_equipment_candidate,Truck,test,https://c2.staticflickr.com/5/4081/4919326269_844c906ef9_o.jpg,https://www.flickr.com/photos/jcapaldi/4919326269,https://creativecommons.org/licenses/by/2.0/,https://www.flickr.com/people/jcapaldi/,"Jim, the Photographer",Tony's Produce - Wildwood Crest,3386525,mVUQ4pHh+xzIprbaXjloXQ==,https://c1.staticflickr.com/5/4081/4919326269_35d9222ea7_z.jpg,,open_images_v7,REAL,True,accepted_negative,1,True,license_plate,0
8043c740a9af8fcf,test,heavy_equipment_candidate,Truck,test,https://c8.staticflickr.com/3/2928/13986282427_bbd5054268_o.jpg,https://www.flickr.com/photos/sarvodaya/13986282427,https://creativecommons.org/licenses/by/2.0/,https://www.flickr.com/people/sarvodaya/,Sarvodaya Shramadana Movement,DSC_1474,2337862,IOySpnfZ8wh8DTSQM71gig==,https://c8.staticflickr.com/3/2928/13986282427_ffa730b4b9_z.jpg,0.0,open_images_v7,REAL,True,accepted_negative,1,True,license_plate,0
806280b1985dd9c5,test,heavy_equipment_candidate,Truck,test,https://farm6.staticflickr.com/2828/9346317144_ecf6e900ce_o.jpg,https://www.flickr.com/photos/greggjerdingen/9346317144,https://creativecommons.org/licenses/by/2.0/,https://www.flickr.com/people/greggjerdingen/,Greg Gjerdingen,85 Mecedes 500 SEC,7045120,speBUaZuZgslWQFbO0Zlsg==,https://c6.staticflickr.com/3/2828/9346317144_9670849aaf_z.jpg,0.0,open_images_v7,REAL,True,accepted_negative,2,True,license_plate,0
80b9ccbadaafa7f0,test,vehicle_no_visible_plate_candidate,Car,test,https://farm1.staticflickr.com/8201/8232018176_94e451c3f6_o.jpg,https://www.flickr.com/photos/vijay_chennupati/8232018176,https://creativecommons.org/licenses/by/2.0/,https://www.flickr.com/people/vijay_chennupati/,vijay chennupati,Untitled,2437323,KUD54T1BibCNTamDBqtHVA==,https://c2.staticflickr.com/9/8201/8232018176_8cf3b10c67_z.jpg,0.0,open_images_v7,REAL,True,accepted_negative,1,True,license_plate,0
81d2f0f9de8e77af,test,vehicle_no_visible_plate_candidate,Car,test,https://c8.staticflickr.com/8/7391/13230572705_6d355da2b5_o.jpg,https://www.flickr.com/photos/eduparise/13230572705,https://creativecommons.org/licenses/by/2.0/,https://www.flickr.com/people/eduparise/,Eduardo Parise,Porsche 919,624220,nd5Gy+RSju7YPnsRNEmFhQ==,https://c3.staticflickr.com/8/7391/13230572705_1e99c2a744_z.jpg,0.0,open_images_v7,REAL,True,accepted_negative,1,True,license_plate,0
81da569b065335f6,test,road_gate_scene,Traffic sign,test,https://farm7.staticflickr.com/1/622050_93ec3aa69f_o.jpg,https://www.flickr.com/photos/rka/622050,https://creativecommons.org/licenses/by/2.0/,https://www.flickr.com/people/rka/,Rudolf Ammann,Route 23,84120,ZjLQdxSl2+5rsDSWHYB9rQ==,,,open_images_v7,REAL,True,accepted_negative,1,True,license_plate,0
81fba9e6506007f2,test,heavy_equipment_candidate,Truck,test,https://farm3.staticflickr.com/1050/1153282289_3c72671c3e_o.jpg,https://www.flickr.com/photos/emeryjl/1153282289,https://creativecommons.org/licenses/by/2.0/,https://www.flickr.com/people/emeryjl/,James Emery,Chevrolet 6400 fire truck_2889,5154547,ij7LUJFRNXlTpU379dGLaQ==,https://c7.staticflickr.com/2/1050/1153282289_a74166fc91_z.jpg,0.0,open_images_v7,REAL,True,accepted_negative,1,True,license_plate,0
821f75f1f4061c79,test,road_gate_scene,Traffic light;Traffic sign,test,https://c2.staticflickr.com/4/3307/4589401811_b35b07d69c_o.jpg,https://www.flickr.com/photos/josephleenovak/4589401811,https://creativecommons.org/licenses/by/2.0/,https://www.flickr.com/people/josephleenovak/,Joseph Novak,Watch out for trains,123815,mVTBUmNO0FyqXRyvKMPCXg==,https://c4.staticflickr.com/4/3307/4589401811_db815ee43a_z.jpg,0.0,open_images_v7,REAL,True,accepted_negative,1,True,license_plate,0
82a0ab83810f3ebf,test,barrier_background,Building,test,https://c8.staticflickr.com/6/5492/9171947665_501b4940c3_o.jpg,https://www.flickr.com/photos/newtown_grafitti/9171947665,https://creativecommons.org/licenses/by/2.0/,https://www.flickr.com/people/newtown_grafitti/,Newtown grafitti,"Goodbye Monorail, VIII",543453,89Bbo2v2un9dwNFRkO4rWg==,https://c7.staticflickr.com/6/5492/9171947665_4d3b3b56ab_z.jpg,,open_images_v7,REAL,True,accepted_negative,1,True,license_plate,0
836fa14b9a909258,test,road_gate_scene,Traffic sign,test,https://c1.staticflickr.com/2/1288/1229045953_ea40f7d796_o.jpg,https://www.flickr.com/photos/onefromrome/1229045953,https://creativecommons.org/licenses/by/2.0/,https://www.flickr.com/people/onefromrome/,Enrico,Estonia - Run from pedophiles,1798989,eEmH3IU9nfvnC/duo8aWYA==,https://c4.staticflickr.com/2/1288/1229045953_f364e6f45a_z.jpg,0.0,open_images_v7,REAL,True,accepted_negative,1,True,license_plate,0
8406354c09070f9b,test,road_gate_scene,Stop sign,test,https://c4.staticflickr.com/9/8385/8652553115_4b0197b7de_o.jpg,https://www.flickr.com/photos/nesri/8652553115,https://creativecommons.org/licenses/by/2.0/,https://www.flickr.com/people/nesri/,NESRI,Stop Don't Shoot 2,149950,LWwa5tiu2WC/FLSefsRKxA==,https://c4.staticflickr.com/9/8385/8652553115_0b6597d3fe_z.jpg,0.0,open_images_v7,REAL,True,accepted_negative,1,True,license_plate,0
845336059e2c106e,validation,heavy_equipment_candidate,Truck,validation,https://c7.staticflickr.com/4/3096/3417359942_32cdb50148_o.jpg,https://www.flickr.com/photos/minorissues/3417359942,https://creativecommons.org/licenses/by/2.0/,https://www.flickr.com/people/minorissues/,Steven Verbruggen,Only in Amerika,255710,uz5eCD261F7xYlmACr+7Sw==,https://c7.staticflickr.com/4/3096/3417359942_84f24717b5_z.jpg?zz=1,0.0,open_images_v7,REAL,True,accepted_negative,1,True,license_plate,0
858c5f7849432243,validation,road_gate_scene,Stop sign,validation,https://farm4.staticflickr.com/3228/3023175200_00546922a5_o.jpg,https://www.flickr.com/photos/hopemoore/3023175200,https://creativecommons.org/licenses/by/2.0/,https://www.flickr.com/people/hopemoore/,Hope Moore,Signs of the Season,351532,baXmsbrzbVD++Bptlm5hOw==,,,open_images_v7,REAL,True,accepted_negative,1,True,license_plate,0
865d32b7844ca577,test,barrier_background,Building,test,https://farm8.staticflickr.com/1/1044827_48db349434_o.jpg,https://www.flickr.com/photos/preetamrai/1044827/,https://creativecommons.org/licenses/by/2.0/,https://www.flickr.com/people/preetamrai/,Yosomono,sing_air,52881,HpObV87RT1mJPm4sRM5cUw==,,,open_images_v7,REAL,True,accepted_negative,1,True,license_plate,0
879a0a81ddbd18e8,test,vehicle_no_visible_plate_candidate,Truck,test,https://c1.staticflickr.com/1/256/20198045768_84af3b59b3_o.jpg,https://www.flickr.com/photos/magnus_jo/20198045768,https://creativecommons.org/licenses/by/2.0/,https://www.flickr.com/people/magnus_jo/,Magnus Johansson,P1040792,6880768,5Pk1uTvDWDf+3YjJnskyEA==,https://c8.staticflickr.com/1/256/20198045768_8cf5127eed_z.jpg,0.0,open_images_v7,REAL,True,accepted_negative,1,True,license_plate,0
884c3d4ac73cf084,test,vehicle_no_visible_plate_candidate,Car;Truck,test,https://farm5.staticflickr.com/2417/1544202452_a01494a768_o.jpg,https://www.flickr.com/photos/exfordy/1544202452,https://creativecommons.org/licenses/by/2.0/,https://www.flickr.com/people/exfordy/,Brian Snelson,Goodwood Breakfast Club - Dodge Ram SRT-10,2927468,Cmcepha4IgwlqG0f0Ap4Ow==,https://c1.staticflickr.com/3/2417/1544202452_ab83b55fb7_z.jpg,0.0,open_images_v7,REAL,True,accepted_negative,1,True,license_plate,0
89384080e01eb253,test,vehicle_no_visible_plate_candidate,Car,test,https://farm4.staticflickr.com/6160/6190406508_410d5e6c09_o.jpg,https://www.flickr.com/photos/bombaglot/6190406508,https://creativecommons.org/licenses/by/2.0/,https://www.flickr.com/people/bombaglot/,Alexey Vinokurov,BMW Vorsteiner,442859,97fQc8rUg7qUKLysBLlAwQ==,https://c2.staticflickr.com/7/6160/6190406508_71860a8995_z.jpg,0.0,open_images_v7,REAL,True,accepted_negative,2,True,license_plate,0
8a4d2b575e950cf3,test,vehicle_no_visible_plate_candidate,Car,test,https://farm4.staticflickr.com/7273/7507553744_e54de23f62_o.jpg,https://www.flickr.com/photos/tjgfernandes/7507553744,https://creativecommons.org/licenses/by/2.0/,https://www.flickr.com/people/tjgfernandes/,Tiago J. G. Fernandes,BMW Z4 GT1,5227485,QM04Sw455bnJsGHEoHWUfA==,https://c1.staticflickr.com/8/7273/7507553744_5eebbf1170_z.jpg,0.0,open_images_v7,REAL,True,accepted_negative,1,True,license_plate,0
8af3a080aaccd9d3,test,vehicle_no_visible_plate_candidate,Car,test,https://farm4.staticflickr.com/3355/3331869347_5865034eb0_o.jpg,https://www.flickr.com/photos/plushev/3331869347,https://creativecommons.org/licenses/by/2.0/,https://www.flickr.com/people/plushev/,Alexander Plushev,FiorovantiF1-38,1460680,h8NJxTNWsmKSHT0HXw35VA==,https://c4.staticflickr.com/4/3355/3331869347_b5c3d107ee_z.jpg,0.0,open_images_v7,REAL,True,accepted_negative,1,True,license_plate,0
8bacfb342209bd57,test,vehicle_no_visible_plate_candidate,Car,test,https://farm8.staticflickr.com/3913/14969853680_f4acc40bfa_o.jpg,https://www.flickr.com/photos/jeepersmedia/14969853680,https://creativecommons.org/licenses/by/2.0/,https://www.flickr.com/people/jeepersmedia/,Mike Mozart,Cox Cable Car,1706422,omwjpGD4VAU11qL0LasGsw==,https://c1.staticflickr.com/4/3913/14969853680_f66c9ccd77_z.jpg,0.0,open_images_v7,REAL,True,accepted_negative,1,True,license_plate,0
8bba4c4b9f6f8cca,test,road_gate_scene,Stop sign,test,https://c3.staticflickr.com/2/1354/1258552833_11d54eb98c_o.jpg,https://www.flickr.com/photos/wakajawaka/1258552833,https://creativecommons.org/licenses/by/2.0/,https://www.flickr.com/people/wakajawaka/,Steve Garry,Stop,3875612,gDf1M3qLhm7WMrYu9ctFQw==,https://c1.staticflickr.com/2/1354/1258552833_973d3bced1_z.jpg,0.0,open_images_v7,REAL,True,accepted_negative,1,True,license_plate,0
8c03be524343eebe,test,vehicle_no_visible_plate_candidate,Car,test,https://c7.staticflickr.com/4/3218/2843813298_6265b1332d_o.jpg,https://www.flickr.com/photos/27620885@N02/2843813298,https://creativecommons.org/licenses/by/2.0/,https://www.flickr.com/people/27620885@N02/,SOCIALisBETTER,Alfa Romeo 2006 8C Spider @ Villa Este (19),75425,lICV9dDPadieAeSdgIYfPQ==,,,open_images_v7,REAL,True,accepted_negative,1,True,license_plate,0
8d1e53413cd9c13f,validation,road_gate_scene,Traffic light;Traffic sign,validation,https://c8.staticflickr.com/7/6166/6173663323_1de5790d75_o.jpg,https://www.flickr.com/photos/taymazvalley/6173663323,https://creativecommons.org/licenses/by/2.0/,https://www.flickr.com/people/taymazvalley/,Taymaz Valley,2'S,1092172,nRpdeFg/5oI8QswfQbMiJA==,https://c6.staticflickr.com/7/6166/6173663323_23eaff0a44_z.jpg,0.0,open_images_v7,REAL,True,accepted_negative,1,True,license_plate,0
8d73119de5779d44,test,vehicle_no_visible_plate_candidate,Car;Truck,test,https://farm5.staticflickr.com/3903/15057669746_cbc39f2d60_o.jpg,https://www.flickr.com/photos/91807507@N03/15057669746,https://creativecommons.org/licenses/by/2.0/,https://www.flickr.com/people/91807507@N03/,GPS 56,1955 GMC,3188074,BxioMYpZTjy9cqJv8Zw8qg==,https://c5.staticflickr.com/4/3903/15057669746_7a963b288c_z.jpg,0.0,open_images_v7,REAL,True,accepted_negative,1,True,license_plate,0
8d7c325cc3ccac86,test,vehicle_no_visible_plate_candidate,Car,test,https://farm7.staticflickr.com/2063/2165999306_9ea518a1cf_o.jpg,https://www.flickr.com/photos/moe/2165999306/,https://creativecommons.org/licenses/by/2.0/,https://www.flickr.com/people/moe/,Stephan Mosel,Seranomobil,1719405,a+CEUgZZnUdC5qbZlrYwzw==,https://c8.staticflickr.com/3/2063/2165999306_a32c30c4c1_z.jpg,0.0,open_images_v7,REAL,True,accepted_negative,1,True,license_plate,0
8df8d4edab0bd9fa,test,road_gate_scene,Traffic light;Traffic sign,test,https://c3.staticflickr.com/8/7459/9759462804_a2f17ac4cf_o.jpg,https://www.flickr.com/photos/66321334@N00/9759462804,https://creativecommons.org/licenses/by/2.0/,https://www.flickr.com/people/66321334@N00/,DavideGorla,"Traffic lights, Nara",9774654,W19A1y0fzFUgNDNKnb12Dw==,https://c4.staticflickr.com/8/7459/9759462804_cbbb9828d7_z.jpg,,open_images_v7,REAL,True,accepted_negative,1,True,license_plate,0
8e20069666895a06,validation,vehicle_no_visible_plate_candidate,Car,validation,https://farm7.staticflickr.com/2932/14323602824_da0aa937ed_o.jpg,https://www.flickr.com/photos/rodrigobethlem/14323602824,https://creativecommons.org/licenses/by/2.0/,https://www.flickr.com/people/rodrigobethlem/,Rodrigo Bethlem,01jun2014-inauguracao transcarioca03,86058,sYCsqBdQL3DUiUwbmGGTVQ==,https://c1.staticflickr.com/3/2932/14323602824_af19cfca6f_z.jpg,0.0,open_images_v7,REAL,True,accepted_negative,1,True,license_plate,0
8e530ad68fd86cfe,validation,heavy_equipment_candidate,Truck,validation,https://c7.staticflickr.com/1/34/72545435_2f16a97991_o.jpg,https://www.flickr.com/photos/fhashemi/72545435,https://creativecommons.org/licenses/by/2.0/,https://www.flickr.com/people/fhashemi/,Faramarz Hashemi,Yellow Snowplow,499248,OU1/xxMmvZcFMSL38Szlcg==,https://c2.staticflickr.com/1/34/72545435_2f16a97991_z.jpg?zz=1,,open_images_v7,REAL,True,accepted_negative,1,True,license_plate,0
90498794c116ac12,test,heavy_equipment_candidate,Truck,test,https://farm3.staticflickr.com/157/427495135_62e96b3f9d_o.jpg,https://www.flickr.com/photos/deltamike/427495135,https://creativecommons.org/licenses/by/2.0/,https://www.flickr.com/people/deltamike/,Mike Renlund,Ratchet SAR H2,2066429,ePrAA2ED9ORmGp7Bk84BzQ==,https://c8.staticflickr.com/1/157/427495135_50aba39e55_z.jpg,0.0,open_images_v7,REAL,True,accepted_negative,1,True,license_plate,0
90576c0143252086,validation,people,Person,validation,https://farm7.staticflickr.com/7116/6936869920_20b70926f0_o.jpg,https://www.flickr.com/photos/playamongfriends/6936869920/,https://creativecommons.org/licenses/by/2.0/,https://www.flickr.com/people/playamongfriends/,Play Among Friends Paf,IMG_8068,196188,ZWtI0WXs0yk3/F2T42p0hA==,https://c5.staticflickr.com/8/7116/6936869920_26b34bd164_z.jpg,0.0,open_images_v7,REAL,True,accepted_negative,1,True,license_plate,0
90c0a5d1369cfcdc,test,heavy_equipment_candidate,Truck,test,https://c5.staticflickr.com/1/2/1315222_97ed4b8be0_o.jpg,https://www.flickr.com/photos/rxreed/1315222,https://creativecommons.org/licenses/by/2.0/,https://www.flickr.com/people/rxreed/,+robert,truck4,17427,QEgfDArUDMgT4ItWfeVN+w==,https://c3.staticflickr.com/1/2/1315222_97ed4b8be0_z.jpg?zz=1,0.0,open_images_v7,REAL,True,accepted_negative,1,True,license_plate,0
90f90d8627de31fc,test,vehicle_no_visible_plate_candidate,Car,test,https://c5.staticflickr.com/6/5148/5877761196_80ae324cc8_o.jpg,https://www.flickr.com/photos/rusty_clark/5877761196,https://creativecommons.org/licenses/by/2.0/,https://www.flickr.com/people/rusty_clark/,Rusty Clark - On the Air M-F 8am-noon,Along the Mohawk Trail,447093,3WZTOfXY1cpHMNBP4b2vPw==,https://c5.staticflickr.com/6/5148/5877761196_c8f5358034_z.jpg,0.0,open_images_v7,REAL,True,accepted_negative,1,True,license_plate,0
91ad3a0723796298,test,vehicle_no_visible_plate_candidate,Car,test,https://c1.staticflickr.com/6/5205/5223232404_d95dd621ca_o.jpg,https://www.flickr.com/photos/randychiu/5223232404,https://creativecommons.org/licenses/by/2.0/,https://www.flickr.com/people/randychiu/,randychiu,Red car,648287,YRhPJeKt2SKoODxlom4o0Q==,https://c3.staticflickr.com/6/5205/5223232404_a8e21348de_z.jpg,0.0,open_images_v7,REAL,True,accepted_negative,1,True,license_plate,0
920aaeaa09e25d0c,validation,vehicle_no_visible_plate_candidate,Car,validation,https://c5.staticflickr.com/4/3863/15087571241_500dfd52ec_o.jpg,https://www.flickr.com/photos/gregorklar/15087571241,https://creativecommons.org/licenses/by/2.0/,https://www.flickr.com/people/gregorklar/,Gregor Klar,happy sunday! #asundaycarpic #karre #soloparking,189604,YkdKO1zciOd6WGQNqWHhMg==,https://c6.staticflickr.com/4/3863/15087571241_02c56eef62_z.jpg,0.0,open_images_v7,REAL,True,accepted_negative,1,True,license_plate,0
938ac8395eaba2f6,test,vehicle_no_visible_plate_candidate,Car,test,https://farm7.staticflickr.com/2694/4536824996_06564257bf_o.jpg,https://www.flickr.com/photos/daveseven/4536824996,https://creativecommons.org/licenses/by/2.0/,https://www.flickr.com/people/daveseven/,dave_7,1955 Ford Fairlane Crown Victoria,2477541,pYBa5hlcSH/eRcw7yxa4SA==,https://c6.staticflickr.com/3/2694/4536824996_8b0a0f07f1_z.jpg,0.0,open_images_v7,REAL,True,accepted_negative,1,True,license_plate,0
93a9473bddcbddba,test,vehicle_no_visible_plate_candidate,Car,test,https://c3.staticflickr.com/3/2487/3803962259_9413c7fd60_o.jpg,https://www.flickr.com/photos/conundrum525/3803962259,https://creativecommons.org/licenses/by/2.0/,https://www.flickr.com/people/conundrum525/,conundrum525,VON_3052,6277286,R3gBOOAhzzbng38QbY6TPw==,https://c2.staticflickr.com/3/2487/3803962259_e00c5f93c1_z.jpg,0.0,open_images_v7,REAL,True,accepted_negative,1,True,license_plate,0
93db63bb2dd881db,test,road_gate_scene,Traffic sign,test,https://c4.staticflickr.com/3/2458/3868754732_fa2b228413_o.jpg,https://www.flickr.com/photos/grenade/3868754732,https://creativecommons.org/licenses/by/2.0/,https://www.flickr.com/people/grenade/,kenji ross,dike access road,3261971,GyK5E+BXFhUVGuGVYiw7Lg==,https://c8.staticflickr.com/3/2458/3868754732_b0c8ae5e8a_z.jpg,0.0,open_images_v7,REAL,True,accepted_negative,2,True,license_plate,0
942a1cfe25d3f45f,test,barrier_background,Building,test,https://c8.staticflickr.com/6/5697/20179666893_1fc464b3b5_o.jpg,https://www.flickr.com/photos/jamieca/20179666893,https://creativecommons.org/licenses/by/2.0/,https://www.flickr.com/people/jamieca/,jamieca,Sea plane #lakeunion #Seattle,99607,uWY0P1+fjlQXEohHk5bFUw==,https://c6.staticflickr.com/6/5697/20179666893_6cca9deb25_z.jpg,0.0,open_images_v7,REAL,True,accepted_negative,1,True,license_plate,0
94358d7676f57516,test,road_gate_scene,Traffic sign,test,https://farm7.staticflickr.com/92/248144000_0d3f633f41_o.jpg,https://www.flickr.com/photos/zoonabar/248144000,https://creativecommons.org/licenses/by/2.0/,https://www.flickr.com/people/zoonabar/,Chris Brown,Metro,3095762,kAXZB3BBsEVz6D5MyN5Gcg==,https://c7.staticflickr.com/1/92/248144000_0d3f633f41_z.jpg,0.0,open_images_v7,REAL,True,accepted_negative,1,True,license_plate,0
9534dcd470194472,test,road_gate_scene,Traffic light,test,https://farm3.staticflickr.com/62/201655452_f4614c78f5_o.jpg,https://www.flickr.com/photos/derfokel/201655452,https://creativecommons.org/licenses/by/2.0/,https://www.flickr.com/people/derfokel/,Bon Adrien,shanghai crossroad,3841698,yQhKRiaWoSsiBaZhJHJoYw==,https://c4.staticflickr.com/1/62/201655452_f4614c78f5_z.jpg,0.0,open_images_v7,REAL,True,accepted_negative,1,True,license_plate,0
964ad82bf7ed1313,test,people,Person,test,https://farm4.staticflickr.com/3855/15165196475_e08ba78e20_o.jpg,https://www.flickr.com/photos/italiamotori/15165196475,https://creativecommons.org/licenses/by/2.0/,https://www.flickr.com/people/italiamotori/,Motori Italia,"Jerez: Baz agguanta la superpole, secondo Giugliano",42596,Iw4QfJOoZjV+7c3AIzVzfA==,https://c8.staticflickr.com/4/3855/15165196475_94ccc06d96_z.jpg,,open_images_v7,REAL,True,accepted_negative,1,True,license_plate,0
96b9ed5a3a9ba21e,validation,heavy_equipment_candidate,Truck,validation,https://c7.staticflickr.com/8/7273/7152800557_4023d97881_o.jpg,https://www.flickr.com/photos/dok1/7152800557,https://creativecommons.org/licenses/by/2.0/,https://www.flickr.com/people/dok1/,Don O&#x27;Brien,1964 Chevrolet Pickup,441277,leKQ83/x6smL4wLjlS79cA==,https://c1.staticflickr.com/8/7273/7152800557_2b037fa9f1_z.jpg,0.0,open_images_v7,REAL,True,accepted_negative,2,True,license_plate,0
98af206642e8b4fd,test,road_gate_scene,Traffic sign,test,https://c6.staticflickr.com/2/1388/1204066809_69fbd40a28_o.jpg,https://www.flickr.com/photos/fofie57/1204066809,https://creativecommons.org/licenses/by/2.0/,https://www.flickr.com/people/fofie57/,Sophie,6h10 c'est l'heure du....?,1292483,m25KMk2Zi9zzlzVUK0PxXA==,https://c7.staticflickr.com/2/1388/1204066809_dc57592eca_z.jpg,0.0,open_images_v7,REAL,True,accepted_negative,1,True,license_plate,0
98d5640bd8b7ac4c,validation,heavy_equipment_candidate,Truck,validation,https://c5.staticflickr.com/4/3532/3952437210_6424079b36_o.jpg,https://www.flickr.com/photos/digitizedchaos/3952437210,https://creativecommons.org/licenses/by/2.0/,https://www.flickr.com/people/digitizedchaos/,Rian Castillo,2009 Hummer H3T,514325,z9j5K3k0L7v8M9lv6gLTjw==,https://c4.staticflickr.com/4/3532/3952437210_cfb8fa2e6c_z.jpg?zz=1,0.0,open_images_v7,REAL,True,accepted_negative,1,True,license_plate,0
98e7d9b479a3f62f,test,heavy_equipment_candidate,Truck,test,https://c8.staticflickr.com/9/8195/8432404560_799ab63ef5_o.jpg,https://www.flickr.com/photos/lwpkommunikacio/8432404560,https://creativecommons.org/licenses/by/2.0/,https://www.flickr.com/people/lwpkommunikacio/,Lwp Kommunikáció,Tortakirály,2928056,BsdlD09rTJGHJ8n3J2KwPw==,https://c6.staticflickr.com/9/8195/8432404560_91b6e44907_z.jpg,0.0,open_images_v7,REAL,True,accepted_negative,1,True,license_plate,0
99bf42b3a390542d,test,road_gate_scene,Traffic light,test,https://c6.staticflickr.com/6/5348/9602694836_d89b278353_o.jpg,https://www.flickr.com/photos/romanboed/9602694836,https://creativecommons.org/licenses/by/2.0/,https://www.flickr.com/people/romanboed/,Roman Boed,Google Drive,1935527,cmjCixSeNWyQtLUc7sM3IQ==,https://c5.staticflickr.com/6/5348/9602694836_465ee5d6aa_z.jpg,0.0,open_images_v7,REAL,True,accepted_negative,1,True,license_plate,0
9a54fedf74dbf0d0,validation,barrier_background,Window,validation,https://farm1.staticflickr.com/6171/6203330279_721fd7da14_o.jpg,https://www.flickr.com/photos/hisgett/6203330279,https://creativecommons.org/licenses/by/2.0/,https://www.flickr.com/people/hisgett/,Tony Hisgett,Porsche 365 black,7165847,XGyiAGxu/sxG2ctgCXkG9g==,https://c7.staticflickr.com/7/6171/6203330279_fe0e9f50ec_z.jpg,0.0,open_images_v7,REAL,True,accepted_negative,1,True,license_plate,0
9abeed7d14b78323,validation,heavy_equipment_candidate,Truck,validation,https://farm4.staticflickr.com/5492/9283008891_84484c0aac_o.jpg,https://www.flickr.com/photos/brettneilson/9283008891,https://creativecommons.org/licenses/by/2.0/,https://www.flickr.com/people/brettneilson/,Brett Neilson,Trailer People,3062309,h4Eno27dHf8qPDPlit01jQ==,https://c7.staticflickr.com/6/5492/9283008891_342f40612e_z.jpg,0.0,open_images_v7,REAL,True,accepted_negative,1,True,license_plate,0
9ad557de97d61e7d,test,heavy_equipment_candidate,Truck,test,https://c6.staticflickr.com/7/6119/6231764658_0eab97cc64_o.jpg,https://www.flickr.com/photos/jasonparis/6231764658,https://creativecommons.org/licenses/by/2.0/,https://www.flickr.com/people/jasonparis/,JasonParis,Seoul-Incheon Airport (ICN),3378186,2PYClX4Oqkeflu0Rgehz8g==,https://c4.staticflickr.com/7/6119/6231764658_0b6f74e29a_z.jpg,0.0,open_images_v7,REAL,True,accepted_negative,1,True,license_plate,0
9b3e0a2e56a3b19e,test,heavy_equipment_candidate,Truck,test,https://c7.staticflickr.com/7/6120/6321227226_d882242c2e_o.jpg,https://www.flickr.com/photos/tbisaacs/6321227226,https://creativecommons.org/licenses/by/2.0/,https://www.flickr.com/people/tbisaacs/,Travis Isaacs,SL666,5310521,ecEnucBe7atzqdyIfHQ6pw==,https://c4.staticflickr.com/7/6120/6321227226_d83261252b_z.jpg,0.0,open_images_v7,REAL,True,accepted_negative,2,True,license_plate,0
9b6ff79f08388b67,test,heavy_equipment_candidate,Truck,test,https://farm8.staticflickr.com/2209/2058828228_9a82af4956_o.jpg,https://www.flickr.com/photos/juggernautco/2058828228,https://creativecommons.org/licenses/by/2.0/,https://www.flickr.com/people/juggernautco/,Daniel X. O&#x27;Neil,Fluids,2749749,KOT7qbhbTnuPUswDAeAf0g==,https://c2.staticflickr.com/3/2209/2058828228_782e46d590_z.jpg,0.0,open_images_v7,REAL,True,accepted_negative,1,True,license_plate,0
9b714afb9309f86e,test,vehicle_no_visible_plate_candidate,Car,test,https://c7.staticflickr.com/5/4133/4984958559_5883a87b3e_o.jpg,https://www.flickr.com/photos/curtsm/4984958559,https://creativecommons.org/licenses/by/2.0/,https://www.flickr.com/people/curtsm/,Curt Smith,Austin Healey 100M,390677,lOpoCLqC3ZNdXWqopH9peA==,https://c8.staticflickr.com/5/4133/4984958559_ceaa6fd931_z.jpg,0.0,open_images_v7,REAL,True,accepted_negative,1,True,license_plate,0
9bd789e3ec78cd1d,validation,barrier_background,Window,validation,https://c6.staticflickr.com/7/6050/6232648264_67ce625322_o.jpg,https://www.flickr.com/photos/vivekjena/6232648264,https://creativecommons.org/licenses/by/2.0/,https://www.flickr.com/people/vivekjena/,vivek jena,BMW E92 M3,937910,31nMW3+xPv8ZMBbg6NqVYw==,https://c2.staticflickr.com/7/6050/6232648264_8cb675f6a5_z.jpg,0.0,open_images_v7,REAL,True,accepted_negative,1,True,license_plate,0
9c5ad5f3cc309ca2,test,road_gate_scene,Traffic sign,test,https://farm3.staticflickr.com/8312/8058338086_0f72b89d05_o.jpg,https://www.flickr.com/photos/bazardelbizzarro/8058338086,https://creativecommons.org/licenses/by/2.0/,https://www.flickr.com/people/bazardelbizzarro/,prof. Bizzarro,ex explosive atmosphere#ex atmosfera esplosiva#07263,3478421,TBMeO0ISApg/RQJ7oKb0wg==,https://c1.staticflickr.com/9/8312/8058338086_c0fea623f4_z.jpg,0.0,open_images_v7,REAL,True,accepted_negative,1,True,license_plate,0
9c6dd0ebf617ad0d,test,road_gate_scene,Traffic light,test,https://c6.staticflickr.com/1/167/381823606_e2af597c5c_o.jpg,https://www.flickr.com/photos/lordcolus/381823606,https://creativecommons.org/licenses/by/2.0/,https://www.flickr.com/people/lordcolus/,Lordcolus,Taichung_20070131-12,1475318,yURaQba0iNBTiA+5I6L8Nw==,https://c6.staticflickr.com/1/167/381823606_e2af597c5c_z.jpg,0.0,open_images_v7,REAL,True,accepted_negative,1,True,license_plate,0
9c7e9f0b7713352b,validation,road_gate_scene,Traffic light;Traffic sign,validation,https://c4.staticflickr.com/4/3216/2840891484_fb92be1b79_o.jpg,https://www.flickr.com/photos/mkumm/2840891484,https://creativecommons.org/licenses/by/2.0/,https://www.flickr.com/people/mkumm/,Michael Kumm,Misc Detroit,589272,3nNUUwkkBU8Uyy6ACzalyQ==,https://c4.staticflickr.com/4/3216/2840891484_d83693a64a_z.jpg,0.0,open_images_v7,REAL,True,accepted_negative,1,True,license_plate,0
9cd654ace535902c,test,road_gate_scene,Stop sign;Traffic sign,test,https://c5.staticflickr.com/4/3539/3662945409_d63e0bf084_o.jpg,https://www.flickr.com/photos/midgetbusdriver/3662945409,https://creativecommons.org/licenses/by/2.0/,https://www.flickr.com/people/midgetbusdriver/,Erica Reid,STOP Collaborate and Listen,230846,CoOyFW+U+/0ujnJAQfS2pQ==,https://c1.staticflickr.com/4/3539/3662945409_1aca357b51_z.jpg?zz=1,0.0,open_images_v7,REAL,True,accepted_negative,1,True,license_plate,0
9d0365e9929cae91,test,heavy_equipment_candidate,Truck,test,https://farm2.staticflickr.com/5486/10670776265_f84cca25ae_o.jpg,https://www.flickr.com/photos/assiscoite/10670776265,https://creativecommons.org/licenses/by/2.0/,https://www.flickr.com/people/assiscoite/,Prefeito Assis Coité,O novo caminhão-pipa de Conceição do Coité tem 12 mil litros de capacidade. A prefeitura não tinha nenhum.,119909,QIm3EWBSseQJMxZbyQMvEg==,https://c4.staticflickr.com/6/5486/10670776265_aae51d24e7_z.jpg,0.0,open_images_v7,REAL,True,accepted_negative,1,True,license_plate,0
9d73a254d53ebda2,validation,road_gate_scene,Stop sign,validation,https://farm3.staticflickr.com/7602/16362499733_e598bd1133_o.jpg,https://www.flickr.com/photos/rusty_clark/16362499733,https://creativecommons.org/licenses/by/2.0/,https://www.flickr.com/people/rusty_clark/,Rusty Clark - On the Air M-F 8am-noon,Who Shops at Target?,1817586,MJY5fmlh+NEHIdz1s27z1w==,https://c7.staticflickr.com/8/7602/16362499733_f8eb2e9125_z.jpg,0.0,open_images_v7,REAL,True,accepted_negative,1,True,license_plate,0
9de20de969b810b2,validation,heavy_equipment_candidate,Truck,validation,https://farm3.staticflickr.com/8057/8225430169_39127f4222_o.jpg,https://www.flickr.com/photos/slaunay/8225430169,https://creativecommons.org/licenses/by/2.0/,https://www.flickr.com/people/slaunay/,Sébastien Launay,Big Truck,1698079,4tFLJDwMVLJ3mhsZ8JgKJQ==,https://c2.staticflickr.com/9/8057/8225430169_02e3d2e13d_z.jpg,0.0,open_images_v7,REAL,True,accepted_negative,1,True,license_plate,0
9f85e9e398dd5d8f,test,vehicle_no_visible_plate_candidate,Car,test,https://c8.staticflickr.com/8/7144/6433810049_d838ffa4f3_o.jpg,https://www.flickr.com/photos/camerondmitchell/6433810049,https://creativecommons.org/licenses/by/2.0/,https://www.flickr.com/people/camerondmitchell/,Cameron Mitchell,IMG_6785,6678901,I++89I51UztGMWL5CVyZcw==,https://c7.staticflickr.com/8/7144/6433810049_6db9644c3b_z.jpg,,open_images_v7,REAL,True,accepted_negative,1,True,license_plate,0
a0766aebae64a7bf,validation,road_gate_scene,Stop sign,validation,https://c8.staticflickr.com/8/7538/16023846088_894145ca96_o.jpg,https://www.flickr.com/photos/100076711@N06/16023846088,https://creativecommons.org/licenses/by/2.0/,https://www.flickr.com/people/100076711@N06/,Trevor Mattea,IMG_5869,2571013,dgVhni97+fbapD0rHBMNYQ==,https://c4.staticflickr.com/8/7538/16023846088_70a36cf536_z.jpg,0.0,open_images_v7,REAL,True,accepted_negative,1,True,license_plate,0
a0c3db2ebd0c7e15,validation,people,Person,validation,https://farm6.staticflickr.com/6197/6041842075_408111ac21_o.jpg,https://www.flickr.com/photos/juggernautco/6041842075/,https://creativecommons.org/licenses/by/2.0/,https://www.flickr.com/people/juggernautco/,Daniel X. O&#x27;Neil,dupage-county-fair-july-31-5,11687805,7bwo+fcVigAHAl+ThCSdsw==,https://c6.staticflickr.com/7/6197/6041842075_fb8f7d0240_z.jpg,0.0,open_images_v7,REAL,True,accepted_negative,1,True,license_plate,0
a0ef8f5283977eff,test,road_gate_scene,Traffic sign,test,https://c8.staticflickr.com/1/190/511944155_bbce4f4914_o.jpg,https://www.flickr.com/photos/51114580@N00/511944155,https://creativecommons.org/licenses/by/2.0/,https://www.flickr.com/people/51114580@N00/,krytofr,Faut pas abuser !,83765,RPq9Z/U40Lz3hXDdbrtKFQ==,https://c3.staticflickr.com/1/190/511944155_90ec2398ea_z.jpg?zz=1,0.0,open_images_v7,REAL,True,accepted_negative,2,True,license_plate,0
a11e62e02f6292a1,test,vehicle_no_visible_plate_candidate,Car,test,https://farm2.staticflickr.com/5111/5874195968_2644f07af0_o.jpg,https://www.flickr.com/photos/climens/5874195968,https://creativecommons.org/licenses/by/2.0/,https://www.flickr.com/people/climens/,Marc Climent,Problem Schumi?,733132,9CCTNw2cW+Y6W1nHQztEWg==,https://c6.staticflickr.com/6/5111/5874195968_1bbbd3b7f7_z.jpg,0.0,open_images_v7,REAL,True,accepted_negative,1,True,license_plate,0
a2d69c09f6da7065,test,road_gate_scene,Traffic light,test,https://farm6.staticflickr.com/7532/15545928307_1da6ef7f1e_o.jpg,https://www.flickr.com/photos/blogchef/15545928307,https://creativecommons.org/licenses/by/2.0/,https://www.flickr.com/people/blogchef/,Urban Explorer Hamburg,Industrieromantik Wilhelmsburg,6634788,CWYRU1MVg0Ozo1mjDfu4YA==,https://c3.staticflickr.com/8/7532/15545928307_2b35f6997a_z.jpg,0.0,open_images_v7,REAL,True,accepted_negative,1,True,license_plate,0
a3348bfcc05061b5,test,road_gate_scene,Traffic sign,test,https://farm6.staticflickr.com/2714/4457459491_3f700b5db6_o.jpg,https://www.flickr.com/photos/lydiashiningbrightly/4457459491,https://creativecommons.org/licenses/by/2.0/,https://www.flickr.com/people/lydiashiningbrightly/,Lydia,Caution! Busy Road,4474986,y6DNHuwyTG71VIzHqWZyfw==,https://c3.staticflickr.com/3/2714/4457459491_1236998b20_z.jpg,0.0,open_images_v7,REAL,True,accepted_negative,1,True,license_plate,0
a54b6a2b530d74eb,test,heavy_equipment_candidate,Truck,test,https://c4.staticflickr.com/8/7214/6926683442_1ec7aeb6a1_o.jpg,https://www.flickr.com/photos/scottchene/6926683442,https://creativecommons.org/licenses/by/2.0/,https://www.flickr.com/people/scottchene/,TRF_Mr_Hyde,tire-fire,87056,gLkU18buybI2slQL2lXyLg==,,,open_images_v7,REAL,True,accepted_negative,2,True,license_plate,0
a56d8c168dbef605,test,heavy_equipment_candidate,Truck,test,https://farm6.staticflickr.com/8641/16484030150_4f6265f65d_o.jpg,https://www.flickr.com/photos/129244831@N06/16484030150,https://creativecommons.org/licenses/by/2.0/,https://www.flickr.com/people/129244831@N06/,kevin colvin,Gotta love old trucks.,171560,xIvBh+W/7mURIYPkt+aVHw==,https://c2.staticflickr.com/9/8641/16484030150_7d5dba72d7_z.jpg,0.0,open_images_v7,REAL,True,accepted_negative,1,True,license_plate,0
a62737522789f1f3,test,heavy_equipment_candidate,Truck,test,https://farm4.staticflickr.com/489/18492548792_a211d1d362_o.jpg,https://www.flickr.com/photos/hhclassicparts/18492548792,https://creativecommons.org/licenses/by/2.0/,https://www.flickr.com/people/hhclassicparts/,HH Nida,What's your favorite feature on the #Chevy #Truck?,102451,t8ZGy0uWXd4zWh00rAoy1g==,https://c6.staticflickr.com/1/489/18492548792_5092f8e5c9_z.jpg,0.0,open_images_v7,REAL,True,accepted_negative,1,True,license_plate,0
a6c322881a01d7dc,test,heavy_equipment_candidate,Truck,test,https://c5.staticflickr.com/9/8218/8314043089_96b043cc23_o.jpg,https://www.flickr.com/photos/stradablog/8314043089,https://creativecommons.org/licenses/by/2.0/,https://www.flickr.com/people/stradablog/,Tino Rossini,Snow Plow,236647,cAyUkWnNW08T9T8Z6h3p1w==,https://c8.staticflickr.com/9/8218/8314043089_dd2deaee9d_z.jpg,0.0,open_images_v7,REAL,True,accepted_negative,1,True,license_plate,0
a70e22ce2700b5a3,test,road_gate_scene,Stop sign,test,https://farm4.staticflickr.com/8501/8283730347_bf28504fb6_o.jpg,https://www.flickr.com/photos/spykster/8283730347,https://creativecommons.org/licenses/by/2.0/,https://www.flickr.com/people/spykster/,spykster,Stop,72260,/jfdZXY6e/uqeaTMw8y0qg==,https://c7.staticflickr.com/9/8501/8283730347_dd369dedf2_z.jpg,0.0,open_images_v7,REAL,True,accepted_negative,1,True,license_plate,0
a71f5826c4405ccc,test,vehicle_no_visible_plate_candidate,Car,test,https://c5.staticflickr.com/1/125/383292143_db57c8231b_o.jpg,https://www.flickr.com/photos/adamj4282/383292143,https://creativecommons.org/licenses/by/2.0/,https://www.flickr.com/people/adamj4282/,Adam Jakubiak,Untitled,116214,+Oks+Gt+a8QArhiZYuAFFA==,https://c2.staticflickr.com/1/125/383292143_db57c8231b_z.jpg?zz=1,0.0,open_images_v7,REAL,True,accepted_negative,1,True,license_plate,0
a7c91fcbe2e958ce,test,road_gate_scene,Traffic light,test,https://c7.staticflickr.com/4/3859/14869155189_58cd148f50_o.jpg,https://www.flickr.com/photos/villoks/14869155189,https://creativecommons.org/licenses/by/2.0/,https://www.flickr.com/people/villoks/,Ville Oksanen,IMG_8925,1048013,ucXVwjOCZf7YHggbzSYfew==,https://c7.staticflickr.com/4/3859/14869155189_5262571775_z.jpg,0.0,open_images_v7,REAL,True,accepted_negative,1,True,license_plate,0
a8180105bb1e2020,test,vehicle_no_visible_plate_candidate,Car,test,https://farm1.staticflickr.com/7173/6410033443_45c6e588f7_o.jpg,https://www.flickr.com/photos/moto_club4ag/6410033443,https://creativecommons.org/licenses/by/2.0/,https://www.flickr.com/people/moto_club4ag/,Moto &quot;Club4AG&quot; Miwa,Untitled,1667939,9xc0NGeyICaWP+Umt3atCg==,https://c3.staticflickr.com/8/7173/6410033443_383b8349c4_z.jpg,0.0,open_images_v7,REAL,True,accepted_negative,2,True,license_plate,0
a933056634b841fb,test,heavy_equipment_candidate,Truck,test,https://c4.staticflickr.com/3/2517/4020470087_62beae78c3_o.jpg,https://www.flickr.com/photos/46183897@N00/4020470087,https://creativecommons.org/licenses/by/2.0/,https://www.flickr.com/people/46183897@N00/,Robert Nunnally,"red truck, small town Texas car show",1416802,NesZOEbZLRogXyr/02PRQA==,https://c6.staticflickr.com/3/2517/4020470087_0280bded38_z.jpg,,open_images_v7,REAL,True,accepted_negative,1,True,license_plate,0
a970093aef122d5d,test,vehicle_no_visible_plate_candidate,Car,test,https://c6.staticflickr.com/7/6149/5961863436_38ae21a19e_o.jpg,https://www.flickr.com/photos/alexanderpf/5961863436,https://creativecommons.org/licenses/by/2.0/,https://www.flickr.com/people/alexanderpf/,Alexander Pfeiffenberger,Dog at the Wheel,67943,q/6ysuYtwtiFoTlux5BfLQ==,https://c1.staticflickr.com/7/6149/5961863436_6279230bf2_z.jpg,0.0,open_images_v7,REAL,True,accepted_negative,1,True,license_plate,0
aa1209fda5d2fc6e,test,vehicle_no_visible_plate_candidate,Car,test,https://c7.staticflickr.com/1/39/114549478_10c9cf516a_o.jpg,https://www.flickr.com/photos/remkovandokkum/114549478,https://creativecommons.org/licenses/by/2.0/,https://www.flickr.com/people/remkovandokkum/,Remko van Dokkum,IMG_7327,1624299,PNvMA4UV1qJQA4+sal+T9g==,https://c2.staticflickr.com/1/39/114549478_10c9cf516a_z.jpg,0.0,open_images_v7,REAL,True,accepted_negative,1,True,license_plate,0
ab4683781632491c,test,road_gate_scene,Traffic light,test,https://c5.staticflickr.com/9/8027/7170741123_6a29e45e36_o.jpg,https://www.flickr.com/photos/preetamrai/7170741123,https://creativecommons.org/licenses/by/2.0/,https://www.flickr.com/people/preetamrai/,Yosomono,IMAGE_C6C907F2-D40C-401A-84C0-ABF57B19F924.JPG,2809983,o2chwl41DeHEzugAW7agZQ==,https://c1.staticflickr.com/9/8027/7170741123_1db06d518a_z.jpg,0.0,open_images_v7,REAL,True,accepted_negative,1,True,license_plate,0
abff09a8bdc34678,test,heavy_equipment_candidate,Truck,test,https://c1.staticflickr.com/6/5516/9666448050_25415eab55_o.jpg,https://www.flickr.com/photos/bluespringsfordparts/9666448050,https://creativecommons.org/licenses/by/2.0/,https://www.flickr.com/people/bluespringsfordparts/,Kyle Harris,Lifted Raptor,97306,smRAd5dByyWFSVeZ3EJMHg==,https://c4.staticflickr.com/6/5516/9666448050_273b4ca208_z.jpg,0.0,open_images_v7,REAL,True,accepted_negative,1,True,license_plate,0
ac9dbbe1e4b0607c,validation,road_gate_scene,Traffic sign,validation,https://c5.staticflickr.com/8/7681/16636023203_149f7f32af_o.jpg,https://www.flickr.com/photos/bazzadarambler/16636023203,https://creativecommons.org/licenses/by/2.0/,https://www.flickr.com/people/bazzadarambler/,bazzadaramblerimages,"Westgate, Gloucester ... where to buy dog food.",3193615,tLAYHJN/KQcy5e2N3eLo7g==,https://c8.staticflickr.com/8/7681/16636023203_b0308073f4_z.jpg,,open_images_v7,REAL,True,accepted_negative,1,True,license_plate,0
acb0ad30dff621ff,test,road_gate_scene,Traffic sign,test,https://c8.staticflickr.com/4/3041/5769113323_4a5fa97a3f_o.jpg,https://www.flickr.com/photos/22711505@N05/5769113323/,https://creativecommons.org/licenses/by/2.0/,https://www.flickr.com/people/22711505@N05/,Ron Cogswell,WHOA -- Barrington Countryside Riding Center 361 Bateman Road Barrington Hills (IL) May 2011,1667056,a19DPdabeRPQ+uySu31hUA==,https://c8.staticflickr.com/4/3041/5769113323_4a703a6ba8_z.jpg,0.0,open_images_v7,REAL,True,accepted_negative,1,True,license_plate,0
ad9a8dc4642fc95f,validation,road_gate_scene,Traffic light;Traffic sign,validation,https://c8.staticflickr.com/4/3205/2855918146_edc42e493b_o.jpg,https://www.flickr.com/photos/mihaibojin/2855918146,https://creativecommons.org/licenses/by/2.0/,https://www.flickr.com/people/mihaibojin/,Mihai Bojin,Obedient stop light,2245864,28a2JJDDm72wXFjCN7dqpA==,https://c3.staticflickr.com/4/3205/2855918146_a9399a3f66_z.jpg,0.0,open_images_v7,REAL,True,accepted_negative,1,True,license_plate,0
adc4cefdd3dc2a00,test,vehicle_no_visible_plate_candidate,Car,test,https://farm1.staticflickr.com/2346/2124115074_19cf106e3a_o.jpg,https://www.flickr.com/photos/eleaf/2124115074,https://creativecommons.org/licenses/by/2.0/,https://www.flickr.com/people/eleaf/,Ethan Lofton,saab-wreck-2,174796,6AAMQB6CsqMq4PfDfvDzqg==,https://c6.staticflickr.com/3/2346/2124115074_221fc5c838_z.jpg?zz=1,0.0,open_images_v7,REAL,True,accepted_negative,1,True,license_plate,0
ae3c4e0218db25e4,test,heavy_equipment_candidate,Truck,test,https://farm5.staticflickr.com/3843/14428966560_14f8d98322_o.jpg,https://www.flickr.com/photos/96774554@N03/14428966560,https://creativecommons.org/licenses/by/2.0/,https://www.flickr.com/people/96774554@N03/,Wheels ON,White pickup with #ccw #ccwwheels #truck #truckgram #dropped #slammed #low. #custom made with #wheelsonapp #wheel #wheels #instatruck #trucks,95374,/gnc7/muS8kcxAeCh+M1Jw==,https://c1.staticflickr.com/4/3843/14428966560_4f906472cf_z.jpg,0.0,open_images_v7,REAL,True,accepted_negative,1,True,license_plate,0
ae62276f3c75b0a0,validation,vehicle_no_visible_plate_candidate,Car,validation,https://farm1.staticflickr.com/8212/8319875275_4bd4876109_o.jpg,https://www.flickr.com/photos/29233640@N07/8319875275,https://creativecommons.org/licenses/by/2.0/,https://www.flickr.com/people/29233640@N07/,Robert Couse-Baker,london calling,5154520,6Pvm6fJ2pjqRqwRO0/ZNZA==,https://c6.staticflickr.com/9/8212/8319875275_a53703fe5f_z.jpg,0.0,open_images_v7,REAL,True,accepted_negative,1,True,license_plate,0
af2e390fe5a48015,test,heavy_equipment_candidate,Truck,test,https://farm6.staticflickr.com/8142/7290206374_12af836572_o.jpg,https://www.flickr.com/photos/yourmaineoasis/7290206374,https://creativecommons.org/licenses/by/2.0/,https://www.flickr.com/people/yourmaineoasis/,Lisa Hicks,Lobster traps,1595255,w2MR4NOd/l6MZu8d8oFkqQ==,https://c2.staticflickr.com/9/8142/7290206374_bc4b758b52_z.jpg,0.0,open_images_v7,REAL,True,accepted_negative,1,True,license_plate,0
afb9c4929fd78652,test,road_gate_scene,Stop sign,test,https://farm3.staticflickr.com/3500/3307405906_8562c74fa2_o.jpg,https://www.flickr.com/photos/c_conn/3307405906,https://creativecommons.org/licenses/by/2.0/,https://www.flickr.com/people/c_conn/,Chris Connelly,stop sign,1476411,B7K/5HDqNpNcJvHmihugXw==,https://c7.staticflickr.com/4/3500/3307405906_8509d4120d_z.jpg,0.0,open_images_v7,REAL,True,accepted_negative,1,True,license_plate,0
afd383a6b94c70f3,test,road_gate_scene,Traffic light,test,https://farm4.staticflickr.com/121/301206101_76244924f3_o.jpg,https://www.flickr.com/photos/madpai/301206101,https://creativecommons.org/licenses/by/2.0/,https://www.flickr.com/people/madpai/,Madhav Pai,160 Second Cycles,373065,QYdaGkAXAHDW41Ec2e0JLg==,https://c5.staticflickr.com/1/121/301206101_76244924f3_z.jpg?zz=1,0.0,open_images_v7,REAL,True,accepted_negative,1,True,license_plate,0
b199eeb7b7cd9718,test,heavy_equipment_candidate,Truck,test,https://c1.staticflickr.com/5/4003/4332566816_e025fc6bdc_o.jpg,https://www.flickr.com/photos/aroberts/4332566816,https://creativecommons.org/licenses/by/2.0/,https://www.flickr.com/people/aroberts/,Andy Roberts,Retail Snacking Solutions,1304418,83jSaLtSep7PkHUcYRNKDw==,https://c5.staticflickr.com/5/4003/4332566816_c10ca3a4fd_z.jpg,0.0,open_images_v7,REAL,True,accepted_negative,1,True,license_plate,0
b1c7fcfed4259f1a,test,vehicle_no_visible_plate_candidate,Car,test,https://c3.staticflickr.com/9/8356/8263283335_e7a91f3cbf_o.jpg,https://www.flickr.com/photos/mitsubishi_nederland/8263283335,https://creativecommons.org/licenses/by/2.0/,https://www.flickr.com/people/mitsubishi_nederland/,Mitsubishi Nederland,PHEV side,460150,BS1vsxcBu61uyODeK1TImg==,https://c2.staticflickr.com/9/8356/8263283335_971410f3d7_z.jpg,0.0,open_images_v7,REAL,True,accepted_negative,1,True,license_plate,0
b2554493d0ea1660,test,vehicle_no_visible_plate_candidate,Car,test,https://farm1.staticflickr.com/3718/9379499836_922f5b3470_o.jpg,https://www.flickr.com/photos/55229469@N07/9379499836,https://creativecommons.org/licenses/by/2.0/,https://www.flickr.com/people/55229469@N07/,Forsaken Fotos,Mini Fifi,498079,oIommQmRUvFq0jAd+eAhxA==,https://c5.staticflickr.com/4/3718/9379499836_1838fe0bd4_z.jpg,0.0,open_images_v7,REAL,True,accepted_negative,1,True,license_plate,0
b255cbf633189db4,validation,heavy_equipment_candidate,Truck,validation,https://farm5.staticflickr.com/4052/4663934167_86be5db177_o.jpg,https://www.flickr.com/photos/ozarkracewaypark/4663934167,https://creativecommons.org/licenses/by/2.0/,https://www.flickr.com/people/ozarkracewaypark/,Ozark Raceway Park,052210-blackout4,59925,1wbJjA11xTCQ51grVgw6Zw==,https://c5.staticflickr.com/5/4052/4663934167_a2a71d122f_z.jpg,0.0,open_images_v7,REAL,True,accepted_negative,1,True,license_plate,0
b261b4be88b9812d,test,vehicle_no_visible_plate_candidate,Car,test,https://c6.staticflickr.com/3/2906/14026660605_d86d436f55_o.jpg,https://www.flickr.com/photos/gammaman/14026660605,https://creativecommons.org/licenses/by/2.0/,https://www.flickr.com/people/gammaman/,Eli Christman,Antique Truck,4150772,b58+V2+k8T0IXYjLPe5u2Q==,https://c6.staticflickr.com/3/2906/14026660605_1a2ff66d7f_z.jpg,0.0,open_images_v7,REAL,True,accepted_negative,1,True,license_plate,0
b2a1264ac79c0cc9,test,road_gate_scene,Traffic sign,test,https://c2.staticflickr.com/3/2781/4348840580_2635aba20b_o.jpg,https://www.flickr.com/photos/matthewdevalle/4348840580,https://creativecommons.org/licenses/by/2.0/,https://www.flickr.com/people/matthewdevalle/,Matthew Colvin de Valle,Road Humps,5408876,KkYstSVzib0BuiTwGtslWw==,https://c5.staticflickr.com/3/2781/4348840580_86375e9d20_z.jpg,0.0,open_images_v7,REAL,True,accepted_negative,1,True,license_plate,0
b3ca82ba52c64268,validation,heavy_equipment_candidate,Truck,validation,https://c1.staticflickr.com/4/3770/18941301313_522ec78e40_o.jpg,https://www.flickr.com/photos/thebackroadphotogragher/18941301313,https://creativecommons.org/licenses/by/2.0/,https://www.flickr.com/people/thebackroadphotogragher/,The Back Road Photographer,Can-US KW (1 of 1),3348953,3ab4qmArCG0zscCZdVsZgg==,https://c4.staticflickr.com/4/3770/18941301313_34a67a4fe2_z.jpg,0.0,open_images_v7,REAL,True,accepted_negative,2,True,license_plate,0
b46b4203c1dc4b8a,test,vehicle_no_visible_plate_candidate,Car,test,https://c3.staticflickr.com/4/3918/14663143944_c353433ede_o.jpg,https://www.flickr.com/photos/bensutherland/14663143944,https://creativecommons.org/licenses/by/2.0/,https://www.flickr.com/people/bensutherland/,Ben Sutherland,The offset cockpit (built to allow drive-lines down the right-hand-side) of the Cosworth 4-wheel-drive car,10186624,wRinKnNqt/FkHIURK9ji3A==,https://c7.staticflickr.com/4/3918/14663143944_41b80075f4_z.jpg,0.0,open_images_v7,REAL,True,accepted_negative,1,True,license_plate,0
b53469875a0542b3,test,road_gate_scene,Traffic light,test,https://farm4.staticflickr.com/3893/14266475539_aa928247f4_o.jpg,https://www.flickr.com/photos/wegotkidz/14266475539,https://creativecommons.org/licenses/by/2.0/,https://www.flickr.com/people/wegotkidz/,Kesha Phillips,DSC_0038,3126597,u12umUMtvVGQ/4X3dAKm4A==,https://c3.staticflickr.com/4/3893/14266475539_e9130f0d36_z.jpg,0.0,open_images_v7,REAL,True,accepted_negative,1,True,license_plate,0
b5cd371d7747c0d0,validation,vehicle_no_visible_plate_candidate,Car;Motorcycle,validation,https://farm1.staticflickr.com/3218/2864549928_aae3b7df17_o.jpg,https://www.flickr.com/photos/thepaperboy/2864549928,https://creativecommons.org/licenses/by/2.0/,https://www.flickr.com/people/thepaperboy/,Ian @ ThePaperboy.com,Hanoi Frogger 2,89512,i0VAy4a/LbdpoGhO+1hZXw==,https://c3.staticflickr.com/4/3218/2864549928_0f6843a481_z.jpg?zz=1,0.0,open_images_v7,REAL,True,accepted_negative,1,True,license_plate,0
b6bb1aba7f185f70,test,vehicle_no_visible_plate_candidate,Car,test,https://farm1.staticflickr.com/3711/9984351426_2e7cc9810b_o.jpg,https://www.flickr.com/photos/_thirtyfivemm/9984351426,https://creativecommons.org/licenses/by/2.0/,https://www.flickr.com/people/_thirtyfivemm/,Arun Seehra,calm before the storm,767732,B/kptjUbv0Lbul2WmuioBg==,https://c5.staticflickr.com/4/3711/9984351426_78e553f4a7_z.jpg,0.0,open_images_v7,REAL,True,accepted_negative,1,True,license_plate,0
b71c9f3c7c57ee19,test,heavy_equipment_candidate,Truck,test,https://c2.staticflickr.com/4/3632/3400599925_90277bbe8b_o.jpg,https://www.flickr.com/photos/drljohnson/3400599925,https://creativecommons.org/licenses/by/2.0/,https://www.flickr.com/people/drljohnson/,Larry Johnson,Korea 2009,6181389,4BJhIP5MqgdpDfICfieWoA==,https://c7.staticflickr.com/4/3632/3400599925_c8bc4aaa23_z.jpg,0.0,open_images_v7,REAL,True,accepted_negative,1,True,license_plate,0
b8b6f16bc5bf93c4,test,heavy_equipment_candidate,Truck,test,https://farm5.staticflickr.com/5529/11097699353_2cbb5bca1d_o.jpg,https://www.flickr.com/photos/moto_club4ag/11097699353,https://creativecommons.org/licenses/by/2.0/,https://www.flickr.com/people/moto_club4ag/,Moto &quot;Club4AG&quot; Miwa,Los Angeles Auto Show 2013,1308012,dYIO/d5fYCMVDlcjSWqNYA==,https://c7.staticflickr.com/6/5529/11097699353_b780c4d305_z.jpg,0.0,open_images_v7,REAL,True,accepted_negative,1,True,license_plate,0
b8f7f3ccf331e475,test,heavy_equipment_candidate,Truck,test,https://farm6.staticflickr.com/3730/9936284234_bd19d5b5e0_o.jpg,https://www.flickr.com/photos/gmpartsonline/9936284234,https://creativecommons.org/licenses/by/2.0/,https://www.flickr.com/people/gmpartsonline/,Gib Goodrich,Classic GMC truck,1668465,iZYyRCUfAbaUpRvBSCUP2A==,https://c4.staticflickr.com/4/3730/9936284234_9f9b663c22_z.jpg,0.0,open_images_v7,REAL,True,accepted_negative,1,True,license_plate,0
b97c3cfbc67fe00b,test,vehicle_no_visible_plate_candidate,Car,test,https://c4.staticflickr.com/4/3685/9445270739_9253d420e3_o.jpg,https://www.flickr.com/photos/parkstreetparrot/9445270739,https://creativecommons.org/licenses/by/2.0/,https://www.flickr.com/people/parkstreetparrot/,PSParrot,Bugatti Veyron,82893,1Yodh+4miHv1M0IgeVY53A==,https://c7.staticflickr.com/4/3685/9445270739_49a2a1d9db_z.jpg,0.0,open_images_v7,REAL,True,accepted_negative,1,True,license_plate,0
b98299663d776aaf,test,road_gate_scene,Traffic light,test,https://c8.staticflickr.com/4/3185/2549490371_0cddeb793b_o.jpg,https://www.flickr.com/photos/exquisitur/2549490371,https://creativecommons.org/licenses/by/2.0/,https://www.flickr.com/people/exquisitur/,Jason Hickey,cdcovers/miles davis/ walkin'.jpg,418406,iNRYBG0mOB93M5hvwYZoKw==,https://c4.staticflickr.com/4/3185/2549490371_e4bfbb53a3_z.jpg,0.0,open_images_v7,REAL,True,accepted_negative,1,True,license_plate,0
b9bc35866739215c,test,vehicle_no_visible_plate_candidate,Car,test,https://c5.staticflickr.com/3/2883/9571498254_eda70dda26_o.jpg,https://www.flickr.com/photos/chriswn/9571498254,https://creativecommons.org/licenses/by/2.0/,https://www.flickr.com/people/chriswn/,Chris Nielsen,DSC_7692R,6086724,/RXUrhNBpjrlR/ZCzY2bmg==,https://c1.staticflickr.com/3/2883/9571498254_30efdd00ee_z.jpg,0.0,open_images_v7,REAL,True,accepted_negative,1,True,license_plate,0
ba8223091a58e051,test,vehicle_no_visible_plate_candidate,Car,test,https://farm2.staticflickr.com/7005/6535441495_f90365a96b_o.jpg,https://www.flickr.com/photos/kimberlyeternal/6535441495,https://creativecommons.org/licenses/by/2.0/,https://www.flickr.com/people/kimberlyeternal/,Kim Alaniz,Lamborgini - Houston,3184619,9SyJ1nPvNOgGxa4qTvuj2Q==,https://c6.staticflickr.com/8/7005/6535441495_cc0c81aa4f_z.jpg,0.0,open_images_v7,REAL,True,accepted_negative,1,True,license_plate,0
bb385a8b7ae24398,validation,vehicle_no_visible_plate_candidate,Car,validation,https://c1.staticflickr.com/5/4028/4694529126_9cc3b01996_o.jpg,https://www.flickr.com/photos/emeryjl/4694529126,https://creativecommons.org/licenses/by/2.0/,https://www.flickr.com/people/emeryjl/,James Emery,Jaguar XK-SS hood_3195c,3274331,iIxB7lIDp8DgzgYbA/t1fg==,https://c5.staticflickr.com/5/4028/4694529126_c5d82aed4b_z.jpg,0.0,open_images_v7,REAL,True,accepted_negative,1,True,license_plate,0
bb52b2645fac59e7,test,vehicle_no_visible_plate_candidate,Car,test,https://farm8.staticflickr.com/7084/7330326844_6ab849c58d_o.jpg,https://www.flickr.com/photos/flynn_nrg/7330326844,https://creativecommons.org/licenses/by/2.0/,https://www.flickr.com/people/flynn_nrg/,Miguel Mendez,Formula 1,7238090,SEKb1isxPajovWTbCMRK/g==,https://c5.staticflickr.com/8/7084/7330326844_edb1a96e7e_z.jpg,0.0,open_images_v7,REAL,True,accepted_negative,1,True,license_plate,0
bc491e40ea8db597,test,vehicle_no_visible_plate_candidate,Car,test,https://farm8.staticflickr.com/4126/4973063815_0548f5f888_o.jpg,https://www.flickr.com/photos/53357045@N02/4973063815,https://creativecommons.org/licenses/by/2.0/,https://www.flickr.com/people/53357045@N02/,Angell Williams,Alfe Romeo,281119,hpf+1x4Mhz0W7NVoPwPntA==,https://c6.staticflickr.com/5/4126/4973063815_1952a30f01_z.jpg,0.0,open_images_v7,REAL,True,accepted_negative,2,True,license_plate,0
bc4e2fa8e14d99bc,test,barrier_background,Window,test,https://c5.staticflickr.com/6/5045/5283231094_d66a4830d6_o.jpg,https://www.flickr.com/photos/alextorrenegra/5283231094,https://creativecommons.org/licenses/by/2.0/,https://www.flickr.com/people/alextorrenegra/,Torrenegra,Pic: I just came across the coolest limo I've seen in NYC #madmax,461615,7dAVs8jYDVBz3Z0B3YFIYg==,https://c6.staticflickr.com/6/5045/5283231094_e2d32c92c0_z.jpg,0.0,open_images_v7,REAL,True,accepted_negative,1,True,license_plate,0
bcc853e894db81c5,test,heavy_equipment_candidate,Truck,test,https://farm6.staticflickr.com/3078/2508860725_ec4dcfa354_o.jpg,https://www.flickr.com/photos/bugeaters/2508860725,https://creativecommons.org/licenses/by/2.0/,https://www.flickr.com/people/bugeaters/,Bugeater,The kids need more bullets,522980,ki2zmET0kRytcBgesdkYlA==,https://c8.staticflickr.com/4/3078/2508860725_8ef247a947_z.jpg,0.0,open_images_v7,REAL,True,accepted_negative,1,True,license_plate,0
bccba4e83f42ee15,test,text_like_object,Billboard,test,https://farm6.staticflickr.com/3137/5828996982_b522303c97_o.jpg,https://www.flickr.com/photos/redspotted/5828996982,https://creativecommons.org/licenses/by/2.0/,https://www.flickr.com/people/redspotted/,redspotted,Appalling quality of roadsign English,107821,Ofs45Jyqz0uPE2wyv0tOxg==,,,open_images_v7,REAL,True,accepted_negative,1,True,license_plate,0
bd6f0327cb59b6d7,test,vehicle_no_visible_plate_candidate,Car,test,https://farm8.staticflickr.com/8163/7300885756_1deed7f112_o.jpg,https://www.flickr.com/photos/itravelnz/7300885756,https://creativecommons.org/licenses/by/2.0/,https://www.flickr.com/people/itravelnz/,itravelNZ® - the best smartphone travel app for New Zealand :-),Hi-Rail Vehicle (HRV) KiwiRail.,2898234,onKWiURWRqmVHd3UTQnxiQ==,https://c3.staticflickr.com/9/8163/7300885756_2eaa797810_z.jpg,0.0,open_images_v7,REAL,True,accepted_negative,1,True,license_plate,0
bdd6fd042dec9f9f,test,road_gate_scene,Traffic light,test,https://c8.staticflickr.com/3/2928/14527537185_52c12b70d6_o.jpg,https://www.flickr.com/photos/claydevoute/14527537185,https://creativecommons.org/licenses/by/2.0/,https://www.flickr.com/people/claydevoute/,Delaney Turner,#ottawa #yow,125934,U3X0BCi63fyDIV3e8k/49w==,https://c3.staticflickr.com/3/2928/14527537185_c72a416b71_z.jpg,0.0,open_images_v7,REAL,True,accepted_negative,1,True,license_plate,0
be1bd6b564cc1c8e,test,heavy_equipment_candidate,Truck,test,https://c7.staticflickr.com/9/8490/8244757551_127718735d_o.jpg,https://www.flickr.com/photos/gazeronly/8244757551,https://creativecommons.org/licenses/by/2.0/,https://www.flickr.com/people/gazeronly/,torbakhopper,red like a fire truck : san francisco (2012),1711792,/GfzM03idBip7l7+56m/Cw==,https://c8.staticflickr.com/9/8490/8244757551_46ae9dca40_z.jpg,0.0,open_images_v7,REAL,True,accepted_negative,2,True,license_plate,0
be43a520c8405be4,test,vehicle_no_visible_plate_candidate,Car,test,https://farm5.staticflickr.com/8718/16730772357_eba78e3e4f_o.jpg,https://www.flickr.com/photos/concavowheels/16730772357,https://creativecommons.org/licenses/by/2.0/,https://www.flickr.com/people/concavowheels/,CONCAVO WHEELS,wheelroc-concavo-white-yukon-cw6-7,610115,MwsQOfMUTWkxHQ8k0WPC0w==,https://c6.staticflickr.com/9/8718/16730772357_31854f45e7_z.jpg,0.0,open_images_v7,REAL,True,accepted_negative,1,True,license_plate,0
be61e39e9ddd4f79,validation,road_gate_scene,Traffic sign,validation,https://c2.staticflickr.com/4/3383/3620176885_1b68dc5b25_o.jpg,https://www.flickr.com/photos/sillygwailo/3620176885,https://creativecommons.org/licenses/by/2.0/,https://www.flickr.com/people/sillygwailo/,Richard Eriksson,Caution,687054,7Grn5MYVxbiH5kzMTwD9ng==,https://c3.staticflickr.com/4/3383/3620176885_cf46750f63_z.jpg,0.0,open_images_v7,REAL,True,accepted_negative,1,True,license_plate,0
bea1f735697cd5f8,validation,road_gate_scene,Traffic sign,validation,https://c1.staticflickr.com/3/2893/10125082233_e11b8a466d_o.jpg,https://www.flickr.com/photos/58447660@N00/10125082233,https://creativecommons.org/licenses/by/2.0/,https://www.flickr.com/people/58447660@N00/,Jordan Hatcher,Untitled,967793,s87dWrSK9t41weClLHeFmA==,https://c4.staticflickr.com/3/2893/10125082233_3389535619_z.jpg,0.0,open_images_v7,REAL,True,accepted_negative,1,True,license_plate,0
bf9c1ddbe87e34a0,test,road_gate_scene,Traffic light,test,https://farm1.staticflickr.com/23/25976223_95ea8d2373_o.jpg,https://www.flickr.com/photos/wetsun/25976223,https://creativecommons.org/licenses/by/2.0/,https://www.flickr.com/people/wetsun/,Wetsun,Signs Point To Maybe,94082,QxM3jOKo7RLRfR8aw6JgPA==,https://c4.staticflickr.com/1/23/25976223_95ea8d2373_z.jpg?zz=1,0.0,open_images_v7,REAL,True,accepted_negative,1,True,license_plate,0
bfc788cdd15200ab,validation,road_gate_scene,Stop sign,validation,https://c4.staticflickr.com/2/1228/1465206889_0e7cac40a5_o.jpg,https://www.flickr.com/photos/astrozombie/1465206889,https://creativecommons.org/licenses/by/2.0/,https://www.flickr.com/people/astrozombie/,Allison Meier,Project 365: September 28 - Stop Eating Animals,141163,wqf4+A/DFD5J2qZrvQv5SQ==,https://c8.staticflickr.com/2/1228/1465206889_d192702459_z.jpg?zz=1,0.0,open_images_v7,REAL,True,accepted_negative,1,True,license_plate,0
bfd66bb003c69415,test,road_gate_scene,Traffic sign,test,https://farm6.staticflickr.com/5211/5531660114_b6a5bd7352_o.jpg,https://www.flickr.com/photos/praxinoscope/5531660114/,https://creativecommons.org/licenses/by/2.0/,https://www.flickr.com/people/praxinoscope/,David Wagner,Super Wheely Duck is cleaning the floor. Beware!,50024,sfzCNvM5mZTbEqX6BnNerQ==,https://c5.staticflickr.com/6/5211/5531660114_4becaf044f_z.jpg,0.0,open_images_v7,REAL,True,accepted_negative,1,True,license_plate,0
bff6969d46b739a7,test,heavy_equipment_candidate,Truck,test,https://farm8.staticflickr.com/50/110733699_4a12dcb16d_o.jpg,https://www.flickr.com/photos/jamesz_flickr/110733699,https://creativecommons.org/licenses/by/2.0/,https://www.flickr.com/people/jamesz_flickr/,JamesZ_Flickr,Snow plough,175802,vDZBJbEtUHDs2YnpimB7IQ==,https://c4.staticflickr.com/1/50/110733699_4a12dcb16d_z.jpg?zz=1,0.0,open_images_v7,REAL,True,accepted_negative,1,True,license_plate,0
c02e5d9e7b25e182,test,road_gate_scene,Stop sign,test,https://farm3.staticflickr.com/3861/15166140607_159809864d_o.jpg,https://www.flickr.com/photos/hasselbergers/15166140607,https://creativecommons.org/licenses/by/2.0/,https://www.flickr.com/people/hasselbergers/,Lynn  Hasselberger,This.  @hawaiithebigisland @kalanioceanside #hawaiibigisland #GDHawaii #travel #ecotravel @greendivameg @thegreendivas,148103,8cj9VOsS8phJSKbFOrnHOg==,https://c3.staticflickr.com/4/3861/15166140607_8d06733e19_z.jpg,0.0,open_images_v7,REAL,True,accepted_negative,1,True,license_plate,0
c0777c8f0deacc78,test,vehicle_no_visible_plate_candidate,Car,test,https://c1.staticflickr.com/4/3108/2320609789_99738bc4b7_o.jpg,https://www.flickr.com/photos/donblimey/2320609789,https://creativecommons.org/licenses/by/2.0/,https://www.flickr.com/people/donblimey/,Zaldy Camerino,Genéve Int'l Car Show 2008,108321,n6P4AxRS1O32gqQzptda4w==,https://c1.staticflickr.com/4/3108/2320609789_c365851f45_z.jpg?zz=1,0.0,open_images_v7,REAL,True,accepted_negative,1,True,license_plate,0
c07a3125fe7df43f,test,vehicle_no_visible_plate_candidate,Car,test,https://c8.staticflickr.com/6/5284/5382992298_70ec494c99_o.jpg,https://www.flickr.com/photos/elzey/5382992298,https://creativecommons.org/licenses/by/2.0/,https://www.flickr.com/people/elzey/,Richard Elzey,Flying Bull,2139513,BYz68oWnud3aklbp1jJIoQ==,https://c6.staticflickr.com/6/5284/5382992298_398cf71cbe_z.jpg,0.0,open_images_v7,REAL,True,accepted_negative,1,True,license_plate,0
c155d68c7ce560fe,test,vehicle_no_visible_plate_candidate,Car,test,https://c7.staticflickr.com/4/3593/3621169041_43c8b16074_o.jpg,https://www.flickr.com/photos/velsfi/3621169041,https://creativecommons.org/licenses/by/2.0/,https://www.flickr.com/people/velsfi/,Jonny White,Alfa 8C,113392,x0OeKeDluaHu4IRxMpygLg==,https://c6.staticflickr.com/4/3593/3621169041_328e5ea357_z.jpg?zz=1,0.0,open_images_v7,REAL,True,accepted_negative,1,True,license_plate,0
c1a057a687712874,validation,barrier_background,Window,validation,https://farm5.staticflickr.com/6177/6176355158_0817851e6c_o.jpg,https://www.flickr.com/photos/dok1/6176355158,https://creativecommons.org/licenses/by/2.0/,https://www.flickr.com/people/dok1/,Don O&#x27;Brien,&quot;Party Girls on the Go!&quot;,259998,C7SsEZdTaRnjZ6F9YjiuZA==,https://c7.staticflickr.com/7/6177/6176355158_244942bb20_z.jpg,0.0,open_images_v7,REAL,True,accepted_negative,1,True,license_plate,0
c1d5d8a9c819fe37,test,barrier_background,Window,test,https://farm8.staticflickr.com/8500/8380910352_33c027bbf9_o.jpg,https://www.flickr.com/photos/iblee/8380910352,https://creativecommons.org/licenses/by/2.0/,https://www.flickr.com/people/iblee/,lee leblanc,"&quot;murdered out&quot; Mazda 3 hatchie (all flat black, blacked out)",787390,v6KdlCbDJ9lgmIERyN/3aw==,https://c4.staticflickr.com/9/8500/8380910352_a9af2562fb_z.jpg,,open_images_v7,REAL,True,accepted_negative,1,True,license_plate,0
c34e0a29a4f28902,test,road_gate_scene,Stop sign,test,https://farm3.staticflickr.com/3342/5703049199_89067ccf66_o.jpg,https://www.flickr.com/photos/regiofotos/5703049199,https://creativecommons.org/licenses/by/2.0/,https://www.flickr.com/people/regiofotos/,RegioBlogs.com,ALTO...a la corrupción,220707,J+qxqbcN2nPIPgd4jAK0dQ==,https://c8.staticflickr.com/4/3342/5703049199_f2509bf877_z.jpg,0.0,open_images_v7,REAL,True,accepted_negative,1,True,license_plate,0
c3678cdd5a4508cf,test,barrier_background,Building;Window,test,https://c8.staticflickr.com/9/8513/8458872117_d60e941bd6_o.jpg,https://www.flickr.com/photos/ericrosenbaum/8458872117,https://creativecommons.org/licenses/by/2.0/,https://www.flickr.com/people/ericrosenbaum/,Eric Rosenbaum,IMG_2706,849437,kbFieBC4YNidnsDfP9eh+A==,https://c5.staticflickr.com/9/8513/8458872117_db5bdfef5b_z.jpg,0.0,open_images_v7,REAL,True,accepted_negative,1,True,license_plate,0
c4d1775bfe5220c8,test,vehicle_no_visible_plate_candidate,Car,test,https://c1.staticflickr.com/2/1181/802964306_ed92449c59_o.jpg,https://www.flickr.com/photos/a2gemma/802964306,https://creativecommons.org/licenses/by/2.0/,https://www.flickr.com/people/a2gemma/,a2gemma,1956 Ford Fairlane,762056,R+3uptOgivc8uYlPf4aOpg==,https://c6.staticflickr.com/2/1181/802964306_a47a92bba7_z.jpg,,open_images_v7,REAL,True,accepted_negative,1,True,license_plate,0
c605a1fa450747ac,test,vehicle_no_visible_plate_candidate,Car,test,https://c5.staticflickr.com/9/8648/16160181542_5e56e0b417_o.jpg,https://www.flickr.com/photos/cogdog/16160181542,https://creativecommons.org/licenses/by/2.0/,https://www.flickr.com/people/cogdog/,Alan Levine,"2014/365/365 Oh, You Should Not Have Gone and Gotten Me a Present!",1777625,yW7pJerDlpCd27D3xRwnIg==,https://c2.staticflickr.com/9/8648/16160181542_9ec9452568_z.jpg,,open_images_v7,REAL,True,accepted_negative,1,True,license_plate,0
c664841774dba064,test,vehicle_no_visible_plate_candidate,Car,test,https://farm5.staticflickr.com/8269/8999149701_a87f409ebd_o.jpg,https://www.flickr.com/photos/sg2012/8999149701,https://creativecommons.org/licenses/by/2.0/,https://www.flickr.com/people/sg2012/,Steve Glover,Ferrari Dino 246GTS Replica,507242,bhjDI+6Th5aD7TiRZwo3CA==,https://c7.staticflickr.com/9/8269/8999149701_4dda137125_z.jpg,0.0,open_images_v7,REAL,True,accepted_negative,1,True,license_plate,0
c69f2321e250dded,validation,heavy_equipment_candidate,Truck,validation,https://c6.staticflickr.com/1/23/30517573_bdad1fab32_o.jpg,https://www.flickr.com/photos/nateone/30517573,https://creativecommons.org/licenses/by/2.0/,https://www.flickr.com/people/nateone/,Nate Grigg,DaysOf47Parade 013,428328,/pbG2GGeqFLRX6RpiPJZ0g==,https://c7.staticflickr.com/1/23/30517573_bdad1fab32_z.jpg,0.0,open_images_v7,REAL,True,accepted_negative,1,True,license_plate,0
c7721703f0afed3d,test,vehicle_no_visible_plate_candidate,Car,test,https://c6.staticflickr.com/7/6003/6005439609_8823bbf260_o.jpg,https://www.flickr.com/photos/netcars/6005439609,https://creativecommons.org/licenses/by/2.0/,https://www.flickr.com/people/netcars/,Louis Rix,1902 40hp Mercedes Simplex Goodwood Festival 2011,1620951,ddO++kRFZPcKJm4rLJTxzw==,https://c2.staticflickr.com/7/6003/6005439609_aa02599d10_z.jpg,0.0,open_images_v7,REAL,True,accepted_negative,1,True,license_plate,0
c7966e0444051820,test,heavy_equipment_candidate,Truck,test,https://farm1.staticflickr.com/8150/7626334086_63cabb4356_o.jpg,https://www.flickr.com/photos/76969036@N02/7626334086,https://creativecommons.org/licenses/by/2.0/,https://www.flickr.com/people/76969036@N02/,David Guo,5985-2005-Chevrolet-Colorado,239680,WFWFomNoLhDCth2WP50Yaw==,https://c3.staticflickr.com/9/8150/7626334086_87ec52c528_z.jpg,0.0,open_images_v7,REAL,True,accepted_negative,1,True,license_plate,0
c8b3ee6984721a12,test,road_gate_scene,Traffic sign,test,https://farm3.staticflickr.com/3185/2713487170_a0f7f1ee18_o.jpg,https://www.flickr.com/photos/25108545@N08/2713487170,https://creativecommons.org/licenses/by/2.0/,https://www.flickr.com/people/25108545@N08/,GenevaLife,Warning: Cow-Damage,4764855,xJWGhXJxydRB0RKX8sYwTw==,https://c3.staticflickr.com/4/3185/2713487170_52484335f7_z.jpg,0.0,open_images_v7,REAL,True,accepted_negative,1,True,license_plate,0
c909704c360c3d48,test,people,Person,test,https://c1.staticflickr.com/4/3021/2307884859_ec38db1267_o.jpg,https://www.flickr.com/photos/gravyphig/2307884859,https://creativecommons.org/licenses/by/2.0/,https://www.flickr.com/people/gravyphig/,Graham Smith,Centenary parade 6,76104,b06SiW/xDyAgAWf/cvrXeg==,https://c2.staticflickr.com/4/3021/2307884859_09abca2b2e_z.jpg?zz=1,0.0,open_images_v7,REAL,True,accepted_negative,1,True,license_plate,0
c91b34b9bd8c404b,test,vehicle_no_visible_plate_candidate,Car,test,https://c4.staticflickr.com/3/2599/3917006307_db9aa178e5_o.jpg,https://www.flickr.com/photos/curtsm/3917006307,https://creativecommons.org/licenses/by/2.0/,https://www.flickr.com/people/curtsm/,Curt Smith,Mercedes,324659,zGZU5ZLylrTeRz9OfPsLpg==,https://c3.staticflickr.com/3/2599/3917006307_e9f79f0c10_z.jpg,0.0,open_images_v7,REAL,True,accepted_negative,1,True,license_plate,0
cc0626b08c279b2e,validation,road_gate_scene,Traffic sign,validation,https://c7.staticflickr.com/1/34/124691106_ae981742c5_o.jpg,https://www.flickr.com/photos/jakecaptive/124691106,https://creativecommons.org/licenses/by/2.0/,https://www.flickr.com/people/jakecaptive/,Jacob Bøtter,Pas på brio-toget,531197,3SqATKgsJ8MW2dFj1At8nw==,https://c6.staticflickr.com/1/34/124691106_ae981742c5_z.jpg,0.0,open_images_v7,REAL,True,accepted_negative,1,True,license_plate,0
ccc6cc13dd83bfe7,validation,road_gate_scene,Stop sign;Traffic sign,validation,https://farm8.staticflickr.com/1120/1472774475_20101ad70f_o.jpg,https://www.flickr.com/photos/7656793@N05/1472774475,https://creativecommons.org/licenses/by/2.0/,https://www.flickr.com/people/7656793@N05/,Carina Amaral,stop,194544,LvkVdx5+8OIWRIbFYIYGUg==,,,open_images_v7,REAL,True,accepted_negative,1,True,license_plate,0
cd2f0a3e2c35714e,test,road_gate_scene,Stop sign,test,https://c7.staticflickr.com/3/2076/3748972440_643a838881_o.jpg,https://www.flickr.com/photos/jkbrooks85/3748972440,https://creativecommons.org/licenses/by/2.0/,https://www.flickr.com/people/jkbrooks85/,James Brooks,Just another road sign,953773,3iRBhNL2o8oyJVvbqunjMg==,https://c6.staticflickr.com/3/2076/3748972440_42818b39cb_z.jpg?zz=1,0.0,open_images_v7,REAL,True,accepted_negative,1,True,license_plate,0
cd44033be4e80926,test,road_gate_scene,Stop sign,test,https://farm7.staticflickr.com/8037/7938848508_baf2e3640d_o.jpg,https://www.flickr.com/photos/jephotos/7938848508,https://creativecommons.org/licenses/by/2.0/,https://www.flickr.com/people/jephotos/,jeff horne,Untitled,14522893,fETdtLF4g9zdLnlu3UDaNg==,https://c7.staticflickr.com/9/8037/7938848508_7720cb3df9_z.jpg,0.0,open_images_v7,REAL,True,accepted_negative,1,True,license_plate,0
cdbfba37f38e4c71,test,road_gate_scene,Traffic sign,test,https://farm2.staticflickr.com/116/255722752_a9833a98f7_o.jpg,https://www.flickr.com/photos/aturkus/255722752,https://creativecommons.org/licenses/by/2.0/,https://www.flickr.com/people/aturkus/,Alan Turkus,Wrong Way,4446084,Sks+Qr7EeWJcIhdHsgjRrA==,https://c2.staticflickr.com/1/116/255722752_a9833a98f7_z.jpg,0.0,open_images_v7,REAL,True,accepted_negative,1,True,license_plate,0
ce72f78cea3a5f3a,test,vehicle_no_visible_plate_candidate,Car,test,https://c3.staticflickr.com/7/6199/6049116789_332f123331_o.jpg,https://www.flickr.com/photos/time_anchor/6049116789/,https://creativecommons.org/licenses/by/2.0/,https://www.flickr.com/people/time_anchor/,time anchor,1913_ford_model-t_pie_wagon-2,2275399,hvGbdI0V02WhkBkfOk179Q==,https://c8.staticflickr.com/7/6199/6049116789_02f7c1b921_z.jpg,0.0,open_images_v7,REAL,True,accepted_negative,1,True,license_plate,0
ce8836de53d6b11e,validation,road_gate_scene,Traffic sign,validation,https://c7.staticflickr.com/2/1248/1373013253_4e9f691b7a_o.jpg,https://www.flickr.com/photos/sixteenmilesofstring/1373013253,https://creativecommons.org/licenses/by/2.0/,https://www.flickr.com/people/sixteenmilesofstring/,Timothy Vollmer,no cars here,3248461,rfPaRmqwKFN6OfzQHRR06A==,https://c7.staticflickr.com/2/1248/1373013253_e7ecd06ce9_z.jpg,0.0,open_images_v7,REAL,True,accepted_negative,1,True,license_plate,0
cf0537d98da9880b,test,vehicle_no_visible_plate_candidate,Car,test,https://c4.staticflickr.com/5/4023/4676641959_0d8e06b139_o.jpg,https://www.flickr.com/photos/pvilla/4676641959,https://creativecommons.org/licenses/by/2.0/,https://www.flickr.com/people/pvilla/,Pedro Villalobos,#EstuprodeGaya na Savassi,2493346,ba33TutezF74G7al2oX5yQ==,https://c8.staticflickr.com/5/4023/4676641959_47846a7b3e_z.jpg,0.0,open_images_v7,REAL,True,accepted_negative,2,True,license_plate,0
d017436a31753edb,test,road_gate_scene,Traffic sign,test,https://c4.staticflickr.com/9/8358/8375806676_81896a83c9_o.jpg,https://www.flickr.com/photos/raphaellove/8375806676,https://creativecommons.org/licenses/by/2.0/,https://www.flickr.com/people/raphaellove/,Raphael Love,Here is a sign,44975,BI50d8uvBjhSq3AM7d2eSw==,https://c3.staticflickr.com/9/8358/8375806676_339d5f79d8_z.jpg,0.0,open_images_v7,REAL,True,accepted_negative,1,True,license_plate,0
d06b043b38c6eb74,test,heavy_equipment_candidate,Truck,test,https://farm5.staticflickr.com/3490/3816828987_e73fda5b7c_o.jpg,https://www.flickr.com/photos/ctbto/3816828987,https://creativecommons.org/licenses/by/2.0/,https://www.flickr.com/people/ctbto/,The Official CTBTO Photostream,A CAT Transporting Vehicle,87509,D0oP29JYV1ey4bafBVzdZg==,https://c7.staticflickr.com/4/3490/3816828987_b4da947d88_z.jpg?zz=1,0.0,open_images_v7,REAL,True,accepted_negative,1,True,license_plate,0
d0ba28c223667863,test,vehicle_no_visible_plate_candidate,Car,test,https://farm4.staticflickr.com/6071/6073954012_a58482a0bd_o.jpg,https://www.flickr.com/photos/losmocanos/6073954012,https://creativecommons.org/licenses/by/2.0/,https://www.flickr.com/people/losmocanos/,LosMocanos.com,DSCF5043,182518,w3s6Xrv0ozfCjPXBo1oq5Q==,https://c1.staticflickr.com/7/6071/6073954012_3381d03784_z.jpg,0.0,open_images_v7,REAL,True,accepted_negative,1,True,license_plate,0
d149f8fd6f33910c,validation,road_gate_scene,Traffic sign,validation,https://c5.staticflickr.com/4/3128/2855261914_3f261977d7_o.jpg,https://www.flickr.com/photos/lehenbauer/2855261914,https://creativecommons.org/licenses/by/2.0/,https://www.flickr.com/people/lehenbauer/,karllehenbauer,Minor flooding near Cullen Park after Hurricane Ike,1651388,h3+VCtHS6aM1zhtFENgqsg==,https://c3.staticflickr.com/4/3128/2855261914_9e7ca52c88_z.jpg,0.0,open_images_v7,REAL,True,accepted_negative,1,True,license_plate,0
d1aca327d966d497,test,road_gate_scene,Stop sign,test,https://farm8.staticflickr.com/22/27773321_64d1a46a8c_o.jpg,https://www.flickr.com/photos/ajester/27773321/,https://creativecommons.org/licenses/by/2.0/,https://www.flickr.com/people/ajester/,Atom Jester,Stop!,70474,D+T81STLmghMahW7Pqm3Gg==,https://c1.staticflickr.com/1/22/27773321_64d1a46a8c_z.jpg?zz=1,0.0,open_images_v7,REAL,True,accepted_negative,1,True,license_plate,0
d1aeae8b927f8f80,test,vehicle_no_visible_plate_candidate,Motorcycle,test,https://farm1.staticflickr.com/4015/4571117484_d90c26c944_o.jpg,https://www.flickr.com/photos/chris_j_b/4571117484,https://creativecommons.org/licenses/by/2.0/,https://www.flickr.com/people/chris_j_b/,Chris Baird,Nowendoc Camp,194814,ZUAeTLqVdR23ggpsypsjIw==,https://c8.staticflickr.com/5/4015/4571117484_62506f2758_z.jpg,0.0,open_images_v7,REAL,True,accepted_negative,1,True,license_plate,0
d312827e5ebade91,test,vehicle_no_visible_plate_candidate,Car,test,https://farm2.staticflickr.com/46/160822092_a648eead25_o.jpg,https://www.flickr.com/photos/danielmorrison/160822092,https://creativecommons.org/licenses/by/2.0/,https://www.flickr.com/people/danielmorrison/,Daniel Morrison,Prepping to Leave,1798100,xByG/i5nPqQt3OHAAzp1nw==,https://c3.staticflickr.com/1/46/160822092_a648eead25_z.jpg,0.0,open_images_v7,REAL,True,accepted_negative,1,True,license_plate,0
d32dd202ccf68892,validation,heavy_equipment_candidate,Truck,validation,https://farm3.staticflickr.com/2162/2449039717_9ec65c374d_o.jpg,https://www.flickr.com/photos/indigoprime/2449039717,https://creativecommons.org/licenses/by/2.0/,https://www.flickr.com/people/indigoprime/,Nick Taylor,Mack Truck,115384,2EEFb3j6lo9pEd75YaHjzg==,https://c6.staticflickr.com/3/2162/2449039717_4c447dca71_z.jpg?zz=1,0.0,open_images_v7,REAL,True,accepted_negative,1,True,license_plate,0
d32f08bb9c63163d,test,vehicle_no_visible_plate_candidate,Car,test,https://c6.staticflickr.com/3/2910/14066976272_a3a84d4781_o.jpg,https://www.flickr.com/photos/curtsm/14066976272,https://creativecommons.org/licenses/by/2.0/,https://www.flickr.com/people/curtsm/,Curt Smith,2012 Audi S5 - just washed,1649488,j3yqIM1E/rMr5/NT89Qi7Q==,https://c7.staticflickr.com/3/2910/14066976272_2c464878a2_z.jpg,0.0,open_images_v7,REAL,True,accepted_negative,2,True,license_plate,0
d5125d469f4fca02,test,vehicle_no_visible_plate_candidate,Car,test,https://farm3.staticflickr.com/8008/7644347552_4a7f3a1d50_o.jpg,https://www.flickr.com/photos/shht/7644347552,https://creativecommons.org/licenses/by/2.0/,https://www.flickr.com/people/shht/,Miquel C.,Itàlia 2012,1844293,uJPS64cJ+67jxwdDfLPVzA==,https://c6.staticflickr.com/9/8008/7644347552_a6d1b64cab_z.jpg,0.0,open_images_v7,REAL,True,accepted_negative,1,True,license_plate,0
d5184b5a9db46890,test,heavy_equipment_candidate,Truck,test,https://farm1.staticflickr.com/8759/17947641538_6f519d97e8_o.jpg,https://www.flickr.com/photos/leunkstar/17947641538,https://creativecommons.org/licenses/by/2.0/,https://www.flickr.com/people/leunkstar/,Jasper,Reddingsbrigade Ouddorp,910051,S/OFyjk1Mo4YC7M81fxyIw==,https://c1.staticflickr.com/9/8759/17947641538_0d2b2eb831_z.jpg,0.0,open_images_v7,REAL,True,accepted_negative,1,True,license_plate,0
d578805ec96c3b59,test,road_gate_scene,Traffic sign,test,https://c2.staticflickr.com/4/3471/3802835600_41626c683a_o.jpg,https://www.flickr.com/photos/japharl/3802835600,https://creativecommons.org/licenses/by/2.0/,https://www.flickr.com/people/japharl/,japharl,big brother @ the tower.,3843029,fLGrE7HqmAbb67/aQhVizQ==,https://c6.staticflickr.com/4/3471/3802835600_46a8c59906_z.jpg,0.0,open_images_v7,REAL,True,accepted_negative,1,True,license_plate,0
d58c0cdf95e55f27,test,heavy_equipment_candidate,Truck,test,https://farm8.staticflickr.com/5701/21845042178_33246c409e_o.jpg,https://www.flickr.com/photos/61626678@N07/21845042178,https://creativecommons.org/licenses/by/2.0/,https://www.flickr.com/people/61626678@N07/,Joan Carles Torres,No acabo de pillar el concepto que se esconde tras esta estrategia publicitaria...,86673,Dkg/l8hkUtDSJ311oYddzA==,https://c3.staticflickr.com/6/5701/21845042178_1475bb9615_z.jpg,0.0,open_images_v7,REAL,True,accepted_negative,1,True,license_plate,0
d63795f89448fa77,test,vehicle_no_visible_plate_candidate,Car;Truck,test,https://farm8.staticflickr.com/7452/9707115458_6a718b00cf_o.jpg,https://www.flickr.com/photos/walterpro/9707115458,https://creativecommons.org/licenses/by/2.0/,https://www.flickr.com/people/walterpro/,Walter,DSC_4993_pp,2045061,NJ27RznpUhcJugMlwUN4CA==,https://c8.staticflickr.com/8/7452/9707115458_76c60d07df_z.jpg,0.0,open_images_v7,REAL,True,accepted_negative,1,True,license_plate,0
d6a128d44c67b126,test,heavy_equipment_candidate,Truck,test,https://farm7.staticflickr.com/7554/15138794854_b5b8e0d43a_o.jpg,https://www.flickr.com/photos/iblee/15138794854/,https://creativecommons.org/licenses/by/2.0/,https://www.flickr.com/people/iblee/,lee leblanc,Redbull mobile DJ,757583,e06Z6DOELMmbTk4slsnmdQ==,https://c7.staticflickr.com/8/7554/15138794854_612988a042_z.jpg,0.0,open_images_v7,REAL,True,accepted_negative,1,True,license_plate,0
d70bfa35c64a00c6,test,heavy_equipment_candidate,Truck,test,https://farm7.staticflickr.com/2551/3803290982_0f765b290e_o.jpg,https://www.flickr.com/photos/reneeviehmann/3803290982,https://creativecommons.org/licenses/by/2.0/,https://www.flickr.com/people/reneeviehmann/,Renee V,Lakeshore Inn & RV,3314372,OSu5zaelk1JeHmgHhyT8yg==,https://c6.staticflickr.com/3/2551/3803290982_06efc8528a_z.jpg,0.0,open_images_v7,REAL,True,accepted_negative,1,True,license_plate,0
d71a9e82a6cb405e,test,road_gate_scene,Stop sign,test,https://c7.staticflickr.com/4/3554/5779026033_9ea9d557bf_o.jpg,https://www.flickr.com/photos/giantsqurl/5779026033,https://creativecommons.org/licenses/by/2.0/,https://www.flickr.com/people/giantsqurl/,Nolan Williamson,Stop Sky,356636,wbG38w4uDy8H0/0akd7AaQ==,https://c1.staticflickr.com/4/3554/5779026033_0ffb504073_z.jpg,270.0,open_images_v7,REAL,True,accepted_negative,2,True,license_plate,0
d72f43a0e85d80f7,test,vehicle_no_visible_plate_candidate,Motorcycle,test,https://farm8.staticflickr.com/4133/4961305110_1d2b407cf4_o.jpg,https://www.flickr.com/photos/andreas63/4961305110,https://creativecommons.org/licenses/by/2.0/,https://www.flickr.com/people/andreas63/,Andreas März,20100905_0588_Jonathan Rea (Hannspree Ten Kate Honda),1837291,IIv3IFeRCApoig/LzXzY1g==,https://c7.staticflickr.com/5/4133/4961305110_4dfdf5f536_z.jpg,0.0,open_images_v7,REAL,True,accepted_negative,2,True,license_plate,0
d7cd1fbfdce359c1,test,people,Person,test,https://farm2.staticflickr.com/7314/16375480268_dd2f72979d_o.jpg,https://www.flickr.com/photos/snapuphoto/16375480268,https://creativecommons.org/licenses/by/2.0/,https://www.flickr.com/people/snapuphoto/,Will,SnowDayFeb1820152015021701687,1953819,Nyk6riYdppxetuLy3eG1pg==,https://c2.staticflickr.com/8/7314/16375480268_4906e73cc5_z.jpg,0.0,open_images_v7,REAL,True,accepted_negative,1,True,license_plate,0
d7f53caf2912bc62,validation,heavy_equipment_candidate,Truck,validation,https://farm3.staticflickr.com/1145/4599328887_919f648ac2_o.jpg,https://www.flickr.com/photos/artberri/4599328887,https://creativecommons.org/licenses/by/2.0/,https://www.flickr.com/people/artberri/,Alberto Varela,7º Trial Erandio 4x4,4562962,v/p//zjV2kRaCo2qHvywow==,https://c7.staticflickr.com/2/1145/4599328887_3f3716f4b3_z.jpg,0.0,open_images_v7,REAL,True,accepted_negative,2,True,license_plate,0
d7f5d90a47ef433a,test,road_gate_scene,Traffic sign,test,https://c3.staticflickr.com/4/3281/3805401631_b5ece631ef_o.jpg,https://www.flickr.com/photos/pointshoot/3805401631,https://creativecommons.org/licenses/by/2.0/,https://www.flickr.com/people/pointshoot/,Eddie~S,Yield Sign With Arrow,1271573,XrZt9+7FclFAclfmZn8h4g==,https://c5.staticflickr.com/4/3281/3805401631_c767dc1c91_z.jpg,0.0,open_images_v7,REAL,True,accepted_negative,1,True,license_plate,0
d8427d7c5d7ca2b9,test,heavy_equipment_candidate,Truck,test,https://c2.staticflickr.com/4/3614/3662840406_b9862a0b38_o.jpg,https://www.flickr.com/photos/88158121@N00/3662840406,https://creativecommons.org/licenses/by/2.0/,https://www.flickr.com/people/88158121@N00/,Louisiana Sea Grant College Program Louisiana State University,DSCF0657,3111558,jFtSE60ykMJjL6Xzcs+WoA==,https://c2.staticflickr.com/4/3614/3662840406_bc3c0fa048_z.jpg,0.0,open_images_v7,REAL,True,accepted_negative,1,True,license_plate,0
d94a6b2ca406b901,validation,vehicle_no_visible_plate_candidate,Car,validation,https://farm2.staticflickr.com/1/126924286_9a7adf1cca_o.jpg,https://www.flickr.com/photos/bigtallguy/126924286,https://creativecommons.org/licenses/by/2.0/,https://www.flickr.com/people/bigtallguy/,Paul Reynolds,FXCD0096,209527,v+I+sLTuhGasKqVQt+3WtA==,https://c8.staticflickr.com/1/1/126924286_9a7adf1cca_z.jpg?zz=1,0.0,open_images_v7,REAL,True,accepted_negative,2,True,license_plate,0
d96b7d7f1dcf3a5c,test,road_gate_scene,Traffic light,test,https://c5.staticflickr.com/1/230/525070433_aa3e6a0167_o.jpg,https://www.flickr.com/photos/jonnyhunter/525070433,https://creativecommons.org/licenses/by/2.0/,https://www.flickr.com/people/jonnyhunter/,Jonny Hunter,"Gas prices, fuck yeah!!!",113492,NSYlddsYakCfwRdFAD3mQA==,https://c3.staticflickr.com/1/230/525070433_8b8a70468c_z.jpg?zz=1,,open_images_v7,REAL,True,accepted_negative,1,True,license_plate,0
da5523ace6ba9635,validation,road_gate_scene,Traffic sign,validation,https://farm6.staticflickr.com/3556/3407502687_c2ca9ffa43_o.jpg,https://www.flickr.com/photos/sterlic/3407502687,https://creativecommons.org/licenses/by/2.0/,https://www.flickr.com/people/sterlic/,Scott Akerman,Handicap Sign,868077,SwHslzxGCFbyQB78CKQBMw==,https://c6.staticflickr.com/4/3556/3407502687_1726b86308_z.jpg,0.0,open_images_v7,REAL,True,accepted_negative,2,True,license_plate,0
dae81f70ddcef155,validation,road_gate_scene,Traffic sign,validation,https://farm6.staticflickr.com/7075/7168998354_b9bfd42a73_o.jpg,https://www.flickr.com/photos/countylemonade/7168998354,https://creativecommons.org/licenses/by/2.0/,https://www.flickr.com/people/countylemonade/,Garrett,southbound I-215 — at 3900 South (exit 4),4652872,iz4sXTIL+jT85tgK6TJgZQ==,https://c5.staticflickr.com/8/7075/7168998354_4e70562341_z.jpg,0.0,open_images_v7,REAL,True,accepted_negative,1,True,license_plate,0
daf274a511b8742c,test,vehicle_no_visible_plate_candidate,Car,test,https://c5.staticflickr.com/8/7745/17327395646_129f94d5d6_o.jpg,https://www.flickr.com/photos/grahammitchellphotography/17327395646,https://creativecommons.org/licenses/by/2.0/,https://www.flickr.com/people/grahammitchellphotography/,Graham  Mitchell,Jaguar at Silverstone 2014,7197176,IZF1dvTNmrTk4XV41CwUfw==,https://c8.staticflickr.com/8/7745/17327395646_cd05f44d1b_z.jpg,0.0,open_images_v7,REAL,True,accepted_negative,1,True,license_plate,0
db282a6860959cab,test,heavy_equipment_candidate,Truck,test,https://c4.staticflickr.com/6/5592/14670834682_a2595e088c_o.jpg,https://www.flickr.com/photos/76969036@N02/14670834682,https://creativecommons.org/licenses/by/2.0/,https://www.flickr.com/people/76969036@N02/,David Guo,Toyota Tundra 2010,52182,qSt3DhwT4ItHBM0pSbKnbQ==,,,open_images_v7,REAL,True,accepted_negative,2,True,license_plate,0
dbc95fea78b63ae1,test,road_gate_scene,Traffic sign,test,https://farm2.staticflickr.com/7316/12481830785_edb2e6af22_o.jpg,https://www.flickr.com/photos/fran001/12481830785,https://creativecommons.org/licenses/by/2.0/,https://www.flickr.com/people/fran001/,Francisco Anzola,Cool your jets,9175286,OPuXaQibuCvwCMTwJkb3Tg==,https://c3.staticflickr.com/8/7316/12481830785_d36b634079_z.jpg,0.0,open_images_v7,REAL,True,accepted_negative,1,True,license_plate,0
dc65b7e42f057a82,test,road_gate_scene,Traffic light,test,https://farm3.staticflickr.com/3156/2672183987_055a6c74e9_o.jpg,https://www.flickr.com/photos/24477168@N00/2672183987,https://creativecommons.org/licenses/by/2.0/,https://www.flickr.com/people/24477168@N00/,Vitor D&#x27;Agnoluzzo,Cuidado com o &quot;amarelo piscante&quot;!,239045,FR1m8/PLKmtocxUSatRB7Q==,https://c8.staticflickr.com/4/3156/2672183987_fd80303ede_z.jpg?zz=1,0.0,open_images_v7,REAL,True,accepted_negative,1,True,license_plate,0
dc6fb3b457f0acc5,test,vehicle_no_visible_plate_candidate,Car,test,https://farm6.staticflickr.com/8443/7933254094_c1823dc2da_o.jpg,https://www.flickr.com/photos/infrogmation/7933254094,https://creativecommons.org/licenses/by/2.0/,https://www.flickr.com/people/infrogmation/,Infrogmation of New Orleans,Isaac St Charles Tree Trunk on Car Trunk,2449457,K1Wz4yxHzMVaNSf9tHsaYw==,https://c3.staticflickr.com/9/8443/7933254094_a06e9616c8_z.jpg,0.0,open_images_v7,REAL,True,accepted_negative,1,True,license_plate,0
dde9828bc53087c2,test,road_gate_scene,Traffic light,test,https://farm3.staticflickr.com/4085/4981055186_dd9b4f1934_o.jpg,https://www.flickr.com/photos/larkander/4981055186,https://creativecommons.org/licenses/by/2.0/,https://www.flickr.com/people/larkander/,Johan  Larkander,[The story of my life],874889,ccTz8vIkalLGjAfFgX6B7w==,https://c8.staticflickr.com/5/4085/4981055186_c3fe510dd9_z.jpg,0.0,open_images_v7,REAL,True,accepted_negative,1,True,license_plate,0
de282a1f2e13b254,test,road_gate_scene,Traffic light,test,https://farm5.staticflickr.com/32/62400988_b8d3bf6234_o.jpg,https://www.flickr.com/photos/barto/62400988,https://creativecommons.org/licenses/by/2.0/,https://www.flickr.com/people/barto/,barto,Stop!,200551,SbIlzU8m5c5TGvVmiTszlQ==,https://c8.staticflickr.com/1/32/62400988_b8d3bf6234_z.jpg,0.0,open_images_v7,REAL,True,accepted_negative,1,True,license_plate,0
de85e455d6f28d16,test,road_gate_scene,Stop sign,test,https://farm7.staticflickr.com/5224/5730151075_db0eab5fa1_o.jpg,https://www.flickr.com/photos/xlivexalivex/5730151075,https://creativecommons.org/licenses/by/2.0/,https://www.flickr.com/people/xlivexalivex/,Alexa LaSpisa,Do not enter.,7201910,9lnfGrOM3KujCSRiAwUFtw==,https://c5.staticflickr.com/6/5224/5730151075_e11cb22a90_z.jpg,0.0,open_images_v7,REAL,True,accepted_negative,2,True,license_plate,0
df21ace44af178b2,test,vehicle_no_visible_plate_candidate,Car,test,https://farm3.staticflickr.com/3779/9536347825_6bdca2d7bf_o.jpg,https://www.flickr.com/photos/85936767@N08/9536347825,https://creativecommons.org/licenses/by/2.0/,https://www.flickr.com/people/85936767@N08/,Mike Mkiv,Golf 5 GTi on Ultralow suspensions,977971,m2vfjbprNGJEOvJQ+17lhA==,https://c7.staticflickr.com/4/3779/9536347825_22960ccfaf_z.jpg,0.0,open_images_v7,REAL,True,accepted_negative,1,True,license_plate,0
df3578d86e6ce6b2,test,road_gate_scene,Stop sign;Traffic sign,test,https://farm3.staticflickr.com/3026/2578105252_f56be2f2c0_o.jpg,https://www.flickr.com/photos/20179579@N00/2578105252,https://creativecommons.org/licenses/by/2.0/,https://www.flickr.com/people/20179579@N00/,Michel Ngilen,Flood waters at Birdland Marina & Union Park,1521704,Fo4L6oyUIfnh+aHkCbwN/w==,https://c2.staticflickr.com/4/3026/2578105252_0bfff2a5b4_z.jpg,0.0,open_images_v7,REAL,True,accepted_negative,1,True,license_plate,0
df95828824c71f80,validation,heavy_equipment_candidate,Truck,validation,https://farm1.staticflickr.com/701/22149049412_59bc42cf0f_o.jpg,https://www.flickr.com/photos/126433814@N04/22149049412,https://creativecommons.org/licenses/by/2.0/,https://www.flickr.com/people/126433814@N04/,Jeremy,Land Rover Series IIA?,8021874,290C8TO1WVqYLK3yzj9Ysw==,https://c5.staticflickr.com/1/701/22149049412_ea3f046e4f_z.jpg,0.0,open_images_v7,REAL,True,accepted_negative,1,True,license_plate,0
dfa08879f9bec004,test,vehicle_no_visible_plate_candidate,Car,test,https://farm5.staticflickr.com/4016/4349471151_50541251b8_o.jpg,https://www.flickr.com/photos/8058098@N07/4349471151,https://creativecommons.org/licenses/by/2.0/,https://www.flickr.com/people/8058098@N07/,nakhon100,Maserati 300 S,774788,nhxJ/MMZDZXE6u/YzNsLHA==,https://c6.staticflickr.com/5/4016/4349471151_3b31219e87_z.jpg,0.0,open_images_v7,REAL,True,accepted_negative,2,True,license_plate,0
e060bb09b4f825e1,test,road_gate_scene,Stop sign,test,https://farm2.staticflickr.com/4142/4790424717_c2b573425d_o.jpg,https://www.flickr.com/photos/danielmarchese/4790424717,https://creativecommons.org/licenses/by/2.0/,https://www.flickr.com/people/danielmarchese/,Daniel Marchese,Stop Sign Old Farts Crossing Nature Scenic,2446707,mI8feGOweokiZWPR/7uzfQ==,https://c1.staticflickr.com/5/4142/4790424717_ceb30438d3_z.jpg,0.0,open_images_v7,REAL,True,accepted_negative,1,True,license_plate,0
e097ac2afc6800ca,test,vehicle_no_visible_plate_candidate,Car,test,https://c3.staticflickr.com/7/6142/6005028795_2e6d249cdc_o.jpg,https://www.flickr.com/photos/50823081@N08/6005028795,https://creativecommons.org/licenses/by/2.0/,https://www.flickr.com/people/50823081@N08/,koorosh B,k00r0shBPhotoGraphy,527462,DWKArvyYRwv4K1oUkmg/2A==,https://c8.staticflickr.com/7/6142/6005028795_bbc40af521_z.jpg,0.0,open_images_v7,REAL,True,accepted_negative,1,True,license_plate,0
e09e5523a16c2cc1,test,vehicle_no_visible_plate_candidate,Car;Truck,test,https://farm2.staticflickr.com/4026/4342670494_3cd1f26d7d_o.jpg,https://www.flickr.com/photos/wwworks/4342670494,https://creativecommons.org/licenses/by/2.0/,https://www.flickr.com/people/wwworks/,woodleywonderworks,snowmaggedon: mr plow,4506343,k++xbvpdDKipPLCc/2qAkw==,https://c6.staticflickr.com/5/4026/4342670494_3da7884e4a_z.jpg,0.0,open_images_v7,REAL,True,accepted_negative,1,True,license_plate,0
e0f6bdc5e2e340b6,test,road_gate_scene,Traffic sign,test,https://farm7.staticflickr.com/8345/8213208725_43846a009f_o.jpg,https://www.flickr.com/photos/eamoncurry/8213208725,https://creativecommons.org/licenses/by/2.0/,https://www.flickr.com/people/eamoncurry/,Eamon Curry,"Cattle Grid, Ladyhole Lane, Yeldersley, Derbyshire",1159384,vwnbIIG+LZ/iQBrWXkTDug==,https://c4.staticflickr.com/9/8345/8213208725_d0a93ffebd_z.jpg,,open_images_v7,REAL,True,accepted_negative,1,True,license_plate,0
e16e10c1616cf86a,validation,vehicle_no_visible_plate_candidate,Car,validation,https://c3.staticflickr.com/2/1415/818629710_84b221cdc6_o.jpg,https://www.flickr.com/photos/hisgett/818629710,https://creativecommons.org/licenses/by/2.0/,https://www.flickr.com/people/hisgett/,Tony Hisgett,Aston Martin DBR9 LMGT1 009,1278751,uz6Xc5nN+uhmyWht/z6apw==,https://c1.staticflickr.com/2/1415/818629710_33f234dc16_z.jpg,0.0,open_images_v7,REAL,True,accepted_negative,1,True,license_plate,0
e1b19352e4432f9e,test,road_gate_scene,Stop sign;Traffic sign,test,https://c7.staticflickr.com/5/4021/4357954571_a9292cdd42_o.jpg,https://www.flickr.com/photos/amitp/4357954571,https://creativecommons.org/licenses/by/2.0/,https://www.flickr.com/people/amitp/,Amit Patel,Solar powered stop sign,1423325,sRzLKzN25TBKnrm/lMgGUg==,https://c8.staticflickr.com/5/4021/4357954571_e31552757c_z.jpg,0.0,open_images_v7,REAL,True,accepted_negative,1,True,license_plate,0
e25f3f8d35124f5c,test,heavy_equipment_candidate,Truck,test,https://c5.staticflickr.com/1/198/496522116_412a51373c_o.jpg,https://www.flickr.com/photos/digitoxin/496522116,https://creativecommons.org/licenses/by/2.0/,https://www.flickr.com/people/digitoxin/,Digitoxin,feuerwehrgeburtstag_1082,264824,LWAytU+mSBJrfmCcpfgSNQ==,https://c1.staticflickr.com/1/198/496522116_aafc916a0d_z.jpg?zz=1,,open_images_v7,REAL,True,accepted_negative,1,True,license_plate,0
e2df655e7ff3d0f3,test,heavy_equipment_candidate,Truck,test,https://farm4.staticflickr.com/1136/888052059_e986c5737c_o.jpg,https://www.flickr.com/photos/armymaterielcommand/888052059,https://creativecommons.org/licenses/by/2.0/,https://www.flickr.com/people/armymaterielcommand/,U.S. Army Materiel Command,2006 Army's Greatest Inventions,137809,RR+O/3+Tb+qycuwFrA33Ow==,,,open_images_v7,REAL,True,accepted_negative,1,True,license_plate,0
e62ca87d5d4ddcdb,test,road_gate_scene,Traffic sign,test,https://c4.staticflickr.com/1/104/300145020_048607fd28_o.jpg,https://www.flickr.com/photos/luton/300145020,https://creativecommons.org/licenses/by/2.0/,https://www.flickr.com/people/luton/,John Luton,text stencil bike lane n saanich,127254,bHU2og1SmSzHTSH9wxpQjA==,https://c3.staticflickr.com/1/104/300145020_048607fd28_z.jpg?zz=1,0.0,open_images_v7,REAL,True,accepted_negative,2,True,license_plate,0
e64aa203ae60808c,test,barrier_background,Building,test,https://c5.staticflickr.com/3/2600/4158022441_b3274c2c8f_o.jpg,https://www.flickr.com/photos/jdickert/4158022441,https://creativecommons.org/licenses/by/2.0/,https://www.flickr.com/people/jdickert/,ilovebutter,Snow!,177250,2SgPRADGOdjv3X+oy0P4pA==,https://c2.staticflickr.com/3/2600/4158022441_cd9cc0264f_z.jpg?zz=1,0.0,open_images_v7,REAL,True,accepted_negative,1,True,license_plate,0
e702e166acb6c39c,test,heavy_equipment_candidate,Truck,test,https://c5.staticflickr.com/6/5300/5453746968_6f341af106_o.jpg,https://www.flickr.com/photos/garryknight/5453746968,https://creativecommons.org/licenses/by/2.0/,https://www.flickr.com/people/garryknight/,Garry Knight,Facelift,2777434,51JCYRLVI5eqFmqRijRlIA==,https://c4.staticflickr.com/6/5300/5453746968_c7daa1f79d_z.jpg,0.0,open_images_v7,REAL,True,accepted_negative,1,True,license_plate,0
e86eaa23da78ed96,test,vehicle_no_visible_plate_candidate,Van,test,https://farm7.staticflickr.com/3419/3788063811_f9c70bb21c_o.jpg,https://www.flickr.com/photos/cherrysweetdeal/3788063811,https://creativecommons.org/licenses/by/2.0/,https://www.flickr.com/people/cherrysweetdeal/,Cherrysweetdeal,IMG_3610,3396397,30ur/fSKVwrNxAAinwibCA==,https://c7.staticflickr.com/4/3419/3788063811_d02cdf457e_z.jpg,0.0,open_images_v7,REAL,True,accepted_negative,1,True,license_plate,0
e883a07c908b91c9,test,vehicle_no_visible_plate_candidate,Car,test,https://c2.staticflickr.com/8/7522/15804413555_832cb2bb86_o.jpg,https://www.flickr.com/photos/119886413@N05/15804413555,https://creativecommons.org/licenses/by/2.0/,https://www.flickr.com/people/119886413@N05/,amateur photography by michel,"2015 Porsche 911 Turbo - $166,325 USD",3780894,GC9ATA1qRxUY4GhulguZ3Q==,https://c2.staticflickr.com/8/7522/15804413555_05b694c23c_z.jpg,,open_images_v7,REAL,True,accepted_negative,1,True,license_plate,0
ea734c5db88ebc29,test,vehicle_no_visible_plate_candidate,Car,test,https://c2.staticflickr.com/1/154/345474009_01caa201f2_o.jpg,https://www.flickr.com/photos/36846584@N00/345474009,https://creativecommons.org/licenses/by/2.0/,https://www.flickr.com/people/36846584@N00/,m7mmed,SHO raykom bel H3,216964,8uhxJvZMl45pKyWJqEcdrQ==,https://c3.staticflickr.com/1/154/345474009_01caa201f2_z.jpg?zz=1,0.0,open_images_v7,REAL,True,accepted_negative,1,True,license_plate,0
ea8c16e99398a2ed,test,heavy_equipment_candidate,Truck,test,https://c6.staticflickr.com/4/3295/3152598597_648807dc2e_o.jpg,https://www.flickr.com/photos/agwagon/3152598597,https://creativecommons.org/licenses/by/2.0/,https://www.flickr.com/people/agwagon/,christopher goodband,Ford Truck,60388,f5Po9dASCYi6JMKPM7X9Sw==,https://c6.staticflickr.com/4/3295/3152598597_bc0d02a0cd_z.jpg?zz=1,0.0,open_images_v7,REAL,True,accepted_negative,2,True,license_plate,0
eaaedc847347df2f,test,road_gate_scene,Traffic light,test,https://c8.staticflickr.com/3/2588/4057519523_6337edb722_o.jpg,https://www.flickr.com/photos/alexandersalas/4057519523,https://creativecommons.org/licenses/by/2.0/,https://www.flickr.com/people/alexandersalas/,Alexander Salas,Lamparas a Leds fabricadas en la compañia.,280179,MObMhrMW0Q2nf58pKjAlzQ==,https://c4.staticflickr.com/3/2588/4057519523_d2cf42ddd6_z.jpg,,open_images_v7,REAL,True,accepted_negative,1,True,license_plate,0
eadfa36847d10308,test,road_gate_scene,Traffic light,test,https://c1.staticflickr.com/9/8056/8116685501_0c53bf3e6c_o.jpg,https://www.flickr.com/photos/joaoornelas/8116685501,https://creativecommons.org/licenses/by/2.0/,https://www.flickr.com/people/joaoornelas/,joão ornelas,P1013841,1385226,Hh0QduhMVm0qcf9rg6lIkQ==,https://c6.staticflickr.com/9/8056/8116685501_5f00b280ea_z.jpg,0.0,open_images_v7,REAL,True,accepted_negative,1,True,license_plate,0
eaff4ea720f4181e,test,road_gate_scene,Traffic sign,test,https://c7.staticflickr.com/7/6020/6013710255_7bff3ac4b9_o.jpg,https://www.flickr.com/photos/thedailyenglishshow/6013710255,https://creativecommons.org/licenses/by/2.0/,https://www.flickr.com/people/thedailyenglishshow/,studio tdes,Fire Ban Sign,3022960,Fb7U15CeAxh8+ZgZoE/kLQ==,https://c6.staticflickr.com/7/6020/6013710255_31e05602c7_z.jpg,0.0,open_images_v7,REAL,True,accepted_negative,1,True,license_plate,0
eb522e0413ec310e,test,vehicle_no_visible_plate_candidate,Car,test,https://c7.staticflickr.com/8/7377/8947809071_884a9abdea_o.jpg,https://www.flickr.com/photos/jasoncartwright/8947809071,https://creativecommons.org/licenses/by/2.0/,https://www.flickr.com/people/jasoncartwright/,Jason Cartwright,Citroën DS,2691491,5YJcodLxVNc0KxAGbV4ipQ==,https://c4.staticflickr.com/8/7377/8947809071_a860567525_z.jpg,0.0,open_images_v7,REAL,True,accepted_negative,1,True,license_plate,0
ebede1868c5bf5d9,test,heavy_equipment_candidate,Truck,test,https://c2.staticflickr.com/2/1207/1439645280_b84cf042e1_o.jpg,https://www.flickr.com/photos/billgarrett-newagecrap/1439645280,https://creativecommons.org/licenses/by/2.0/,https://www.flickr.com/people/billgarrett-newagecrap/,William Garrett,Rescue Squad,2137368,LeezOcnBU37dDntiWChutQ==,https://c2.staticflickr.com/2/1207/1439645280_00bbc94076_z.jpg,0.0,open_images_v7,REAL,True,accepted_negative,1,True,license_plate,0
ecf4ae7cbd10512a,test,vehicle_no_visible_plate_candidate,Car,test,https://c3.staticflickr.com/7/6127/5941735347_19d6dd5ea9_o.jpg,https://www.flickr.com/photos/quinet/5941735347,https://creativecommons.org/licenses/by/2.0/,https://www.flickr.com/people/quinet/,Thomas Quine,Model A coup red,5387389,sTWnD7lUl/dYwvrWeySQqA==,https://c3.staticflickr.com/7/6127/5941735347_5d7f61b2ed_z.jpg,0.0,open_images_v7,REAL,True,accepted_negative,1,True,license_plate,0
ed53e8a904237c5a,test,heavy_equipment_candidate,Truck,test,https://c3.staticflickr.com/5/4055/4358302423_0c51c5dbe6_o.jpg,https://www.flickr.com/photos/jorge-11/4358302423,https://creativecommons.org/licenses/by/2.0/,https://www.flickr.com/people/jorge-11/,George M. Groutas,Baneasa Airport,3020626,Z7atG8kPeNof1p6Maa3JaQ==,https://c8.staticflickr.com/5/4055/4358302423_5fe474cef9_z.jpg,0.0,open_images_v7,REAL,True,accepted_negative,1,True,license_plate,0
edd80d0702b7ac29,test,heavy_equipment_candidate,Truck,test,https://c2.staticflickr.com/6/5343/6951510466_7c683834af_o.jpg,https://www.flickr.com/photos/stradablog/6951510466,https://creativecommons.org/licenses/by/2.0/,https://www.flickr.com/people/stradablog/,Tino Rossini,Lift,314030,DXSfFeaTrovDPZ+Xx2yubg==,https://c4.staticflickr.com/6/5343/6951510466_da41d6b8a4_z.jpg,0.0,open_images_v7,REAL,True,accepted_negative,1,True,license_plate,0
ee0505f54863a31c,test,road_gate_scene,Traffic light,test,https://c5.staticflickr.com/7/6168/6187050450_e5b2557718_o.jpg,https://www.flickr.com/photos/thedigitelmyr/6187050450,https://creativecommons.org/licenses/by/2.0/,https://www.flickr.com/people/thedigitelmyr/,Myrtle Beach TheDigitel,"Plyler Park, Joe White Avenue",1925424,TtHXeQ5U/IklsQ+C7bnZoA==,https://c5.staticflickr.com/7/6168/6187050450_feb5443204_z.jpg,,open_images_v7,REAL,True,accepted_negative,1,True,license_plate,0
ee267b62fd17a9b1,validation,road_gate_scene,Traffic light,validation,https://farm2.staticflickr.com/3416/4646111711_5d1938b583_o.jpg,https://www.flickr.com/photos/brad_holt/4646111711/,https://creativecommons.org/licenses/by/2.0/,https://www.flickr.com/people/brad_holt/,Brad Holt,"Baby Grant Experience, Day 2.  The hospital is on Grant ST.  Yeah, that's pretty awesome.",253976,w+ax9DF9J2oPVaaefGbveA==,https://c2.staticflickr.com/4/3416/4646111711_9736ede7fe_z.jpg,,open_images_v7,REAL,True,accepted_negative,1,True,license_plate,0
eebf7f7bcb23447f,validation,barrier_background,Building,validation,https://c8.staticflickr.com/3/2134/2316954534_4d3366c37f_o.jpg,https://www.flickr.com/photos/atelier_flir/2316954534,https://creativecommons.org/licenses/by/2.0/,https://www.flickr.com/people/atelier_flir/,Timothy Brown,Int'l Financial Centre,850085,wnWlEj+u1TyDqh81/X0apQ==,https://c3.staticflickr.com/3/2134/2316954534_8c7fa08d9b_z.jpg,0.0,open_images_v7,REAL,True,accepted_negative,1,True,license_plate,0
efaa0ce551058199,test,road_gate_scene,Stop sign,test,https://c2.staticflickr.com/9/8429/7729300102_d2feea647b_o.jpg,https://www.flickr.com/photos/84388958@N03/7729300102,https://creativecommons.org/licenses/by/2.0/,https://www.flickr.com/people/84388958@N03/,Clover Autrey,stop sign,1659387,i2AQR1tlxNzcc8uHy/7hiw==,https://c7.staticflickr.com/9/8429/7729300102_2b4b747048_z.jpg,0.0,open_images_v7,REAL,True,accepted_negative,1,True,license_plate,0
efac4488147bcaa4,test,road_gate_scene,Traffic sign,test,https://farm5.staticflickr.com/5164/5379169074_51cd336fb2_o.jpg,https://www.flickr.com/photos/yourbartender/5379169074,https://creativecommons.org/licenses/by/2.0/,https://www.flickr.com/people/yourbartender/,Tomi Knuutila,Stadin kebabilla on oma kaista,4123549,lT0W3o6Sr2WRO81pehyV+w==,https://c7.staticflickr.com/6/5164/5379169074_e2e2a1853f_z.jpg,0.0,open_images_v7,REAL,True,accepted_negative,1,True,license_plate,0
f0558a707152ff49,test,vehicle_no_visible_plate_candidate,Car,test,https://c2.staticflickr.com/3/2050/2496327138_3b8a6844f7_o.jpg,https://www.flickr.com/photos/scjn/2496327138,https://creativecommons.org/licenses/by/2.0/,https://www.flickr.com/people/scjn/,~Pawsitive~Candie_N,small car,636611,89sdliE6s0czKFuls9F0ZA==,https://c2.staticflickr.com/3/2050/2496327138_14844c28ff_z.jpg?zz=1,0.0,open_images_v7,REAL,True,accepted_negative,1,True,license_plate,0
f11843108e91e463,test,vehicle_no_visible_plate_candidate,Car,test,https://farm4.staticflickr.com/3633/3331867987_e87b1f3cf5_o.jpg,https://www.flickr.com/photos/plushev/3331867987,https://creativecommons.org/licenses/by/2.0/,https://www.flickr.com/people/plushev/,Alexander Plushev,CadillakCRX-50,1684151,cDkv/eK/cEpcXnVaV/LsfQ==,https://c3.staticflickr.com/4/3633/3331867987_a8085282d5_z.jpg,0.0,open_images_v7,REAL,True,accepted_negative,1,True,license_plate,0
f135d16c281fe649,validation,vehicle_no_visible_plate_candidate,Motorcycle,validation,https://c2.staticflickr.com/3/2389/2271806940_8fcbb6504b_o.jpg,https://www.flickr.com/photos/barretthall/2271806940,https://creativecommons.org/licenses/by/2.0/,https://www.flickr.com/people/barretthall/,popofatticus,dawg hawg,1895659,4Xpe6EwpbieGXwjPGRyNwA==,https://c8.staticflickr.com/3/2389/2271806940_e8c1ef8d0d_z.jpg,0.0,open_images_v7,REAL,True,accepted_negative,2,True,license_plate,0
f172a83198d21d73,validation,text_like_object,Billboard,validation,https://farm4.staticflickr.com/6024/5981415746_f7002612fa_o.jpg,https://www.flickr.com/photos/nicole_beauchamp/5981415746,https://creativecommons.org/licenses/by/2.0/,https://www.flickr.com/people/nicole_beauchamp/,Nicole  Beauchamp,....where in #Manhattan is this ? .....#nycre,73358,rA6MxRlnTZmuFK/yPxMp9g==,https://c5.staticflickr.com/7/6024/5981415746_8d2e02afc3_z.jpg,0.0,open_images_v7,REAL,True,accepted_negative,1,True,license_plate,0
f2a36b38b5a79be1,test,heavy_equipment_candidate,Truck,test,https://farm2.staticflickr.com/7623/16586463488_4ac7b8d1ce_o.jpg,https://www.flickr.com/photos/bluespringsfordparts/16586463488,https://creativecommons.org/licenses/by/2.0/,https://www.flickr.com/people/bluespringsfordparts/,Kyle Harris,Ford #F150 owners - what are...,136061,gfleV6brT7u5jYrYQOfqvw==,https://c6.staticflickr.com/8/7623/16586463488_ebdfe67bbd_z.jpg,0.0,open_images_v7,REAL,True,accepted_negative,1,True,license_plate,0
f4848b3aaa36e581,test,vehicle_no_visible_plate_candidate,Car,test,https://farm2.staticflickr.com/2266/2186735163_5a2ac5a412_o.jpg,https://www.flickr.com/photos/borkurdotnet/2186735163,https://creativecommons.org/licenses/by/2.0/,https://www.flickr.com/people/borkurdotnet/,Börkur Sigurbjörnsson,Reflection reflected,2265205,h9A/bpsHgekdy42/Hfr9yA==,https://c8.staticflickr.com/3/2266/2186735163_3c970afbc1_z.jpg,0.0,open_images_v7,REAL,True,accepted_negative,1,True,license_plate,0
f4a14ed159d9a251,test,road_gate_scene,Traffic light,test,https://farm2.staticflickr.com/3409/3607773297_5dc03c4458_o.jpg,https://www.flickr.com/photos/kecko/3607773297,https://creativecommons.org/licenses/by/2.0/,https://www.flickr.com/people/kecko/,Kecko,Swiss Traffic Light,3973689,mPDhN1BvA43qExg0v/+hUg==,https://c4.staticflickr.com/4/3409/3607773297_529b778bb2_z.jpg,0.0,open_images_v7,REAL,True,accepted_negative,1,True,license_plate,0
f50eb6df345f4455,test,people,Person,test,https://farm6.staticflickr.com/3799/8752396553_85fe84d8d5_o.jpg,https://www.flickr.com/photos/plong/8752396553,https://creativecommons.org/licenses/by/2.0/,https://www.flickr.com/people/plong/,Paul Long,DSC_0428,4847065,LRxWbheAwbV5VGkQH6jEPQ==,https://c5.staticflickr.com/4/3799/8752396553_da7044a889_z.jpg,0.0,open_images_v7,REAL,True,accepted_negative,1,True,license_plate,0
f5c34a3ee9a0860f,test,road_gate_scene,Traffic light;Traffic sign,test,https://c8.staticflickr.com/5/4093/4771833690_31406e221f_o.jpg,https://www.flickr.com/photos/angelatchou/4771833690,https://creativecommons.org/licenses/by/2.0/,https://www.flickr.com/people/angelatchou/,Wei Tchou,Georgetown jokes,320010,OwKvJo5ExNL+PlFGguXLmA==,https://c1.staticflickr.com/5/4093/4771833690_23ebe98429_z.jpg,270.0,open_images_v7,REAL,True,accepted_negative,1,True,license_plate,0
f6199f9633be7c5d,test,road_gate_scene,Stop sign,test,https://c6.staticflickr.com/9/8099/8558004459_b26a35f574_o.jpg,https://www.flickr.com/photos/chadcooperphotos/8558004459,https://creativecommons.org/licenses/by/2.0/,https://www.flickr.com/people/chadcooperphotos/,Chad  Cooper,STOP,2436785,DzWS23Op/TSa3XnSZF9GNA==,https://c3.staticflickr.com/9/8099/8558004459_5a60d771d9_z.jpg,0.0,open_images_v7,REAL,True,accepted_negative,1,True,license_plate,0
f624774bd981840f,test,vehicle_no_visible_plate_candidate,Car,test,https://c8.staticflickr.com/6/5304/5640319879_1e1fc6b91f_o.jpg,https://www.flickr.com/photos/faceme/5640319879,https://creativecommons.org/licenses/by/2.0/,https://www.flickr.com/people/faceme/,FaceMePLS,Bugatti Veyron 16.4 Coupé Sang Noir,225061,QpNctQ+kqiq4gK6wAbMtZQ==,https://c1.staticflickr.com/6/5304/5640319879_7f5446c02d_z.jpg,0.0,open_images_v7,REAL,True,accepted_negative,1,True,license_plate,0
f68812e9361f50cf,test,vehicle_no_visible_plate_candidate,Car,test,https://c8.staticflickr.com/3/2414/2102896879_d90471e6d8_o.jpg,https://www.flickr.com/photos/brokentrinkets/2102896879,https://creativecommons.org/licenses/by/2.0/,https://www.flickr.com/people/brokentrinkets/,Ben Becker,Bumblebee Camaro,333056,7GBsYCFNCFWO4tDkoezsiQ==,https://c4.staticflickr.com/3/2414/2102896879_11f691f467_z.jpg,0.0,open_images_v7,REAL,True,accepted_negative,1,True,license_plate,0
f70c970567d702a9,validation,vehicle_no_visible_plate_candidate,Car,validation,https://c2.staticflickr.com/9/8806/16933711359_bfe76fe285_o.jpg,https://www.flickr.com/photos/jjmusgrove/16933711359,https://creativecommons.org/licenses/by/2.0/,https://www.flickr.com/people/jjmusgrove/,jjmusgrove,Model T Ford,7250483,pKKHed4RwDcIERACYaTdDA==,https://c6.staticflickr.com/9/8806/16933711359_eff2a2f745_z.jpg,0.0,open_images_v7,REAL,True,accepted_negative,1,True,license_plate,0
f7a16c91967b3acc,test,vehicle_no_visible_plate_candidate,Car,test,https://c5.staticflickr.com/9/8051/8451084256_d3e75f29fe_o.jpg,https://www.flickr.com/photos/antonstetner/8451084256,https://creativecommons.org/licenses/by/2.0/,https://www.flickr.com/people/antonstetner/,Anton Stetner,2014 BMW M6 Gran Coupe Front,4885462,tFzxO8IuMjQlNc0HFQe00g==,https://c7.staticflickr.com/9/8051/8451084256_8f1a104788_z.jpg,0.0,open_images_v7,REAL,True,accepted_negative,1,True,license_plate,0
f7d0a47b8ce69bf6,test,heavy_equipment_candidate,Truck,test,https://farm7.staticflickr.com/4067/4564218860_c98d8cc3f9_o.jpg,https://www.flickr.com/photos/jeffsand/4564218860,https://creativecommons.org/licenses/by/2.0/,https://www.flickr.com/people/jeffsand/,Jeff Sandquist,dumping 3 yards of clay,441141,LhdMsdDP82KK965vU8Kwfw==,https://c5.staticflickr.com/5/4067/4564218860_bf791d199d_z.jpg,0.0,open_images_v7,REAL,True,accepted_negative,1,True,license_plate,0
f7d3debc26db6ae8,test,vehicle_no_visible_plate_candidate,Car,test,https://c1.staticflickr.com/6/5143/5747730691_39e41469c7_o.jpg,https://www.flickr.com/photos/8058098@N07/5747730691,https://creativecommons.org/licenses/by/2.0/,https://www.flickr.com/people/8058098@N07/,nakhon100,JC Indigo 3000,531145,OAdikAg3/Px7tAjoNvyObA==,https://c2.staticflickr.com/6/5143/5747730691_c09353c253_z.jpg,0.0,open_images_v7,REAL,True,accepted_negative,1,True,license_plate,0
f7ebb503a821df71,test,vehicle_no_visible_plate_candidate,Car,test,https://farm2.staticflickr.com/3284/5769575504_664e1035c0_o.jpg,https://www.flickr.com/photos/rwd-cars/5769575504,https://creativecommons.org/licenses/by/2.0/,https://www.flickr.com/people/rwd-cars/,Rick W. Dryve,Street Mag Show 2011 (145),632104,9qloz3JumRQTJs6r59vb3w==,https://c2.staticflickr.com/4/3284/5769575504_1328d07f55_z.jpg,0.0,open_images_v7,REAL,True,accepted_negative,1,True,license_plate,0
f84d977383738e28,test,road_gate_scene,Stop sign,test,https://c1.staticflickr.com/4/3262/2421947098_8bb3ddceee_o.jpg,https://www.flickr.com/photos/theonlyanla/2421947098,https://creativecommons.org/licenses/by/2.0/,https://www.flickr.com/people/theonlyanla/,TheOnlyAnla who is taking a break until her math t,Old Stop Sign,42513,g/CAMUqU8pWR82/0cqyx1Q==,,,open_images_v7,REAL,True,accepted_negative,1,True,license_plate,0
f903a321b61452f1,test,heavy_equipment_candidate,Truck,test,https://farm2.staticflickr.com/3141/2558460125_04819c2d83_o.jpg,https://www.flickr.com/photos/bsabarnowl/2558460125,https://creativecommons.org/licenses/by/2.0/,https://www.flickr.com/people/bsabarnowl/,Bill McChesney,1288 1955 Chevrolet 3100 Pickup,437978,ws6mjK3D5ILvGKnz2zgmfw==,https://c8.staticflickr.com/4/3141/2558460125_105404b3cb_z.jpg,0.0,open_images_v7,REAL,True,accepted_negative,1,True,license_plate,0
f9796848b90791a9,test,road_gate_scene,Traffic light,test,https://c2.staticflickr.com/1/2/3253836_fe37a5a15e_o.jpg,https://www.flickr.com/photos/andydr/3253836,https://creativecommons.org/licenses/by/2.0/,https://www.flickr.com/people/andydr/,Andrew Ratto,Cooper Street,756696,WApLLv+x/W8KXVOEXsXtMg==,https://c2.staticflickr.com/1/2/3253836_fe37a5a15e_z.jpg,0.0,open_images_v7,REAL,True,accepted_negative,1,True,license_plate,0
f97a214a3be9a190,test,heavy_equipment_candidate,Truck,test,https://farm1.staticflickr.com/7251/7557633004_9c593ea693_o.jpg,https://www.flickr.com/photos/rusty_clark/7557633004,https://creativecommons.org/licenses/by/2.0/,https://www.flickr.com/people/rusty_clark/,Rusty Clark - On the Air M-F 8am-noon,Fire Truck! Merritt Island FL,346880,lOUvXAoiYoggRyGBiWZ8AA==,https://c1.staticflickr.com/8/7251/7557633004_17e9c926fb_z.jpg,0.0,open_images_v7,REAL,True,accepted_negative,1,True,license_plate,0
f9f26cc45b07d456,test,heavy_equipment_candidate,Truck,test,https://farm7.staticflickr.com/5303/5591084966_f5a99a1bf7_o.jpg,https://www.flickr.com/photos/mlsj_photos/5591084966,https://creativecommons.org/licenses/by/2.0/,https://www.flickr.com/people/mlsj_photos/,Mario Scott,DSC_1106.JPG,832367,xagBiwMXlvym4wcP0Q+o4Q==,https://c8.staticflickr.com/6/5303/5591084966_fed32dcbe7_z.jpg,0.0,open_images_v7,REAL,True,accepted_negative,1,True,license_plate,0
fa3e8d6c610cd3b8,test,heavy_equipment_candidate,Truck,test,https://c1.staticflickr.com/8/7101/13428422733_7ea4c10071_o.jpg,https://www.flickr.com/photos/watershedpost/13428422733,https://creativecommons.org/licenses/by/2.0/,https://www.flickr.com/people/watershedpost/,Watershed Post,Martin Miccio 6,33020,bYpbtap9uk3wIZsq0POV/Q==,,,open_images_v7,REAL,True,accepted_negative,1,True,license_plate,0
fa71959273ea204c,test,road_gate_scene,Traffic light,test,https://c5.staticflickr.com/2/1139/953301179_26cd8bcc5f_o.jpg,https://www.flickr.com/photos/rainrannu/953301179,https://creativecommons.org/licenses/by/2.0/,https://www.flickr.com/people/rainrannu/,Rain Rannu,"Traffic Light in Jersey City, NJ",537121,ae1e5GcORqxikKcyTki8gw==,https://c5.staticflickr.com/2/1139/953301179_0df9bd6201_z.jpg,,open_images_v7,REAL,True,accepted_negative,1,True,license_plate,0
fab5d47b3dac5175,validation,vehicle_no_visible_plate_candidate,Car,validation,https://farm6.staticflickr.com/7130/13230554883_a5689cccfc_o.jpg,https://www.flickr.com/photos/eduparise/13230554883,https://creativecommons.org/licenses/by/2.0/,https://www.flickr.com/people/eduparise/,Eduardo Parise,Koenigsegg One1 (2),871655,q45jPnJ+VEp/FecOwwdWvA==,https://c1.staticflickr.com/8/7130/13230554883_a24393e13f_z.jpg,0.0,open_images_v7,REAL,True,accepted_negative,1,True,license_plate,0
fc4ac866c71b1ab5,test,road_gate_scene,Stop sign,test,https://farm6.staticflickr.com/7637/16960723052_2283a26473_o.jpg,https://www.flickr.com/photos/jasongraham99/16960723052,https://creativecommons.org/licenses/by/2.0/,https://www.flickr.com/people/jasongraham99/,Jason Graham,Malay stop sign,138218,nGfOlW5s4KuN54hOPErYdQ==,https://c7.staticflickr.com/8/7637/16960723052_3c70e519f6_z.jpg,0.0,open_images_v7,REAL,True,accepted_negative,1,True,license_plate,0
fca4cd2009062d62,validation,heavy_equipment_candidate,Truck,validation,https://c6.staticflickr.com/1/174/477520990_b499a9b33e_o.jpg,https://www.flickr.com/photos/ivymike/477520990/,https://creativecommons.org/licenses/by/2.0/,https://www.flickr.com/people/ivymike/,IvyMike,STI + Anime,163002,TWut1tjq0LDG+fYeMTBNaQ==,https://c6.staticflickr.com/1/174/477520990_a27ddfc519_z.jpg?zz=1,0.0,open_images_v7,REAL,True,accepted_negative,2,True,license_plate,0
fcfb16d73c3cd384,test,vehicle_no_visible_plate_candidate,Car,test,https://farm5.staticflickr.com/46/152387870_5d89431bed_o.jpg,https://www.flickr.com/photos/ephotion/152387870,https://creativecommons.org/licenses/by/2.0/,https://www.flickr.com/people/ephotion/,digicla,Cobra,139803,zmzu74GFHPNaeW/AJ6asSg==,https://c2.staticflickr.com/1/46/152387870_5d89431bed_z.jpg?zz=1,0.0,open_images_v7,REAL,True,accepted_negative,2,True,license_plate,0
fd31b9788f0862fb,test,barrier_background,Window,test,https://c4.staticflickr.com/5/4035/4489911916_807883725d_o.jpg,https://www.flickr.com/photos/power_on/4489911916,https://creativecommons.org/licenses/by/2.0/,https://www.flickr.com/people/power_on/,David Quigley,Gimmie four-by,1275432,yT95aGgZnOMZE2Ah45o2xw==,https://c3.staticflickr.com/5/4035/4489911916_5359d3890a_z.jpg,0.0,open_images_v7,REAL,True,accepted_negative,1,True,license_plate,0
fd372d61b059c6a5,test,vehicle_no_visible_plate_candidate,Car,test,https://farm6.staticflickr.com/8671/16542766450_15cd27606e_o.jpg,https://www.flickr.com/photos/100368571@N08/16542766450,https://creativecommons.org/licenses/by/2.0/,https://www.flickr.com/people/100368571@N08/,Farrell Small,DSC_3135_1,10151029,yxcIYRI4WYRnwBF7pCm40g==,https://c3.staticflickr.com/9/8671/16542766450_05f67d2f6e_z.jpg,0.0,open_images_v7,REAL,True,accepted_negative,1,True,license_plate,0
fd4ea6c881ddb2aa,test,barrier_background,Building,test,https://c3.staticflickr.com/5/4079/5448577180_9720140f0f_o.jpg,https://www.flickr.com/photos/oh-berlin/5448577180,https://creativecommons.org/licenses/by/2.0/,https://www.flickr.com/people/oh-berlin/,Oh-Berlin.com,Alexanderplatz Berlin,2638850,Y56CJTJ4K/gGXZHCpO1ybw==,https://c4.staticflickr.com/5/4079/5448577180_9efd2c0183_z.jpg,0.0,open_images_v7,REAL,True,accepted_negative,1,True,license_plate,0
fd9057ccc7dee19f,test,road_gate_scene,Traffic light,test,https://c8.staticflickr.com/4/3447/3309244472_4cebdd4259_o.jpg,https://www.flickr.com/photos/oksidor/3309244472,https://creativecommons.org/licenses/by/2.0/,https://www.flickr.com/people/oksidor/,Oleg Sidorenko,&quot;I did it my way!&quot;,161406,f8/LQyiIxtdADK9us+uHpA==,https://c6.staticflickr.com/4/3447/3309244472_cc1e6a4960_z.jpg,0.0,open_images_v7,REAL,True,accepted_negative,1,True,license_plate,0
fe00cdea194cad52,validation,barrier_background,Window,validation,https://farm3.staticflickr.com/7155/6555544311_79789a44b9_o.jpg,https://www.flickr.com/photos/daviddalka/6555544311,https://creativecommons.org/licenses/by/2.0/,https://www.flickr.com/people/daviddalka/,david martin ...,Tom Tunney 44th Ward Lakeview | Wrigleyville Crime Wave | Theft | No Police in Sight | 23rd | 19th District Chicago | 60657,2998422,A5UzjkzPOsg1ktHZcM7EIg==,https://c1.staticflickr.com/8/7155/6555544311_8d81559166_z.jpg,0.0,open_images_v7,REAL,True,accepted_negative,1,True,license_plate,0
fecd65bc5f32a73c,test,heavy_equipment_candidate,Truck,test,https://c5.staticflickr.com/3/2740/4351716077_acb62f3599_o.jpg,https://www.flickr.com/photos/mpeinadopa/4351716077,https://creativecommons.org/licenses/by/2.0/,https://www.flickr.com/people/mpeinadopa/,M.Peinado,001831 - Mitsubishi L200,1100533,lKoqP2WI1JV6feJRchujZg==,https://c4.staticflickr.com/3/2740/4351716077_3b85466e26_z.jpg,0.0,open_images_v7,REAL,True,accepted_negative,1,True,license_plate,0
ff2befe59da64066,validation,vehicle_no_visible_plate_candidate,Car,validation,https://farm7.staticflickr.com/7052/8689792492_b93525c5d2_o.jpg,https://www.flickr.com/photos/kylepheland/8689792492,https://creativecommons.org/licenses/by/2.0/,https://www.flickr.com/people/kylepheland/,kylepheland,IMG_0203,726368,RWhpjHfbn5gEpLf5HQL8qw==,https://c2.staticflickr.com/8/7052/8689792492_1133d9c292_z.jpg,,open_images_v7,REAL,True,accepted_negative,2,True,license_plate,0
ff6914b96eea007e,test,people,Person,test,https://c7.staticflickr.com/1/66/204310208_57cbcd0f9e_o.jpg,https://www.flickr.com/photos/ballena/204310208,https://creativecommons.org/licenses/by/2.0/,https://www.flickr.com/people/ballena/,fredsharples,Amador County Destruction Derby,231587,r6I+JNAwtZaTnmXc4hDPSA==,https://c7.staticflickr.com/1/66/204310208_57cbcd0f9e_z.jpg?zz=1,0.0,open_images_v7,REAL,True,accepted_negative,1,True,license_plate,0
ffacc4c2cef88f2f,test,vehicle_no_visible_plate_candidate,Car,test,https://c8.staticflickr.com/7/6139/6002794581_238d98ffa2_o.jpg,https://www.flickr.com/photos/98173745@N00/6002794581,https://creativecommons.org/licenses/by/2.0/,https://www.flickr.com/people/98173745@N00/,Jim Hoagland,GT 40 Pickup,70312,YkfTp0PIraXCLSwjBL73pw==,https://c2.staticflickr.com/7/6139/6002794581_c65a951ef9_z.jpg,0.0,open_images_v7,REAL,True,accepted_negative,1,True,license_plate,0
